250;24.4079,35.3284;74058;;Fratzeskianá Metóchia
0;23.9614,35.3851;73005;;Zoúrva
66;24.3554,35.2964;74058;;Zourídi
0;23.9000,35.3833;73005;;Zouridhíaná
0;23.8290,35.4824;73002;;Zounáki
0;20.3100,39.4547;46100;;Zoumpátsi
0;21.8692,38.1489;26500;;Pigí
0;26.1072,35.1557;72300;;Zou
139;20.6758,39.4576;44009;;Zotikó
9;20.6433,39.6008;44017;;Zórgianni
120;22.0253,38.5579;33061;;Zoriános
0;22.4018,39.3662;10438;;Zoodóchos Pigí
150;24.2461,38.1742;34015;;Zoodóchos Pigí
504;20.7646,39.6915;45333;;Zoodóchos
1206;24.8294,35.2950;74051;;Zonianá
37;22.1198,37.4622;22200;;Zóni
0;21.6582,38.6519;30008;;Zómpo
0;20.4696,38.3088;28081;;Zóla
27;21.7415,39.4298;43060;;Zografiá
0;21.7706,38.0767;25008;;Ágios Eleoúsa
0;25.2703,35.2062;70006;;Zofóroi
0;21.8443,36.8328;24010;;Zizáni
613;20.6501,39.7544;44003;;Zítsa
399;26.1401,35.0744;72059;;Zíros
769;21.9798,38.2998;25009;;Zíria
0;25.2375,35.1480;70300;;Zínta
0;23.7686,35.2833;73009;;Zimvroú
0;23.7563,35.4377;73002;;Zympragós
282;22.2600,38.9309;35016;;Zilevtón
596;21.8194,39.5868;42100;;Zileftí
32;21.7217,39.2424;43069;;Kédros
0;22.0686,37.5879;22007;;Zigovísti
114;21.1977,39.2949;47044;;Zygós
175;21.0865,39.2075;47200;;Zygós
166;26.0795,38.3276;82100;;Zyfiás
4363;22.8000,37.9333;20001;;Zevgolateió
0;22.1264,37.8312;25007;;Zevgolatío
302;22.4416,37.5181;22100;;Zevgolateió
0;21.9665,37.2508;24002;;Zevgolatió
781;21.4140,38.5368;30011;;Zevgarákion
172;20.8024,39.2896;48300;;Zervó
221;20.5551,39.4141;46200;;Zervochóri
66;23.6122,35.4930;73400;;Zervianá
0;20.6461,38.2193;28080;;Zerváta
235;21.7814,39.2709;43067;;Lamperó
0;21.8903,37.1994;24002;;Zermpísia
27;25.5833,35.2096;72400;;Zénia
0;20.1626,39.2152;49082;;Zenempisátika
240;22.6065,38.0297;20400;;Zemenó
673;22.8750,38.6591;35004;;Zéli
190;24.4906,36.7009;84801;;Zefyría
37;20.4000,39.9141;44002;;Závrocho
72;22.0241,37.5904;22007;;Zátouna
0;23.1566,39.1258;37009;;Tzásteni
0;22.2748,37.9856;20014;;Zaroúkhla
2565;24.9041,35.1303;70002;;Zarós
957;22.1234,39.6086;42031;;Zárkos
0;22.0334,39.2695;43300;;Dasochóri
0;22.5751,39.1974;37100;;Zarkadhokhórion
20;20.7663,39.4115;44009;;Livádi
632;24.1919,38.3019;34017;;Zárakes
0;22.4458,39.4639;41500;;Záppeio
0;21.4067,37.9208;27059;;Zanglaíika
0;20.5581,38.4245;28085;;Zampeláta
1;21.0406,39.4818;47043;;Zaloúchos
67;20.5386,39.5993;44017;;Zálogko
0;26.2172,35.1137;72059;;Zákros
11541;20.8956,37.7802;29100;;Zákynthos
330;22.1847,38.1869;25003;;Zachlorítika
5894;21.6500,37.4833;27054;;Zacháro
0;24.1196,35.4651;73003;;Zachariás
0;24.5551,38.1091;34001;;Zachariá
0;21.2333,39.2333;47044;;Zakharaíika
0;21.8604,37.0352;24014;;Drosiá
526;21.9392,39.2995;43100;;Zaḯmi
2385;23.1000,39.4500;37001;;Zagorá
0;22.4672,37.0407;23100;;Zagánon
36;24.8789,37.7814;84500;;Zaganiáris
4279;22.5642,36.7550;23200;;Gýtheio
0;22.4364,39.7529;40400;;Gyrtóni
180;20.3232,39.6412;46300;;Giroméri
34;20.7360,37.7993;29090;;Yírion
49;20.6279,39.6368;44017;;Ágios Christóforos
0;21.4996,38.0874;25005;;Gioulaíika
0;22.4433,37.4581;22012;;Giokaraíika
0;25.0807,35.2950;71414;;Yiofirákia
561;20.9042,39.2896;47046;;Gymnótopos
2008;23.8840,38.4405;34006;;Yimnón
306;22.5749,37.7764;21058;;Yimnó
150;21.7954,39.8522;42035;;Gílofos
31;24.7847,37.9019;84501;;Gídes
0;21.3766,38.5263;30011;;Yiatsaíika
0;21.6739,38.0662;25018;;Giannopoulaíika
102;21.7899,39.1861;36073;;Giannousaíïka
12277;22.3960,39.6672;40011;;Giánnouli
131;22.9761,37.5998;21052;;Yiannoulaíika
0;21.7008,36.9601;37004;;Yiannoulaíika
116;24.5294,35.3494;74100;;Giannoúdi
219;22.0436,39.9795;40001;;Giannotá
0;21.3109,38.8933;30018;;Giannópouloi
0;21.4042,38.0219;27052;;Giannopoulaíika
363;22.1114,38.9945;35011;;Yiannitsoú
0;21.6900,37.3922;27056;;Yiannitsokhórion
0;24.3940,38.1441;34013;;Giannítsi
60;24.4527,35.1699;74060;;Giannioú
120;21.2779,39.1477;47048;;Giannióti
0;22.1000,39.4333;43200;;Yianníkion
0;22.4825,36.7826;23061;;Gíanni Chorió
271;21.4281,37.8615;27059;;Dáfni
0;24.0596,38.5844;34016;;Giánnides
0;23.8891,35.3967;73005;;Giannikianá
0;22.1838,37.2337;23065;;Káto Giannaíoi
0;22.1680,37.0540;24020;;Diásella
544;22.9761,38.8631;34300;;Giáltra
0;21.7019,36.9509;37004;;Yiálova
0;23.9140,37.9859;19004;;Yialoú
873;23.6349,35.2391;73001;;Gialós
0;27.1194,36.6636;85303;;Gyalí
1345;24.9496,35.1328;70017;;Gérgeri
109;21.1011,39.4044;47043;;Gerovrýsi
0;21.4603,38.1016;25005;;Gerousaíika
0;21.6031,37.7975;27064;;Varvarína
128;20.6256,39.9706;44016;;Geroplátanos
0;20.3604,39.5421;46300;;Geroplátanos
115;20.9433,39.3282;47046;;Geroplátanos
0;25.4390,35.1763;72052;;Ágios Charálampos
4;23.8188,38.4533;34008;;Yérontas
88;22.4005,36.4830;23071;;Geroliménas
0;24.0372,35.4259;73300;;Gerolákkos
0;20.9500,39.3167;47046;;Yerodhimátai
0;20.5619,38.4625;28084;;Germenáta
15;22.4376,36.7138;23062;;Gérma
0;21.2156,39.1636;47048;;Geránivro
0;23.8782,35.5172;73014;;Geráni
932;24.4003,35.3537;74055;;Geráni
24;22.3693,39.1471;35010;;Yeraklíon
0;23.2353,38.9799;34200;;Gerakioú
0;21.3943,37.7944;27200;;Geráki
1323;22.7066,36.9923;23058;;Geráki
0;25.3536,35.1528;70006;;Geráki
0;23.7626,35.5022;73006;;Gerakianá
62;23.9433,39.2697;34002;;Yérakas
268;21.8498,39.8069;42035;;Gerakári
10;21.1060,39.7442;44200;;Giarakári
234;22.6915,39.6902;40003;;Gerakári
15;20.9858,39.6181;45221;;Gerakári
9;22.9327,36.3325;80200;;Yerakárion
0;24.6087,35.2147;74061;;Gerakári
10;26.4359,39.0978;81101;;Yeránia
0;22.2765,37.1914;23065;;Yeoryítsion
0;24.2614,35.3619;73007;;Yeoryioúpolis
544;21.8626,39.3323;43100;;Georgikó
0;21.9324,38.0468;25000;;Georgaíika
0;20.1453,39.2283;49082;;Georgoutsátika
0;20.9618,38.7039;22004;;Geogoulaíika
0;21.1436,39.1819;47048;;Georgakaíika
69;20.7877,39.4133;44009;;Georgánoi
75;22.5884,38.0508;20400;;Yeorgandaíika
424;21.9929,39.5678;24019;;Georganádes
1224;27.9233,36.0236;85109;;Gennadi
0;25.0828,35.1273;70003;;Yénna
86;20.7122,38.6913;31084;;Yénion
33;24.5171,35.2693;74053;;Gení
411;21.5868,39.5791;42032;;Genési
0;24.6381,35.2499;74061;;Yéna
426;22.6534,38.0583;20400;;Yelliniátika
667;21.7070,39.4388;43060;;Gelánthi
0;22.1923,39.2915;43300;;Yefíria
0;21.6381,39.0905;36073;;Gefyráki
0;22.0099,38.2529;25100;;Kyparíssi
26;22.1427,37.3623;22200;;Géfyra
1299;23.0351,36.6872;23070;;Géfyra
0;23.1865,39.3648;37012;;Xouríchti
0;21.3658,38.9798;30017;;Xomerí
72;20.3503,39.9733;44005;;Xiróvalto
221;24.2278,35.4128;73008;;Xirostérnion
363;21.8588,38.4026;30300;;Xiropígado
586;23.0744,38.2492;32010;;Xironomí
221;24.5125,35.3505;74100;;Xiró Chorío
206;20.5075,39.4147;46200;;Xirólofos
0;21.2062,38.9729;30016;;Xirolívado
11;25.6103,35.2879;72400;;Xirolímni
0;26.1818,35.1634;72300;;Xirolímni
258;21.6544,37.5083;27054;;Xirochóri
226;20.9470,37.7448;29100;;Xirokástellon
0;21.8281,37.1670;24015;;Palaiokástro
0;21.9934,37.7921;25004;;Xirokarítaina
96;21.6559,39.3873;43060;;Xirókampos
200;21.2440,39.2558;47044;;Xirókampos
0;21.7944,37.6755;27066;;Xirókampos
0;21.6772,37.2218;24500;;Xirokámpos
879;26.8668,37.1110;85401;;Xirókampos
505;25.7011,35.2062;72100;;Xirókambos
995;22.4521,36.9594;23054;;Xirokámbion
0;23.8567,35.4892;73014;;Xirokámpi
66;21.1116,39.4177;47043;;Chouliaraíïka
0;21.3049,38.9596;30017;;Xirakiá
0;21.5315,38.4019;30014;;Xiraíika
0;23.2606,39.2494;37006;;Xynóvrysi
597;21.8602,39.3182;43100;;Xinonéri
2264;22.3138,39.0425;35010;;Xiniás
17;25.1636,37.5763;84200;;Xinára
0;26.2529,37.5920;83300;;Xylosýrtis
0;21.4268,38.8192;30021;;Xylopérama
402;21.5827,39.5342;42032;;Xylopároiko
41;21.5219,39.4957;42032;;Xylochóri
849;22.9424,37.8823;20007;;Xilokériza
156;25.8636,36.8316;84008;;Xilokeratídhion
288;21.3984,37.7329;27100;;Xylokéra
5500;22.6317,38.0776;20400;;Xylókastro
72;22.6320,38.6977;35002;;Xilikoí
0;24.2877,35.3214;74055;;Xiladhianá
0;25.3596,35.2048;70006;;Lýttos
0;23.0228,37.5047;21052;;Xidhaíika
0;23.7667,35.4000;73002;;Xeroyianianá
0;23.0146,36.1557;80200;;Xeroniámata
0;25.0237,35.0800;70012;;Xerókambos
94;20.7226,38.1363;28086;;Xenópoulo
0;23.6993,35.2947;73004;;Xenianá
0;25.3998,35.0968;70015;;Xeniákos
0;21.5045,37.9125;27069;;Xeniés
0;23.1231,39.3118;37010;;Xarkhákia
83;22.4997,38.0471;20012;;Xanthokhóri
0;23.8373,35.5038;73014;;Xamoudochóri
256;21.4092,39.1086;36070;;Vrouviána
41;25.8192,36.7983;84008;;Vroútsis
19;22.6064,37.6564;21058;;Vroústion
135;25.7339,35.3169;72053;;Vrouchás
54;22.1315,37.9273;25007;;Glástra
69;20.5162,39.6459;44017;;Vrosína
172;20.5953,39.8390;44004;;Vrontisméni
188;21.5184,39.5013;42032;;Vronteró
0;22.6558,36.9620;23058;;Vrontamás
5270;26.1295,38.4088;82200;;Vrontádos
0;22.0452,37.1882;24007;;Vromóvrysi
0;21.9687,37.0913;24013;;Amfithéa
474;24.0798,37.7787;19500;;Kalopígadho
0;21.6222,37.0165;24400;;Vromonérion
0;21.4479,37.7386;27100;;Vrochítsa
16;20.5149,39.8014;44004;;Vrístovo
0;22.1535,37.3746;22200;;Vrysoúles
78;20.5417,39.6817;44017;;Vrysoúla
172;20.7015,39.2618;48300;;Vrysoúla
0;21.9389,37.3068;24008;;Vrysoúla
82;20.8873,39.9993;44010;;Vrysochóri
0;26.1880,35.1446;72300;;Vrysídi
0;22.3216,39.2596;40300;;Vrysiá
6;20.2965,39.4357;46100;;Vrýsi
0;24.0515,38.5487;34016;;Vrísi
289;20.3137,39.5695;46300;;Vrysélla
0;22.0312,38.0611;25017;;Gouménissa
0;23.6018,38.5710;34400;;Vrysákia
0;21.7111,37.2477;24500;;Vrýses
0;22.4817,36.7011;23066;;Vrýses
0;23.8902,35.4932;73014;;Vrísai
740;24.2011,35.3758;73007;;Vrýses
293;25.6175,35.2381;72400;;Vryses
854;24.6355,35.2038;74061;;Vrýses
0;24.5756,35.1638;74053;;Vrýses
617;26.2010,39.0400;81300;;Vrísa
0;22.3730,39.7583;40400;;Vryótopos
308;22.8102,39.0668;37008;;Vrínaina
860;21.6382,37.5690;27055;;Vrína
0;21.8002,37.5091;27062;;Vrestón
333;22.4978,37.2271;23069;;Vrésthena
0;24.1778,35.2089;73011;;Vraskás
0;24.0126,37.9202;19016;;Vravrona
112;21.4341,39.2399;43066;;Vragkianá
58;21.6408,39.2091;43069;;Vrangianá
0;21.1808,37.8683;27050;;Vranás
1082;23.9520,38.1250;19007;;Vraná
0;22.1733,38.0370;25001;;Vrachní
178;20.5712,39.1646;48062;;Vráchos
0;24.4984,38.1153;34001;;Vráchos
0;21.9473,37.3229;24008;;Vráchos
36;24.9339,37.8222;84500;;Vrachnoú
2571;21.6669,38.1625;25002;;Vrachnaíika
4834;21.4787,38.1072;25005;;Vrachnaíika
0;21.3343,37.9308;27057;;Ágios Geórgios
3603;22.8057,37.9590;20006;;Vrakháti
311;25.5641,35.2732;72054;;Vrachási
98;21.8006,39.0656;36080;;Vrácha
0;26.0303,37.5747;83301;;Vrakádes
0;22.1887,38.4602;33053;;Vraḯla
21;20.7770,39.8970;44010;;Vradéto
132;21.0492,39.9370;44014;;Vovoúsa
0;20.3865,38.2561;28200;;Vóvykes
128;22.3784,39.1389;35010;;Voúzion
306;20.8077,37.7662;29092;;Vouyiáton
524;20.6090,39.3103;46031;;Vouvopótamos
0;24.1897,35.2117;73011;;Vouvás
724;22.0792,40.0006;40001;;Ázoros
0;23.7857,35.4982;73002;;Voúves
0;21.8588,37.7680;22015;;Voútsis
0;22.2764,38.1373;25006;;Voútsimos
42;22.2067,37.3261;22021;;Voutsarás
67;21.7442,38.8796;36100;;Voútiron
0;22.4383,37.1505;23064;;Voutiánoi
0;23.2175,38.9124;34200;;Voutás
0;23.6443,35.2925;73001;;Voutás
0;25.0566,35.2653;70013;;Voútai
0;21.0181,38.8143;30004;;Voústri
0;22.4906,37.3355;22009;;Voúrvoura
0;25.4361,36.4345;84700;;Vourvoúlos
0;24.9810,35.0794;70012;;Vourvoulítis
154;20.6539,38.6680;31082;;Vournikás
376;26.8477,37.7851;83101;;Vourliótes
75;24.8883,37.8611;84500;;Vourkotí
56;26.2735,39.0473;81300;;Stavrós
0;24.3282,37.6659;84002;;Vourkárion
0;21.3973,38.0724;27052;;Néo Vouprásio
171;26.0788,38.2445;82102;;Vounó
16;21.0264,39.4794;44013;;Vounóreia
1404;20.7860,39.6916;45333;;Vounoplagiá
0;21.9050,38.2072;26500;;Vounópyrgos
0;22.3921,37.4466;22012;;Vounó
17;22.9618,36.3366;80200;;Vounón
0;23.8079,38.5624;34018;;Voúnoi
0;20.4027,38.1779;28200;;Vouní
0;22.3051,38.4482;33052;;Vounichóra
0;21.9261,36.8376;24010;;Vounária
721;21.4079,37.7360;27100;;Voúnargo
0;22.2658,38.0207;20014;;Vounáki
0;22.2445,39.5010;43062;;Voúnaina
268;21.5392,39.0426;36072;;Voúlpi
34;20.8632,39.3592;44009;;Voúlista
337;25.5902,35.2615;72400;;Voulisméni
117;20.8441,39.4286;44009;;Vouliásta
70;21.3259,39.2092;47047;;Vouliagméno
0;21.6051,37.8353;27069;;Vouliagméni
4332;23.7789,37.8142;16671;;Vouliagméni
201;23.6991,35.4544;73010;;Voulgáro
28364;23.7765,37.8422;16673;;Voúla
0;23.8012,35.4678;73002;;Voukoliés
0;26.1052,38.2412;82102;;Vokariá
12;24.5373,36.7540;84004;;Voúdia
473;23.8729,39.1512;37005;;Vótsi
220;21.1191,39.7677;44200;;Votonósi
177;23.9196,38.1772;19007;;Vóthon
0;25.4517,36.3946;84700;;Vóthonas
48;23.1401,37.5374;21059;;Vothíki
0;23.6330,35.3118;73012;;Vothianá
0;21.9255,38.2670;25009;;Voténi
0;22.2372,39.8173;40010;;Votanochóri
0;22.7853,37.1914;22300;;Voskína
40;25.2993,35.2845;70008;;Vorós
726;24.8104,35.0682;70200;;Vóroi
0;24.8468,35.1505;70002;;Vorízia
57;22.2417,36.9569;24016;;Vóreion
0;26.0632,35.0910;72059;;Vóri
185;22.3340,37.1431;23059;;Vordhónia
4703;20.8864,38.9164;30002;;Vónitsa
0;25.2470,35.1950;70300;;Vóni
0;21.8161,38.4225;30300;;Vomvokoú
86048;22.9477,39.3692;38333;;Vólos
223;25.9265,38.4840;82103;;Volissós
406;20.6582,37.8745;29091;;Volímai
0;24.5878,35.2699;74053;;Voleónes
0;25.1782,37.5922;84200;;Vólax
0;27.1605,35.5521;85700;;Voláda
1020;22.7920,37.9484;20001;;Vokhaïkó
0;21.1101,39.0622;30016;;Voïdolívado
0;21.9961,37.5943;22007;;Vlóngos
0;22.0902,39.5203;43200;;Vlochós
0;21.0905,38.6621;30009;;Vlizianá
0;23.6897,35.2816;73001;;Vlithiás
0;22.7921,37.0660;22020;;Vlisidiá
19;23.4450,37.3415;18040;;Vlychós
440;20.6980,38.6820;31084;;Vlikhón
0;20.4048,38.2361;28200;;Vlycháta
0;24.7828,35.3992;74054;;Vlycháda
99;23.6502,35.3880;73010;;Vlátos
0;21.8092,37.0472;24014;;Vlásis
378;21.7941,39.3192;43067;;Moscháto
168;21.5803,39.2895;43069;;Vlási
0;21.0887,39.7753;44014;;Vlasángos
0;21.8276,36.8550;24010;;Vlasaíika
0;21.3288,38.9634;30017;;Vlamaíika
855;22.0884,39.7423;40005;;Vlachogiánni
34;22.0095,37.5279;22022;;Vlakhorráptis
154;20.4982,39.6128;44017;;Polýdroso
682;21.7916,37.0319;24014;;Vlachópoulo
111;20.1633,39.1985;49082;;Vlachopoulátika
0;21.7089,38.4422;30300;;Vlachomándra
0;22.3519,37.0679;23100;;Vlachochóri
773;22.3772,37.3680;22016;;Vlachokerasiá
22;21.6420,39.1321;36073;;Parameríta
0;21.8513,37.6478;22028;;Chrysochóri
2404;22.7083,36.8609;23055;;Vlachiótis
27;21.9227,38.8575;36076;;Vlákhikos
5;23.5079,37.6982;18010;;Vlákhidhes
0;25.0147,35.1895;70011;;Vlakhianá
0;23.6664,38.7438;34004;;Vlachiá
0;23.8261,35.5122;73006;;Vlacheronítissa
374;20.9993,39.1733;47100;;Vlachérna
372;22.2497,37.7175;22002;;Vlachérna
333;21.6590,39.7757;42200;;Vlacháva
26;20.6374,39.8247;44007;;Vlachátano
0;20.6012,38.2569;28080;;Vlacháta
520;20.6259,38.1228;28083;;Vlacháta
0;21.5166,38.1103;25005;;Vlachaíika
16;23.4654,37.4198;18040;;Vlakhaíika
255;23.1328,39.3335;37010;;Vyzítsa
152;21.9619,37.7205;22008;;Vyzíki
0;24.7021,35.2092;74062;;Vizárion
654;25.4083,37.0582;84300;;Vívlos
314;22.9189,37.5367;21060;;Vivári
0;25.2334,35.1220;70300;;Vitsiliá
191;21.6142,39.6471;42200;;Vitoumás
245;22.0378,38.9367;35011;;Vítoli
0;21.1832,37.9138;27068;;Vytinaíika
0;21.4702,37.7444;27100;;Vytinaíika
0;21.4580,37.7498;27100;;Ayii Apostoli
0;21.3867,37.6835;27100;;Vytinaíika
906;22.1835,37.6702;22010;;Vytína
0;21.5491,38.0630;25005;;Vythoúlkas
17;21.8036,38.7939;36076;;Víthisma
0;20.9202,39.4079;44013;;Vitsiríni
43;24.7991,37.9306;84501;;Vitáli
442;20.0217,39.4108;49080;;Vitaládes
0;24.0561,38.6309;34019;;Vítala
0;24.6764,35.2469;74061;;Vistayí
424;20.5334,39.9454;44012;;Víssani
0;24.8973,37.4024;84100;;Víssas
0;20.3986,39.4378;46030;;Ágios Panteleímonas
61308;23.7530,37.9611;16232;;Výronas
122;24.6159,35.3701;74052;;Viranepiskopí
0;24.1485,38.3089;34017;;Argyró
846;21.6871,38.9886;36071;;Víniani
0;20.5516,38.4269;28085;;Viglí
0;22.9846,36.5271;23053;;Vigkláfia
0;24.2794,38.0231;34013;;Vílla Empeiríkou
0;22.1101,38.1238;25017;;Vilivína
2514;23.3366,38.1672;19008;;Vília
21;22.3121,37.9165;20014;;Vília
0;20.3851,38.2518;28200;;Vilatória
73;24.3364,35.2607;74058;;Vilandrédo
27;20.7077,39.9520;44016;;Víkos
108;26.0150,38.5786;82300;;Víki
0;23.6219,35.5135;73400;;Vigliá
386;20.8613,39.0859;47042;;Vígla
0;21.9119,36.9068;24010;;Vígla
12;23.3853,37.5177;18020;;Vídhion
0;21.8103,37.7929;27063;;Vidiáki
23;23.0012,36.2383;80200;;Viarádhika
0;21.9062,38.1434;25000;;Vetaíika
113;26.0090,38.2967;82102;;Véssa
0;21.5351,38.1012;25200;;Veskoukaíika
0;21.9747,37.8276;25004;;Vesíni
0;24.6820,35.3447;74052;;Vergianá
231;26.0871,38.3337;82100;;Ververáto
0;22.4648,37.3715;22013;;Vérvena
581;22.3230,38.1020;25006;;Chrysánthio
0;21.4592,38.0091;27052;;Ágios Konstantínos
31;21.4588,39.0524;36072;;Vérniko
1494;21.7944,38.3044;26444;;Aktaío
178;21.9672,38.2297;25009;;Verínon
0;21.5742,38.3550;30014;;Verilaíika
0;22.5517,37.1903;23069;;Véria
0;22.2624,37.2281;23065;;Vergadhaíika
23;20.5531,39.5537;46200;;Vereníki
1350;21.9773,39.7818;40005;;Verdikoússa
0;24.4000,38.1000;34013;;Verdhaíoi
0;23.7553,35.5195;73006;;Véni
0;24.8295,35.3190;74054;;Veníon
67;22.9827,39.5434;37001;;Véneto
938;25.0404,35.1970;70011;;Veneráton
0;20.5674,38.4368;28084;;Ventouráta
0;21.9355,37.3265;24008;;Venakoúli
0;22.6311,37.4396;22001;;Vemaíika
0;21.7654,38.3973;30300;;Velvína
0;21.3275,39.2343;47047;;Ágios Geórgios
22;22.3954,36.6279;23062;;Veloúsi
0;25.1299,35.0570;70016;;Veloúli
98;21.6270,38.7976;36074;;Velotá
0;24.0934,38.3911;34017;;Vélos
88;24.3551,35.2594;74058;;Velonádo
3096;22.7599,37.9761;20002;;Vélo
136;22.5609,37.9801;20017;;Velína
0;21.7613,37.9772;25015;;Velimáchi
0;21.8653,37.8209;22015;;Velimáchi
0;21.9330,37.0059;24005;;Velíka
61;22.1215,37.3247;22021;;Veligostí
0;20.1773,39.1869;49082;;Veliantátika
183;20.5300,39.4376;46200;;Chrysavgí
458;22.9465,36.7069;23056;;Veliaí
3044;22.7462,39.3818;37500;;Velestíno
228;22.2469,39.1505;35010;;Velesiótes
0;22.8999,38.9631;35013;;Velési
73;21.2373,39.2134;47044;;Velentzikó
204;21.4474,39.0384;36072;;Valaóra
0;21.5081,37.8883;27069;;Velanídi
68;21.3384,39.1850;47047;;Velanidiá
0;22.0750,37.1514;24007;;Velanidiá
0;21.7930,36.9905;24014;;Velanidhiá
368;23.1449,36.4772;23053;;Velanídhia
0;21.8186,36.9718;24014;;Veláki
0;22.3156,38.0701;25006;;Velá
33;24.4138,35.3416;43064;;Vedéroi
0;24.9999,35.0145;70012;;Vayioniá
4535;23.1775,38.3175;32002;;Vágia
0;24.4635,37.1295;84005;;Vayiá
60;20.7102,39.6475;45110;;Vageníti
109;20.3893,39.7655;46033;;Vavoúri
0;23.7803,35.3882;73004;;Vavoulédo
63;20.6651,38.7280;31080;;Vavkerí
209;26.0967,38.3160;82100;;Vavíloi
615;21.5857,39.4098;42032;;Vatsouniá
574;26.0513,39.2256;81110;;Vatoússa
0;24.1815,35.3325;73013;;Vatoudiáris
0;20.9765,38.7585;22004;;Vátos
0;24.5420,35.1795;74053;;Vátos
0;23.8931,35.4490;73005;;Vatólakkos
0;24.3261,38.0981;34013;;Vatísi
0;21.3962,39.2394;43066;;Vatirí
0;27.8829,36.0586;85109;;Váti
492;27.0253,36.9751;85200;;Vathýs
72;21.4127,39.4441;42037;;Vathýrema
1;24.2129,38.2077;34015;;Vathyrema
0;24.3140,38.1650;34015;;Vathýrema
0;23.6159,35.2831;73001;;Vathýrrevma
0;25.1581,35.2053;70100;;Vathípetron
89;21.0618,39.6306;44001;;Vathýpedo
251;21.9522,39.1302;43068;;Vathýlakkos
194;22.9114,38.9499;35013;;Vathíkoilon
92;21.0436,39.3470;47046;;Vathýkampos
0;24.7464,35.1468;74059;;Vathiakón
78;22.4666,36.4534;23071;;Vátheia
106;20.8901,39.3047;47046;;Vathý
145;20.7837,38.6631;31083;;Vathí
5029;23.6033,38.4049;34100;;Vathí
1495;23.4801,37.7642;18010;;Vathý
1888;26.9832,37.7469;83100;;Vathý
129;23.3408,37.5925;18030;;Vathý
40;24.6908,36.9328;84003;;Vathí
0;22.5205,36.7025;23200;;Vathý
0;21.1066,39.4268;47043;;Mylólithos
18;20.6516,39.8129;44003;;Vatatádes
45;21.9861,37.3665;22025;;Vástas
85;20.5923,39.7671;44003;;Vasilópoulo
636;21.0888,38.5924;30006;;Vasilópoulo
0;23.7486,35.4882;73002;;Vasilópoulo
0;21.9090,36.7642;24004;;Vasilitsi
0;22.3735,39.3315;10438;;Vasilí
285;20.9812,37.7134;29100;;Vasilikós
486;20.9468,39.6420;45221;;Vasilikí
6571;23.6719,38.4259;34100;;Vasilikón
0;21.7225,38.1183;25008;;Vasilikó
0;21.8948,37.2668;24011;;Vasilikó
0;23.9786,39.2022;34002;;Vasilikó
0;20.5619,38.4118;28085;;Vasilikiádes
1388;21.7045,39.6398;25013;;Vasilikí
305;20.6082,38.6279;31082;;Vasilikí
0;22.4492,36.8955;23054;;Vasilikí
72;25.8065,35.0855;72200;;Vasilikí
0;24.9917,34.9853;70012;;Vasilikí
0;24.9685,35.0079;70012;;Vasiliká Anóyia
400;26.2429,39.1022;81300;;Vasiliká
0;23.3565,38.9665;34010;;Vasiliká
182;22.2118,38.8958;35016;;Vasiliká
0;22.7834,38.5713;35004;;Vasiliká
0;23.8286,35.3468;73009;;Vasilianá
1662;25.1378,35.2706;70100;;Vassilies
66;21.5197,39.1681;36070;;Vasilési
377;26.1109,38.3283;82100;;Vasileónoikon
0;20.1322,39.2231;49082;;Vasilátika
0;21.7600,37.6496;27066;;Vasiláki
0;22.4875,36.8901;23057;;Vasiláki
0;23.6688,35.2521;73001;;Vasiláki
0;21.5847,39.2659;43069;;Vasiládes
0;21.9397,37.0875;24013;;Vasiláda
144;22.5084,37.1683;23069;;Vasarás
0;22.4239,38.6418;33057;;Várgiani
188;20.8111,39.4662;44009;;Vargiádes
0;22.5283,37.2696;23067;;Varvítsa
1032;21.4989,37.6711;27058;;Varvásaina
0;25.2167,35.2333;70008;;Várvaron
0;23.0491,38.8993;34300;;Varvára
6145;21.2057,37.8622;27050;;Vartholomió
0;21.6688,39.1453;36073;;Vársos
327;22.1913,36.9352;24016;;Stavropígion
0;25.2619,39.9292;81401;;Város
1771;23.9231,38.2236;19014;;Varnávas
0;20.9903,38.7209;22004;;Várnakas
0;23.1928,39.1493;37013;;Koukoulaíika
112;20.8944,39.4195;44009;;Varlaám
0;21.0781,39.4572;47043;;Varkó
0;24.2667,38.1833;34015;;Varkó
42;22.2671,38.8867;35016;;Varká
28;21.5958,38.5053;30015;;Varká
0;23.9627,35.4652;73005;;Varýpetro
0;22.4444,37.0586;23100;;Variká
50;24.7600,37.9625;84501;;Varídi
0;21.4923,38.8259;30021;;Variés
1133;26.5778,39.0794;81100;;Vareiá
126;21.5832,38.5958;30010;;Variá
0;20.5800,38.3856;28085;;Varý
16717;23.8031,37.8332;16672;;Vári
1266;24.9490,37.3986;84100;;Vári
0;21.2882,38.8683;30018;;Varetáda
0;24.3143,38.1536;34015;;Varelaíoi
0;22.4272,36.8286;23061;;Vardoúnia
14;23.6823,35.4750;73400;;Vardianá
0;23.6500,35.3000;73012;;Vardianá
285;22.3159,39.2012;35010;;Vardalí
25;20.7333,39.4511;44009;;Várdas
3687;21.3651,38.0306;27052;;Várda
0;21.7147,36.8665;24006;;Varákes
146;21.0384,39.5543;44001;;Vaptistís
44;22.1952,37.4592;22200;;Vángos
0;23.2937,39.2524;37006;;Zonaíika
1191;20.8519,37.7945;29100;;Vanáton
763;21.9943,39.5301;24019;;Marathéa
0;21.7573,37.3417;24021;;Vanáda
1104;22.4198,39.3371;10438;;Vamvakoú
0;22.5513,37.2444;23069;;Vamvakoú
56;21.6344,38.8482;36075;;Vamvakiaí
0;23.7532,35.3125;73004;;Vamvakádes
32;22.4116,36.5725;23066;;Vámvaka
569;24.2007,35.4070;73008;;Vámos
0;21.8167,36.8667;24010;;Váltouka
24;22.5918,38.0524;20400;;Váltos
0;22.2006,37.9243;25007;;Váltos
19;25.6836,35.3185;72053;;Váltos
175;20.3976,39.8677;44002;;Charavgí
0;21.1169,38.4498;30006;;Valtí
780;21.6603,39.5485;25013;;Valtinó
70;22.2840,37.4764;22027;;Valtétsi
0;22.0966,37.7052;22014;;Valtesiníko
0;22.0664,38.1159;25017;;Válta
0;21.6260,37.1022;24400;;Válta
676;20.5839,38.1760;28083;;Valsamáta
0;21.5553,37.9042;27069;;Válmi
8;21.2103,39.0678;30016;;Valmáda
0;20.5589,38.3056;28081;;Valianáta
74;21.3889,39.4076;42033;;Valkáno
0;25.0286,35.0735;70012;;Valís
991;21.9816,37.1655;24007;;Valýra
457;22.1385,38.2341;25100;;Valimítika
0;22.2790,38.0969;25006;;Valimí
284;20.7164,38.0831;28082;;Valeriános
30;21.6446,39.1854;36073;;Valári
0;24.2884,35.3428;74055;;Balarína
212;20.6354,39.2174;48062;;Valanidoússa
411;20.5191,39.2214;48062;;Valanidórachi
30;20.6313,39.5202;46200;;Valanidiá
0;22.0458,39.9261;40001;;Valanída
162;21.6995,39.5476;25013;;Valamándri
0;21.4689,37.9272;27069;;Aetoráchi
0;25.2900,35.0782;70300;;Vakiótes
75;22.4311,36.6806;23062;;Vachós
0;25.4372,35.0390;70004;;Vakhós
0;21.9523,37.7889;22015;;Váchlia
22;21.3574,39.4966;42037;;Vakári
11;21.4724,39.3104;43065;;Pteléa
609;25.7720,35.0250;72200;;Vaïniá
33;21.4549,38.8503;30021;;Vaïnárion
291;23.5316,37.7696;18010;;Vagía
0;26.2647,35.2542;72300;;Váï
137;26.2216,39.3408;81109;;Vafiós
0;22.4613,37.0227;23100;;Vafión
0;24.1741,35.3611;73007;;Vafés
54;20.7680,39.4289;44009;;Vadístra
710;21.4239,37.7139;27100;;Prásino
0;22.4702,36.7368;23200;;Tzoumiánika
0;22.3963,37.4657;22012;;Tzívas
0;21.2049,39.2786;47044;;Tzitziraíïka
2;23.5956,35.3438;73012;;Tzitzifiá
0;24.1491,35.3704;73007;;Tzitzifés
7;25.9963,39.2304;81103;;Tzíthra
0;25.3437,35.2177;70006;;Tzíngouna
0;23.7500,35.5000;73006;;Tzinerianá
55;23.4707,37.7292;18010;;Tzíkidhes
682;25.4886,35.1990;72052;;Tzermiádon
45;21.0202,39.2743;47046;;Tzapáda
0;24.6894,35.3443;74052;;Tzannakianá
0;20.6430,38.2292;28080;;Tzanetáta
193;20.7509,38.1415;28086;;Tzanáta
0;20.5512,38.4365;28085;;Tzamarelláta
0;21.6043,38.0214;25015;;Pigádia
0;25.1860,37.5732;84200;;Tzádos
0;25.2888,34.9864;70010;;Tsoútsouros
14;23.6777,35.4245;73010;;Tsourounianá
0;21.9637,37.3257;24008;;Tsouréki
207;21.5490,39.7762;42034;;Ágios Dimítrios
0;21.3167,39.3500;42033;;Tsoumanikaíika
208;20.5321,39.2194;48062;;Tsouknída
0;21.1833,38.9698;30016;;Tsoúkka
534;26.0749,39.2589;81110;;Skalokhóri
393;21.6476,38.1555;25002;;Tsoukalaíika
306;22.0067,37.2013;24002;;Tsoukalaíika
514;20.6551,38.8218;31100;;Tsoukaládhes
0;22.7968,38.4542;32100;;Tsoukaládes
379;22.0594,38.9560;35011;;Tsoúka
0;23.4251,38.8010;34004;;Zoodóchos Pigí
0;21.7785,38.0030;25015;;Tsoúka
164;21.1239,39.5236;44001;;Tsópela
31;22.3979,36.5865;23062;;Tsópakas
0;21.5656,38.3823;30014;;Tsakanaíika
0;22.2367,38.0727;25006;;Tsivlós
174;24.1781,35.4354;73003;;Tsivarás
0;21.2960,38.7863;30018;;Tsitzouraíika
0;22.8600,37.1260;22300;;Tsitália
0;23.8103,35.3177;73009;;Tsiskianá
0;23.6436,35.3115;73012;;Kamaterá
13;22.5400,37.7368;21058;;Tsirístra
0;21.4572,37.9768;27052;;Tsirikaíika
0;22.3173,37.1814;23059;;Tsipouraíika
0;21.7613,37.8728;27063;;Tsipianá
449;21.7912,39.8420;42035;;Foteinó
36;21.4409,38.7535;30021;;Tsounaíika
0;22.6111,37.4326;22013;;Louloúdia
0;25.1740,39.8678;81401;;Tsimándria
15;21.5850,38.4671;30015;;Tsiliyiannaíika
38;22.9819,36.1923;80200;;Tsiklariá
20;22.4496,36.4736;23071;;Tsikkaliá
0;24.0541,35.4128;73200;;Tsichlopígado
60;21.3875,37.8252;27059;;Tsichléika
1545;24.0627,35.4762;73200;;Tsikalariá
17;23.6683,35.4513;73010;;Tsikalariá
3;25.9532,35.0484;72055;;Tsikkalariá
0;21.9167,39.3833;43100;;Tsiflikákion
0;22.4631,36.4493;23071;;Tsí
0;21.4451,39.1438;36070;;Tsernóka
0;22.2698,36.9155;24022;;Tséria
0;22.4235,36.6840;23062;;Tseratsiá
0;22.4119,37.0453;23100;;Tseramíon
0;21.1102,39.7780;44200;;Tsepriés
261;20.8211,39.9043;44010;;Tsepélovo
0;23.0082,36.5515;23053;;Tsegkiánika
206;22.8574,37.5491;21056;;Agía Paraskeví
0;22.2625,37.5249;22100;;Tselepákos
0;20.5759,38.4489;28084;;Tselentáta
27;20.6236,39.3122;46031;;Tsekoúri
0;21.3373,37.9226;27057;;Tsekouraíika
0;22.7333,39.6667;40003;;Tsekírion
0;22.6769,36.8694;23051;;Peristéri
0;21.8485,38.4091;30300;;Lygiás
0;20.6752,38.1746;28086;;Tsarkasiános
1519;22.2276,39.8812;40010;;Tsarítsani
0;22.8651,38.5727;35004;;Tsárisi
8;21.7770,39.3096;43067;;Tsardháki
0;23.0244,37.4977;84301;;Tsapralaíika
0;23.3131,38.9766;34200;;Tsapourniá
11;21.0239,39.3871;47046;;Tsiapalaíïka
189;20.9093,39.3390;47046;;Tsagkarópoulo
201;20.6110,39.4179;46200;;Tsangári
0;23.7781,35.3186;73009;;Tsagkariákos
525;23.1737,39.3883;37012;;Tsagkaráda
0;21.4693,37.9859;27052;;Tsamaíika
11;25.5927,35.3133;72054;;Tsampí
141;20.3456,39.7777;46033;;Tsamantás
0;23.6633,35.2540;73001;;Tsalianá
0;21.3121,37.8494;27300;;Tsakopiakaíika
0;21.4701,38.0882;25005;;Tsakónika
0;21.5910,39.0284;36071;;Ariáchovo
0;24.0769,35.4038;73200;;Tsakístra
0;24.8475,35.3309;74054;;Tsakhianá
0;24.2223,38.2390;34015;;Tsakaíoi
91;21.3843,37.8063;27200;;Tsafléika
132;21.6041,39.2167;43069;;Trováto
0;21.7531,38.0367;25015;;Troúsas
0;21.7679,38.0444;25008;;Trousáki
0;23.4307,38.7227;34004;;Troúpi
0;23.9438,35.4983;73014;;Troúlous
2217;21.9590,37.7323;22008;;Trópaia
6;22.3697,36.5103;23071;;Trochálakas
4668;23.3630,37.4973;18020;;Troizína
248;20.5550,38.1599;28083;;Troïanáta
64;22.0776,38.3705;25009;;Trizónia
25;21.4906,39.3146;43065;;Karyá
0;22.1761,38.5969;33053;;Trivídi
0;21.3980,37.9379;27057;;Tritaraíika
0;22.3661,38.4571;33200;;Tritaía
116;22.7441,37.6752;21200;;Trístrato
71;21.0032,39.7932;44014;;Trísteno
55;22.0556,38.6089;33062;;Trísteno
0;24.5833,38.8000;34007;;Tris Boúkes
0;25.1679,37.5700;84200;;Tripótamos
0;21.5282,38.9411;36071;;Tripótamo
15;22.0996,37.3624;22200;;Tripótamo
130;21.7973,37.6145;27062;;Tripotamiá
0;21.8886,37.8671;25012;;Tripótama
26561;22.3788,37.5096;22100;;Trípoli
0;21.7847,37.5704;27062;;Trypití
766;24.4276,36.7372;84801;;Trypití
0;24.9047,35.0032;70009;;Trypitá
255;21.7900,37.1741;24015;;Tripýla
0;21.8713,38.4361;33056;;Trýpi
0;22.3515,37.0925;23100;;Trípi
0;21.7508,37.5198;27062;;Chrysochóri
0;21.8690,36.9430;24005;;Trýpes
838;24.4333,36.7451;84801;;Triovasálos
0;21.9820,37.0936;24012;;Tríodhos
37;22.1479,37.4552;22200;;Trílofo
0;24.1649,38.4513;34017;;Trikoviló
273;20.2832,39.5951;46300;;Trikóryfo
0;20.3639,39.3016;48060;;Tríkorfo
0;21.9083,38.4483;33056;;Tríkorfo
0;21.6404,38.4086;30014;;Tríkorfo
473;21.8736,37.1310;24015;;Tríkorfo
361;21.3168,39.9799;51031;;Tríkomo
320;21.6205,39.8780;42034;;Trikokkiá
119;21.4450,38.9734;30017;;Tríklino
165;21.5367,38.5425;30015;;Trichónion
992;23.0767,39.1011;37009;;Tríkeri
39;20.6687,39.2828;46031;;Tríkastro
61653;21.7684,39.5549;42100;;Tríkala
0;22.4720,37.9935;20017;;Tríkala
300;26.4059,38.9823;81200;;Trýgonas
102;21.6414,39.4006;43060;;Trygóna
394;21.4141,39.7888;17676;;Trygóna
708;21.0749,38.8224;30004;;Trýfos
198;21.6469,39.8906;42034;;Trifýlli
42;22.9777,36.2982;80200;;Trifilliánika
0;22.0067,37.2926;24008;;Trýfas
62;21.6252,39.1757;36073;;Trídentro
0;25.1930,37.5598;84200;;Triantáros
1484;21.3832,38.6553;30027;;Triandaíika
0;21.1984,38.9936;30016;;Triantafylloúla
65;22.3896,36.6120;23062;;Triantafylliá
12717;28.1552,36.4135;85101;;Ialysós
0;23.7134,38.5817;34400;;Triádha
0;21.9753,38.0336;25011;;Trechló
0;20.5434,38.1420;28083;;Travliáta
65;22.9914,36.1936;80200;;Travasariánika
0;22.4625,36.9892;23054;;Trapezondí
76;21.0321,39.3144;47046;;Trapezáki
260;22.2302,38.1749;25003;;Trápeza
0;21.8302,37.6641;27066;;Traní Lákka
0;20.2000,39.1833;49082;;Tranakátika
0;21.8276,38.4102;30300;;Trampoukaíika
0;23.7833,35.2833;73009;;Trakianá
0;23.7333,35.3306;73004;;Trachiniákos
169;23.6320,35.5108;73400;;Tráchilos
0;24.0068,38.5106;34016;;Trakhílion
0;22.3129,36.7717;24023;;Trakhíla
143;23.1515,37.5653;21059;;Trakhiá
43;21.7284,39.8193;42035;;Agía Triáda
4276;21.3124,37.8979;27057;;Traganón
864;23.1230,38.6198;35005;;Tragána
62;21.5068,38.6185;30010;;Tragána
0;21.6678,37.0070;37004;;Tragána
622;20.8324,37.8125;29092;;Tragákion
0;21.9615,37.6856;22008;;Touthóa
0;21.3502,39.4646;42037;;Toúrnos
3;22.5254,37.5953;22005;;Tourníkion
0;25.9381,35.1602;72057;;Tourlotí
0;25.2103,35.0803;70300;;Tourlotí
0;22.1599,37.8956;25007;;Tourláda
0;20.5553,39.2963;46031;;Kypséli
131;22.1197,37.2526;22021;;Tourkolékas
16;23.2259,37.5381;21059;;Zervaíika
1;22.2090,36.9523;24016;;Toúmpia
0;21.7314,39.2872;43067;;Toúmpa
76;21.9897,38.2357;25100;;Toúmpa
0;20.5591,38.4355;28085;;Touliáta
0;21.7100,38.0354;25015;;Tóskes
144;21.6744,38.7380;36074;;Tórnos
0;22.4084,36.9652;23054;;Tóriza
229;21.4455,39.0693;36072;;Topóliana
122;23.6861,35.4274;73010;;Topólia
0;26.2160,35.2217;72300;;Toploú
1460;22.8586,37.5202;21056;;Tolón
484;22.1937,38.3678;33058;;Tolofón
0;25.3842,35.1983;70006;;Toíkhos
630;22.6676,38.5842;35015;;Tithoréa
216;22.6216,37.9192;20017;;Titáni
211;22.8435,37.2407;22029;;Tyrós
10796;22.2892,39.7378;40100;;Týrnavos
452;22.8001,37.5972;21100;;Tírins
0;20.3825,38.1951;28200;;Tipaldáta
4573;25.1634,37.5375;84200;;Tínos
434;21.9163,38.9098;35017;;Timfristós
220;22.7353,37.4355;22019;;Káto Vérvena
5285;24.7685,35.0729;70200;;Tympáki
2252;25.0159,35.2961;71414;;Tílisos
0;22.0098,38.4862;33060;;Teíchio
0;21.3581,39.5380;42037;;Drosochóri
0;24.6428,35.2580;74061;;Thrónos
73;22.6200,38.0165;20015;;Throfári
0;22.0077,39.1728;43063;;Thrapsími
1588;25.2809,35.1880;70300;;Thrapsanón
0;22.8902,38.4857;32100;;Thoúrio
2688;22.0489,37.0836;24009;;Thouría
227;24.0472,37.7347;19500;;Thorikón
0;21.8963,38.1280;25000;;Thomaíika
0;21.6061,38.1042;25018;;Thomaíika
0;25.3730,35.0932;70015;;Thomadhianón
0;25.3788,36.4683;84702;;Thólos
0;26.1833,35.1823;72300;;Thólos
647;26.0730,38.2953;82102;;Tholopotámi
0;21.6720,37.4122;27054;;Tholón
138;25.9842,36.9175;84008;;Tholária
22;22.0801,37.4201;22200;;Thoknía
32410;23.3189,38.3250;32200;;Thívai
0;22.9711,38.2579;32010;;Thísvi
50;21.9619,37.5121;27061;;Theisóa
753;20.9816,38.8563;30002;;Thýrio
140;25.3449,36.4349;84702;;Manolás
0;20.7081,38.0770;28082;;Thirámonas
2376;25.4309,36.4211;84700;;Firá
0;24.5637,38.0964;34001;;Thými
0;25.3833,35.0333;70004;;Thimianós
1566;26.1326,38.3144;82100;;Thymianá
0;24.0463,35.4107;73300;;Thimiá
0;22.5172,39.3710;10438;;Thetídio
3341;20.7853,39.2511;48300;;Thesprotikó
1437;23.1502,38.3030;32002;;Thespiés
295;22.5453,38.7995;35014;;Thermopílai
1957;21.6663,38.5736;30008;;Thérmo
331;23.3245,37.4119;21051;;Thermisía
0;25.1204,35.3312;71304;;Thérissos
0;23.9844,35.4051;73005;;Thériso
39;21.5035,39.3573;43065;;Therinó
133;21.6329,38.1387;25018;;Therianón
179;20.8645,39.5065;44013;;Theriakísio
180;21.2046,39.0844;47048;;Theriakísio
0;21.8898,38.0206;25011;;Míchas
373;21.6052,39.8491;42034;;Theotókos
664;21.6838,39.6739;42200;;Theópetra
499;23.1980,38.6523;35001;;Theológos
0;23.8008,38.4882;34018;;Theológos
0;22.1273,37.7957;25004;;Theóktisto
999;21.2099,39.4351;47045;;Theodóriana
0;24.8634,35.3448;74051;;Theodhóra
256;20.5316,39.2596;48062;;Thémelo
0;21.7156,38.1666;25002;;Théa
0;23.9756,38.5126;34016;;Tharoúnia
0;25.0874,39.8549;81400;;Thános
0;21.3367,38.0067;27052;;Thanasoulaíika
0;22.3677,37.4730;22100;;Thánas
162;22.6640,38.0368;20400;;Thaleró
0;22.3295,36.7850;24023;;Thalámai
103;21.2727,39.3443;42033;;Tetrákomo
0;22.5941,37.3395;22009;;Terzaíika Kalývia
0;25.5334,34.9916;72056;;Tértsa
1992;22.3509,39.6190;41334;;Terpsithéa
0;21.9732,38.5628;30023;;Terpsithéa
0;21.7405,38.2673;26441;;Terpsithéa
0;21.6359,37.2294;24500;;Terpsithéa
94;21.2697,39.3785;42033;;Terpnás
281;20.8712,39.4119;44009;;Térovo
22;23.7005,35.4611;73010;;Dermizianá
26;20.3951,39.9309;44002;;Teriáchi
6;22.9820,36.6615;23070;;Téria
0;23.7546,35.2955;73009;;Teménia
1213;22.1253,38.2371;25100;;Témeni
84;22.5317,39.8588;40004;;Témpi
0;21.2197,39.3643;47045;;Telísio
71;21.2958,39.3565;42033;;Telísio
66;26.9211,36.9979;85200;;Télendos
0;21.5755,39.2797;43069;;Tekaíïka
0;25.1627,35.0921;70016;;Teféli
0;21.0500,39.7667;44014;;Taxiárchis
0;21.6459,38.6044;30008;;Taxiárchis
0;26.5707,39.0697;81100;;Taxiárkhai
0;24.0668,38.5902;34016;;Taxiárkhai
0;21.7340,37.4522;27056;;Taxiárkhai
14972;23.6904,37.9706;17778;;Távros
0;21.1800,38.8380;30500;;Limnaia
0;21.1364,39.1569;47048;;Tatsaíika
374;22.7494,37.9532;20002;;Tarsiná
0;21.2802,39.0738;30017;;Tárla
0;20.5884,38.2867;28081;;Tarkasáta
24;25.1440,37.5797;84200;;Tarampádos
81;25.6201,35.1887;72051;;Tápes
0;23.5366,38.3275;32009;;Tanágra
0;20.5289,39.2506;48062;;Tampáni
0;24.9276,37.4279;84100;;Tálanta
137;22.9323,36.6678;23056;;Tálanta
250;23.3733,37.5451;18030;;Taktikoúpoli
0;23.3114,38.3021;32200;;Táchi
0;22.3570,37.0622;23100;;Taïyéti
0;25.3500,35.3333;70014;;Svoúrou Metókhion
694;20.5221,38.1152;28083;;Svoronáta
0;22.4397,37.4528;22012;;Svolaíika
44;23.6693,35.3666;73012;;Strovlés
0;23.1053,38.4789;32300;;Strovíki
291;21.2380,37.9114;27051;;Stroúsion
594;20.8652,39.6912;45444;;Amfithéa
0;23.8904,38.6182;34014;;Strópones
319;21.2124,38.5286;30006;;Strongylovoúni
0;22.0122,37.4744;22022;;Strongilón
192;20.8129,39.1265;48061;;Strongylí
0;21.3656,38.6837;30027;;Strongylaíika
0;22.2572,38.7075;33063;;Strómi
0;23.4098,38.8212;34010;;Strofyliá
153;22.3977,37.4522;22012;;Strígkos
18;21.6211,38.6737;36074;;Striganiá
0;21.5526,37.6666;27060;;Stréfi
0;21.8890,37.0535;24015;;Stréfi
0;21.6364,38.4458;30015;;Stratoyiannaíika
4369;21.3153,38.6673;30027;;Strátos
0;23.7324,35.2911;73004;;Strátoi
62;20.4802,39.8559;44002;;Stratínista
153;24.9088,37.8360;84500;;Strapouriés
57;22.9868,36.1700;80200;;Strapódhion
0;21.7672,38.5413;30026;;Stránoma
0;21.0898,39.4857;47043;;Straná
0;23.3546,38.8983;34010;;Stráfoi
537;21.4897,39.4532;42032;;Stournaraíïka
17;21.7594,38.7686;36075;;Stournára
0;24.3123,38.1230;34015;;Stouppaíoi
600;22.2599,36.8437;24024;;Stoúpa
649;22.7319,39.8678;61001;;Stómio
169;22.4709,38.1326;20012;;Stómio
0;21.8148,37.4018;27056;;Stómion
0;22.6238,37.4040;22013;;Stólos
0;25.0476,35.0525;70016;;Stóloi
0;25.1991,35.1567;70300;;Stíronas
1056;22.7116,38.4083;32005;;Steíri
326;22.3082,38.9551;35016;;Stírfaka
0;24.2405,38.1557;34015;;Stýra
1020;26.2206,39.3112;81109;;Stýpsi
1898;22.4694,37.8722;20016;;Stymfalía
981;22.7007,37.9096;20002;;Stimánga
319;24.1246,35.4329;73003;;Stỳlos
4892;22.6167,38.9167;35300;;Stylída
44;21.7522,37.0675;24600;;Stylianós
0;21.8047,38.4958;30026;;Stýlia
133;22.1035,38.4688;33060;;Stília
147;22.5608,38.0009;20017;;Stília
0;21.8270,37.2933;24003;;Stylári
0;21.1995,39.3442;47045;;Stylaíïka
836;24.1462,35.5109;73003;;Stérnes
0;25.0879,35.0072;70016;;Stérnai
23;22.8934,38.0487;20300;;Stérna
125;22.5967,37.7196;21058;;Stérna
0;21.8742,37.0819;24015;;Stérna
0;21.7508,36.9564;24001;;Stenosiá
54;21.3434,39.3528;42033;;Stenó
0;20.8271,38.8101;30012;;Stenó
59;22.3498,37.9570;20014;;Stenó
0;22.4622,37.4954;22012;;Stenó
139;21.7322,38.9730;36081;;Sténoma
0;21.9446,37.2401;24002;;Stenýklaros
0;23.8381,38.5812;34014;;Stení Dhírfios
210;24.9276,37.8549;84500;;Steniés
0;25.1971,37.5760;84200;;Stení
0;21.5635,38.1340;25200;;Stenaḯtika
0;22.1805,39.8436;40010;;Stefanóvouno
65;21.2994,39.6784;44200;;Stefáni
10;21.7012,38.8880;36075;;Stefánion
279;22.8346,37.7544;20008;;Stefáni
23;21.4839,39.2579;43066;;Stefaniáda
0;22.6050,36.8445;23051;;Stefaniá
567;20.7900,39.1807;48061;;Stefáni
0;23.5463,38.1756;13671;;Stefáni
0;21.6961,38.1283;25002;;Stefáni
1970;22.7420,39.4635;37500;;Stefanovíkeio
0;22.9841,39.3889;37011;;Stagiátes
135;21.4543,39.8496;17676;;Stagiádes
84;21.9948,38.8205;36076;;Plátanos
0;21.3224,39.2836;47047;;Stavróvrysi
954;21.9720,39.3621;43100;;Stavrós
0;22.2394,39.3168;10438;;Stavrós
2489;22.3708,38.8964;35100;;Stavrós
15;21.4739,38.8047;30021;;Stavrós
311;23.6143,38.6371;34400;;Stavrós
0;20.6468,38.4474;28301;;Stavrós
0;21.6687,38.1465;25002;;Dresthená
61;24.9273,37.7837;84500;;Stavros
0;22.3550,37.0885;23100;;Stavrós
0;22.4183,36.6849;23062;;Steros
0;23.6669,35.3083;73004;;Stavrós
71;25.7511,35.0638;72200;;Stavrós
20;23.1121,37.5207;84301;;Stavropódhion
13;21.9076,38.7563;36076;;Ampliani
678;24.5908,35.3832;74057;;Stavroménos Rethýmnis
0;24.6799,35.3491;74052;;Stavroménos
0;26.1137,35.1613;72300;;Stavroménos
274;20.5668,39.2618;48062;;Stavrochóri
34;21.5847,38.7974;30021;;Stavrokhórion
879;25.9416,35.0778;72055;;Stavrochóri
11;20.4118,39.9342;44002;;Stavrodrómi Teriachíou
0;21.9511,37.7050;22008;;Stavrodrómi
31;22.3735,36.5212;23071;;Stavrí
0;22.1560,38.1492;25003;;Stavriá
1563;20.8181,39.6561;45333;;Stavráki
0;25.0618,35.2531;70013;;Stavrákia
253;21.8766,38.7733;36076;;Stávloi
0;25.0329,35.0048;70016;;Stáviai
7;22.9729,36.2100;80200;;Stathiánika
151;21.2723,39.0061;30017;;Stathás
240;22.6757,37.6656;21200;;Stathaíika
73;21.6701,37.2179;24500;;Stasió
0;21.9272,37.3913;24018;;Stásimo
0;21.7508,38.0584;25008;;Starochóri
0;20.9217,39.4308;44013;;Stára
1132;21.1746,38.8045;30004;;Stános
0;23.2933,39.2569;37006;;Pantazaíika
0;25.2407,35.2700;70008;;Stamnoí
921;21.2818,38.5142;30400;;Stamná
0;22.4676,36.7325;23200;;Starelítsa
74;21.4686,38.7145;30027;;Stamatoyiannaíika
0;21.4665,38.1689;25005;;Stamatopoulaíika
0;22.0596,37.1744;24007;;Stamatinó
0;21.3212,37.7190;27067;;Stamatelaíika
5;22.9848,37.6195;21052;;Stamataíika
2901;23.8804,38.1255;14575;;Stamáta
868;23.9424,35.5075;73014;;Stalós
1092;25.4329,35.2926;70007;;Stalís
0;21.1794,39.0546;30016;;Stáflou
0;21.2924,37.8946;27057;;Stafidhókambos
0;22.4357,37.4588;22012;;Stádio
548;21.3468,38.6974;30027;;Spoláïta
0;27.1426,35.6396;85700;;Spóa
0;21.3342,39.4566;42037;;Spítia
0;22.9988,36.8443;23068;;Spithaíika
0;21.9546,37.0781;24013;;Spitáli
106;21.5312,39.2830;43069;;Petrochóri
0;22.4838,36.5086;23071;;Spíra
0;23.7793,35.3627;73004;;Spína
39;22.6960,37.5198;21053;;Spiliotákis
710;24.5341,35.2196;74053;;Spílion
0;23.0139,36.1478;80200;;Spiliés
144;24.0690,37.7824;19500;;Spiliazéza
0;24.0475,35.4145;73300;;Spiliária
0;24.0805,38.5603;34016;;Spiliaí
324;22.6467,39.7962;40006;;Spiliá
0;21.4917,39.3347;43065;;Spilia
0;20.4823,38.1625;28100;;Lássi
0;21.6396,37.2099;24500;;Spiliá
0;23.7790,35.5136;73006;;Spiliá
0;21.2836,40.0042;51032;;Spílaio
7;20.6698,39.6476;44003;;Spílaio
4001;23.1594,37.2619;18050;;Spétses
1004;22.0625,37.0740;24009;;Sperchógeia
2691;22.1279,38.9066;35003;;Spercheiáda
357;22.8030,37.8493;20008;;Spathovoúni
0;20.7721,38.0960;28082;;Spathí
0;21.9050,37.7477;22008;;Spátharis
0;23.4293,38.7641;34004;;Spathári
176;20.4974,39.3216;46030;;Spatharaíoi
0;21.4472,39.4581;42037;;Spathaíïka
339;21.7171,39.6979;42200;;Spathádes
0;21.4889,38.0056;27052;;Spáta
9198;23.9151,37.9616;19004;;Spáta
0;21.5626,38.1237;25200;;Spartoúla
0;21.4261,39.3320;43065;;Spártos
447;21.1073,38.9016;30500;;Spárto
453;20.7591,38.6587;31083;;Spartokhórion
0;22.0795,38.1145;25017;;Spartinoú
5;22.4485,38.0442;20009;;Spartinaíika
37;21.6091,38.6516;30010;;Spartiás
187;22.7817,38.9302;35013;;Spartiá
0;20.5627,38.1112;28083;;Spartiá
0;21.7909,37.9806;25015;;Spartiá
0;22.4054,36.8846;23061;;Spartiá
16239;22.4301,37.0745;23100;;Spárti
100;20.0936,39.3789;49080;;Sparterá
20;23.1652,38.0389;20003;;Spárta
161;20.6712,38.7824;31080;;Spanokhórion
0;23.6937,35.2710;73001;;Spaniákos
0;21.4754,38.0859;25005;;Spanaíika
0;22.1989,37.2754;22021;;Spanaíika
0;21.5806,38.1107;25200;;Spaliaraíika
0;23.8102,35.2494;73009;;Soúgia
0;22.1759,38.0506;25001;;Soúvardo
0;21.7028,38.0558;25015;;Souvaliotaíika
40;20.5729,39.7572;44003;;Kastrí Evrimenón
0;22.3321,37.1203;23059;;Soustiánoi
2485;22.8979,39.1032;37008;;Soúrpi
0;24.2327,35.3953;73008;;Soúri
52;21.0215,39.3531;47046;;Soumési
20;22.1109,37.4412;22200;;Soúlos
25;20.6050,39.7146;44003;;Soulópoulo
0;20.4165,38.1844;28200;;Soullároi
0;20.6427,39.3582;46031;;Soúli
0;21.8100,38.1867;26500;;Soúli
434;22.6436,37.9865;20015;;Soúli
0;21.4719,37.8979;27069;;Soúli
66;22.0514,37.2846;24008;;Soúli
0;21.9218,37.2780;24008;;Soúlion
0;22.6142,36.8312;23051;;Soúli
397;22.7452,37.8956;20001;;Soulinári
322;21.8065,36.9697;24014;;Soulinári
0;21.6276,38.0047;25015;;Panaíika
34;22.1813,37.3124;22021;;Soulári
0;22.5639,39.7223;40006;;Cheimádio
0;21.4333,39.2333;43066;;Soufaíika
6729;24.0734,35.4872;73200;;Soúda
0;22.8085,39.7398;40003;;Sotirítsa
0;22.7069,39.5050;37500;;Sotírio
83;22.1937,36.9686;24016;;Sotiriánika
28;22.3919,36.6706;23062;;Sotíras
0;22.7214,36.8929;23055;;Sotiraíika
0;21.7529,39.5865;25013;;Sotíra
0;24.5276,38.1388;34001;;Sóteira
0;22.4079,36.9870;23054;;Sotíra
0;26.0621,35.1345;72059;;Sotíra
0;22.1779,38.4268;33058;;Sótaina
263;21.3486,37.8652;27059;;Sósti
0;21.5134,37.7482;27064;;Sópi
161;24.4583,35.3249;43064;;Somatás
0;22.2477,38.0114;20014;;Sólos
743;22.8891,37.8766;20007;;Solomós
0;20.7576,38.1233;28086;;Salamáta
0;22.9929,38.3847;32007;;Solinári
0;21.9911,37.2322;24002;;Soláki
0;22.3852,37.0054;23054;;Sokhá
0;25.1097,35.0601;70016;;Sokarás
0;20.6802,38.1783;28086;;Sofáta
0;22.4997,39.4695;41500;;Sofó
1679;23.0520,37.7941;20004;;Sofikón
80;22.4763,38.0353;20012;;Sofianá
235;22.2524,39.2044;35010;;Sofiádha
0;22.1000,39.3333;43300;;Sofádes
0;21.0004,39.2575;47046;;Diákou
315;20.7322,39.0270;48100;;Nikópoli
43;20.7535,39.4268;44009;;Smyrtiá
0;24.6399,35.2081;74061;;Smilés
307;21.5529,37.6787;27060;;Smíla
201;20.2405,39.6011;46300;;Smértos
0;21.6780,37.5459;27055;;Smérna
0;25.3068,35.2497;70006;;Smárion
51;25.1452,37.5854;84200;;Smardákito
0;20.5724,39.3683;46031;;Skóza
60;21.4442,38.7023;30027;;Skoutesiádha
201;21.4749,38.6843;30027;;Skouterá
0;23.7937,35.5361;73006;;Skoutelonas
327;22.4998,36.6683;23066;;Skoútari
0;24.8440,35.1070;70002;;Skoúrvoula
0;21.1834,38.6419;30009;;Skourtoú
982;23.5514,38.2141;13671;;Skoúrta
639;21.3579,37.6856;27067;;Skourochóri
0;21.4426,37.9768;27052;;Skourlaíika
0;21.6542,37.9037;25015;;Skoúras
0;24.0479,35.4145;73300;;Skourachláda
92;26.7738,37.6940;83104;;Skouraíika
0;22.4895,37.0131;23054;;Skoúra
344;20.1974,39.5597;46100;;Kestríni
12;22.4882,38.1166;20012;;Skoupaíika
46;21.0290,39.3802;47046;;Skoúpa
0;21.9424,37.7369;22008;;Skoúnto
0;23.8184,38.5316;34018;;Skoundéri
123;24.6388,35.3480;74052;;Skouloúfia
381;21.2626,39.1736;47048;;Skoulikariá
653;20.7849,37.8012;29090;;Skoulikádo
0;22.4558,36.7968;23061;;Skoufomýti
0;22.5007,39.3871;10438;;Skotoússa
62;25.3080,35.2990;70008;;Skoteinón
347;22.4368,37.7883;20016;;Skoteiní
0;22.5325,39.9929;60065;;Áno Skotína
84;22.0703,37.8551;25016;;Skotáni
128;22.2469,37.2971;22021;;Skortsinós
239;20.3255,39.4453;46100;;Skorpióna
0;24.6745,35.3575;74052;;Skordílo
0;26.0186,35.1377;72057;;Skordílo
0;24.0500,35.4333;73200;;Skordilianá
0;22.2329,39.9936;40200;;Skopiá
0;22.4683,39.1566;35010;;Skopiá
41;21.8154,38.7512;36076;;Skopiá
0;22.3915,37.5574;22100;;Skopí
0;26.0389,35.1775;72300;;Skopí
2886;23.7269,39.1214;37003;;Skópelos
1530;26.4484,39.0292;81106;;Skópelos
0;25.2528,35.2720;70008;;Skópela
0;23.8623,35.4446;73005;;Skonízo
65;20.9396,39.4165;44013;;Sklívani
0;21.6052,37.8505;27069;;Sklíva
0;21.7314,37.5168;27054;;Miliá
0;22.8739,39.6086;40003;;Sklíthro
0;22.3642,38.7189;33057;;Sklíthro
0;21.3238,39.4889;42037;;Sklíthra
0;21.4153,37.8919;27059;;Skliroú
48;21.9171,37.4416;27061;;Sklirós
0;24.1175,38.4753;34009;;Káto Lofískos
79;20.3949,39.5353;46300;;Ágios Arsénios
0;23.0149,36.5697;23053;;Sklavoúna
0;23.6129,35.2989;73012;;Sklavopoúla
0;25.1625,37.6033;84200;;Sklavochorió
0;26.0768,35.1022;72059;;Sklávoi
0;25.3213,35.2074;70006;;Sklaverokhórion
0;26.0740,35.1855;72300;;Sklavediákos
0;20.9146,38.8135;30012;;Sklávaina
0;21.7713,37.3794;24021;;Ftéri
0;22.8253,39.6801;40003;;Skíti
1732;24.5631,38.9042;34007;;Skýros
0;21.7879,38.2585;26443;;Skióessa
0;21.4688,38.4213;30200;;Schínos
48;25.6932,35.3195;72053;;Skiniás
0;25.3053,35.0538;70015;;Skiniás
0;23.9194,35.4326;73005;;Skinés
146;20.3931,38.2414;28200;;Skinéas
63;20.7036,37.8822;29091;;Skinária
0;22.7393,37.3760;22001;;Skylochóri
458;21.6872,37.6063;27055;;Skilloúnta
0;22.4094,36.7629;23061;;Skyfiánika
0;22.4183,36.5813;23066;;Skifiánika
4897;23.4909,39.1623;37002;;Skiáthos
0;24.0500,35.5167;73133;;Skiádhi
169;20.7364,39.3243;48300;;Skiadás
0;21.6838,37.8821;27063;;Skiadás
88;21.1401,39.3703;47045;;Skiadádes
229;25.5187,36.8698;84503;;Schoinoússa
61;23.0268,38.0421;20300;;Skhoínos
0;24.5589,38.1318;34001;;Schízali
1730;25.7280,35.2576;72053;;Schísma Eloúndas
76;25.6798,35.1899;72100;;Schísma Mésa Lakkoníon
22;21.4573,38.6451;30100;;Skhínos
0;21.7273,36.9623;37004;;Skhinólakka
305;22.6231,37.6785;21058;;Skhinokhórion
87;25.8834,35.0534;72055;;Schinokápsala
0;21.6778,37.4800;27054;;Skhínoi
4035;23.5833,38.3500;32009;;Schimatári
166;20.6201,39.2313;48062;;Skepastó
0;22.0738,38.0428;25001;;Skepastó
0;23.3640,38.8338;34010;;Skepastí
0;24.7231,35.4136;74057;;Skepastí
343;21.6309,39.7954;42034;;Skepári
81;21.2924,39.0366;30017;;Skatzókampos
20;21.2635,39.4161;42033;;Skarpári
378;22.6835,38.8099;35009;;Skárfeia
1255;23.6030,38.0113;12462;;Skarmagkás
94;23.3030,37.5213;18030;;Skapéti
222;20.5456,39.3680;46031;;Skándalo
0;25.3332,39.8045;81401;;Skandhálion
55;22.4493,38.7471;33057;;Skamnós
95;20.8491,39.9116;44010;;Skamnélli
0;22.4557,36.7282;23062;;Skamnákion
51;22.4860,36.6342;23066;;Skaltsotiánika
67;21.2096,39.3481;47045;;Skaloúla
0;22.2281,38.5031;33053;;Skaloúla
0;24.2704,35.1992;74000;;Skalotí
41;26.9557,37.0353;85200;;Skaliá
350;24.6094,35.3896;74057;;Skaléta
0;20.1814,39.6244;46300;;Skála Sagiádas
1430;23.7876,38.3196;19015;;Skála Oropoú
1012;25.1868,35.2826;71409;;Skalánion
259;26.5305,39.0462;81111;;Skála Loutrón
358;20.8991,39.5138;44013;;Káto Kryfovó
0;26.2106,39.2071;81107;;Skála Kallonís
536;23.3833,39.9985;63077;;Skála Foúrkas
349;25.9310,39.1351;81105;;Skála Eresoú
0;25.1639,37.5907;84200;;Skaládos
0;26.1696,39.1031;81300;;Skála Polichnítou
178;23.0713,38.6717;35007;;Skála
0;23.5442,38.5824;34400;;Paralía Politikón
0;21.8427,38.4234;30300;;Skála
0;21.5873,38.1152;25200;;Skála
448;20.7960,38.0742;28082;;Skála
1747;26.5430,37.3222;85500;;Skála
0;22.0042,37.1904;24002;;Skála
2817;22.6667,36.8500;23051;;Skála
14;22.4231,36.6772;23062;;Skála
0;23.7743,35.4828;73002;;Skafiótes
248;21.3238,37.6984;27067;;Skafidiá
0;25.5161,35.0033;72056;;Skafídia
438;22.6863,37.5657;21053;;Skafidháki
0;23.7904,35.3227;73009;;Skáfi
83;25.5380,37.1262;84302;;Skadó
1;22.5666,38.0287;20017;;Siyerítsa
379;20.6464,38.6692;31082;;Sívros
973;20.2484,39.4073;46100;;Sývota
100;20.6818,38.6229;31082;;Sývota
426;24.8074,35.0189;70009;;Sívas
0;25.0365,35.2104;70011;;Síva
209;21.5327,38.7175;30021;;Sitómena
0;22.4451,39.3380;10438;;Sitóchoro
0;21.8116,37.3233;24003;;Sitochóri
8707;26.1047,35.2078;72300;;Sitia
176;20.5256,39.8687;44004;;Sitariá
63;21.4038,39.9462;51031;;Sitarás
0;21.6609,38.5105;30008;;Sitarálona
0;26.1556,35.1198;72059;;Sítanos
0;22.6508,37.2911;22009;;Sítaina
303;20.6986,39.4095;44009;;Sistroúni
0;21.0691,39.7700;44014;;Xirikó
1003;25.5202,35.3077;72054;;Sísion
0;24.9057,35.2944;74051;;Sísarkha
0;24.8867,35.3933;74054;;Sísai
0;21.9127,37.3697;24018;;Sírrizon
60;22.1115,37.5075;22024;;Sírna
0;24.7264,35.4057;74057;;Siripidhianá
0;23.8192,35.4965;73002;;Siríli
19;23.6422,35.4168;73010;;Sirikári
270;21.1071,39.5947;44001;;Siráko
0;22.1293,37.2286;22021;;Strataiḯka
196;21.9530,37.8727;25016;;Seirés
0;23.8333,35.2833;73009;;Siradhianá
0;24.0686,35.4140;73200;;Géro Prínos
0;23.9000,35.4500;73005;;Sinoikismós Vounianoí
0;24.0739,35.4091;73200;;Vamianá
0;23.8511,35.4001;73005;;Tsouchlianá
0;24.0500,35.4500;73200;;Sinoikismós Tsoungarianá
0;24.1907,35.4066;73008;;Tsikolianá
0;21.5325,39.2994;43069;;Synoikismós Petrochoríou
0;24.0150,35.4093;73300;;Somatá
116;22.2758,39.6499;40100;;Synoikismós Prosfýgon
0;23.9091,35.3993;73005;;Borianá
0;24.1333,35.4667;73003;;Sinoikismós Plakálona
0;23.9333,35.4000;73005;;Sinoikismós Permakianá
0;23.7615,35.4307;73002;;Perdikianá
0;24.0570,35.4364;73200;;Papadolianá
0;22.6233,39.9866;60065;;Platamónas
0;24.1746,35.2524;73013;;Néo Chorió
0;23.7833,35.4333;73002;;Sinoikismós Monodhéndri
0;23.8333,35.4667;73002;;Sinoikismós Metókhi
0;23.8400,35.4398;73002;;Metóchi
0;21.4403,39.2907;43066;;Márathos B
0;24.1835,35.4074;73008;;Mamounianá
21;20.7370,39.6348;45110;;Zevgári
0;23.8342,35.4560;73002;;Kontoudianá
1466;21.3879,37.8558;27059;;Synoikismós Chavaríou
0;24.0333,35.4500;73300;;Sinoikismós Keratés
0;23.8500,35.3833;73005;;Sinoikismós Katsoulianá
0;23.8500,35.4333;73002;;Sinoikismós Garoufalianá
0;24.0500,35.4500;73200;;Sinoikismós Boulitsianá
0;21.8506,38.3890;30300;;Synoikismós Agíou Georgíou
0;24.0500,35.4500;73200;;Sinoikismós Arvelianá
0;21.2561,37.8426;27300;;Synoikismós Agkináras
73;22.4693,37.9981;20017;;Mési Sinoikía Trikálon
254;22.4812,37.9969;20017;;Káto Sinoikía Trikálon
100;22.4660,37.9885;20017;;Áno Tríkala
50;21.8077,38.8335;36076;;Singréllos
0;21.1386,39.1150;47048;;Sýgkina
0;22.3401,38.0656;25010;;Sínevro
165;24.9510,37.8169;84500;;Synéti
37;23.6362,35.4210;73010;;Sinenianá
0;23.6500,35.3333;73012;;Sindikianá
0;25.0612,35.1821;70011;;Sinápion
0;21.9916,38.2629;25009;;Sinaniá
81;21.7249,39.8506;42035;;Kerasoúla
0;22.4986,36.8054;23061;;Sína
0;21.5861,39.2750;43069;;Symatétsi
0;20.6439,38.1179;28083;;Simotáta
0;21.8183,38.5351;30026;;Símos
305;21.5701,37.8492;27069;;Simópoulo
0;21.3963,37.9199;27057;;Simíza
0;22.3362,37.6470;22002;;Simiádes
0;23.2109,38.8782;34200;;Símia
2354;27.8362,36.6155;85600;;Sými
0;21.3591,38.0223;27052;;Sympáni
958;22.3316,38.1614;25006;;Sylivainiótika
0;21.0625,39.4184;47043;;Selió
53;21.2350,39.1950;47048;;Sellí
0;22.3219,37.5085;22100;;Silímna
2318;22.5800,39.7595;40006;;Sykoúrio
281;26.4117,39.1100;81101;;Sykoúnta
0;25.5128,35.0194;72056;;Sikológos
0;23.9733,35.4896;73300;;Sykoliá
369;20.3806,39.3854;46030;;Kartéri
1185;22.7246,37.9823;20002;;Sikyón
0;25.1167,36.7000;84010;;Síkinos
0;23.8667,35.3667;73005;;Sikídhia
562;26.1239,38.4641;82200;;Sykiáda
0;21.6291,39.3680;43060;;Sykiá
0;21.4016,38.5374;30003;;Sykiá
0;21.7497,38.4162;30300;;Sykiá
0;23.2606,39.2852;37006;;Sykí
0;21.5667,39.0500;36072;;Síkhnikon
12;22.4528,36.4723;23071;;Sychalásmata
221;22.2053,39.4869;43062;;Sykiés
0;21.0537,39.0623;47041;;Sykiés
0;24.1532,38.4684;34009;;Sykiés
14;21.8894,37.5261;27061;;Sikéai
0;22.0526,39.8300;40005;;Sykiá
0;21.4250,39.2987;43065;;Sykiá
0;21.3710,39.2143;43066;;Sykiá
31;21.3202,39.0128;30017;;Sykiá
216;22.1969,38.8820;35016;;Syká
0;22.2193,38.6412;33063;;Sykiá
0;21.7929,38.5028;30026;;Sykiá
492;22.6590,38.0624;20400;;Sikéa
815;22.9430,36.7640;23052;;Sykiá
0;26.0584,35.1036;72059;;Sykiá
2;25.5997,35.0421;72056;;Sykiá
0;22.4165,37.0538;23100;;Sikarákion
910;23.7304,38.3024;32011;;Sykámino
0;22.3535,39.9619;40010;;Sykaminiá
0;26.2951,39.3611;81104;;Sykaminiá
402;25.8526,39.2116;81112;;Sígrion
0;22.1067,37.9426;25007;;Sigoúni
0;24.1501,35.3798;73007;;Stiftianá
38;25.9634,38.4376;82103;;Sidiroúnta
0;21.7714,37.3380;24021;;Sidirókastro
0;22.4221,36.7708;23061;;Sidirókastro
0;21.0188,39.3926;47046;;Sióni
0;27.7780,36.1535;85108;;Siána
0;22.0338,37.2300;24002;;Siámo
0;25.2359,35.2434;70008;;Sgourokefálion
0;21.8018,37.0228;24014;;Sgourókampos
0;23.0461,36.5508;23053;;Sgardeliánika
137;21.0600,39.4493;47043;;Sgára
0;21.4288,38.6373;30100;;Sfyraíika
0;20.7271,39.1883;48061;;Néo Sfinotó
125;23.5682,35.4189;73012;;Sfinári
374;21.2667,38.6833;30009;;Kipséli
52;23.4810,37.6876;18010;;Sfendoúrion
0;25.4102,35.2444;70005;;Sfendhílion
0;23.8000,35.5000;73002;;SFendhilianá
58;23.7208,35.4570;73010;;Sfakopigádi
0;23.9833,35.5000;73131;;SFakianalíon
0;23.5945,35.2995;73012;;Sfakiá
93;22.8518,38.6089;35004;;Sfáka
0;25.9235,35.1543;72057;;Sfáka
0;22.1588,38.5126;33053;;Dorikó
167;20.4798,39.4239;46200;;Sevastó
60;23.9205,38.5329;34014;;Séta
12;20.9852,39.8672;44014;;Dílakko
0;22.8342,39.3546;38445;;Sésklo
132;21.1641,39.2583;47044;;Sési
642;21.9075,39.5047;43070;;Servotá
0;21.9843,37.6589;22003;;Sérvos
210;20.8982,39.5534;45110;;Servianá
0;22.3209,37.1591;23059;;Servaíika
0;22.4057,38.4879;33100;;Sernikáki
66;20.6876,39.3027;46031;;Serizianá
364;24.5061,37.1540;84005;;Sérifos
310;22.0574,38.4148;33060;;Sergoúla
77;20.6293,39.5657;44017;;Seníko
0;21.3533,37.8419;27059;;Sentaíika
40;20.4098,39.4936;46200;;Semériza
0;23.8167,35.3833;73004;;Sémbrono
0;23.8171,35.3811;73004;;Sémpronas
17;20.5649,39.6652;44017;;Séltsana
62;21.6236,39.0470;36071;;Sélo
174;24.5197,35.2895;74053;;Sellíon
0;24.2397,35.3944;73007;;Sellía
316;24.3807,35.2054;74000;;Sellía
0;22.4171,37.1678;23064;;Sellasía
0;21.7853,37.2085;24003;;Sellás
25;25.7213,35.3215;72053;;Sélles
718;21.0779,39.1087;47040;;Selládes
101;21.6821,38.8711;36075;;Sellá
268;21.8831,38.2827;26444;;Sellá
0;22.1307,38.1797;25003;;Káto Ftéri
0;22.0981,38.2210;25100;;Selinoúntas
0;22.2882,36.8208;24024;;Selínitsa
2509;23.5315,37.9332;18902;;Selínia
902;22.0283,38.2822;25009;;Selianítika
57;22.3498,38.0525;20009;;Seliána
0;23.7244,35.3986;73010;;Séllia
0;22.4218,36.8436;23061;;Selegoúdi
161;21.8799,37.5838;27062;;Sékoulas
803;20.1943,39.6233;46300;;Sagiáda
0;21.4695,38.1085;25005;;Sagaíika
0;22.3485,36.7352;23062;;Saxonaíika
1101;21.2943,37.8216;27300;;Savália
0;21.4387,39.1807;36070;;Sátos
0;24.7598,35.1232;74059;;Sáta
28;23.7099,35.4043;73010;;Sásalos
162;21.4149,38.7693;30021;;Saryiádha
380;20.5208,38.1198;28083;;Sarláta
0;21.9232,37.6082;22028;;Sarlaíika
0;22.6198,39.5553;40009;;Anagénnisi
63;21.6143,38.8144;36074;;Sarkíni
0;24.9983,35.2250;70001;;Sárchos
1064;21.2062,38.8900;30500;;Sardínia
0;25.1405,39.9397;81400;;Sardhaí
4618;21.7624,38.1904;26335;;Saraváli
248;21.8349,39.1586;36080;;Sarantáporo
3;22.3690,38.0307;20014;;Sarandápikho
187;22.4814,38.1346;20012;;Sarandapikhiótika
0;25.3102,34.9881;70004;;Sarakinós
0;21.9338,37.6414;22028;;Sarakínion
0;21.9939,37.5342;22022;;Sarakínion
0;23.7012,38.7605;34004;;Sarakíniko
0;25.1168,37.0569;84007;;Sarakíniko
619;20.8483,37.7895;29100;;Sarakinádhon
460;21.6375,39.6623;42200;;Sarakína
0;23.6774,35.3041;73004;;Sarakína
209;22.8576,37.2368;22029;;Sapounakaíika
125;22.4585,37.6700;22005;;Sángas
223;21.5737,37.9878;25015;;Santoméri
0;26.1050,35.1290;72059;;Sandáli
1885;26.9770,37.7543;83100;;Samos
70;20.6507,39.3449;46031;;Samonída
37;24.1093,35.4200;73003;;Samonás
370;21.5856,37.5721;27055;;Samikó
1347;20.6469,38.2508;28080;;Sámi
0;25.2644,35.2156;70008;;Sambás
0;24.1371,38.4043;34017;;Samarádes
0;22.4540,37.5030;22012;;Samarádes
0;21.4721,38.1019;25005;;Samallikaíika
75;20.5569,39.5249;46200;;Saloníki
462;21.5351,37.6601;27058;;Salmóni
0;23.7833,35.5000;73002;;Salivarianá
25370;23.4965,37.9643;18900;;Salamína
508;27.9436,36.2896;85108;;Sálakos
0;24.6150,35.1215;74056;;Saktoúria
0;21.9709,38.2857;25009;;Sarkounás
105;24.3871,35.2800;74058;;Saïtoúres
0;22.2837,36.8824;24022;;Saïdóna
517;22.3973,38.1195;20009;;Rozená
0;21.4932,37.7264;27100;;Rozaíika
0;23.1485,37.3294;21300;;Rozaíika
0;22.1324,38.0790;25017;;Rogoí
1288;21.6841,38.1827;25002;;Royítika
303;21.9953,39.0061;43068;;Rovoliárion
332;21.3019,37.8111;27200;;Roviáta
0;21.5885,38.0531;25018;;Rovianítis
1206;23.2307,38.8097;34005;;Roviés
37;21.9395,37.4910;27061;;Róvia
0;21.6685,37.2353;24500;;Rouzáki
40;22.1906,37.3469;22021;;Roútsi
172;24.3745,35.2864;74058;;Roústika
536;24.4947,35.3338;74100;;Roussospíti
0;25.3098,39.8825;81401;;Roussopoúlion
623;21.9037,39.3120;43100;;Roússo
0;25.2978,35.1558;70300;;Roussokhória
2;22.3029,37.7300;22002;;Roússis
0;26.0388,35.2233;72300;;Papadiókampos
4;25.5299,35.2104;72052;;Roussakianá
1442;21.3627,38.6714;30027;;Neápolis
0;26.1460,35.1780;72300;;Roússa Ekklisía
54;20.5822,39.9691;44012;;Roupsiá
0;21.4833,38.9167;30021;;Roupákion
0;21.3233,37.8629;27057;;Roupákion
0;21.1079,39.3685;47045;;Roupakiá
0;21.2594,39.0717;30017;;Roupakiá
0;21.6374,37.9679;25015;;Roupakiá
0;21.5016,37.8926;27069;;Roupakiá
37;24.6355,35.3427;74052;;Roúpes
0;22.6284,37.4353;22001;;Rounaíika
0;24.7005,35.4049;74057;;Roumelí
17;24.3288,35.2534;74058;;Roumpádo
16;20.9961,39.2437;47046;;Roumánia
0;24.1667,35.5500;73200;;Roúma
0;24.4362,38.0710;34001;;Roúklia
0;25.0949,35.1684;70011;;Roukánion
0;24.9084,35.0783;70400;;Roufás
0;25.1716,35.0131;70010;;Rotásion
84;21.7553,38.7448;36074;;Roská
79;21.5849,39.2705;43069;;Róssi
410;21.5420,39.4185;42032;;Ropotó
263;21.7119,39.5607;25013;;Rógkia
26;21.4896,39.3080;43065;;Rógkia
83;21.4468,39.2148;43066;;Rógkia
605;20.8183,37.7485;29092;;Romírion
0;21.8537,36.9475;24005;;Romíri
25;21.4977,39.2543;43066;;Romiá
183;20.8529,39.2196;48200;;Romiá
0;21.4642,37.7286;27100;;Ampelónas
104;21.0428,39.4076;47043;;Romanós
403;20.7034,39.3801;44009;;Romanós
0;21.7876,38.2279;10441;;Romanós
290;21.6632,36.9927;37004;;Romanós
0;25.2899,39.9058;81401;;Romanón
0;20.1667,39.2167;49082;;Romanátika
0;22.9401,38.4876;66032;;Romaíïko
613;20.9436,39.1668;47042;;Rókka
52;23.7331,35.4736;73002;;Rókka
0;22.2854,37.5785;22100;;Roeinó
76;24.9442,37.7794;84500;;Rogó
60;23.6385,35.3818;73012;;Rogdiá
0;23.7814,35.2890;73009;;Rodhovánion
1140;20.7266,39.7082;44003;;Rodotópi
0;23.7548,35.5623;73006;;Rodopós
256;22.2312,38.9200;35016;;Rodhoniá
2776;22.0487,38.2698;25100;;Rododáfni
3509;22.4641,38.8883;35100;;Rodhítsa
0;21.9026,38.3053;25009;;Rodiní
0;21.7180,37.4909;27054;;Rodhiná
0;23.3058,39.1649;37013;;Rodiás
0;22.3673,39.7992;40400;;Rodiá
436;22.1541,38.2072;25003;;Rodiá
0;21.8256,38.0828;25008;;Rodiá
0;21.7329,37.2111;24500;;Rodiá
797;25.0202,35.3654;71414;;Rodiá
257;20.9979,39.3253;47046;;Rodavgí
0;24.3147,35.2007;74000;;Rodákino
501;21.8668,39.4390;43061;;Rizovoúni
808;20.8114,39.2594;48300;;Rizovoúni
0;24.3122,38.1285;34015;;Rizovoúni
53;21.9522,37.5667;22028;;Rizospiliá
0;24.1752,35.5461;73003;;Rizóskloko
32;20.5325,39.7059;44017;;Rizó
1482;22.7472,39.4276;37500;;Rizómylos
346;22.1313,38.2109;25100;;Rizómylos
0;21.9202,37.0040;24005;;Rizómylos
790;21.7354,39.6643;42200;;Rízoma
0;21.8301,37.3143;24003;;Rizochóri
0;22.3822,39.2557;40300;;Rýzi
0;24.7372,35.1274;74059;;Rízikas
821;21.8012,39.5391;42100;;Rizarió
27;22.2691,37.0206;24016;;Rizaná
449;22.4676,37.4466;22012;;Rízes
149;20.6013,39.1320;48062;;Rizá
0;21.7035,38.3570;30020;;Ríza
0;20.4653,38.2716;28200;;Ríza
313;22.5847,38.0445;20400;;Ríza
0;22.4636,37.0286;23100;;Ríza
0;26.0091,35.1533;72057;;Ríza
40;25.5490,35.0295;72056;;Ríza
0;22.6144,39.3508;37500;;Rígaio
0;22.4437,37.0500;23100;;Riviótissa
208;21.1983,38.7426;30009;;Rívio
0;23.5232,38.4108;34100;;Ritsóna
110;22.9926,37.8172;20005;;Rytó
0;21.3244,39.3061;47047;;Risési
0;21.7497,36.8509;24006;;Rípaina
14219;21.7850,38.2956;26444;;Río
494;21.4632,38.0554;25005;;Ríolos
0;22.2998,36.8238;24024;;Rínglia
0;22.3175,36.9809;24016;;Ríntomo
0;21.2563,39.1384;47048;;Reíkia
0;23.0052,36.8454;23068;;Reichiá
0;22.4934,36.6307;23066;;Riganóchora
0;21.7710,38.4845;30026;;Rigáni
0;21.4192,38.9444;30018;;Rígani
401;21.2371,38.5810;30006;;Rígani
0;21.5000,38.3833;30014;;Rigaíika
0;20.3764,38.2354;28200;;Rífi
123;20.5919,39.7985;44003;;Riáchovo
0;22.4320,39.3348;10438;;Revmatiá
126;20.7168,39.2951;48300;;Revmatiá
0;21.8552,37.2123;24011;;Revmatiá
19;24.8367,37.8700;84501;;Rémata
24;26.0424,39.2171;81110;;Révma
0;22.7838,38.2824;32006;;Revithaíika
0;21.7350,37.4393;27056;;Revelaíika
0;23.2990,38.7900;34005;;Retsinólakkos
65;21.2668,39.2894;47047;;Retsianá
0;21.3041,37.9744;27053;;Aretí
194;22.5038,38.0220;20017;;Réthi
32468;24.4823,35.3655;74100;;Rethymno
100;20.5775,39.8447;44004;;Repetísta
0;25.2995,39.9227;81401;;Repanídhion
0;21.2250,37.8966;27051;;Regklaíika
577;22.7100,38.7196;35008;;Rengínion
0;21.4151,37.8173;27059;;Rénesi
828;21.9790,39.0632;43068;;Rentína
0;20.5242,38.1864;28100;;Razáta
673;21.7470,39.6106;25013;;Ráxa
106;20.9176,39.4885;44013;;Ravénia
179;20.4867,39.6534;44017;;Ravení
0;23.7359,35.5434;73006;;Ravdoúcha
0;20.7702,38.0751;28082;;Ratzaklí
0;21.2553,37.9637;27053;;Rasaíika
528;21.4803,39.1486;36070;;Raptópoulo
0;21.7410,37.1851;24500;;Raftópoulo
0;21.9645,37.5979;22028;;Ráftis
0;21.8021,37.5346;27062;;Ráptis
0;24.9702,35.1043;70017;;Ráptis
0;24.2019,38.2463;34015;;Raptaíoi
0;21.4376,38.0154;27052;;Raptaíika
34;22.1931,37.3834;22200;;Rapsommátis
909;22.5487,39.9022;40008;;Rapsáni
64;20.8967,39.3796;44009;;Rapsaíoi
44;20.4465,39.4417;46200;;Rápi
0;23.8000,35.5333;73006;;Rapaniana
0;20.1419,39.2203;49082;;Rantátika
80;24.5100,37.1337;84005;;Rámos
103;24.1049,35.3996;73003;;Ramní
203;21.0814,39.3970;47043;;Rámia
0;22.2151,38.1258;25003;;Pagiannaíika
183;20.5058,39.4225;46200;;Rachoúli
416;21.8719,39.2371;43100;;Rachoúla
359;21.5630,37.5861;27055;;Ráches
172;25.8682,36.8277;84008;;Rakhídhion
574;20.8996,39.1141;47042;;Ráchi
0;20.6837,38.4516;28301;;Ráchi
0;22.9580,38.4300;32007;;Ráchi
0;21.4862,38.1100;25005;;Ráchi
0;21.6524,37.9380;25015;;Ráchi
0;22.5353,36.7820;23200;;Ráchi
593;22.7812,38.8905;35013;;Rákhai
0;21.8428,37.7161;22015;;Ráches
0;21.7163,37.2786;24500;;Ráches
24;20.6175,39.7336;44003;;Ráiko
0;20.5736,38.3181;28081;;Raftopouláta
47;21.0354,39.5078;44013;;Raftanaíoi
18;21.6972,39.2720;43069;;Rafína
12168;24.0060,38.0181;19009;;Rafína
116;20.5764,39.5947;44017;;Radovízi
0;22.1000,37.6165;22007;;Rádos
0;23.2066,37.5173;84301;;Rádhon
0;23.8833,35.5167;73014;;Ptinotrofíon
136;26.0577,39.2129;81110;;Pteroúnda
0;22.0198,37.7439;22008;;Fteriá
27;20.5441,39.5844;44017;;Ftéri
0;21.0426,39.3256;47046;;Ptéri
10;21.5658,39.1315;36072;;Ptéri
512;22.0460,38.9000;35003;;Ftéri
0;22.0721,38.1496;25017;;Ftéri
327;21.9777,39.3258;43100;;Ptelopoúla
1990;22.9527,39.0526;37007;;Pteleós
276;21.2419,39.0019;30017;;Pteléa
38;21.5973,38.8417;30021;;Pteléa
0;21.8212,37.5289;27062;;Pteléa
0;22.7237,37.3678;22001;;Psoroú
0;21.7033,38.6205;30008;;Psóriari
274;21.9004,37.8778;25012;;Psofída
9;22.3817,36.5175;23071;;Psíon
66;20.6946,39.5821;45110;;Psína
37;21.5986,38.8753;30021;;Psilóvrakhos
29;20.4898,39.8392;44004;;Psilókastro
0;22.4673,37.4250;22012;;Psilí Vrýsi
0;20.5597,38.4580;28084;;Psilithriás
0;25.4517,35.1646;72052;;Psychró
0;22.2997,39.4355;43062;;Psychikó
9529;23.7722,38.0132;15452;;Psychikó
32;21.3616,39.5487;42037;;Ágios Nikólaos
17;21.7825,38.7683;36076;;Psianá
0;21.4894,37.9535;27069;;Pseftaíika
0;23.8697,35.4780;73014;;Psathogiánnos
194;20.9526,39.0850;47041;;Psathotópi
663;21.8737,38.3281;30300;;Psathópyrgos
328;21.9909,39.4743;43070;;Psathochóri
0;22.1293,37.3963;22200;;Néo Psathí
12;25.6715,35.0580;72200;;Psathí
0;22.4797,36.7867;23061;;Psathákia
0;21.3859,38.0209;27052;;Psári
355;22.5297,37.8655;20016;;Psári
0;21.9618,37.6356;22028;;Psárion
51;22.1213,37.4983;22024;;Psárion
227;21.8876,37.3279;24018;;Psári
0;23.7045,35.3493;73004;;Psarianá
0;24.9542,35.0902;70012;;Psallídha
5828;23.6433,38.5785;34400;;Psachná
220;20.4149,39.4614;46200;;Psáka
0;21.9816,38.2915;25009;;Provodós
112;24.1273,35.4232;73003;;Próvarma
125;21.6538,38.7450;36074;;Prousós
0;25.1468,35.0377;70010;;Protória
342;20.6874,39.7800;44003;;Protópappas
99;23.1669,38.6104;35001;;Proskinás
589;22.8405,37.7128;21000;;Prósimna
101;21.0872,39.5721;44001;;Prosílio
0;22.3364,38.5885;33100;;Prosílio
0;22.9267,38.5011;66032;;Prosílio
0;22.2367,36.9148;24022;;Prosílion
0;22.4793,36.8329;23061;;Prosílio
37;21.2036,39.2104;47044;;Prosília
11;21.5171,38.6586;30010;;Prosília
0;22.6460,37.4380;22001;;Prosília
0;25.2327,39.9719;81401;;Propoúlion
3;22.9412,36.3350;80200;;Prongíon
0;23.2867,39.1906;37013;;Promýri
1108;23.4906,38.7340;34004;;Prokópi
0;20.9881,39.2172;47100;;Prógonon
0;22.4410,36.6835;23062;;Progónia
0;22.8089,38.5815;35004;;Profítis Ilías
0;21.8998,38.0595;25000;;Profítis Ilías
0;22.4367,36.7647;23061;;Profítis Ilías
1482;25.0998,35.2056;70011;;Profítis Ilías
0;27.8468,36.0992;85109;;Profília
0;22.5871,39.5916;40009;;Pródromos
558;21.5894,39.5648;42032;;Pródromos
994;21.9749,39.3757;43100;;Pródromos
45;21.7176,38.7394;36074;;Pródhromos
0;21.1795,38.5993;30006;;Pródromos
0;22.9096,38.2589;32010;;Pródromos
0;21.6104,37.8644;27069;;Pródromos
0;21.7324,37.3633;24021;;Pródromos
143;20.5433,39.4267;46200;;Prodrómi
0;23.7587,35.2636;73009;;Prodhrómion
0;22.2529,36.8775;24022;;Proástio
39;20.5440,39.8341;44004;;Áno Parakálamos
146;21.3661,39.8824;17676;;Priónia
0;22.0416,37.9338;25016;;Priólithos
528;21.6118,39.5696;25013;;Prínos
310;24.6206,35.3830;74057;;Prínos
0;22.7144,39.6529;40003;;Priniás
0;24.0312,38.4336;34500;;Priniás
0;24.9951,35.1588;70003;;Priniás
0;25.1524,34.9830;70010;;Priniás
0;24.5724,38.1356;34001;;Priniá
937;24.4251,35.3457;43064;;Prinés
115;24.6763,35.3240;74052;;Archaía Eléftherna
0;23.8190,35.3246;73009;;Prinés
0;24.0814,38.5355;34016;;Prinákion
90;25.6867,35.0947;72051;;Prína
17283;20.7505,38.9562;48100;;Préveza
0;25.0294,35.1371;70003;;Prevelianá
0;21.7336,38.0832;25008;;Prévedos
57;21.3855,39.0234;30017;;Pratovoúni
465;22.6837,37.2624;22009;;Prastós
0;24.1001,38.3536;34017;;Prásino
0;23.5138,38.1846;19600;;Prásino
104;22.1593,37.7824;22017;;Prásino
0;21.7127,37.3969;27056;;Prasidhákion
133;24.5312,35.3201;74100;;Prasiés
83;21.4891,39.1864;36070;;Prasiá
0;23.8481,35.3760;73005;;Prasés
0;25.1893,35.3147;71601;;Prasás
0;21.4483,38.6168;30005;;Prasaíika
0;21.8524,38.4918;30026;;Prapaíika
0;21.3924,38.8178;30018;;Prantikó
1137;21.1014,39.5231;44001;;Prámanta
301;22.0652,39.7921;40005;;Praitóri
275;22.8957,37.1886;22300;;Pragmateftís
162;20.3398,39.7453;46033;;Ampelónas
0;23.7808,38.5135;34018;;Poúrnos
0;25.2841,39.9404;81401;;Kotsínas
603;22.5758,39.7756;40006;;Pournári
280;22.3066,39.1568;35010;;Pournárion
0;21.5256,38.0722;25005;;Pournári
93;22.0359,37.7832;25004;;Pournariá
0;21.6350,38.5840;30008;;Pournára
0;21.8123,38.2098;10441;;Pournarókastro
0;23.0958,39.4783;37001;;Pourí
126;21.9317,38.8511;36076;;Poungákia
696;22.7713,37.9590;20002;;Poullítsa
605;22.8140,37.6488;21055;;Poullakídha
0;21.8208,37.1298;24015;;Poulítsi
598;22.8860,37.1094;22300;;Poúlithra
0;21.7707,38.6515;25014;;Poúlinos
0;20.9064,39.3552;47046;;Graviá
0;21.4378,39.1490;36070;;Pouliána
0;20.6028,38.2363;28080;;Pouláta
0;23.9717,35.4768;73300;;Potistíria
47;21.0306,39.5829;44001;;Potistiká
0;20.9996,39.2806;47046;;Potistiká
93;21.3168,39.2339;47047;;Potistiká
0;22.0544,38.4891;33060;;Potidanía
0;24.3752,38.1301;34013;;Póthi
206;21.4374,38.7647;30021;;Potamoúla Trichonídos
22;21.5646,38.4634;30015;;Potamoúla Mesolongíou
95;25.9772,36.8969;84008;;Potamós
113;25.3388,36.4372;84702;;Potamós
476;22.9612,36.2998;80200;;Potamós
34;23.2890,35.8816;80100;;Potamós Antikythíron
0;22.3220,38.1726;25006;;Potamítikos Gialós
0;24.5613,38.0116;34001;;Potámi
224;23.6955,35.4695;73010;;Potamída
0;25.3885,35.2553;70005;;Potamiaí
248;22.7863,39.6620;40003;;Potamiá
188;20.8840,39.3678;44009;;Potamiá
84;21.1770,39.3464;47045;;Potamiá
258;20.5932,39.3186;46031;;Potamiá
0;21.9992,37.8379;25004;;Potamiá
51;22.1435,37.2973;22021;;Potamiá
0;22.4773,36.9296;23054;;Potamiá
2603;23.1438,37.3279;21300;;Pórto Chéli
19;22.4859,36.4279;23071;;Pórto Kágio
161;21.8129,39.3132;43067;;Portítsa
236;25.1790,39.8820;81401;;Portianón
210;21.6268,39.4231;43060;;Portí
1849;22.9995,39.3895;37011;;Portariá
169;21.5699,37.9393;27069;;Pórtes
104;23.5213,37.7129;18010;;Pórtes
0;22.3096,38.1343;25006;;Porovítsa
192;20.7073,38.6419;31083;;Póros
1131;20.7712,38.1537;28086;;Póros
3651;23.4536,37.4994;18020;;Póros
53;22.5887,39.9672;60065;;Póroi
0;22.4678,36.4482;23071;;Porákhia
0;20.0886,39.3783;49080;;Podoriónes
0;23.7833,35.4000;73002;;Pontikianá
60;20.3821,39.9698;44005;;Pontikátes
126;20.5960,38.6333;31082;;Póndi
953;24.8672,35.0094;70009;;Pómpia
0;22.4554,36.9312;23054;;Polovítsa
128;20.6674,39.5751;44017;;Polýgyros
0;20.6931,39.1547;48061;;Polývryso
1498;23.5446,38.5967;34400;;Politiká
0;21.4983,39.0828;36072;;Polítia
215;21.2965,39.5989;35018;;Polythéa
0;21.8143,37.2437;24003;;Polythéa
0;25.3441,35.2110;70006;;Polithéa
0;21.8936,36.9676;24005;;Polistári
237;20.7430,39.3578;44009;;Polystáfylo
31;23.6527,35.4550;73010;;Polyrrinía
0;24.2353,38.2138;34015;;Polypótamos
80;26.9370,35.4042;85800;;Pólion
221;21.3631,39.3941;42033;;Polynéri
195;20.3246,39.4027;46030;;Polynéri
0;22.2652,39.3505;10438;;Polynéri
0;21.9128,37.0921;24013;;Polýlofos
65;20.7084,39.6332;45110;;Polýlofo
20;23.0961,38.8577;34300;;Polílofon
0;21.5715,38.0160;25018;;Polýlofo
3438;26.1822,39.0791;81300;;Polichnítos
156;21.9478,37.2707;24008;;Políkhni
1027;22.5317,38.6401;33051;;Polídhrosos
408;20.8889,39.0948;47042;;Polýdroso
0;22.5943,37.1757;23069;;Polídhroson
57;20.5654,39.6376;44017;;Polýdoro
128;22.4106,39.0999;35010;;Polidhéndrion
1221;23.8681,38.2160;19011;;Polydéndri
0;22.5895,39.3402;37500;;Polydámeio
0;22.4078,36.7907;23061;;Polyáravos
0;22.1391,37.1571;24007;;Polianí
57;22.4252,36.5409;23071;;Polemítas
0;23.8147,35.5094;73006;;Polemárchi
0;22.4009,36.5884;23062;;Polána
0;21.8164,38.5539;30026;;Pokísta
322;20.8390,38.7947;30012;;Pogoniá
0;21.8771,38.5895;30023;;Pódos
0;21.3367,38.8572;30018;;Podogorá
0;21.7082,37.6121;27055;;Ploutochóri
0;24.9305,35.0823;70012;;Ploutí
0;24.9345,35.0065;70012;;Plóra
4852;26.3714,38.9753;81200;;Plomári
15;23.5863,35.3505;73012;;Plokamianá
0;22.8401,36.6881;23056;;Plítra
356;20.9407,39.1369;47042;;Plisioí
0;21.6174,38.9985;36071;;Plioú
230;26.5810,39.0681;81100;;Pligónion
0;24.6845,35.3514;74052;;Plevrianá
18;23.3549,37.4152;21051;;Plépi
0;23.7201,35.3219;73004;;Plemenianá
529;26.3968,38.9824;81200;;Plagiá
939;20.7406,38.7991;31100;;Plagiá
0;20.5824,38.3942;28085;;Plagiá
0;24.3763,38.1498;34015;;Plagiá
0;22.3172,36.8032;24023;;Plátsa
0;24.9123,37.4624;84100;;Plátos
0;22.9793,36.7105;23070;;Platóri
25;22.1909,36.9451;24016;;Plátoma
0;24.0363,35.4143;73300;;Platyvóla
0;20.6437,38.4602;28301;;Platreithiás
29;24.7296,36.9317;84003;;Platys Gyalós
251;22.1206,38.9700;35011;;Platístomon
54;20.6666,38.7418;31080;;Platístoma
7207;22.5333,39.6167;40009;;Platýkampos
42;22.9596,36.3659;80200;;Platiá Ámmos
0;25.0494,37.6360;84201;;Platiá
6;21.8646,37.4133;27056;;Platía
782;25.0731,39.8608;81400;;Platí
53;21.6637,37.1703;24300;;Pláti
0;22.0100,37.1412;24007;;Platý
0;25.4385,35.1694;72052;;Pláti
0;25.4833,35.1667;72052;;Plathianós
907;20.2778,39.4504;46100;;Platariá
0;21.7595,38.1353;25008;;Platanóvrysi
0;21.8060,37.1135;24015;;Platanóvrysi
0;21.7944,36.9325;24001;;Platanóvrysi
379;21.0156,39.4186;47043;;Platanoússa
0;22.3081,39.6771;40100;;Platanoúlia
48;21.3042,39.8376;17676;;Platanistós
811;21.7691,39.6606;25013;;Plátanos
0;22.5106,39.2252;40300;;Plátanos
72;21.8350,39.0857;36080;;Plátanos
0;21.7921,38.5990;25014;;Plátanos
145;21.3207,38.6111;30027;;Plátanos Kalivíon
201;22.2651,38.1647;25006;;Plátanos
0;21.8626,38.0453;25008;;Plátanos
1764;21.6111,37.6673;27060;;Plátanos
0;22.6572,37.3232;22009;;Plátanos
0;21.7275,37.0138;24600;;Plátanos
0;22.3327,36.7844;24023;;Plátanos
0;22.4917,36.7764;23200;;Plátanos
0;24.0000,35.5000;73131;;Plátanos
975;23.6022,35.4731;73400;;Plátanos
0;24.7659,35.1516;74059;;Plátanos
0;25.9500,35.1333;72057;;Plátanos
0;24.9239,35.0233;70012;;Plátanos
0;21.8547,37.9473;25012;;Platanítsa
0;21.7713,38.3732;30020;;Páno Platanítis
0;22.7965,37.6499;21055;;Platanítis
0;24.5148,38.0183;34001;;Platanistós
0;22.0880,38.1100;25017;;Plataniótissa
459;21.8232,38.2984;26444;;Platáni
103;22.5209,37.8116;20016;;Platánion
0;21.2895,39.3722;42033;;Plataniás
157;21.5400,38.6066;30010;;Plataniás
0;23.9089,35.5172;73014;;Plataniás
391;20.9529,39.6118;45110;;Plataniá
75;20.7429,39.4952;44009;;Platánia
164;20.9799,39.2948;47046;;Platánia
0;23.2751,39.1418;37013;;Plataniás
0;23.6975,38.6205;34400;;Platánia
81;21.8242,37.3832;24021;;Platánia
0;24.7043,35.2296;74062;;Platánia
0;23.7829,35.4187;73002;;Platanés
0;23.7494,35.2727;73009;;Platanés
0;24.5886,35.1731;74053;;Platanés
0;22.6674,37.1706;22020;;Platanáki
0;22.2317,37.0361;24020;;Platanáki
13;21.0235,39.3679;47046;;Platanákia
0;23.4063,38.4358;32200;;Platanákia
23;21.3507,39.4399;42037;;Platanákia
0;24.1200,38.6045;34011;;Platána
0;21.7557,37.5444;27062;;Platiána
0;22.6125,37.4414;21057;;Platána
0;22.4763,37.0328;23100;;Platána
3602;23.2675,38.2136;19008;;Plataiés
0;22.6715,39.6591;54248;;Neochóri
1011;20.8644,37.8163;29100;;Plános
151;22.1672,37.9365;25007;;Planitéro
0;21.5671,38.1013;25200;;Plateraíika
87;21.1844,39.2233;47044;;Plakoutsaíika
44;21.7121,39.2624;43067;;Agía Marína
268;20.4746,39.5824;44017;;Plakotí
188;21.1689,39.0039;30016;;Plakotí
143;24.3931,35.1918;74000;;Plakiás
0;24.4292,36.7466;84801;;Plákes
0;23.7388,35.5028;73006;;Plakálona
238;26.4552,39.0448;81106;;Plakádos
309;25.4264,40.0042;81401;;Pláka
17;21.0321,39.4607;47043;;Pláka
88;21.8645,37.9153;25012;;Pláka
558;24.0237,37.7633;19500;;Pláka
13;22.1101,37.4297;22200;;Pláka
0;22.8920,37.1496;22300;;Pláka
231;24.2100,35.4518;73003;;Pláka
94;25.7283,35.2990;72053;;Pláka
0;24.5000,35.2500;74053;;Pláka
0;25.4118,35.0512;70004;;Pláka
192;20.2802,39.6463;46300;;Plaísio
234;20.9651,39.4904;44013;;Plaísia
1158;21.7010,39.5106;25013;;Pigí
126;21.2156,39.3115;47045;;Pigí
350;26.4176,39.1821;81101;;Pigí
0;21.9279,37.3530;24018;;Piyí
0;22.3184,36.8092;24023;;Piyí
951;24.5724,35.3597;74100;;Pigí
0;25.3479,35.2260;70006;;Pigí
153;21.3997,39.2921;47047;;Pigés
0;22.2434,37.0991;23059;;Pigés
101;21.9081,39.0166;36080;;Pitsiotá
89;21.9606,38.8867;35017;;Pítsion
79;22.9625,36.2020;80200;;Pitsiniánika
0;21.7455,38.4355;30300;;Pitsinaíika
21;22.9619,36.2732;80200;;Pitsinádhes
666;24.7813,35.0155;70200;;Pitsídia
330;24.8780,37.8144;84500;;Pitrofós
20;21.8963,38.2671;25009;;Pitítsa
257;26.0566,38.4874;82300;;Pityoús
1302;24.0865,35.5167;73200;;Pithári
7515;26.9434,37.6910;83103;;Pythagóreio
43;20.9825,39.3022;47046;;Pistianá
31;22.9914,36.8992;23068;;Pistámata
0;23.7187,38.5267;34018;;Pissónas
221;25.7096,35.2027;72100;;Píssidos
0;24.2839,37.5984;84002;;Písses
60;25.9511,38.5271;82103;;Pispiloúnta
0;21.5609,38.1390;25200;;Píso Sykiá
13;22.9383,36.2423;80200;;Píso Pigádhion
0;24.9278,37.7441;84500;;Píso Meriá
286;25.3847,35.3082;70014;;Piskopianó
0;24.9197,37.7485;84500;;Batsiliános
0;26.0954,35.1778;72300;;Piskokéfalon
454;22.9881,38.0203;20300;;Písia
12;21.6857,37.0039;37004;;Pisáski
0;20.6868,38.3485;28300;;Aetós
451;26.5084,39.1729;81100;;Píryoi Thermís
335;22.8790,37.5815;21060;;Piryiótika
53;21.4222,38.6817;30027;;Piryíon
0;24.1232,38.5236;34009;;Piryíon
1063;25.9999,38.2263;82102;;Pyrgíon
14;20.4430,39.3168;46030;;Pyrgí
1373;22.5934,39.9187;40007;;Pyrgetós
1179;21.7485,39.5528;24101;;Pyrgetós
418;22.7664,37.6332;21200;;Piryélla
0;22.4320,37.4544;22012;;Pyrgaíika
0;21.8411,37.6162;27062;;Pirrís
32;22.4358,36.6567;23062;;Pýrrichos
150;21.4069,39.5375;42037;;Pýrra
0;22.8702,37.0993;22300;;Pyrgoúdi
0;25.0191,35.2241;70013;;Pirgoú
0;23.8596,35.5198;73014;;Pýrgos Psilonérou
246;22.3825,36.6262;23062;;Pýrgos Diroú
0;21.7461,39.5608;25013;;Pýrgos
290;21.7570,39.4048;43067;;Pýrgos Ithómis
0;22.0752,39.3686;43300;;Pýrgos
0;21.3714,39.2410;47047;;Pýrgos
256;22.0084,38.9327;35017;;Pteléa
106;22.1711,38.8143;35016;;Pírgos
0;24.0723,38.6153;34019;;Pírgos
0;23.0340,38.5153;32300;;Pýrgos
0;23.2639,38.2485;19008;;Pýrgos
0;22.2866,38.1195;25006;;Pýrgos
380;22.4378,38.0870;20009;;Pírgos
419;26.8036,37.7090;83104;;Pýrgos
22399;21.4410,37.6751;27100;;Pýrgos
669;21.6934,37.0742;24600;;Pírgos
0;22.5517,36.8372;23057;;Pýrgos
0;22.2994,36.8381;24024;;Pírgos
0;25.4500,36.3830;84701;;Pýrgos
0;24.0500,35.5167;73133;;Pýrgos
0;23.9670,35.5134;73131;;Pýrgos
0;23.9889,35.4855;73300;;Pýrgos
0;23.7327,35.4435;73010;;Pýrgos
0;25.0657,35.1878;70011;;Pírgos
87;25.7180,35.1170;72051;;Pýrgos Kaloú Chorioú
1134;25.1519,35.0061;70010;;Pýrgos
0;22.0717,38.1655;25100;;Pyrgáki
0;22.1585,37.6344;22010;;Pyrgáki
0;25.1892,35.0975;70300;;Pyráthi
29;25.9157,38.5052;82103;;Piramá
163688;23.6462,37.9420;18535;;Peiraiás
0;22.2710,38.7425;33063;;Pyrá
0;22.0033,37.0777;24012;;Piperítsa
24;23.6001,35.4992;73400;;Piperianá
0;22.1739,39.5906;42031;;Pineiáda
0;21.0748,39.4121;47043;;Pigkí
214;20.6607,38.7745;31080;;Pinakokhórion
0;25.4646,35.1970;72052;;Pinakianón
326;23.1175,39.3361;37010;;Pinakátai
2345;21.6965,36.9130;24001;;Pýlos
0;23.5827,38.7549;34004;;Pílion
2430;27.1593,36.8447;85302;;Pylí
0;20.6449,38.4531;28301;;Pilikáta
1790;21.6189,39.4581;42032;;Pýli
0;21.1013,39.0990;47040;;Pýli
0;23.4955,38.2142;19008;;Pýli
0;21.9662,37.0716;24200;;Pilalístra
59;25.9993,35.0404;72055;;Pilalímata
0;22.4688,36.7632;23061;;Pilála
0;27.1335,35.5319;85700;;Pylés
0;21.7342,36.9462;24001;;Píla
55;24.6260,35.3446;74052;;Píkris
0;25.3333,36.6833;84001;;Pikrinero
0;22.3569,37.0802;23100;;Pikouliánika
0;22.4257,37.6501;22005;;Pikérnis
7707;23.9408,38.0016;54124;;Pikérmi
0;24.6911,35.3323;74052;;Pigounianá
0;24.8502,34.9853;70009;;Pigaïdhákia
145;20.3729,39.5537;46300;;Pigadoúlia
185;21.4121,39.9845;51031;;Pigadítsa
157;20.6528,38.7688;31080;;Pigadhisánoi
0;21.3923,37.9074;27059;;Pigádhion
0;22.8006,37.0963;22020;;Pigádi
291;22.9220,37.0679;22300;;Pigádi
115;20.9690,39.4604;44013;;Pigádia
60;21.3927,39.0782;30017;;Pigádia
0;23.7280,38.7424;34400;;Pigádia
0;22.0822,38.1932;25100;;Pigádia
52;23.3757,37.4132;18040;;Pigádhia
3;22.2573,36.9959;24016;;Pigádia
431;20.7646,37.8153;29090;;Pigadhákia
0;22.4302,37.3491;22016;;Pigadákia
0;24.5356,38.0204;34001;;Pidoulaíika
40;22.0457,37.1414;24007;;Pídima
0;21.7462,36.8740;24001;;Pídasos
57;22.2382,37.5749;22010;;Piána
2897;21.5952,39.5055;42032;;Piáleia
0;21.7051,38.3805;30020;;Pezoúlia
0;25.1930,35.2177;70100;;Pezá
0;25.4743,35.0404;70004;;Péfkos
0;22.0408,37.8629;25016;;Péfko
85;25.9925,35.0745;72055;;Pévkoi
199;21.6358,39.3777;43060;;Pefkófyto
123;23.8678,38.1542;14565;;Pevkófiton
0;21.8678,37.5501;27062;;Pevkíon
261;21.3806,39.7954;17676;;Péfki
0;21.6578,37.7738;27064;;Péfki
0;21.6881,37.6743;27066;;Péfkes
303;20.7172,39.7875;44007;;Petsáli
125;21.2274,39.1055;47048;;Petsália
0;24.1632,38.3838;34017;;Petsalás
0;22.0384,38.0974;25017;;Petsákoi
79;21.0071,39.5744;44013;;Petrovoúni
0;22.0397,37.3805;22025;;Petrovoúni
0;22.2431,36.8899;24022;;Petrovoúni
0;22.5210,36.7306;23200;;Petrovoúni
58979;23.6849,38.0419;13231;;Petroúpolis
18;22.9370,36.3211;80200;;Petroúnion
0;24.1975,35.3810;73007;;Petroulídes
0;21.3202,37.7556;27200;;Petroúles
40;22.1549,39.9804;40200;;Petrotó
842;21.9636,39.5863;24019;;Petrotó
0;21.6696,39.4021;43060;;Petrotón
54;21.4286,39.3191;43065;;Petrotó
386;22.3896,39.1891;35010;;Petrotó
543;21.8072,38.1618;26500;;Petrotó
0;21.5438,38.8360;30021;;Petrotó
629;21.9281,39.5615;24019;;Petróporo
0;21.4075,38.9266;30018;;Petróna
219;21.5202,39.4492;42032;;Petrochóri
0;21.6485,38.5454;30008;;Petrochóri
135;21.6624,36.9806;37004;;Petrochóri
0;24.6843,35.2056;74062;;Petrokhórion
0;25.0384,35.2501;70013;;Petrokéfalon
0;24.8349,35.0303;70009;;Petrokefálion
3900;21.8366,37.0067;24014;;Petrítsi
280;22.6011,37.8494;20500;;Petrí
0;22.1578,39.4980;43062;;Pétrino
42;22.2076,37.2866;22021;;Petrína
0;22.5000,36.8500;23061;;Πετρίνα
50;21.5974,39.2714;43069;;Petrílo
80;22.2508,39.1931;35010;;Petrília
0;20.4700,38.2803;28200;;Petrikáta
0;24.1673,38.4064;34017;;Petriés
0;21.9115,36.8154;24004;;Petriádes
42;24.1805,35.2868;73013;;Petrés Askýfou
0;20.1398,39.2305;49082;;Petrátika
0;26.1151,35.1985;72300;;Petrás
57;21.7290,39.1794;36073;;Petrálona
49;21.8182,39.0109;36081;;Petrálona
0;21.1956,38.9293;30500;;Amfilochikó Árgos
0;21.8320,37.4377;27056;;Petrálona
0;21.8810,37.1744;24013;;Petrálona
153;21.0284,39.7724;44014;;Pétra
3029;26.1765,39.3268;81109;;Pétra
0;21.2812,39.2979;47047;;Pétra
529;21.1130,39.1661;47048;;Pétra
515;20.8188,39.1571;48061;;Pétra
191;21.2585,39.1319;47048;;Pétra
29;21.6581,38.7389;36074;;Tsiknaíika
0;23.0573,38.3715;32001;;Pétra
0;21.9492,37.4231;27061;;Pétra
98;20.6028,39.5174;46200;;Petoúsi
0;24.9225,36.6065;84011;;Petoúsa
8;20.5471,39.8285;44004;;Paidoniá
1952;21.0347,39.1667;47200;;Péta
0;21.4777,38.0440;25005;;Pétas
0;21.8333,37.8333;27063;;Pétas
218;22.3994,38.1298;20009;;Petaloú
2555;21.9270,36.9585;24005;;Petalídi
193;20.9181,39.4609;44013;;Pestá
0;20.5783,38.1132;28083;;Pesáda
63;23.7155,35.4670;73010;;Pervolákia
443;25.3797,35.0301;70004;;Chondros
102;21.4654,39.5411;42037;;Pertoúli
0;22.3477,37.5399;22100;;Perthóri
0;21.0668,38.7586;30004;;Kompotí
0;21.6902,37.7562;27066;;Néa Pérsaina
0;22.5628,37.0742;23100;;Kalloni
0;22.3790,37.4599;22012;;Perpatáris
1;22.9438,36.2715;80200;;Perlengiánika
0;21.7774,38.6286;25014;;Pérkos
315;20.7218,38.7197;31084;;Perigiálion
1474;22.8395,37.9404;20011;;Periyiáli
500;21.1164,39.9794;51032;;Perivólion- PREVALE
1297;20.0147,39.4194;49080;;Perivóli
435;22.1826,39.0643;35010;;Perivóli
127;22.0889,38.8314;35003;;Perivólion
0;21.8441,38.5186;30026;;Perivólia
0;24.1345,38.4507;34017;;Perivólia
0;21.8489,37.4126;27056;;Perivólia
77;22.1575,37.3875;22200;;Perivólia
0;22.3021,37.1816;23059;;Perivólia
3320;23.9942,35.4849;73300;;Perivólia
39;23.6119,35.3614;73012;;Perivólia
0;22.1777,37.0480;24020;;Perivolákia
0;21.7738,36.8562;24006;;Perivolákia
21;26.0598,35.0452;72059;;Perivolákia
0;21.7705,38.2111;26335;;Perivóla
466;20.7778,39.7624;44007;;Perívleptos
266;22.6881,39.3092;37500;;Perívlepto
28;21.9142,39.0018;35017;;Perívlepto
271;21.5690,38.3877;30014;;Perithóri
0;22.3386,38.0301;20014;;Perithóri
0;22.0874,38.4892;33060;;Perithiótissa
53;20.4588,39.8791;44002;;Peristéri
96;22.1616,38.8336;35016;;Peristérion
129;21.5300,38.6497;30010;;Peristérion
139981;23.6919,38.0154;12134;;Peristéri
324;21.4745,37.8057;27069;;Peristéri
0;22.4430,37.0336;23100;;Peristérion
239;21.6454,39.6442;42200;;Peristéra
62;21.6547,38.1165;25018;;Peristéra
0;22.2463,38.0219;25001;;Peristéra
0;21.7925,38.6320;25014;;Perísta
0;24.8917,35.0217;70009;;Péri
0;22.3591,37.0420;23100;;Pergandaíika
0;21.6008,38.5927;30008;;Pérevos
0;21.9013,38.6602;30025;;Perdikóvrysi
0;22.5659,37.3820;22013;;Perdikóvrysi
0;21.8197,37.1364;24015;;Perdikóvrysi
96;21.7694,39.5925;25013;;Perdikorráchi
0;21.6770,37.1808;24500;;Perdikonéri
0;24.9220,37.4036;84100;;Perdíki
84;20.9895,39.3176;47046;;Perdikári
310;21.3631,39.0493;30017;;Perdikáki
120;20.8851,39.4793;44013;;Pérdika
1543;20.3042,39.3697;46030;;Pérdika
9;22.6227,39.2474;37100;;Pérdhika
98;21.3758,39.2455;47047;;Pérdika
680;23.4531,37.6923;18010;;Pérdhika
39;20.7283,39.6456;45110;;Perátis
234;20.7449,38.8224;31100;;Peratiá
845;20.5636,38.1357;28083;;Peratáta
0;25.1490,37.5973;84200;;Perástra
649;24.4362,36.7409;84801;;Péran Triovasálos
416;21.0507,39.0825;47041;;Peránthi
94;21.2421,39.3367;47045;;Péra Nevrópoli
0;24.3719,37.6330;84002;;Péra Meriá
295;22.8820,37.2101;22029;;Péra Mélana
0;22.2475,37.1160;23059;;Machalás
1841;20.8466,39.6933;45333;;Pérama
0;21.0143,39.2652;47046;;Ntiveraíika
726;26.5045,39.0432;81111;;Pérama
25389;23.5721,37.9678;18863;;Pérama
1655;24.7035,35.3703;74052;;Pérama
0;22.8629,38.4543;32100;;Perakhórion
0;20.7169,38.3486;28300;;Perachóri
0;24.9135,37.7665;84500;;Péra Chorió
0;21.8120,37.6113;27062;;Péra Chorió
1141;22.9490,38.0302;20300;;Perachóra
0;22.3990,36.9721;23054;;Péra Chóra
114;21.1818,39.2623;47044;;Péra Kalentíni
0;21.8699,36.9652;24005;;Péra
7;25.6528,35.2086;72051;;Pepónides
0;22.4362,36.5022;23071;;Pépon
118;20.8159,39.4416;44009;;Pentólakkos
0;22.3162,38.4123;33052;;Penteória
4851;23.8667,38.0500;15236;;Pentéli
171;20.4692,39.5983;44017;;Pénte Ekklisíes
93;22.0534,38.5919;33062;;Pentagioí
0;23.8167,35.4667;73002;;Pentarianá
0;23.8373,35.3304;73009;;Pentarianá
0;25.0265,35.2483;70013;;Pendamódhion
889;21.2468,38.4849;30007;;Pendálofon
210;21.5324,38.7814;30021;;Pendákorfon
0;24.1348,35.3922;73008;;Pemonia
1073;21.5934,37.6744;27060;;Pelópi
351;26.2810,39.3262;81104;;Pelópi
82;22.5485,38.0435;20400;;Pellíni
1931;22.3214,37.2061;23059;;Pellána
309;22.8900,37.0567;22300;;Peletá
0;21.8632,37.7794;22015;;Peléki
0;21.8449,37.0532;24015;;Pelekanáda
2383;22.8398,38.9481;35013;;Pelasgía
114;22.4199,37.5251;22100;;Pélagos
0;25.1899,39.8859;81401;;Pedhinón
819;21.9525,39.5182;43070;;Pedinó
0;22.2614,36.9131;24022;;Pedinó
2871;20.8426,39.5999;45110;;Pediní
129;26.0785,38.2587;82102;;Pagís
487;20.1856,39.1972;49082;;Gáïos
0;23.0944,38.5319;32300;;Pávlos
23;21.7260,38.9961;36071;;Pavlópoulon
0;21.7100,38.1624;25002;;Pavlókastro
367;22.3375,38.7402;33063;;Pávliani
0;21.2993,38.9835;30017;;Pavliáda
55;22.1406,37.4895;22022;;Pávlia
271;24.5732,35.2467;74053;;Patsós
0;25.1823,35.2687;70100;;Patsídes
0;25.2279,35.1550;70300;;Patsíderos
100;24.2322,35.2030;73011;;Patsianós
0;22.4273,37.5519;22100;;Patsaíika
0;23.3223,39.2209;37006;;Patrichóri
0;20.5718,38.3648;28085;;Patrikáta
120;26.0607,38.2362;82102;;Patriká
168034;21.7351,38.2462;26504;;Pátra
545;21.8647,39.5350;43061;;Patouliá
541;26.5472,37.3090;85500;;Pátmos
1628;23.8649,39.1466;37005;;Patitírion
156;21.2669,39.0960;30017;;Patiópoulo
0;24.3135,35.3066;74055;;Pátima
0;23.8000,35.5000;73002;;Pathiakianá
44;20.9974,39.5026;44013;;Pátero
0;23.9063,35.4903;73014;;Patellári
160;20.7512,38.0949;28082;;Pástra
0;22.2095,39.3556;43300;;Paschalítsa
1298;22.7281,38.0129;20200;;Pásion
622;22.7498,37.6642;21200;;Ínachos
0;24.7191,35.3399;74052;;Pasalítai
0;23.0710,36.5349;23053;;Ágios Konstantínos
364;25.2265,35.1181;70300;;Pártira
0;23.9603,38.4759;34500;;Parthénion
0;22.5160,37.4742;22012;;Parthéni
0;26.8083,37.1886;85400;;Parthéni
5289;25.1500,37.0833;84400;;Páros
45;21.3066,39.9975;51031;;Paróri
186;22.7552,38.5629;32008;;Parórion
0;22.4387,37.5389;22100;;Paróri
0;22.3834,37.0644;23100;;Parórion
0;21.9063,37.6377;22028;;Parnassós
0;20.3851,38.2277;28200;;Parisáta
0;23.9985,35.5063;73131;;Parigoría
10762;20.4004,39.2857;48060;;Párga
66;20.6358,39.5035;46200;;Pardalítsa
0;22.3530,37.2034;23059;;Pardhálion
3105;21.5205,38.6147;30010;;Paravóla
83;26.0280,35.1656;72057;;Paraspóri
0;25.1470,37.0724;84400;;Kakápetra
205;21.7701,39.9106;51200;;Paraskeví
180;21.9888,38.1867;25000;;Paraskeví
0;22.9947,36.8488;23068;;Paraskaíika
0;22.4824,36.6670;23066;;Parasyrós
1434;21.9029,39.4868;43070;;Proástio
0;21.9874,37.3053;24008;;Parapoúgki
0;22.4694,39.8295;40004;;Parapótamos
1126;20.3244,39.5486;46300;;Parapótamos
246;21.6993,39.5323;25013;;Parapótamos
0;25.1297,34.9730;70010;;Paránimfoi
2568;20.5111,39.4711;46200;;Paramythiá
57;21.4317,39.4624;42037;;Parámero
0;24.0142,38.4955;34009;;Paramerítes
0;21.8477,37.8325;27063;;Paralongoí
1059;22.7661,37.4166;22019;;Parálio Ástros
0;22.0562,38.3928;33060;;Paralía Sergoúlas
122;22.3313,38.1718;25006;;Paralía Porovítsis
0;22.2732,38.1711;25006;;Paralía Platánou
0;24.1240,38.6305;34003;;Paralía Kímis
0;22.9930,37.4862;21060;;Paralía Iríon
3115;23.6284,38.3800;34100;;Paralía Avlídhos
0;22.3434,38.1605;25010;;Kráthion
541;22.7772,38.8820;35013;;Paralía Rachón
0;24.1340,38.5824;34011;;Paralía
8903;21.7026,38.1983;26333;;Paralía
831;22.8580,37.2482;22029;;Paralía Tyroú
0;22.9931,36.9705;23068;;Paralía
0;24.9067,37.4101;84100;;Parakopí
881;26.1406,39.1694;81107;;Parákoila
730;20.5647,39.8634;44004;;Parakálamos
33;21.6223,38.4171;30014;;Paradhísion
0;24.3784,38.0797;34013;;Paradeísi
100;22.6463,37.9460;20015;;Paradhísion
0;23.0877,36.5116;23053;;Paradeísi
2623;28.0837,36.3997;85106;;Paradeísi
161;22.0793,37.3162;22021;;Paradeísia
0;21.7500,37.0128;24600;;Pappoúlia
0;26.0717,35.0930;72059;;Pappagiannádes
54;21.6881,38.9210;36100;;Papparoúsion
260;21.6698,39.5210;42032;;Drosopigí
0;21.7891,37.0932;24015;;Papafléssa
0;21.7435,37.6057;27062;;Pappadoú
1534;26.4560,39.0391;81106;;Pappádos
0;22.8623,36.7156;23056;;Pappadiánika
0;23.8485,35.4187;73005;;Pappadianá
26;23.5902,35.3623;73012;;Pappadianá
0;23.6055,35.2978;73012;;Pappadianá
0;23.7592,35.2853;73009;;Pappadhianá
21;21.7380,39.0044;36081;;Pappadiá
0;23.3634,38.9320;34010;;Pappádes
0;21.1738,38.7098;30009;;Pappadátos
1313;20.7931,39.3144;48300;;Pappadátes
824;21.4502,38.5282;30011;;Pappadhátai
0;21.9292,37.6217;22028;;Pappadás
0;21.4944,38.6731;30010;;Pappadhaniá
0;20.1159,39.3826;49080;;Papoutsíras
223;20.7187,39.9681;44016;;Pápigkon
0;23.1679,37.3156;18050;;Papastavraíika
88;22.2600,37.3655;22027;;Páparis
0;21.6237,38.0812;25018;;Papanikolaíika
0;22.5835,37.3596;22013;;Papanikolaíika
0;23.8916,37.9803;19004;;Papangeláki
0;21.7120,38.0458;25015;;Papakostaíika
0;24.9667,35.3833;71414;;Papadianá
0;23.7056,35.3040;73004;;Pappadianá
257;21.9813,37.8564;25016;;Páos
0;21.6664,37.9239;25015;;Panousaíika
0;22.2909,38.6984;33063;;Panourgiás
161;22.2497,38.3726;33058;;Pánormos
0;25.0414,37.6396;84201;;Pýrgos
1157;24.6909,35.4181;74057;;Pánormos
120;27.8470,36.5484;85600;;Panormítis
0;25.1966,35.1474;70300;;Panóramo
67;22.2898,37.9147;20014;;Panórama
0;21.7424,37.3793;24021;;Panórama
0;22.6772,36.8552;23051;;Ágios Geórgios
110;22.4491,36.7497;23061;;Myrsíni
0;21.8796,36.9851;24005;;Panipéri
0;22.1766,37.8140;22017;;Pagkráti
274;20.4961,39.4432;46200;;Pagkráti
18;22.3729,36.5128;23071;;Págkia
177;24.5919,35.3699;74100;;Pagkalochórion
0;23.7461,35.4494;73002;;Panéthimos
0;20.7346,38.9486;48100;;Pantokrátoras
925;20.8280,37.7324;29092;;Pantokrátor
27;21.2502,39.5275;35018;;Athamanía
0;22.9776,36.2257;80200;;Panteliánika
86;22.5718,39.9931;60065;;Palaiós Panteleímonas
293;20.8762,39.2384;48200;;Pantánassa
531;21.5559,38.6015;30010;;Pandánassa
0;22.9615,36.6019;23070;;Pantánassa
0;24.5938,35.2561;74061;;Pandánassa
0;22.0528,39.6055;42031;;Panagítsa
266;22.7394,38.6395;35004;;Panayítsa
43;22.2223,37.7710;22017;;Panagítsa
0;22.4475,36.6823;23062;;Panayítsa
7;22.9900,36.6323;23070;;Panayítsa
982;26.5292,39.1467;81100;;Panagioúda
0;21.3906,37.9436;27057;;Panayiotopoulaíika
0;22.7702,38.2849;32006;;Panagía Kalamiótissa
329;25.4051,39.9807;81401;;Panayía
155;21.7315,39.9727;51200;;Panagía
716;21.3297,39.7962;17676;;Panagía
0;23.0974,39.4938;37001;;Mintzéla
0;21.0581,39.4353;47043;;Panagía
421;20.8810,39.3466;47046;;Panagía
0;20.3333,39.3167;48060;;Panagía
158;22.2284,39.0942;35010;;Panayía
0;21.0833,38.6000;30006;;Ayios Athanasios
0;23.9662,38.4962;34500;;Panayía
0;23.1106,38.3138;32002;;Áskri
0;24.1601,38.2666;34015;;Panagía
0;24.2613,38.0174;34013;;Panagía
226;23.4800,37.9003;18903;;Pérani
0;21.9903,37.5589;22007;;Panagía
70;24.4871,37.1774;84005;;Panayía
0;24.0139,35.4436;73300;;Panagía
34;26.9317,35.4128;85800;;Panayía
0;25.3410,35.1206;70015;;Panayía
0;24.9122,35.1061;70002;;Panayía
0;25.0717,35.0062;70016;;Panayía
0;21.4020,37.9200;27057;;Panayaíika
0;24.9831,35.1317;70003;;Panasós
563;22.8235,37.6310;21055;;Panarítis
246;22.5403,37.9918;20017;;Panaríti
0;23.7679,35.4069;73002;;Pananianá
0;23.4968,38.1921;19600;;Pánakton
2935;21.4473,38.5832;30003;;Panaitólion
0;21.8425,38.1569;26500;;Gkotsaíika
0;21.8503,36.8976;24010;;Panaíika
0;20.9994,38.7081;22004;;Panagoúla
0;21.6481,38.5072;30008;;Pámfion
1251;26.5217,39.1570;81100;;Pámfila
0;22.4687,36.7997;23061;;Kríni
0;21.9474,37.6199;22028;;Paloúmpa
0;23.5218,37.9640;18902;;Paloúkia
0;21.3403,38.0628;27052;;Méga Péfko
167;27.1719,36.6173;85303;;Páloi
14808;23.8830,38.0051;15351;;Pallíni
3;21.0382,39.4879;47043;;Pallikári
0;22.3604,37.4583;22100;;Pallántio
9;22.4893,36.4227;23071;;Páliros
820;23.6631,39.9418;63085;;Palioúri
0;22.8718,39.3478;38445;;Palioúri
523;21.9816,39.2201;43063;;Palioúri
128;22.2150,38.9440;35016;;Palioúrion
170;21.8345,39.4347;43061;;Ágioi Anárgyroi
392;21.7298,39.9566;51200;;Paliouriá
156;20.6342,39.6964;44003;;Paliourí
0;23.7654,38.5905;34018;;Palioúras
0;21.5647,38.3625;30014;;Paliostáni
0;21.4868,38.6798;30010;;Palióspito
0;22.3977,36.6363;23062;;Paliópirgos
0;21.6947,39.1713;36073;;Paliólakka
0;21.4904,39.2857;43066;;Kraniá
0;21.2995,39.5253;35018;;Palaiochóri
0;21.4437,39.1755;36070;;Paliochorígkovo
18;21.5167,38.8500;30021;;Paliochória
15;21.0867,39.7244;44200;;Paliochóri
0;21.4862,39.4441;43065;;Paliochóri
18;21.5434,39.2706;43069;;Palaiochóri
0;21.4915,39.0829;36072;;Paliochóri
0;21.6908,39.0411;36071;;Paliochóri
0;21.5060,38.7472;30021;;Paliochóri
0;21.4365,39.1612;36070;;Paliochoráki
23;21.4706,38.7365;30021;;Paliokariá Keraséas
0;22.5167,39.1667;40300;;Palió Dherelí
0;21.3038,39.0443;30017;;Paliariá
137;20.4806,39.7170;46033;;Kallithéa
996;20.9518,38.9108;30002;;Paliámpela
0;22.3090,37.2630;22011;;Paliálona
0;22.4148,36.7187;23062;;Palavístia
0;21.9632,37.4667;27061;;Palátos
61;20.2769,39.6939;46300;;Palampás
5719;22.0833,39.4667;43200;;Palamás
114;22.4006,39.0294;35010;;Palamás
15;22.1225,37.4902;22022;;Palamárion
0;21.8900,36.8255;24010;;Palamári
9;24.7522,37.9441;84501;;Palaistoú
3799;20.8818,38.7830;30012;;Pálairos
1;21.5739,38.5222;30015;;Palaiozévgaron
0;23.3937,38.8558;34010;;Palaióvrysi
0;22.4678,36.8661;23061;;Palaióvrysi
419;22.0618,38.8995;35003;;Palaiovrákha
0;21.5241,37.6784;27060;;Palaiovarvásaina
0;22.2882,38.1493;25006;;Paliostafída
128;24.8327,37.8193;84500;;Palaiópoli
33;21.4865,38.4938;30011;;Palaioplátanos
123;22.6823,39.9183;61001;;Palaiópyrgos
1035;21.8172,39.6084;42100;;Palaiópyrgos
0;21.8421,38.4986;30026;;Paliópyrgos
164;22.3455,37.7124;22002;;Palaiópyrgos
0;22.4415,36.9797;23054;;Palaiopanayía
0;23.0764,39.1547;37009;;Palaió Tríkeri
13;21.7734,37.1118;24015;;Palaió Loutró
0;22.1797,37.0269;24020;;Palaión Khoríon
0;21.3907,37.8612;27059;;Péra Chávari
64021;23.7010,37.9281;18446;;Palaió Fáliro
0;21.7087,36.8903;24001;;Palaiónero
1182;21.6579,39.4627;42032;;Palaiomonástiro
38;21.0375,39.4755;47043;;Palaiomochoústi
0;22.1502,37.4834;22200;;Palaiomoíri
0;22.5956,39.2918;37500;;Palaiómylos
92;21.3441,39.2130;47047;;Palaiómylos
0;22.0233,38.4484;33060;;Palaiómylos
34;21.3724,39.2837;47047;;Palaiomýlia
855;21.2406,38.5523;30006;;Palaiománina
0;24.4403,35.2415;74060;;Palaióloutra
0;21.4674,37.7824;27069;;Palaiolánthi
0;22.4456,39.4957;41500;;Palioklísi
885;21.8641,39.3766;43100;;Palaiokklísi
1184;26.4505,39.0556;81106;;Palaiókipos
16;22.2112,37.3999;22027;;Palaiochoúni
66;21.0542,39.5887;44001;;Palaiochóri Sirákou
246;21.4222,39.6071;35018;;Palaiochóri
274;20.4341,39.5443;46200;;Palaiochóri
90;21.0787,39.4916;47043;;Palaiochóri
553;21.8248,39.4698;43061;;Palaiochóri
133;21.2374,39.3859;47045;;Palaiochóri
16;21.0281,39.3789;47046;;Palaiochóri
365;20.0668,39.3892;49080;;Palaiochóri
0;21.5996,39.3727;43060;;Palaiochóri
132;20.7094,39.3456;44009;;Palaiochóri Bótsari
314;26.3199,38.9991;81200;;Palaiochórion
29;22.4955,38.9598;35100;;Palaiokhórion
0;21.5778,38.9034;30021;;Paliochóri
0;22.8955,38.8485;35006;;Palaiokhórion
120;21.9568,38.8493;36076;;Palaiokhórion
0;23.2514,38.8209;34005;;Paliochóri
287;22.4833,38.7167;33057;;Palaiokhóri
0;21.8746,38.6712;30025;;Paliochóri
0;21.8256,38.5322;30026;;Paliochóri
3;21.6169,38.4976;30015;;Palaiokhórion
190;23.4153,38.1245;19600;;Palaiokhórion
413;21.2661,37.8182;27300;;Palaiochóri
0;22.0407,37.5838;22007;;Paliochóri
0;21.8185,37.5849;27062;;Palaiokhórion
0;21.7491,37.5374;27062;;Palaiochóri
0;22.7142,37.1578;22020;;Palaiochóri
21;21.5046,39.3234;43065;;Palaiochoráki
0;21.1237,39.1560;47048;;Paliochoráki
0;21.8608,38.4704;30026;;Paliochoráki
0;21.4781,37.9156;27069;;Palaiokhóra
15;22.4111,36.5818;23066;;Palaiochóra
2372;23.6819,35.2313;73001;;Palaióchora
0;21.9412,38.4236;33056;;Pefkáki
291;22.7314,38.9294;35013;;Palaiokeraséa
238;21.1739,39.3364;47045;;Palaiokátouno
0;21.5613,39.0439;36072;;Palaiokatoúna
138;20.6892,38.7006;31084;;Ágios Christóforos
771;21.2325,38.4524;30007;;Lesíni
218;22.0674,39.8501;40005;;Palaiókastro
100;20.4174,39.3852;46030;;Palaiókastro
74;21.8993,38.9832;35017;;Palaiókastro
502;27.0000,37.7379;83100;;Palaiókastro
0;21.9631,37.5401;27061;;Palaiókastron
132;21.5650,38.6310;30010;;Palaiokariá
0;21.7667,38.4333;30300;;Paliógali
0;21.9278,39.5736;24019;;Palaiogardíki
0;21.8567,38.7107;30025;;Palaioaráchova
0;24.2390,35.4213;73008;;Palailónion
53;24.3872,35.2919;74058;;Palaílimnos
1254;26.2543,35.1979;72300;;Palekastro
174;22.0749,39.0336;43068;;Palaiá Yiannitsoú
0;21.7565,37.1630;24015;;Palaiá Vrýsi
0;23.7803,35.4005;73002;;Palaiá Roúmata
454;25.5629,38.5410;82104;;Psará
0;21.6549,38.1165;25018;;Palaiá Peristéra
0;21.7946,38.3800;30300;;Palaiá Panayía
5;23.0400,36.7344;23070;;Palaiá Monemvasía
25;23.3575,37.6261;21061;;Palaiá Loutrá
1254;23.9479,37.7200;19013;;Palaiá Fókaia
0;20.8770,39.2133;48200;;Palaiá Filippiáda
1713;23.1561,37.6385;21059;;Palaiá Epídavros
0;22.5668,38.7824;35009;;Drakospiliá
126;20.7395,39.6641;45333;;Petrálona
0;22.8514,36.7915;23052;;Pákia
193;21.2569,39.4730;42037;;Pachtoúri
0;21.4228,38.8391;30018;;Pachtíri
619;21.0138,39.0834;47041;;Pachykálamos
25;23.4807,37.7178;18010;;Pakhía Rákhi
2;22.4505,36.5304;23071;;Pachiánika
0;24.0167,35.5000;73134;;Pakhianá
827;25.8090,35.1090;72100;;Pacheía Ámmos
542;23.3624,37.9754;19100;;Páchi
0;20.8577,39.2417;48200;;Paidópoli Ziroú
0;24.1317,35.3982;73008;;Païdochóri
14595;23.8544,37.9553;19002;;Paianía
0;24.9051,37.4166;84100;;Págos
0;23.5806,38.6772;34400;;Pagóntas
518;26.8311,37.6718;83104;;Pagóndas
0;22.5430,36.6653;23066;;Paganéa
654;21.4900,39.8264;42034;;Oxýneia
1061;24.1118,38.5799;34011;;Oxílithos
183;20.1894,39.1867;49082;;Oziás
316;21.5957,39.3570;43069;;Oxyá
6424;21.7290,38.1887;26333;;Ovriá
0;24.3504,37.6725;84002;;Otziás
264;27.1518,35.5436;85700;;Óthos
0;22.1898,39.2468;43063;;Othomanikó
651;22.5784,39.7463;40006;;Óssa
217;21.4672,39.7619;17676;;Orthovoúni
0;23.8974,35.4007;73005;;Orthoúni
222;20.6941,37.8516;29091;;Orthoniaí
0;22.0089,38.0472;25011;;Ortholíthi
0;24.6969,35.3373;74052;;Orthés
24;22.2138,36.9434;24016;;Orovás
54;24.4955,35.2919;74100;;Óros
784;20.7184,39.1638;48061;;Oropós
1111;23.7555,38.3033;19015;;Oropós
0;24.0841,38.5273;34009;;Orolóyion
0;24.6614,35.1482;74056;;Orné
147;25.9771,36.9004;84008;;Órmos Aiyialís
903;24.9504,37.7737;84500;;Órmos Korthíou
9381;22.9796,38.4929;32300;;Orchomenós
0;24.1189,38.5360;34009;;Órion
0;22.7587,37.3010;22029;;Oreinó Korakovoúni
14;20.3376,39.9712;44005;;Oreinó
19;24.8960,37.8015;84500;;Oreinón
314;25.9139,35.0800;72055;;Oreinó
0;22.6575,37.3587;22001;;Oreiní Meligoú
90;21.8534,37.8705;27063;;Oreiní
0;22.5480,37.3550;22013;;Oriá
0;22.2197,39.4039;43062;;Orfaná
0;22.1171,37.4172;22200;;Orésteio
2827;23.0919,38.9503;34012;;Oreoí
57;20.5530,39.9872;44006;;Oraiókastro
0;21.4946,37.8564;27069;;Oraía
0;24.6601,35.2265;74061;;Opsigiás
1210;22.2711,39.1012;35010;;Omvriakí
0;22.4804,39.6764;41336;;Omorfochóri
484;22.6420,39.8955;61001;;Omólio
22;23.9049,35.3436;73005;;Omalós
0;23.8333,35.4500;73002;;Omalianá
21;22.3763,36.6567;23062;;Omalés
0;24.7938,35.3356;74054;;Omála
400;27.1725,35.7409;85700;;Ólymbos
376;25.9424,38.2473;82102;;Olýmpoi
444;22.2538,39.9866;40200;;Olympiáda
13;22.4642,36.5189;23071;;Olympiés
0;21.3494,37.9009;27057;;Ólga
0;21.5576,37.7426;27064;;Oléni
519;24.1634,38.5251;34009;;Okhthonía
506;21.2853,38.6579;30009;;Ókhthia
0;21.8992,37.6561;22028;;Óchthia
56;22.3858,36.4831;23071;;Ochiá
3643;22.3896,36.7062;23062;;Oítilon
99;22.4028,38.7412;33057;;Oíti
792;26.2224,38.5146;82101;;Oinoússes
35;22.3573,38.7026;33057;;Oinochóri
442;23.6098,38.3225;32011;;Oinói
376;23.4173,38.1658;19008;;Oinói
0;21.5236,37.8370;27069;;Oinói
4314;23.6400,38.3116;32011;;Oinófyta
0;23.0525,36.5192;23053;;Oikonomiánika
0;22.3658,38.1335;25010;;Oikonomaíika
13962;23.7935,37.9864;15669;;Papágou
363;21.9985,37.2542;24002;;Oichalía
1087;25.3764,36.4626;84702;;Oía
0;22.3391,38.0791;25010;;Óasi
30;20.3723,39.4625;46100;;Nounesáti
0;22.2776,37.7381;22002;;Plaísia
41;21.7297,38.8692;36075;;Nóstimon
63;23.7130,35.5036;73400;;Nopígeia
0;22.3253,36.7927;24023;;Nomitsís
0;24.1947,35.2120;73011;;Nomikianá
36;23.0159,36.6501;23070;;Nómia
15;22.3963,36.5149;23071;;Nómia
473;21.9348,39.5304;43070;;Nomí
0;23.7558,35.5089;73006;;Nochiá
28;25.6448,35.3047;72400;;Nofaliás
0;24.9245,35.1315;70002;;Nívritos
0;24.7332,35.1716;74062;;Níthavris
10;20.9672,39.5054;44013;;Nístora
0;25.2129,35.1076;70300;;Níspitos
187;20.8744,39.6807;45444;;Nísos Ioannínon
0;21.6064,40.0061;42034;;Nisí
308;21.4208,37.9844;27052;;Nisí
0;25.0064,35.2146;70001;;Nísi
0;24.1694,35.3788;73007;;Nípos
0;25.3300,35.1399;70300;;Nipidhitós
0;20.5333,39.2667;48062;;Niokhóri
114;22.1845,37.6917;22010;;Nymfasía
0;20.4114,39.4566;46200;;Nikolítsi
397;20.7669,39.3113;48300;;Nikolítsi
48;22.0447,38.8375;35003;;Nikolítsion
40;20.6119,38.6838;31082;;Nikolís
0;24.1095,38.4408;34017;;Nikolétta
368;22.1422,38.2106;25003;;Nikolaíika
63;25.6234,35.2505;72400;;Nikithianós
0;21.5213,38.1443;25200;;Niforaíika
724;20.7188,38.7602;31084;;Nikiána
48;27.1777,36.5741;85303;;Nikiá
0;22.6864,39.5178;37500;;Níki
0;23.7648,38.6874;34014;;Níki
0;22.4163,36.9709;23054;;Nikhórion
0;24.4059,38.0347;34001;;Nikási
0;21.0924,39.7837;44200;;Níkaros
9;22.3860,36.6083;23062;;Nikándreio
0;21.8262,38.4442;30300;;Nikaíika
3274;22.4667,39.5667;41500;;Níkaia
89380;23.6500,37.9667;18542;;Níkaia
0;20.4819,38.2894;28081;;Nýfi
1402;20.7139,38.7101;31084;;Nidhríon
0;22.8444,36.8997;23060;;Niáta
0;22.1779,38.1463;25003;;Niámata
0;21.7020,38.1668;25002;;Nezerítika
100;21.2476,39.3315;47045;;Nevrópoli
580;22.4656,37.6140;22005;;Nestáni
0;22.5391,39.7266;40006;;Nésson
0;21.7370,36.8424;24006;;Neroulá
0;23.5312,38.6139;34400;;Nerotriviá
0;21.6675,38.6769;36074;;Nerosýrtis
0;21.8790,37.0112;24014;;Nerómylos
256;22.7326,39.7151;40003;;Nerómyloi
118;21.5955,38.6182;30010;;Nerománna
5593;24.0400,35.4759;73300;;Nerokoúros
0;21.6905,38.6517;30008;;Nerochóri
0;24.1371,35.4015;73008;;Nerochóri
0;23.8133,35.4859;73002;;Nerianá
0;21.9051,36.8597;24010;;Neratziá
0;21.9564,38.4225;33056;;Néa Koúkoura
232;22.0213,38.2690;25009;;Nerantziaí
636;22.7818,37.9840;20002;;Nerántza
0;21.8786,36.8837;24010;;Neraïdóvrysi
191;21.4379,39.5293;42037;;Neraïdochóri
472;22.2957,39.6078;41334;;Rachoúla
250;21.2286,39.4477;42037;;Neráida
17;21.7048,39.2988;43067;;Neráida
0;22.5518,39.2833;40300;;Neráida
0;21.6850,39.1819;36073;;Neráida
70;22.6067,39.1722;37100;;Neráïdha
248;21.7905,39.1401;36080;;Neráida
84;22.6391,38.9532;35300;;Neráïdha
0;21.6627,37.7342;27064;;Neráida
672;22.7941,39.1626;37100;;Néos Plátanos
890;23.0724,38.9357;34012;;Néos Pírgos
0;22.4375,37.0639;23100;;Néos Kósmos
282;20.9218,39.3331;47046;;Néos Gorgómylos
0;21.5603,38.3597;30014;;Néos Galatás
0;22.0034,38.2916;25009;;Néos Erineós
471;22.8586,37.6159;21000;;Néon Roinón
0;22.6040,39.4868;40009;;Néo Perivóli
70;22.3892,36.6893;23062;;Néo Oítylo
904;22.2747,39.2399;40300;;Néon Monastírion
131;23.8148,38.2851;19011;;Néon Livíssion
0;21.8943,38.0366;25000;;Néo Kompigádi
0;23.2592,38.5035;35012;;Néo Kókkino
97;23.6108,35.5027;73400;;Néo Chorió
0;23.8076,35.4684;73002;;Néo Chorió
556;24.1415,35.4221;73003;;Néo Chorío
10220;26.7049,37.7921;83200;;Néon Karlovásion
0;22.2194,39.2737;43063;;Néon Ikónion
253;21.4030,39.1502;36070;;Néo Argýri
51;20.9517,39.8226;44014;;Dolianí
160;21.2816,39.0419;30017;;Néo Agrídi
1326;20.8356,39.6255;45110;;Neochorópoulo
152;21.6848,39.9872;51200;;Neochóri
7;20.3794,39.8994;44002;;Neochóri
215;20.7106,39.7473;44003;;Neochóri
3271;21.9800,39.6083;24019;;Oichalía
421;20.4371,39.5089;46200;;Neochóri
182;20.0780,39.3943;49080;;Neochóri
580;23.2203,39.3059;37010;;Neochóri
589;21.7321,39.2741;43067;;Neochóri
1372;21.0189,39.0703;47041;;Neochóri
191;22.5189,39.0373;35300;;Neokhórion
0;20.7805,38.9841;48100;;Neochóri
0;23.1568,38.9762;34200;;Neochóri
68;21.8675,38.9613;36081;;Neokhórion
0;21.5621,38.9083;30021;;Neochóri
14;21.9409,38.8662;35017;;Neokhórion
197;22.1989,38.7982;33063;;Neokhórion
36;20.6844,38.7051;31084;;Neokhórion
0;21.8413,38.6882;30025;;Neochóri
0;24.1136,38.4484;34017;;Neochóri
2827;21.2751,38.4085;30001;;Neochórion
0;20.6092,38.3392;28081;;Neochóri
701;26.1133,38.3075;82100;;Neochóri
0;23.1099,38.2984;32002;;Neochóri
0;20.4164,38.2039;28200;;Neochóri
0;21.7910,38.0486;25008;;Neochóri
0;21.6007,38.0122;25015;;Neochóri
1105;21.2039,37.9079;27050;;Neochóri
0;21.5854,37.8127;27064;;Rodiá
63;22.4833,37.6651;22005;;Neokhórion
0;21.8154,37.6760;27066;;Neochóri
0;22.4548,37.5094;22012;;Neochóri
0;21.6575,37.4346;27054;;Neokhórion
0;22.7519,37.3699;22001;;Neochóri
0;22.0685,37.3475;22025;;Neochóri
0;21.9452,37.2220;24002;;Neochóri
0;22.2335,37.1853;23065;;Neochóri
0;21.9180,37.0294;24005;;Neochóri
0;22.2858,36.8455;24024;;Neochori
0;22.4848,36.6906;23066;;Neokhórion
0;25.2077,35.0586;70010;;Neokhórion
105;21.4092,39.2478;43066;;Neochória
118;22.6197,39.1682;37100;;Neokhorákion
157;21.0482,39.1415;47200;;Neochoráki
45;21.9820,38.9336;35017;;Neokhorákion
0;23.3889,38.2956;32200;;Neochoráki
0;21.8148,38.4680;30026;;Neókastro
919;20.8757,39.5872;45110;;Neokaisáreia
37;25.8794,38.5694;82103;;Nenitoúria
903;26.0934,38.2390;82102;;Nénita
0;21.7919,37.7009;27066;;Nemoúta
3853;22.6610,37.8207;20500;;Neméa
0;23.8000,35.4833;73002;;Némbros
68;20.6594,39.8512;44007;;Negrádes
19;20.8473,39.8630;44018;;Negádes
0;24.6500,35.2333;74061;;Néfs Amárion
0;22.2333,37.1432;23065;;Nédousa
0;21.9636,37.4238;22025;;Nédha
3207;22.8200,37.6079;21055;;Néa Tírins
1031;24.2084,38.1793;34015;;Néa Stíra
238;22.8015,38.9192;35013;;Néa Spartiá
0;22.4333,39.6500;41336;;Néa Smírni
73076;23.7142,37.9450;17121;;Néa Smýrni
828;23.5316,39.9466;63085;;Néa Skióni
563;20.7243,39.0828;48061;;Néa Sinópi
0;23.1655,38.9679;34200;;Néa Sinasós
1213;20.2552,39.5246;46100;;Néa Seléfkeia
613;20.7433,39.0889;48061;;Néa Sampsoúnta
0;22.3905,36.4941;23071;;Néasa
0;23.8545,35.3971;73005;;Néa Roúmata
0;26.0880,35.1119;72059;;Néa Praisós
192;21.4154,38.0175;27052;;Neápoli
7235;23.0603,36.5115;23053;;Neápoli
4320;25.6042,35.2563;72400;;Neápoli
100;21.3654,39.4691;42037;;Néa Péfki
7260;23.4235,38.0065;19006;;Néa Péramos
3656;23.7965,38.3194;19015;;Néa Palátia
287;20.8391,39.4152;44009;;Néa Mousiotítsa
0;22.5071,36.7372;23200;;Néa Marathéa
3696;21.3819,38.0538;27052;;Néa Manoláda
152;22.3500,39.0792;35010;;Néa Mákrisi
18114;23.9764,38.0873;19005;;Néa Mákri
0;21.4500,38.9000;30018;;Néa Magnisía
0;22.3142,37.1602;23059;;Néa Liverá
84793;23.7000,38.0333;13123;;Ílion
0;22.4969,39.5361;41500;;Néa Léfki
2196;23.6282,38.4373;34100;;Néa Lámpsakos
0;25.2035,39.8938;81401;;Néa Koútali
234;21.9227,36.8489;24010;;Néa Koróni
2778;22.7434,37.5902;21053;;Néa Kíos
0;22.5482,37.3671;22013;;Néa Chóra
0;24.0000,35.5167;73131;;Néa Khóra
9760;23.7305,38.0271;14343;;Néa Chalkidóna
925;20.8572,39.1572;47042;;Néa Kerasoúnta
33;20.8534,38.9281;30002;;Néa Kamarína
0;21.5276,38.3486;30014;;Néa Kalydóna
67134;23.7573,38.0357;44008;;Néa Ionía
0;21.3849,37.8829;27059;;Ílis
485;26.4407,39.2273;81104;;Néai Kydoníai
0;22.4694,39.5107;41500;;Nées Karyés
0;25.1455,35.3070;71409;;Fortétsa
25734;23.7381,38.0349;14341;;Néa Filadélfeia
18604;23.8222,38.0927;14671;;Néa Erythraía
871;23.1269,37.6765;21054;;Néa Epídavros
751;21.4477,38.6083;30003;;Néa Avórani
10302;23.6330,38.5203;34600;;Néa Artáki
5881;22.8182,39.2801;37400;;Néa Anchiálos
14624;25.1597,35.3389;71601;;Néa Alikarnassós
7070;25.3764,37.1056;84300;;Náxos
14582;22.8069,37.5686;21100;;Náfplio
13415;21.8275,38.3917;30300;;Náfpaktos
0;21.9914,37.8119;25004;;Násia
989;22.4866,39.2429;40300;;Nartháki
282;20.6088,39.2538;48062;;Nárkissos
263;26.2866,39.2700;81102;;Nápi
3134;25.2401,37.1218;84401;;Náousa
0;27.8889,36.2713;85108;;Nánoi
94;22.6239,39.6226;54248;;Niámata
1462;24.1555,35.5388;73200;;Mouzourás
21;21.7832,38.8624;36075;;Mouzílon
2127;21.6636,39.4297;43060;;Mouzáki
0;21.5598,37.7820;27064;;Mouzáki
1702;20.8229,37.7356;29092;;Mouzaki
0;21.7178,37.0957;24600;;Mouzáki
0;20.6511,38.2138;28080;;Mouzakáta
287;20.9499,39.5756;44013;;Mouzakaíoi
207;20.5985,39.2750;48062;;Mouzakaíïka
84;25.5854,37.0786;84302;;Moutsoúna
0;23.6253,35.3218;73012;;Moustákos
700;23.4392,38.3112;32200;;Kallithea - Moustafádhes
0;25.2648,35.1270;70300;;Mousoúta
37;24.9367,37.7533;84500;;Mousiónas
335;20.6073,38.1316;28083;;Mousáta
0;24.7761,35.3542;74054;;Mourtzaná
48;23.9282,39.2117;34002;;Mourterón
0;21.2608,39.0453;30017;;Mourtaíika
5318;24.0125,35.4823;73300;;Mourniés
105;25.5659,35.0269;72056;;Mourniés
0;25.1673,34.9781;70010;;Mourniá
0;24.5186,35.2084;74053;;Mourné
0;23.8000,35.4500;73002;;Mourizianá
40;23.7029,35.4341;73010;;Mourí
0;24.2848,35.3342;74055;;Mouríon
0;24.1221,35.2409;73011;;Mouríon
0;23.3550,38.4242;32200;;Mouríkion
3416;21.9231,38.0514;25000;;Mouríki
0;21.7313,37.2454;24500;;Mouriatáda
714;21.7175,39.4889;42030;;Mouriá
0;22.0192,37.7627;25004;;Mouriá
0;21.7050,37.6518;27066;;Mouriá
0;23.9000,35.4667;73005;;Mourí
1787;23.1645,39.4010;37012;;Mouresi
0;20.1401,39.2355;49082;;Moungelátika
91;24.3672,35.2770;74058;;Moúntros
1316;22.7253,37.9932;20200;;Moúlki
0;23.8000,35.5000;73002;;Moúlete
0;23.8134,35.4565;73002;;Moulamerianá
0;23.6268,35.4560;73400;;Mouladianá
33;20.7094,39.4456;44009;;Moukovína
0;25.3104,35.1869;70006;;Evangelismós
90;21.7656,39.2363;43067;;Moúcha
3398;25.2710,39.8749;81401;;Moúdhros
0;23.7031,35.3332;73004;;Motzianá
0;23.7706,35.4818;73002;;Mothianá
0;22.0324,37.9064;25016;;Drymós
0;22.5585,39.4981;41500;;Moschochóri
822;22.4481,38.8281;35014;;Moskhokhórion
0;21.9933,37.0714;24200;;Moschochóri
215;22.2646,38.9985;35016;;Moskhokariá
45;21.3701,39.4357;42037;;Moschófyto
25441;23.6788,37.9479;18344;;Moskháton
172;22.3381,37.8916;20014;;Mosiá
0;21.6589,38.5164;30008;;Morósklavon
0;24.9163,35.0948;70002;;Morónion
1176;26.5170,39.1325;81100;;Mória
0;25.0858,35.0640;70016;;Moriá
485;21.7500,39.3525;43067;;Morfovoúni
348;20.4833,39.3128;46030;;Mórfi
0;21.4833,38.9667;36071;;Monopólion
0;20.3891,38.2316;28200;;Monopoláta
30;24.4227,35.2954;74058;;Monopári
181;25.4792,36.4131;84700;;Monólithos
181;27.7398,36.1309;85110;;Monólithos
183;21.0195,39.4442;47043;;Monolíthi
0;24.8700,35.0701;70400;;Monókhoron
0;23.2088,38.9245;34200;;Monokaryá
0;24.0761,38.5482;34016;;Monódhrion
129;20.7471,39.8824;44018;;Monodéndri
721;21.6797,38.1723;25002;;Monodhéndrion
0;21.0979,39.3734;47045;;Moní Evangelistrías
216;25.4973,37.0820;84302;;Moní
0;23.8110,35.2848;73009;;Moní
19;23.0558,36.6877;23070;;Monemvasía
17;22.4375,36.4914;23071;;Mountanístika
0;22.3563,38.0800;20009;;Monastíri
0;21.8182,37.2326;24003;;Monastíri
85;21.5835,39.0848;36072;;Monastiráki
62;21.7051,38.9313;36100;;Monastirákion
1299;20.9446,38.8505;30002;;Monastiráki
0;21.9456,38.4070;33056;;Monastiráki
0;20.7264,38.1650;28086;;Monastiráki
0;21.8406,37.7753;22015;;Monastiráki
244;22.7495,37.7052;21200;;Monastirákion
0;21.9577,37.3284;24008;;Monastiráki
0;24.6675,35.2277;74061;;Monastiráki
16;25.8267,35.0804;72055;;Monastiráki
0;22.4486,36.6692;23062;;Monastiráki
255;21.2742,39.9672;51031;;Monachíti
0;22.5110,36.7604;23200;;Monachí Sykiá
0;22.1333,39.4333;43062;;Molósi
213;20.0512,39.4402;49080;;Mólos
1974;22.6454,38.8100;35009;;Mólos
222;21.8719,39.1537;36080;;Molócha
0;21.7513,38.3587;30020;;Molíkrion
3018;22.8513,36.8076;23052;;Moláoi
0;22.5617,36.9847;23054;;Molaḯti
0;20.0583,39.4431;49080;;Alykés
1132;25.4230,35.2634;70005;;Mokhós
0;25.9048,35.1841;72057;;Móchlos
0;21.7420,37.2646;24500;;Mýro
93;21.6593,38.1243;25018;;Moiraíika
6379;24.8733,35.0514;70400;;Moíres
45;21.8542,38.1526;26500;;Moíra
311;22.6718,38.6624;35015;;Módhion
0;23.8788,35.5020;73014;;Módi
0;22.5936,39.5736;40009;;Módestos
0;24.5045,35.2155;74053;;Mixórrouma
0;22.4726,36.6819;23066;;Elaiá
0;21.8008,39.1382;36080;;Mitsaíika
1572;21.8375,39.3393;43067;;Mitrópoli
0;22.9897,36.9768;23068;;Mitrópoli
0;24.9439,35.0549;70012;;Mitrópolis
0;21.6801,38.0594;25018;;Mitópoli
1982;26.9075,37.7272;83101;;Mytilinioí
28322;26.5553,39.1077;81100;;Mytilíni
190;20.9327,39.0712;47041;;Mýtikas
866;20.7064,38.9974;48100;;Mýtikas
759;20.9454,38.6688;30019;;Mýtikas
1808;23.6536,38.4437;34100;;Mytikas
350;25.5740,35.0389;72056;;Mýthoi
1933;26.1764,39.3678;81108;;Míthymna
0;21.7641,37.5034;27056;;Míthi
0;26.1739,35.1542;72300;;Mitáto
217;22.9954,36.2466;80200;;Mitáta
248;20.5602,38.1487;28083;;Mitakáta
0;23.8418,38.5219;34018;;Místros
4238;22.3722,37.0685;23100;;Mystrás
0;21.8783,36.8404;24010;;Mistráki
0;26.4615,39.2116;81100;;Mistegná
0;21.5104,38.0771;25005;;Mýrtos
518;25.5845,35.0041;72056;;Mírtos
0;21.9390,37.0648;24013;;Myrtopotamiá
0;22.1500,36.9775;24016;;Mírton
0;23.3294,38.7934;34005;;Myrtiás
74;24.5330,35.2956;74053;;Mýrthios Sellíou
203;24.4026,35.1994;74000;;Mýrthios
325;26.9314,36.9896;85200;;Myrtiés
0;21.6174,38.5879;30008;;Myrtiá
0;24.1298,38.5326;34009;;Mirtéa
919;21.3492,37.7140;27067;;Myrtiá
0;22.6933,36.8819;23055;;Myrtiá
190;21.7277,37.0239;24600;;Myrsinochóri
192;20.6328,39.1326;48061;;Myrsíni
1213;21.2370,37.9212;27053;;Myrsíni
0;25.2019,37.5830;84200;;Myrsíni
0;25.9472,35.1665;72057;;Myrsíni
175;21.9571,38.2438;25009;;Myróvrysi
979;21.9630,39.4077;43100;;Mýrina
0;21.8186,37.4905;27056;;Mirónia
234;21.3269,39.3682;42033;;Myrófyllo
139;20.8913,39.4654;44013;;Myrodáfni
268;24.3033,35.2548;74058;;Myriokéfala
5406;25.0636,39.8748;81400;;Mýrina
61;21.8248,38.8793;36100;;Miríki
0;21.8158,38.1079;25008;;Mírali
0;21.6541,37.6446;27065;;Miráka
0;22.5458,39.4540;41500;;Mýra
0;23.7888,35.5371;73006;;Minothianá
23;25.5395,35.0602;72056;;Minós
260;20.5026,38.1291;28100;;Miniá
0;21.3658,39.4561;42037;;Mingaíïka
0;20.6000,38.1667;28083;;Minetáta
2331;21.7013,38.1839;25002;;Mindilóglion
86;22.4168,36.5462;23071;;Mína
0;21.0711,39.4133;47043;;Mýlos Papá
0;25.3833,35.0333;70004;;Mílos Kostianoú
819;24.4265,36.7454;84801;;Mílos
0;24.3147,37.6362;84002;;Fléa
86;22.9457,36.2425;80200;;Milopótamos
0;23.9510,35.4657;73005;;Mylonianá
7;21.0464,39.5144;44001;;Mylokopeió
20;20.4067,39.3713;46030;;Milokokiá
62;20.3423,39.4609;46100;;Mýloi
378;22.8046,38.9666;35013;;Míloi
0;23.7392,38.7220;34014;;Mýloi
0;24.4362,38.0329;34001;;Mýloi
610;22.7166,37.5528;21053;;Mýloi
26;21.8842,37.5137;27061;;Míloi
0;21.6922,37.2529;24500;;Mýloi
0;23.6680,35.3878;73010;;Mýloi
27;24.5035,35.3383;74100;;Mýloi
0;26.1101,35.1587;72300;;Mýloi
0;25.2326,35.1302;70300;;Milliarísi
0;25.3953,35.0897;70015;;Milliarádhon
0;21.8392,36.8747;24010;;Milítsa
0;21.8157,37.0707;24015;;Milióti
0;21.8240,36.9508;24014;;Miliotáki
0;21.0306,39.2550;47046;;Milianá
0;23.2217,39.1724;37013;;Milína
425;23.7945,38.2810;19011;;Milésion
640;23.1517,39.3271;37010;;Miléai
0;23.2749,38.9438;34200;;Miliés
0;21.6958,37.7339;27066;;Miliés
396;21.2301,39.8520;44200;;Miliá
68;21.2795,39.5910;35018;;Miliá
129;21.0823,39.4423;47043;;Miliá
0;21.2920,39.3296;42033;;Miliá
0;21.3869,39.0012;30017;;Miléa
33;21.6994,38.8709;36075;;Miléa
0;21.8314,38.5748;25014;;Miliá
54;22.1462,38.4489;33060;;Miliá
0;22.4031,37.6091;22005;;Milea
134;22.3570,36.8341;24023;;Miliá
178;25.5658,35.3084;72054;;Mílatos
0;24.0619,38.3835;34500;;Myláki
0;21.8932,37.2291;24002;;Míla
0;21.7129,38.0078;25015;;Mikroulaíika
0;22.7510,39.2632;37400;;Mikrothíves
235;22.6384,38.0179;20015;;Mikrós Váltos
0;21.9398,38.0685;25000;;Mikrós Pontiás
170;21.0926,39.4233;47043;;Mikrospiliá
0;22.2561,39.4559;43062;;Mikró Vounó
576;23.5928,38.4405;34100;;Mikrón Vathí
20;20.5965,39.7178;44003;;Mikró Soulópoulo
343;22.6573,39.4084;37500;;Mikró Perivoláki
2;21.0898,39.7399;44200;;Mikró Peristéri
20;21.7230,38.8289;36075;;Mikrón Khoríon
0;27.3706,36.4231;85002;;Mikró Chorío
0;22.3381,39.3460;10438;;Mikró Evýdrio
331;20.7861,37.7812;29092;;Agioi Pántes
0;22.1651,39.9447;40200;;Mikró Eleftherochóri
997;22.0324,37.0771;24009;;Mikrománi
77;21.2384,39.9484;51031;;Mikrolívado
12;22.4059,39.7798;40400;;Mavrólithos
21;20.6125,39.5764;44017;;Mikrochóri
578;23.8933,38.2337;19014;;Mikrokhórion
0;21.9359,37.5511;22028;;Mikrokhórion
615;22.1534,36.9861;24016;;Mikrá Mantíneia
73;21.0378,39.6902;44014;;Mikrí Gótista
10704;25.3287,37.4453;84600;;Mykonos
2885;22.7457,37.7195;21200;;Mikínai
0;21.5084,37.9715;27069;;Michói
25;20.5947,38.1651;28083;;Micháta
146;21.0564,39.5522;44001;;Michalítsi
320;20.7473,39.0374;48100;;Michalítsi
0;20.4334,38.1817;28200;;Michalitsáta
0;23.7819,35.3927;73004;;Michalianá
0;21.9067,38.0859;25000;;Michalaíika
356;22.8432,37.6621;21000;;Midéa
4;22.4791,36.4101;23071;;Mianés
252;24.9369,34.9722;70009;;Miamoú
31;22.3920,36.5419;23071;;Mézapos
0;29.5936,36.1489;85111;;Megísti
618;22.3135,38.8830;35016;;Mexiátai
2503;21.1822,39.7694;44200;;Metsovo
0;22.3794,36.6351;23062;;Métopa
0;23.8169,35.4936;73002;;Metókhion Sirilíou
0;24.7667,35.3667;74054;;Metókhion Ayiás
0;24.8833,35.4000;74054;;Metokhi Irisiana
0;21.3821,39.4139;42033;;Metóchi
0;23.2220,39.2081;37006;;Metóchi
0;23.4275,38.7803;34004;;Metóchi
0;23.9530,38.6231;34016;;Metókhion
571;21.3997,38.1255;25005;;Metóchi
0;24.4657,38.0106;34001;;Metóchi
30;22.8257,37.6768;21000;;Metókhion
761;22.9459,37.6079;21052;;Metókhion
36;23.3996,37.4149;18040;;Metóchi
24;23.7597,35.4728;73002;;Metóchi
0;24.1854,35.3886;73007;;Metóchi Getemí
0;24.6833,35.3833;74052;;Metókhia Kámbou
0;23.8750,37.8317;19010;;Mikró Metóchi
0;23.7500,35.5167;73006;;Metóchi
0;23.7833,35.4833;73002;;Metóchi
0;23.7667,35.4000;73002;;Metókhi
0;24.8833,35.2833;74051;;Metóchi
2157;21.7049,36.8197;24006;;Methóni
0;22.1718,37.6360;22010;;Methýdrio
892;23.3902,37.5813;18030;;Méthana
0;23.9500,35.4000;73005;;Methála
0;22.7413,39.7253;40003;;Metaxokhórion
0;25.1425,35.1301;70016;;Metaxokhórion
12;25.5652,35.0695;72056;;Metaxochóri
439;20.5366,38.1227;28083;;Metaxáta
50;21.6429,38.4588;30015;;Metaxás
37;21.4807,39.1870;36070;;Metaxádes
109;21.7464,37.0963;24600;;Metaxáda
574;21.5541,38.5264;30015;;Áyios Andréas
22;23.9020,38.4384;34006;;Metamórfosis
75;23.3500,37.5333;18030;;Metamórfosi Troizínos
0;21.7624,37.0551;24600;;Metamórfosis
0;22.8464,36.8398;23052;;Gkagkaniá
38;22.3160,39.0767;35010;;Metallíon
356;25.9220,38.2606;82102;;Mestá
6773;22.0078,37.0511;24200;;Messíni
29;20.6409,39.9400;44016;;Mesovoúni
186;20.3963,39.4268;46030;;Mesovoúni
72;21.5201,39.3392;43065;;Mesovoúni
0;20.5704,38.4080;28085;;Mesovoúnia
195;21.3332,39.3443;42033;;Mesoúnta
773;26.0036,39.1309;81105;;Mesótopos
0;22.2464,38.0153;25001;;Mesoroúgi
0;22.3618,39.5704;41500;;Mesoráchi
0;22.1610,39.5315;43062;;Mesorrákhi
0;22.5410,37.3707;22013;;Mesorráchi
2786;21.8274,36.9770;24014;;Mesopótamos
503;20.5296,39.2376;48062;;Mesopótamo
377;22.1660,38.9244;35003;;Mesopotamiá
170;21.3395,39.2034;47047;;Mesópyrgos
0;20.9000,38.7833;30012;;Mesopígadhon
227;20.8051,37.8184;29090;;Méson Yerakaríon
0;24.6035,35.2215;74061;;Mesonísia
0;23.7345,35.4831;73002;;Mesonísi
12785;21.4315,38.3714;30200;;Mesolóngi
110;21.7985,38.7194;30025;;Mesokómi
84;21.8290,39.0881;36080;;Mouschiádes
414;22.1043,39.7490;40005;;Mesochóri
64;22.0691,39.0693;43068;;Pappás
80;22.1779,38.8599;35016;;Mesokhórion
0;21.7217,36.8772;24001;;Mesochóri
0;22.4121,36.7794;23061;;Mesochóri
0;23.0795,36.5362;23053;;Mesochóri
0;27.1083,35.6313;85700;;Mesochóri
0;25.2083,35.0145;70010;;Mesokhórion
0;24.2111,38.2497;34015;;Mesochória
0;23.8333,35.3333;73009;;Mesochóri
179;21.3257,39.4735;42037;;Mesochóra
0;23.9565,35.4046;73005;;Mesklá
52;21.4995,39.4174;43065;;Mési Paliokaryá
227;22.3329,37.9073;20014;;Mesinó
0;21.9844,38.4116;33056;;Mesinó Khoríon
0;21.5332,39.0624;36072;;Mesonikólas
0;21.6812,39.5377;25013;;Mesiaká
0;25.1897,37.5769;84200;;Mési
97;25.5534,37.1481;84302;;Mési
48;24.5824,35.3437;74100;;Mési
0;25.3422,35.0481;70004;;Mési
451;21.7588,39.3426;43067;;Mesenikólas
127;25.7126,35.0837;72200;;Meseléroi
55;24.9182,37.7945;84500;;Mésa Vouní
0;23.7879,35.4556;73002;;Mésa Voukoliés
29;23.7339,35.4045;73010;;Mesávlia
63;24.9137,37.8368;84500;;Mesathoúri
244;21.5868,38.4842;30015;;Mesárista
279;24.9090,37.8221;84500;;Mesariá
0;24.9209,37.4222;84100;;Mesariá
16;25.5219,36.8808;84503;;Mesariá
1233;25.4481,36.3989;84700;;Mesariá
24;25.5217,35.2135;72052;;Mésa Potámoi
96;27.8209,36.0110;85109;;Mesanagrós
0;25.9713,35.1580;72057;;Mésa Moulianá
0;25.5129,35.1817;72052;;Mésa Lasíthion
0;25.5200,35.1784;72052;;Mésa Lasithákion
25;22.4666,36.5626;23066;;Mésa Chóra
53;21.9295,38.9205;35017;;Mesaía Kápsi
631;26.4453,39.0363;81106;;Mesagrós
575;23.5169,37.7566;18010;;Mesagrós
168;26.0771,38.2763;82102;;Mésa Didýma
0;26.1196,35.0567;72059;;Mésa Apídi
215;22.6166,38.0635;20400;;Mertikaíika
21;22.0060,38.2434;25100;;Mertídion
484;22.0032,37.2419;24002;;Merópi
0;24.6293,35.2340;74061;;Méronas
0;22.3741,37.5418;22100;;Merkovoúni
356;21.9119,38.9446;35017;;Merkádha
1030;21.8985,39.4636;43070;;Agía Triáda
0;24.3977,37.3871;84006;;Mérichas
81;23.6360,35.4676;73400;;Meráda
163;24.8960,37.8226;84500;;Ménites
0;22.4812,36.7062;23200;;Mentourgiánnika
0;22.1517,37.0622;24020;;Meniná
0;21.9212,38.0394;25000;;Menychtaíika
1858;21.1187,39.0421;30016;;Menídi
85;21.0432,39.2398;47200;;Mégkla
0;27.1680,35.4904;85700;;Menetés
0;20.5142,38.1357;28083;;Menegáta
127;22.4368,38.1186;20009;;Mendouryiánika
0;24.0821,38.6011;34019;;Mendoúlis
0;23.0164,36.5475;23053;;Mentiánika
213;22.6168,38.7504;35009;;Mendenítsa
805;22.7953,39.7501;40003;;Melívoia
0;22.4629,36.8554;23061;;Melitíni
216;22.4516,39.0452;35010;;Melitaía
0;21.1525,39.1947;47048;;Melissovaíika
264;21.1461,39.5088;44001;;Melissourgoí
0;23.7454,35.5221;73006;;Melissourgeío
0;24.7186,35.3343;74052;;Melissourgáki
0;21.9907,37.5893;22007;;Melissópetra
0;24.3913,38.0919;34013;;Melissónas
0;22.4984,39.6311;40009;;Melissochóri
0;22.0311,39.2587;43300;;Melissochóri
0;23.2350,38.2661;32002;;Melissochóri
0;21.5009,39.9764;51031;;Melíssi
832;22.6848,38.0478;20400;;Melíssi
0;22.5932,37.4096;22013;;Melíssi
49;21.2001,39.1668;47048;;Akropotamiá
0;22.0641,38.1843;25100;;Melíssia
22741;23.8333,38.0500;15127;;Melíssia
22;23.5947,35.4024;73012;;Melissiá
0;22.9084,39.3901;38445;;Melissátika
0;22.6446,39.5565;40009;;Mélissa
373;21.9572,39.3313;43100;;Mélissa
0;22.4582,36.8160;23061;;Mélissa
0;21.7101,38.6342;30008;;Melígkova
340;20.8006,39.5211;45110;;Melingoí
0;21.5149,38.4528;30015;;Melikenaíika
0;21.6690,39.5467;25013;;Méligos
1431;21.9667,37.2167;24002;;Meligalás
0;24.7372,35.3783;74052;;Melidhónion
0;24.1153,35.3890;73008;;Melidóni
23;22.9444,38.7422;35006;;Melidhóni
0;25.1108,35.1126;70016;;Melidochóri
0;24.8585,37.8104;84500;;Melída
303;20.7838,39.3616;44009;;Melianá
119;21.3410,39.2693;47047;;Milianá
0;22.6095,39.5647;40009;;Melía
48;20.8395,39.4513;44009;;Meliá
286;21.3311,38.9010;30018;;Malesiáda
0;25.2021,35.1944;70100;;Melésai
190;21.1038,39.2408;47044;;Melátes
7;25.8458,38.5447;82103;;Melaniós
414;25.4381,37.0899;84302;;Mélanes
0;24.6523,35.1266;74056;;Mélambes
0;24.4250,38.0379;34001;;Mekounída
0;24.9123,37.3813;84100;;Mégas Gialós
335;22.6464,38.0052;20015;;Megás Váltos
0;21.9536,38.0690;25000;;Mégas Pontiás
44;21.8011,39.1581;36080;;Mégas Lákkos
63;21.1612,39.2422;47044;;Mégas Kámpos
0;21.6704,38.5954;30008;;Mégas Déntros
912;21.6432,39.6106;25013;;Megárchis
503;21.0697,39.1373;47040;;Megárchi
5;21.6620,39.2621;43069;;Méga Révma
23456;23.3432,37.9947;19100;;Mégara
418;23.0008,38.6825;35200;;Megaplátanos
310;21.0616,39.7214;44014;;Megálo Peristéri
0;22.6784,39.4388;37500;;Méga Monastíri
0;21.0307,39.4404;47043;;Megampéli
287;22.7534,39.7373;40003;;Megalóvryso
25;23.3491,37.5972;21061;;Megálo Potámi
5283;22.1422,37.4011;22200;;Megalópoli
0;22.1261,39.2960;43300;;Ágios Vissários
31;24.4326,37.1404;84005;;Megálon Livádhion
12;24.4472,37.1489;84005;;Megálon Khoríon
0;27.3456,36.4550;85002;;Megálo Chorió
255;20.7939,37.7825;29092;;Galáron
1564;21.8420,39.5598;42100;;Megalochóri
325;26.3674,39.0182;81200;;Megalochóri
260;23.3561,37.5922;18030;;Megalochóri
0;25.4319,36.3760;84701;;Megalochóri
82;21.3098,39.2202;47047;;Megalóchari
770;21.7284,39.5892;25013;;Méga Kefalóvryso
989;22.4751,38.8941;35100;;Megáli Vrísi
0;22.5373,37.2361;23069;;Megáli Vrísi
0;25.0206,35.1349;70003;;Megáli Vrísi
2;21.0404,39.4966;47043;;Megáli Ráchi
78;21.4293,39.1861;36070;;Megáli Pétra
211;22.1644,36.9568;24016;;Megáli Mantíneia
1408;21.3731,38.6463;30027;;Megáli Khóra
283;21.4977,39.7527;42200;;Megáli Kerasiá
215;21.9122,38.9289;35017;;Megáli Kápsi
166;21.0423,39.6836;44014;;Megáli Gótista
0;22.9899,36.5423;23053;;Megáli Spiliá
0;24.1288,35.4635;73003;;Megála Choráfia
2345;21.7880,39.4969;42030;;Megála Kalývia
219;21.7423,38.8269;36075;;Méga Khoríon
125;20.7556,39.7145;45333;;Méga Gardíki
0;22.3393,39.3504;10438;;Mégalo Evýdrio
0;22.0770,39.6903;42031;;Méga Eleftherochóri
185;20.6349,39.1252;48061;;Megadéntro
90;23.2091,38.6081;35001;;Mázion
0;23.0867,38.3609;32001;;Mázi
143;20.9489,39.6730;45221;;Mázia
0;22.1862,37.9423;25007;;Elatófyto
196;20.6078,39.8048;44003;;Mazaráki
0;21.5880,37.8795;27069;;Mazaráki
558;20.3748,39.4180;46030;;Mazarakiá
0;21.4563,38.0550;25005;;Mazaíika
0;23.7698,35.2897;73009;;Máza
0;21.5969,39.2706;43069;;Vlachogiannaíika
37;21.9666,38.2482;25009;;Mágeiras
0;21.6392,37.6696;27065;;Mágeiras
0;22.3046,37.3383;22016;;Mavrogiánnis
0;21.3427,37.9931;27052;;Zisimopoulaíika
0;22.9896,38.4340;32300;;Mavrógeia
20;20.6155,39.9511;44016;;Mavrovoúni
0;22.2700,39.5299;43062;;Mavrovoúni
0;22.5667,36.7333;23200;;Mavrovouni
0;21.6379,38.5800;30008;;Mavrovorós
423;20.2833,39.5409;46100;;Mavroúdi
60;23.8089,38.2677;19011;;Mavrosouvála
50;20.3804,39.9244;44002;;Mavrópoulo
0;23.8557,38.5377;34014;;Mavrópoulon
85;20.5398,39.8574;44004;;Mavronóros
0;21.3874,38.1860;25005;;Paralímni
21;21.9322,39.2642;43100;;Mavronéri
0;22.7819,38.5240;32008;;Mavronéri
1426;21.6938,39.4239;43060;;Mavrommáti
5;21.3941,38.7782;30018;;Mavromíti
0;23.1390,38.3295;32002;;Mavrommáti
0;21.8813,37.3859;24018;;Mavrommátion
0;21.9231,37.1791;24002;;Mavrommátion
0;21.9960,37.0648;24200;;Mavrommáti
0;21.4932,37.7265;27100;;Mavromáti
73;21.7355,39.0644;36071;;Mavrommáta
3;21.8420,39.1439;36080;;Mavrólongos
16;22.6802,39.2294;37100;;Mavrólofos
115;22.2312,38.7286;33063;;Mavrolithári
0;21.2052,39.1167;47048;;Mavrochóri
0;21.6911,37.9298;25015;;Xirochóri
146;21.8805,38.9469;35017;;Mavrílon
0;22.4512,37.3900;22016;;Mavríki
19;22.0611,37.4565;22022;;Mavriá
189;21.8679,39.8378;42035;;Mavréli
120;20.7243,38.0724;28082;;Mavráta
0;24.2958,37.6330;84002;;Mavrampéli
34;22.3834,38.1399;25010;;Mávra Lithária
0;22.0748,39.2667;43300;;Mavrakhádhes
0;21.6524,39.5439;25013;;Matsoukiótika
274;21.1644,39.5674;44001;;Matsoúki
224;21.3342,38.7086;30027;;Matsoúkion
0;20.5707,38.4447;28084;;Matsoukáta
217;21.3682,39.7587;17676;;Matonéri
180;22.3323,37.8200;22017;;Máti
52;21.8882,36.9246;24005;;Mathía
0;25.3647,35.1733;70006;;Mathiá
0;24.2602,35.3436;73007;;Mathés
109;21.9278,37.5301;27061;;Matésion
0;21.8096,37.0928;24015;;Kalógerou Mýlos
0;22.0735,39.3920;43300;;Matarágka
1344;21.4733,38.5236;30011;;Mataránga
259;21.4722,38.0232;25005;;Matarágka
23;23.1149,37.5439;21052;;Mataránga
67;24.7501,34.9925;70200;;Mátala
317;21.8605,39.2110;36080;;Amárantos
0;24.5198,38.0226;34001;;Mastrogiannaíoi
406;21.2782,38.4367;30001;;Mástron
0;21.6665,37.9667;25015;;Mastrantónis
0;24.9500,35.1222;70017;;Mastrakhianá
56;20.1499,39.2216;49082;;Mastorátika
479;27.0760,36.8486;85302;;Mastichári
0;25.1304,35.3248;71305;;Mastambás
0;22.3763,36.6509;23062;;Mastakária
0;22.0865,39.3462;43300;;Mascholoúri
0;21.7996,37.0864;24015;;Margéli
14;21.9330,38.8574;36076;;Mastoraíika
1722;23.2146,38.5682;35005;;Martínon
17;21.5957,39.4179;42032;;Martíni
0;25.3586,35.0751;70015;;Mártha
0;25.2487,37.0442;84401;;Márpissa
41;24.3017,35.2680;74058;;Marouloú
0;23.2418,38.8696;34200;;Maroúli
0;23.6200,35.3975;73012;;Maroulianá
0;22.5331,36.7932;23200;;Maroúlia
533;24.5506,35.3469;74100;;Maroulás
0;26.0816,35.1417;72059;;Maronía
78;25.6582,35.1985;72051;;Marnéllides
3;22.3948,36.6070;23062;;Marmatsoúka
875;26.1086,38.5432;82300;;Mármaro
1972;24.3204,38.0484;34013;;Marmárion
11;22.4751,36.4241;23071;;Marmári
0;22.6010,39.7231;40006;;Marmaríni
0;22.2261,37.3784;22027;;Marmariá
567;27.1490,36.8723;85302;;Marmári
0;23.9626,35.4795;73300;;Marmarás
598;20.7961,39.6551;45333;;Mármara
231;22.1069,38.8035;35003;;Mármara
0;21.2934,38.4157;30001;;Mármara
0;25.2470,37.0513;84401;;Mármara
0;25.4976,35.1872;72052;;Marmakéton
13;21.1012,39.0822;47040;;Marlési
0;20.5589,38.4289;28085;;Markouliáta
0;22.0427,39.4296;43200;;Márkos
0;21.8175,39.3731;43067;;Márkos
0;22.0290,37.5607;22007;;Márkos
2308;23.8248,38.2898;19011;;Markópoulo Oropoú
254;20.7342,38.0818;28082;;Markópoulo
9513;23.9333,37.8833;19003;;Markópoulo
0;21.3265,37.8964;27057;;Markópoulon
122;21.0692,39.2233;47200;;Markiniáda
0;20.5500,38.3167;28081;;Marketáta
23;21.4674,39.2857;43066;;Aetochóri
69;20.9317,39.3157;47046;;Markátes
0;23.5853,38.7037;34004;;Markátes
0;20.5583,38.3075;28081;;Markáta
0;20.5518,38.4599;28084;;Markantonáta
303;24.4171,35.2005;74060;;Marioú
0;22.8277,37.0326;22020;;Marí
0;22.4712,38.6574;33057;;Marioláta
0;24.8118,35.3002;74054;;Marinianá
0;21.9123,37.4079;27061;;Marína
0;23.8333,35.5000;73002;;Marianá
296;20.6772,37.8171;29091;;Maríai
1931;20.4389,39.3582;46030;;Margaríti
0;24.6868,35.3400;74052;;Margarítai
0;21.5055,38.0334;25005;;Margalaíika
35;23.6676,35.4694;73400;;Maredianá
191;25.6863,35.1609;72051;;Mardáti
0;24.0553,35.4297;73200;;Maravelianá
0;22.0925,37.4143;22200;;Marathoússa
0;21.4281,39.2746;43066;;Márathos Stefaniádos
111;21.4338,39.2623;43066;;Márathos
73;21.6530,39.0860;36073;;Márathos
0;21.6696,38.5456;30008;;Márathos
9;22.4467,36.4821;23071;;Márathos
0;24.9715,35.3470;71414;;Márathos
877;21.5789,37.0580;24400;;Marathópolis
7170;23.9628,38.1532;19007;;Marathónas
0;23.7748,35.5226;73006;;Marathokefála
2401;26.6896,37.7267;83102;;Marathókampos
0;25.1415,35.2899;71409;;Marathítis
0;25.1960,37.0845;84400;;Maráthi
0;21.6393,38.4963;30008;;Marathiás
0;22.0120,38.3935;33056;;Marathiás
39;21.6511,38.9496;36071;;Marathiá
260;21.3093,37.7964;27200;;Marathiá
20;22.9234,37.5511;21060;;Marathéa
0;22.4883,36.7343;23200;;Marathéa
330;20.6502,38.6285;31082;;Marandokhórion
0;23.7931,35.3041;73009;;Marália
0;21.5775,39.2743;43069;;Mantzouraíïka
217;20.4087,38.1793;28200;;Mantzavináta
0;21.9640,37.2647;24008;;Mantzárion
0;22.3990,37.4101;22016;;Manthyréa
0;23.8571,35.4697;73002;;Manoliópoulo
184;20.8221,39.5209;45110;;Manoliása
1448;21.3481,38.0471;27052;;Manoláda
0;23.0042,36.5611;23053;;Manolariánika
340;22.5118,37.9790;20017;;Mánna
0;24.9480,37.4202;84100;;Mánna
20;22.9805,36.1608;80200;;Manitokhóri
148;21.1883,38.5372;30006;;Mánina Vlizianón
0;23.9908,38.5478;34016;;Maníkia
0;21.2161,39.1342;47048;;Manifavaíika
0;22.2894,37.3640;22027;;Maniátis
0;23.6075,35.2957;73012;;Maniatianá
44;21.7734,37.0769;24600;;Maniáki
0;23.6333,35.2833;73001;;Mangoudhianá
0;21.7093,38.3492;30020;;Magklaraíika
0;20.5518,38.4469;28084;;Mánganos
0;26.1202,37.5600;83301;;Manganítis
0;21.8781,37.1490;24013;;Manganiakó
0;21.5372,38.1380;25200;;Manetaíika
534;22.8256,37.6606;21000;;Mánesis
0;21.8977,37.0855;24013;;Mánesis
0;21.9606,38.0179;25011;;Mánesi
0;21.6745,37.9810;25015;;Manési
0;20.1445,39.2146;49082;;Manesátika
172;20.5619,39.3493;46031;;Mantrótopos
0;21.9378,38.7302;30025;;Mandriní
0;27.8559,36.2887;85108;;Mandrikó
110;21.7498,39.7438;42035;;Kalochóri
682;27.1333,36.6114;85303;;Mandráki
0;24.1524,38.4683;34009;;Mandráki
512;22.2603,39.6154;41334;;Mándra
0;21.6863,38.5892;30008;;Mántra
11327;23.5000,38.0667;19600;;Mándra
0;21.9262,37.3092;24008;;Mándra
0;20.3933,38.2139;28200;;Mantoukáta
2245;23.4797,38.7981;34004;;Mantoúdi
169;20.7805,39.5404;45110;;Manteío
0;22.3667,37.5167;22100;;Mantineia
0;22.1911,38.1504;25003;;Mándiles
338;22.4442,39.1221;35010;;Mandasiá
2070;26.3363,39.3100;81104;;Mantamádos
0;22.2349,37.5124;22100;;Mantaíika
26;20.8215,39.7906;44018;;Manassís
62;20.6100,38.6941;31082;;Manási
43;22.3248,37.3989;22027;;Mánaris
0;21.8948,38.3964;33056;;Managoúli
195;22.1411,38.1526;25003;;Mamousiá
0;21.7949,38.4558;30300;;Páno Mamouláda
0;22.7058,39.2296;37100;;Mamalaíika
0;25.0112,37.6505;84201;;Mamádos
0;21.8603,37.2368;24011;;Málthi
0;21.9798,37.2730;24008;;Málta
100;22.1918,36.9312;24016;;Málta
83;20.4456,39.6275;46033;;Maloúni
42;22.1860,37.3946;22200;;Mallotá
0;22.5200,36.7995;23200;;Μαλλιαρή Συκιά
4343;25.4626,35.2837;70007;;Mália
0;21.7144,37.1728;24500;;Máli
68;21.4544,38.7348;30021;;Malevrós
0;24.0659,38.6312;34019;;Maletiánoi
4200;23.2337,38.6223;35001;;Malesína
0;23.8489,35.5233;73014;;Máleme
0;24.0735,35.4607;73200;;Maláxa
89;23.7206,35.4347;73010;;Maláthyros
0;21.3696,38.8159;30018;;Malataíiko
0;22.2376,38.4571;33053;;Malandríno
498;22.6400,37.7268;21058;;Malandrénion
0;21.8725,38.3952;30300;;Malámata
1097;23.7667,38.4000;34008;;Malakónta
612;21.2840,39.7817;44200;;Malakási
1851;23.8010,38.2379;19011;;Malakása
388;25.5852,35.0803;72056;;Máles
0;25.1085,35.2698;71410;;Maládhes
10;24.7306,37.9361;84501;;Makrotántalo
18;23.7028,35.4506;73010;;Mákronas
202;22.4191,39.0375;35010;;Makrolívadhon
0;20.3478,39.4546;46100;;Vasilikós
0;24.8531,35.3492;74054;;Makriyiánnion
0;25.1641,35.3002;71409;;Makritoíkhos
0;23.9877,35.5071;73131;;Makrýs Toíchos
312;22.1659,37.4115;22200;;Makrýsi
1584;21.6051,37.6096;27055;;Makrísia
0;23.1240,39.4248;37001;;Makryráchi
352;22.1545,39.0873;43063;;Makrirrákhi
0;20.5558,38.3091;28081;;Makriótika
255;21.6153,38.4745;30015;;Makrinoú
30;20.9657,39.8663;44014;;Makríno
694;22.9873,39.4013;37011;;Makrinítsa
0;22.1241,38.4330;33060;;Makriní
0;22.7586,36.8480;23055;;Makrinára
0;21.6837,39.0615;36071;;Makrinágko
0;23.6648,38.6024;34400;;Makrimálli
24;23.3576,37.6217;21061;;Makrílongos
122;25.7179,35.0624;72200;;Makryliá
0;21.4851,39.0733;36072;;Makrýlakkos
1835;22.4833,39.8000;40004;;Makrychóri
1188;21.9658,39.4398;43070;;Makrychóri
0;23.9759,38.5328;34016;;Makrikhórion
878;23.7438,38.6087;34018;;Makrikápa
137;21.0686,39.4072;47043;;Makrýkampos
64;21.4069,39.1808;43066;;Makrýkampos
0;24.0000,35.5167;73131;;Makrí Betíni
307;22.1443,38.9469;35011;;Mákri
0;22.3259,37.4720;22100;;Mákri
0;21.7667,37.1514;24015;;Mákrena
168;20.1766,39.1923;49082;;Makrátika
13500;22.1153,38.9415;35011;;Makrakómi
0;24.9335,35.1078;70017;;Mákrai
385;21.7312,37.5314;27062;;Mákistos
0;21.1940,37.8837;27050;;Máchos
0;23.6979,35.3008;73004;;Machiá
31;20.9924,39.3059;47046;;Kallithéa
54;24.1319,35.4138;73003;;Machairoí
0;21.1500,38.6341;30009;;Machairás
941;20.8102,37.7581;29092;;Makhairádhon
0;25.2713,35.0913;70300;;Machairá
28;22.3076,37.5360;22100;;Maínalo
0;22.5748,39.6115;40009;;Gláfki
792;21.7598,39.4391;42030;;Magoulítsa
128;22.1275,37.6781;22026;;Magoúliana
0;25.4579,35.1598;72052;;Magoulás
0;22.0799,39.8133;40005;;Magoúla
0;21.3620,38.4913;30400;;Magoúla
1063;23.8213,38.4118;34008;;Magoúla
0;21.9526,38.4141;33056;;Magoúla
422;21.2652,38.3944;30001;;Magoúla
4735;23.5211,38.0799;19600;;Magoúla
0;21.5366,37.7270;27064;;Magoúla
0;22.4526,37.4582;22012;;Magoúla
0;21.9612,37.2355;24002;;Magoúla
1566;22.4047,37.0801;23100;;Magoúla
169;24.6064,35.3779;74052;;Magnisía
68;20.1517,39.2100;49082;;Magaziá
295;24.8240,35.1281;74059;;Magarikári
0;21.9625,37.0409;24200;;Mádena
0;24.0727,35.3961;73200;;Madaró
26;20.5911,39.5481;46200;;Lozaná
325;21.8149,39.4020;43067;;Loxáda
0;21.7384,37.6449;27066;;Loúvro
0;23.0799,38.5541;32300;;Loútsion
0;21.0894,39.3322;47046;;Loútsa
388;20.5316,39.1981;48062;;Loútsa
0;23.8036,38.5849;34014;;Loútsa
21924;23.9968,37.9673;19016;;Artémida
34;23.9699,37.7585;19001;;Fériza
85;21.0380,39.0710;47041;;Loutrótopos
2772;26.4856,39.1802;81100;;Loutrópoli Thermís
0;22.0459,39.1172;43068;;Loutropigí
841;21.9337,39.9670;40001;;Loutró
256;22.2101,39.5454;43062;;Loutró
0;22.0174,39.2204;43063;;Loutró
1002;21.2049,38.9521;30500;;Loutró
81;22.0009,37.2617;24002;;Loutró
56;24.0786,35.2000;73011;;Loutro
0;21.4000,39.2503;43066;;Loutrá Vragkianón
0;21.7693,38.5192;30026;;Loutrá Stáchtis
0;22.0142,39.1308;43068;;Loutrá Smokóvou
7;22.1004,38.9708;35011;;Loutrá Platistómou
0;23.6140,39.1683;37002;;Loutráki
0;21.0717,38.8697;30500;;Loutráki
11564;22.9778,37.9783;20300;;Loutráki
0;23.8692,35.4902;73014;;Loutráki
0;24.9908,35.2533;70001;;Loutrákion
0;25.4140,35.0581;70004;;Loutrákion
0;25.5396,35.0171;72056;;Loutráki
0;21.1115,37.8571;27050;;Loutrá Kyllínis
403;22.2763,38.8926;35016;;Loutrá Ipátis
2560;23.0474,38.8569;34300;;Loutrá Aidhipsoú
1116;26.5448,39.0570;81111;;Loutrá
0;21.8899,37.6320;22028;;Loutrá
24;25.1607,37.5857;84200;;Loutrá
0;24.4251,37.4419;84006;;Loutrá
278;24.5868,35.3546;74100;;Loútra
0;23.2703,38.2766;32200;;Loutoúfi
0;22.1206,37.9678;25001;;Lousikó
519;21.5946,38.1084;25018;;Lousiká
127;23.6286,35.4577;73400;;Lousakiés
3987;20.7561,39.1660;48061;;Loúros
0;23.7500,35.4500;73002;;Lourdhianá
147;20.6339,38.1159;28083;;Lourdata
8;23.0045,36.1721;80200;;Lourandiánika
0;25.0630,35.0464;70016;;Loúrai
0;21.4599,38.1231;25005;;Gkoutsoulaíika
0;21.4154,39.3273;43065;;Pigí
52;25.7125,35.3125;72053;;Loúmas
0;24.0276,35.4366;73300;;Loúlos
1161;23.4480,38.4795;34100;;Loukísia
0;23.7833,35.4000;73002;;Loukianá
0;23.7872,35.3287;73004;;Lakianá
0;25.0188,34.9886;70016;;Loúkia
0;22.4068,39.3859;10438;;Kremastí
3;23.6220,35.3649;73012;;Loúchi
46;20.7269,37.7929;29090;;Loúkha
0;20.4153,38.2289;28200;;Loukeráta
0;20.5502,38.3218;28081;;Loukáta
0;21.6178,37.8084;27064;;Loukás
0;22.4605,37.5650;22005;;Loukás
196;23.2370,37.4570;21051;;Loukaḯtion
14;22.4698,36.6340;23066;;Loukádika
0;23.0143,36.6359;23070;;Lotzá
0;21.8778,37.6208;22028;;Lótis
381;21.8371,39.5296;43061;;Lóngos
62;20.1614,39.2257;49082;;Longós
243;22.9136,38.7643;35006;;Longós
0;21.8981,38.4002;33056;;Lóngos
659;22.0215,38.2947;25009;;Lóngos
0;21.7740,37.5239;27062;;Longón
48;22.5644,38.9859;35300;;Longítsion
20;21.7558,39.0581;36081;;Longiés
148;21.5671,39.4446;42032;;Longiés
0;22.3441,37.1148;23059;;Longástra
0;21.2153,39.3048;47045;;Longás
0;22.9365,37.0697;22300;;Longári
404;22.2505,37.2310;23065;;Logkaníkos
295;21.7786,39.5775;42100;;Longáki
859;20.9391,39.6594;45221;;Longádes
247;21.9044,39.8036;40005;;Longá
983;21.9067,36.8688;24010;;Longá
0;24.7849,35.1562;74059;;Lokhriá
0;24.0473,38.5644;34016;;Lókas
83;23.8975,38.3985;34006;;Koukáki
0;21.5536,38.0945;25200;;Logothétis
153;22.9604,36.2881;80200;;Logothetiánika
0;21.2730,39.3613;42033;;Logaroú
0;20.5696,38.3208;28081;;Logaráta
0;22.3270,39.3478;10438;;Lófos
0;22.1934,38.1314;25003;;Lófos
29;20.7198,39.6587;45333;;Lofískos
0;22.6556,39.5467;40009;;Lofískos
0;24.1139,38.4838;34009;;Lofískos
0;23.9698,35.4832;73300;;Lygidés
0;21.7245,38.1488;25002;;Lygiés
184;20.5678,39.1534;48062;;Lygiá
0;21.8333,38.4833;30026;;Liyiá
320;22.4468,38.1307;20009;;Liyiá
741;21.1546,37.8599;27050;;Lygiá
0;22.4573,36.7824;23061;;Lygeréas
6989;20.4371,38.2013;28200;;Lixoúri
73;20.7089,39.4718;44009;;Ágios Andréas
0;20.6045,38.2441;28080;;Livathináta
150;21.9032,37.9287;25012;;Livártzi
0;21.9112,37.9250;25012;;Livartzinó
4;24.0585,35.2055;73011;;Livanianá
2333;23.0503,38.7110;35007;;Livanátes
0;25.1992,39.9095;81401;;Livadhokhórion
72;21.4097,39.4640;42037;;Livadochóri
0;21.0724,39.3862;47046;;Livádi
0;20.4232,38.2574;28200;;Livádi
605;24.5147,37.1460;84005;;Livádion
0;24.9397,36.6009;84011;;Livádi
77;22.9918,36.1817;80200;;Livádhion
172;24.9284,37.8236;84500;;Livádia
0;27.3850,36.4152;85002;;Livádia
0;24.8080,35.3066;74054;;Livádhia
0;23.6519,35.2959;73001;;Livádi
0;23.8241,35.2753;73009;;Livadás
66;20.4295,39.3105;48060;;Livadári
0;21.9160,38.7238;30025;;Livadhákion
0;21.8275,37.6391;27062;;Livadhákion
0;21.8126,37.5305;27062;;Livadáki
0;21.9159,36.7822;24004;;Livadákia
0;23.8333,35.3333;73009;;Livadháki
0;24.8561,35.3108;74051;;Livádha
0;23.7834,35.2996;73009;;Liváda
0;24.2194,35.4026;73008;;Litsárdha
66;21.9967,38.9732;35017;;Litóselon
55;21.5877,38.5056;30015;;Ákrai
0;22.4630,37.4755;22012;;Lithovoúnia
0;22.3149,38.1235;25006;;Lithópetra
295;21.5056,39.1384;36070;;Lithochóri
397;26.0004,38.3314;82102;;Lithí
72;20.6058,39.7677;44003;;Líthino
322;26.0463,35.0750;72059;;Lithínes
0;21.8986,37.6261;22028;;Litharós
1307;20.8301,37.7193;29092;;Lithakiá
75;21.2747,39.2855;47047;;Litési
408;26.2187,39.1052;81300;;Lisvório
0;24.8143,34.9990;70009;;Lístaros
223;20.4631,39.7442;46033;;Lísta
25;21.9316,37.6543;22028;;Lissaréa
335;21.3378,38.5455;30003;;Lisimákhia
1450;22.5516,37.7048;21058;;Lyrkeía
16;23.7350,35.4953;73006;;Lyridianá
0;23.3293,39.1925;37013;;Lýri
104;22.9664,36.6429;23070;;Lirá
0;26.7667,37.2833;85001;;Leipsoí
39;20.7466,39.4715;44009;;Líppa
43;25.9665,39.2687;81103;;Lygerí
184;21.8391,39.6728;42035;;Liópraso
0;21.8560,37.6330;22028;;Liodhóra
110;21.8573,37.4468;27061;;Linístaina
76;20.7351,39.6094;45110;;Lýngos
92;20.8899,39.6900;45444;;Ligkiádes
0;24.0500,35.5167;73133;;Lindarianá
0;24.5378,38.8424;34007;;Linariá
0;21.6837,37.6477;27065;;Linariá
29;25.9300,38.4713;82103;;Limniá
6;22.5141,38.9502;35100;;Limogárdhion
1213;21.4805,38.1412;25005;;Limnokhórion
0;21.9799,38.5247;33061;;Limnítsa
0;23.7524,38.7118;34014;;Limniónas
7;23.9404,38.2864;46032;;Limniónas
99;20.5386,39.9151;44012;;Límni
0;21.0433,39.7558;44014;;Límni
2072;23.3167,38.7667;34005;;Límni
157;22.2765,37.7820;22017;;Límni
0;23.8310,35.4711;73002;;Límni
90;23.6335,35.3735;73012;;Límni
734;22.8802,37.7141;21000;;Límnes
359;25.6386,35.2476;72400;;Límnes
10526;24.0031,37.8911;19003;;Limín Mesoyaías
2968;25.3927,35.3230;70014;;Limín Khersonísou
0;23.0837,36.7869;23068;;Limáni Gérakas
317;21.0403,39.1155;47040;;Limíni
239;21.5373,39.0682;36072;;Liméri
11;22.3784,36.6794;23062;;Liménion
128;23.3409,37.6799;21061;;Limenária
0;22.2707,36.9126;24022;;Zacharía
2;26.3587,39.3465;81104;;Limánion
0;25.3303,35.1845;70006;;Lilianón
0;21.6822,39.5280;25013;;Lilí
0;22.4968,38.6344;33051;;Lilaía
9705;23.7822,38.0693;14123;;Lykóvrysi
0;22.2141,37.8605;22017;;Lykoúria
0;21.9875,37.6432;22028;;Lykoúresis
0;22.1162,39.9688;40200;;Lykoúdi
0;21.7823,37.1746;24015;;Lykoudési
388;20.8170,39.7261;45333;;Agía Marína
0;21.9544,37.0498;24200;;Lykótrafos
0;24.2481,35.3922;73007;;Likotinaréa
0;21.6145,38.5743;30008;;Lykostómio
11;20.6944,39.6287;45110;;Lykostáni
0;22.0145,37.3921;22025;;Lykósoura
638;22.5070,38.1275;20012;;Likoporiá
42;22.1665,37.4963;22024;;Lykóchia
0;21.1015,39.2906;47044;;Lykofoúski
50;21.8712,36.9120;24010;;Lýkissa
142;22.1990,38.8643;35016;;Likhnón
0;25.2660,39.9162;81401;;Líkhna
181;22.8649,38.8489;35006;;Licháda
36;22.0024,37.4146;22025;;Lýkaio
2500;23.0377,37.6123;21052;;Ligourión
0;25.1763,35.0743;70010;;Ligórtynos
130;20.6641,39.8082;44007;;Ligopsá
580;21.6839,39.4945;42032;;Lygariá
403;22.3547,38.9388;35100;;Ligariá
840;22.1997,38.5239;33053;;Lidoríki
0;21.9686,38.2756;25009;;Lidoríki
59;20.3940,39.6993;46033;;Kryonéri
245;21.0990,39.7775;44200;;Mýloi
0;24.9167,37.3833;84100;;Liaropá
37;22.6567,38.7677;35009;;Áyios Charálampos
0;21.8246,39.1461;36080;;Liapaíika
0;22.3023,37.3717;22027;;Lianós
1085;22.3034,38.9166;35016;;Lianokládhion
11;22.9607,36.2832;80200;;Lianiánika
44;21.4398,38.6756;30027;;Liangaíika
0;22.4486,36.9183;23054;;Liandína
0;22.4553,36.9534;23054;;Liakaíika
163;20.4081,39.7594;46033;;Liá
0;22.2691,36.8489;24024;;Léfktro
0;23.1815,38.2540;32002;;Léfktra
283;24.4440,35.1784;74060;;Lefkógeia
0;21.5658,38.1157;25200;;Léfkos
0;21.6221,38.6125;30008;;Levkón
123;22.7700,38.6001;35004;;Levkokhóri
494;21.2724,37.8717;27300;;Lefkochóri
96;21.9778,37.6930;22008;;Lefkochóri
0;25.2495,35.1129;70300;;Lefkochóri
0;21.9346,37.0531;24013;;Lefkochóra
0;22.5122,36.9775;23054;;Levkókhoma
5647;20.0709,39.4234;49080;;Lefkímmi
0;22.3879,36.6264;23062;;Lefkiás
0;22.1824,39.8029;40010;;Léfki
0;20.6494,38.4166;28301;;Léfki
0;22.0812,37.9387;25007;;Léfki
0;21.6652,37.0444;24400;;Léfki
0;22.4556,37.0168;23054;;Levkí
0;22.1145,37.8638;25007;;Lefkási
8673;20.7044,38.8304;31100;;Lefkáda
0;23.6745,38.4112;34100;;Levkandíon
934;22.8607,37.5599;21060;;Lefkákia
0;25.2090,37.0586;84400;;Lefkes
0;22.1980,38.6096;33053;;Lefkadíti
147;22.3509,39.1050;35010;;Lévka
394;21.9965,38.9092;35017;;Levkás
0;21.9673,38.7296;33059;;Léfka
152;21.3796,38.5863;30100;;Lévka
0;22.1907,38.4935;33053;;Léfka
0;21.7271,38.2062;26333;;Léfka
0;22.8978,37.8634;20007;;Lévka
1025;22.2959,37.6827;22002;;Levídion
161;21.3278,37.6880;27067;;Leventochóri
21492;22.8767,38.4362;32100;;Livadeiá
0;21.3115,37.7879;27200;;Lestenítika
500;21.6112,39.4928;42032;;Filýra
29;21.0408,39.6683;44014;;Leroúsko
34;25.9503,38.5720;82103;;Leptópoda
32;20.9126,39.8236;44014;;Leptokaryá
183;20.5141,39.6662;44017;;Leptokaryá
0;21.7630,39.5744;25013;;Leptokaryá
9;21.3712,39.4314;42037;;Leptokaryá
0;21.8723,38.5537;30026;;Leptokaryá
29;22.1788,37.1897;23065;;Leptíni
0;22.2582,36.9162;24022;;Leptíni
362;21.7192,37.4367;27056;;Lépreon
0;24.1061,38.4057;34017;;Lépoura
0;26.8612,37.1148;85401;;Lepída
162;21.0900,39.4161;47043;;Lepianá
86;21.4758,39.1246;36070;;Lepianá
2090;21.2897,38.7084;30009;;Lepenoú
0;20.4391,38.1797;28200;;Lépedha
21;20.7808,39.4378;44009;;Lepádi
3020;22.8577,37.1668;22300;;Leonídio
126;21.5344,39.2654;43069;;Leontíto
477;21.9330,38.1190;25000;;Leóntio
271;22.5948,37.7972;20500;;Leóndio
0;22.1323,39.1823;43063;;Leondárion
0;23.1591,38.3029;32002;;Leontári
5929;23.8552,37.9870;15354;;Leondárion
227;22.1449,37.3215;22021;;Leontári
11;22.4332,36.4961;23071;;Leontákis
0;24.4842,38.1116;34001;;Lenosaíoi
7;21.3772,38.7936;30018;;Lendíni
0;24.9234,34.9304;70009;;Léntas
0;23.8347,35.4519;73002;;Axemianá
0;22.4728,36.8469;23061;;Lemoniá
0;21.9297,37.9519;25012;;Lechoúri
2672;22.8500,37.9328;20011;;Lékhaio
3714;21.2667,37.9333;27053;;Lechainá
0;20.5535,38.3329;28081;;Lekatsáta
0;22.6807,36.8266;23051;;Leímonas
289;23.9952,37.6645;19500;;Legrená
0;23.1818,39.2514;37006;;Lefókastro
531;21.7379,39.4624;42030;;Lazarína
9;23.5049,37.7213;18010;;Lazáridhes
0;24.9442,37.4299;84100;;Lazaréta
526;20.6676,38.7777;31080;;Lazaráta
67;20.9554,39.5181;44013;;Lázaina
0;22.5773,36.8276;23057;;Lágio
55;22.4795,36.4836;23071;;Lágia
7078;24.0565,37.7144;19500;;Lávrio
0;20.5558,38.4197;28085;;Lavonikés
0;23.2455,39.1771;37013;;Láfkos
362;22.3901,37.8342;20016;;Lávka
19;20.5156,39.8122;44004;;Lávdani
0;21.5602,37.7088;27060;;Latzói
17;23.6972,35.4373;73010;;Latzianá
0;21.8385,38.1508;26500;;Latsaíika
0;23.0262,36.5738;23053;;Latomeío
0;20.6036,38.2497;28080;;Latavináta
0;24.0619,38.4239;34500;;Látas
0;21.5460,37.8774;27069;;Látas
0;21.4398,38.7831;30021;;Láta
0;25.8994,35.1402;72057;;Lástros
689;21.4070,37.6925;27100;;Lastaíika
12;22.1428,37.7052;22026;;Lásta
0;22.2411,39.3850;43062;;Léfki
0;21.8138,39.3887;43067;;Lygariés
146926;22.4211,39.6285;41223;;Lárisa
1201;23.2848,38.5656;35012;;Lárimna
0;25.0659,35.1069;70003;;Laráni
25;25.9443,35.0886;72055;;Lápithos
0;21.9832,38.0413;25011;;Lápata
1377;21.4186,38.0975;25005;;Lápas
12;21.9717,38.1118;25000;;Lapanagoí
0;21.8097,37.1767;24015;;Lantzounáto
0;21.5181,37.7070;27060;;Lánthi
18;20.8519,39.4637;44009;;Lagkiótissa
176;21.4565,39.3614;43065;;Lagkádi
183;21.8241,39.6547;42100;;Lagkadiá
48;21.0607,39.3265;47046;;Lagkádia
490;22.0300,37.6819;22003;;Langádhia
357;20.8046,37.7734;29092;;Langadhákia
46;22.4503,38.0562;20009;;Langadhaíika
64;21.3616,39.2690;47047;;Lagkáda
117;21.1424,39.0626;30016;;Lagkáda
760;26.1243,38.4783;82300;;Lagkáda
0;26.0205,37.5520;83301;;Lagkáda
0;22.3290,37.3636;22016;;Lagkáda
0;22.3408,36.7794;24023;;Langádha
0;22.4627,36.6967;23062;;Lagkáda
0;26.2471,35.1607;72300;;Langádha
0;24.6765,35.3438;74052;;Lagká
0;26.1694,35.0784;72059;;Lamnóni
100;24.9133,37.8315;84500;;Lámyra
52006;22.4335,38.8995;35100;;Lamía
0;24.7305,35.3971;74052;;Lamerianá
0;21.2659,39.0690;30017;;Lampraíika
0;21.5284,38.0960;25005;;Lambraíika
0;21.5277,38.0968;25005;;Lampraíika
0;26.4042,39.1443;81101;;Lámpou Mýloi
0;22.9693,36.8965;23068;;Lampókampos
0;21.3339,39.2248;47047;;Lampíri
103;21.6058,38.7028;36074;;Lambírion
0;21.9888,38.3109;25009;;Lambírion
0;24.6865,35.2152;74062;;Lambiótai
0;23.2068,39.3533;37012;;Lampinoú
0;24.5102,35.2263;74053;;Lampiní
393;21.8077,37.8583;27063;;Lámpeia
0;21.4599,37.6890;27100;;Lampéti
0;21.7915,38.2779;26443;;Magoúla
0;21.9669,37.1479;24013;;Lámpaina
0;23.9045,38.6501;34014;;Lámari
0;23.8333,35.3500;73009;;Lamaidhianá
0;24.8734,35.1098;70002;;Laloumás
540;22.7845,37.6279;21055;;Láloukas
372;22.6745,38.0128;20015;;Laliótis
0;21.7626,38.0790;25008;;Lalióti
0;24.4077,38.0490;34001;;Lálas
1168;21.7212,37.7094;27066;;Lálas
0;20.6695,38.4867;28301;;Lákkos
0;22.2572,36.8923;24022;;Lákkos
40;22.4053,36.5560;23071;;Lákkos
758;21.4561,38.1718;25005;;Lakkopetra
61;21.8652,38.0307;25008;;Lakkómata
0;21.8517,38.4865;30026;;Lakkomantaíika
0;23.9418,35.3963;73005;;Lákkoi
0;24.1527,35.2507;73013;;Lákkoi
2093;26.8524,37.1334;85400;;Lakkí
46;20.3095,39.4978;46100;;Lákka
116;20.1364,39.2342;49082;;Lákka
0;21.1711,39.1728;47048;;Lákka
147;21.9860,38.2389;25009;;Lákka
0;22.0772,38.1951;25100;;Lákka
341;20.5181,38.1256;28083;;Lakíthra
0;20.6513,38.4599;28301;;Lachós
0;23.0813,36.4979;23053;;Láchi
0;27.8518,35.9668;85109;;Lachaniá
0;21.8134,36.8218;24006;;Lachanáda
60;20.9550,39.9728;44010;;Láista
716;22.0960,37.0617;24020;;Laíika
0;22.0600,37.9672;25011;;Lagovoúni
0;25.2973,35.0675;70015;;Lagoúta
8;22.3645,36.5044;23071;;Lagoudiés
0;21.2764,39.0697;30017;;Lagoú
0;25.4706,35.1995;72052;;Lagoú
0;25.3354,35.2517;70006;;Lagós
483;20.8117,37.7532;29092;;Lagópodhon
54;24.7925,35.1056;74059;;Lagolío
48;22.3990,36.6546;23062;;Lagokoílion
0;21.5576,37.8317;27069;;Laganás
0;22.9188,38.4313;32100;;Lafístion
154;26.1779,39.3026;81109;;Lafiónas
80;21.2579,39.4449;42037;;Lafína
0;27.9374,36.1548;85108;;Láerma
297;20.2638,39.4900;46100;;Ladochóri
299;22.2288,38.8998;35016;;Ladhikoú
0;21.6617,38.6989;36074;;Ladhikoú
0;21.5827,37.6045;27055;;Ladhikón
0;22.2157,37.0833;24020;;Ladás
413;21.0717,39.5094;44001;;Ktistádes
246;20.3976,39.8992;44002;;Ktísmata
0;22.0962,39.1197;43063;;Ktimeni
0;25.1560,37.5651;84200;;Ktikádos
476;25.6593,35.1389;72051;;Kroústas
2564;24.9829,35.2306;70001;;Krousón
0;21.6166,37.5760;27055;;Krounoí
0;24.9555,34.9610;70009;;Krótos
0;21.9293,37.1950;24002;;Krontirés
499;22.7509,39.2050;37100;;Krókion
0;22.0599,38.5499;33061;;Krokylí
2138;22.5468,36.8830;23057;;Krokeés
163;21.6918,39.8462;42034;;Psíloma
164;21.4521,39.1296;36070;;Itéa
1157;21.8925,39.5757;24019;;Taxiárches
75;21.4693,39.3265;43065;;Kritsári
2630;25.6446,35.1582;72051;;Kritsá
0;27.8315,36.2491;85108;;Kritinía
453;20.0530,39.3934;49080;;Kritiká
0;21.7241,38.0460;25015;;Kritharákia
0;21.7966,38.1452;26500;;Krystallóvrysi
240;20.4627,39.4931;46200;;Krystallopigí
0;22.4491,38.0501;20009;;Kristallopiyí
124;21.2009,39.2557;47044;;Krisélia
0;22.3306,39.9805;40010;;Kryóvrysi
63;20.9478,39.6971;45444;;Kryóvrysi
80;20.3322,39.4843;46100;;Kryóvrysi
210;21.8047,37.9202;27063;;Kryóvrysi
0;22.9746,36.6001;23053;;Kryóvrysi
64;21.1132,39.4542;47043;;Kryopigí
278;21.6657,39.3689;43060;;Kryopigí
343;20.6610,39.1508;48061;;Kryopigí
99;21.5852,38.6325;30010;;Kríon Nerón
0;21.4351,37.8342;27059;;Kryónero
144;21.6576,37.7214;27064;;Kryonéri
0;23.2828,38.9297;34200;;Kryonerítis
129;20.5010,39.8856;44002;;Kryonéri
62;21.0474,39.3595;47046;;Kryonéri
564;21.6884,39.3320;43067;;Kryonéri
0;21.5947,38.3451;30014;;Kryonéri
5318;23.8305,38.1371;14568;;Kryonéri
0;21.9842,38.0175;25011;;Kryonéri
768;22.6364,37.9631;20015;;Krionérion
0;21.9957,37.5419;22007;;Krionérion
0;21.8021,37.4633;27056;;Krionérion
0;21.7954,37.2327;24003;;Kryonéri
0;22.3949,36.9668;23054;;Krionérion
40;22.4112,36.7231;23062;;Kryonéri
0;24.8524,35.3307;74051;;Krionérion
0;26.1634,35.1608;72300;;Krionérion
0;21.9221,38.6474;30025;;Kryonéria
0;21.4989,38.0666;25005;;Krínos
0;22.1693,37.8715;25007;;Krinófyta
443;21.7966,39.5894;42100;;Krinítsa
0;25.2056,39.9573;81401;;Krinís
0;24.0500,38.6333;34019;;Kriniánoi
845;22.0119,39.6150;24019;;Kríni
0;22.3517,39.3866;10438;;Kríni
0;21.7491,38.1846;26332;;Kríni
780;22.7609,37.9659;20002;;Krínes
1312;21.1791,38.9453;30500;;Kríkellos
161;21.8525,38.7960;36076;;Kríkellon
55;20.9096,39.5037;44013;;Kryfovó
0;24.1373,38.3984;34017;;Kriezá
338;21.5525,39.6902;42200;;Krýa Vrýsi
0;21.0989,39.3819;47045;;Krýa Vrýsi
541;21.8737,39.3235;43100;;Krýa Vrýsi
0;23.4652,38.8366;34004;;Krýa Vrýsi
12;22.5662,37.5763;21057;;Kría Vrísi
8;22.2665,37.0095;24016;;Krya Vrysi
0;23.7526,35.4583;73002;;Krýa Vrýsi
0;24.6325,35.1551;74061;;Krýa Vrýsi
0;22.0049,38.6658;33059;;Kriátsi
434;20.8353,39.7201;45333;;Krýa
0;25.4534,35.0378;70004;;Krevvatás
1864;21.6203,37.5919;27055;;Kréstena
307;21.6066,39.0011;36071;;Krénti
0;20.7450,38.0878;28082;;Kremmýdi
0;21.4173,37.9572;27052;;Kremmýdi
0;24.0301,38.5158;34016;;Kremastós
180;22.8746,36.9786;23060;;Kremastí
30;21.4960,38.8770;30021;;Loutrá
0;20.9453,38.7117;22004;;Kravaraíika
0;22.0733,37.9877;25001;;Krastikoí
0;24.7362,35.3450;74052;;Krasoúnas
0;22.0530,37.1854;24007;;Krasopoúla
0;25.4680,35.2342;72052;;Krási
34;21.0308,39.6454;44001;;Krápsi
310;20.7951,39.7445;45333;;Kranoúla
0;22.3189,39.5194;41500;;Krannónas
4006;23.1597,37.3797;21300;;Kranídi
31;21.4131,39.3726;43065;;Perivóli
0;21.5997,39.2658;43069;;Cháris
0;21.2717,37.9862;27053;;Kragkaraíika
1346;21.9708,39.9509;40001;;Kraniá Elassónas
275;22.5637,39.9283;40007;;Kraniá
608;21.2811,39.8971;17676;;Kraniá
94;21.3466,39.6218;35018;;Kraniá
720;21.8345,39.4459;43061;;Kraniá
676;20.7471,39.2467;48300;;Kranéa
0;21.8371,37.4793;27061;;Krána
0;24.8148,35.2989;74054;;Krána
0;22.4044,37.0574;23100;;Polydendron
178;25.3236,35.2853;70014;;Kóxari
0;24.4674,35.2256;74053;;Koxaré
0;21.3921,38.0040;27052;;Kougaíika
44;24.2342,38.1814;34015;;Kouvélles
0;21.2146,39.3579;47045;;Kouvéli
19;22.3189,37.3305;22011;;Kouvélia
0;21.8817,37.3745;24018;;Koúvelas
65;22.7437,38.8729;35009;;Kouvéla
1932;23.9672,37.8271;19001;;Kouvarás
56;20.4198,38.2424;28200;;Kouvaláta
25;23.8355,35.2780;73009;;Koustogérako
0;21.8707,38.5221;30026;;Koutsouyiannaíika
775;25.9473,35.0334;72055;;Koutsourás
566;25.8294,35.0149;72200;;Koutsounári
0;21.7967,38.0646;25008;;Koutsounaíika
3254;22.7136,37.6843;21200;;Koutsopódi
12;21.7776,39.2113;36073;;Koutsopapoúlo
100;22.6930,37.8143;20500;;Koutsomódi
42;23.6827,35.4054;73010;;Koutsomatádos
327;22.2333,39.6083;41334;;Koutsóchero
0;21.5695,38.4156;30014;;Koutsochéri
0;21.5284,37.7921;27069;;Koutsochéra
0;20.1600,39.2198;49082;;Koútsi
155;22.6681,37.8510;20500;;Koútsi
1118;20.9120,39.5881;45110;;Koutselió
0;22.2796,37.3600;22027;;Dáfni
8;23.1639,37.5515;21059;;Koutroumbaíika
0;20.7721,38.0912;28082;;Koutroukóis
0;22.4926,37.3591;22013;;Koútroufa
8;22.3996,36.5632;23071;;Koutréla
0;21.6694,37.4425;27054;;Koútra
54;20.6319,39.7561;44003;;Sakellarikó
0;23.9361,38.6402;34014;;Koútourla
0;22.5047,36.7972;23061;;Sýnora
0;24.1089,38.3806;34017;;Koutoumoulás
357;25.3930,35.3064;70014;;Koutouloufári
0;25.0872,35.0982;70016;;Koutoú
0;21.8324,37.1078;24015;;Koutífaris
0;22.0186,38.0074;25011;;Koúteli
23;24.4554,37.1383;84005;;Koutalás
47;22.1054,37.0776;24020;;Koutalá
0;24.0101,38.4521;34500;;Koustoumálou
11;21.6278,39.2263;43069;;Koustésa
881;26.1340,39.2924;81109;;Skoutáros
19;22.9513,36.2908;80200;;Kousounári
0;24.8316,35.0190;70009;;Kousés
0;22.0536,39.5062;43200;;Metamórfosi
23;23.6878,35.4758;73400;;Kourthianá
554;21.3198,37.9778;27053;;Kourtési
33;21.5566,38.4974;30015;;Kourtelaíika
0;21.9642,37.0771;24013;;Koúrtali
296;22.7715,37.6411;21055;;Kourtáki
0;21.8271,37.0444;24014;;Kourtáki
0;24.9039,35.1105;70002;;Koúrtai
0;24.7399,35.1883;74062;;Kouroútes
0;24.9500,37.4167;84100;;Kouroúpi
19;22.0363,37.4528;22022;;Kourouniós
48;25.9140,38.5676;82103;;Kouroúnia
45;25.6360,35.2781;72400;;Kouroúnes
0;20.4757,38.2427;28200;;Kouroukláta
0;22.3452,38.0965;25010;;Koúros
98;22.2209,38.9989;35011;;Trílofon
12;20.5239,39.7402;44017;;Kournorráchi
0;24.2989,35.3139;74055;;Kournás
0;21.6636,38.4778;30008;;Kourméki
0;23.3401,38.8338;34010;;Kourkouloí
0;21.3382,37.9770;27052;;Kourialéika
113;20.6116,39.6522;44017;;Koúrenta
0;22.3734,37.2072;23064;;Koureménos
96;20.4661,39.7541;46033;;Kouremádi
33;24.9023,37.8032;84500;;Kouréli
231;21.2005,39.3845;47045;;Korakáda
0;21.9696,38.4251;33056;;Kouplaíoi
0;22.9027,36.8705;23060;;Koupiá
0;22.0317,38.5404;33061;;Koupáki
0;21.6188,37.1670;24300;;Kountrí
75;23.3746,37.6326;21061;;Kounoupítsa
39;23.6531,35.4802;73400;;Kounoupítsa
0;24.0757,35.5348;73133;;Kounoupidianá
0;22.8139,37.0566;22020;;Kounoupiá
0;21.3502,38.1022;27052;;Kounoupéli
32;22.3717,36.4991;23071;;Koúnos
320;22.0195,38.1954;25100;;Kouniná
0;26.0360,37.5839;83301;;Kouniádoi
44;23.5951,35.3585;73012;;Váthi
0;21.6306,38.0952;25018;;Kounelaíika
0;22.9782,36.5683;23053;;Kountouriánika
0;25.1852,35.2385;70100;;Kounávoi
0;21.9090,38.1386;25000;;Kounavaíika
21;25.5906,35.3083;72054;;Kounáli
0;22.3943,36.7125;23062;;Koumoutsiánnika
84;21.7056,37.5303;27054;;Artemidha
0;22.4071,36.9462;23054;;Koumoustá
0;22.1511,36.9817;24016;;Koumoundhoúros
0;23.7623,35.5344;73006;;Koumoúli
172;24.4407,35.2731;74058;;Koúmoi
48;21.5058,39.2800;43066;;Koumpourianá
0;24.0333,35.5000;73134;;Koumbés
0;21.7557,37.9305;25015;;Koumpéri
0;25.1712,37.5832;84200;;Koumáros
0;21.8017,37.0357;24014;;Koúmaro
43;22.3752,38.7719;33057;;Koumarítsion
0;22.4265,36.6719;23062;;Koumarítsa
0;22.0364,38.2275;25100;;Koúmaris
0;21.8192,38.0412;25008;;Koúmani
24;24.7381,37.9053;84501;;Koumári
0;24.1294,35.5647;73133;;Koumariés
21;21.8879,39.7277;42035;;Koumariá
95;20.6780,39.5457;45110;;Koumariá
0;23.7808,35.4698;73002;;Koumarés
529;21.7538,37.7907;27063;;Koúmani
0;22.3383,36.7836;24023;;Somatiana
323;26.7482,37.7097;83104;;Koumaíïka
0;23.2560,38.8584;34005;;Koúlouros
250;22.4404,39.7038;40011;;Kouloúri
0;23.8296,35.3427;73009;;Koulouridianá
0;21.6783,38.5652;30008;;Kouloúria
0;20.6636,38.2000;28080;;Koulouráta
0;22.9946,36.8505;23068;;Koulouraíika
159;22.6888,39.9319;61001;;Kouloúra
0;22.0848,38.2405;25100;;Kouloúra
17;22.3993,36.5692;23066;;Kouloúmion
0;22.5020,36.7474;23200;;Kouloúka
0;23.8052,35.4798;73002;;Koulkouthianá
0;21.7822,37.1544;24015;;Koulkáda
0;21.0292,38.8769;30500;;Pétra
0;23.2986,39.2405;37006;;Koulouraíika
29891;23.7636,38.0658;14452;;Metamórfosi
0;23.8500,35.3667;73009;;Koukourianá
0;21.9837,38.4327;33056;;Koúkoura
0;22.9039,38.3170;32007;;Agía Ánna
41;23.6764,35.4492;73010;;Koukounará
166;20.6277,39.4344;46200;;Koukoulioí
0;21.4805,39.3358;43065;;Koúkos
0;22.5184,39.2617;40300;;Kastráki
54;20.8511,39.3774;44009;;Kouklési
0;21.7519,36.9720;24001;;Koukkounára
67;20.7751,39.8711;44018;;Koukoúli
51;20.5690,39.1965;48062;;Koukkoúli
244;21.0404,39.4300;47043;;Koukkoúlia
0;21.9656,37.0888;24013;;Koukkorráchi
31;22.7116,37.5334;21053;;Kougaíika
110;23.9193,39.9710;63072;;Pórto Koufó
0;23.8998,35.4656;73005;;Koufós
127;24.3520,35.3202;74055;;Koúfi
0;21.2310,39.2640;47044;;Koúfalos
0;21.6149,38.6495;30010;;Koufála
0;25.4846,35.1611;72052;;Koudoumaliá
0;23.0980,39.1131;37009;;Kóttes
0;21.7544,38.0736;25008;;Kotsokoulaíika
22;22.1286,37.3393;22021;;Kotsirídhion
0;23.4089,38.9280;34010;;Kotsikiá
0;23.7811,38.6769;34014;;Kotsíkia
0;22.0728,37.0652;24009;;Katsíkovo
0;20.5745,39.3701;46031;;Kotsiáti
67;23.7182,35.4838;73400;;Kotsianá
0;21.8500,38.1667;26500;;Kotsaíika
366;21.5610,39.4631;42032;;Kotróni
0;21.7569,37.5069;27056;;Kotróni
0;22.3057,36.8087;24023;;Kotrónion
292;22.4917,36.6199;23066;;Kótronas
0;22.4179,36.5747;23066;;Kotronáki
4;22.4474,36.4780;23071;;Kotráfion
58;21.9951,37.4735;22022;;Kotílion
0;20.5634,38.3934;28085;;Kothréas
0;21.3511,37.9516;27057;;Kotaíika
0;25.2187,37.0775;84401;;Kóstos
0;21.7439,37.4790;27056;;Kostoméra
0;24.8381,35.3346;74054;;Kostéfanos
0;21.6262,39.5340;42032;;Exálofos
93;20.7554,39.5895;45110;;Kostániani
95;20.4184,39.7303;46033;;Miliá
397;22.3633,38.8571;35100;;Kostaléxis
2078;20.9576,39.1367;47042;;Kostakioí
0;21.6415,38.3579;30014;;Kostaíika
577;20.8051,39.5916;45110;;Kosmirá
0;21.3383,40.0021;51031;;Kosmáti
253;22.7403,37.0921;22020;;Kosmás
0;22.0121,39.4920;43200;;Koskinás
0;21.6881,38.6375;30008;;Koskinás
0;21.6327,37.6591;27065;;Koskinás
0;24.1829,38.3683;34017;;Kóskina
19244;27.2877,36.8929;85300;;Kos
116;24.9428,37.7569;84500;;Kórthio
3;22.4833,36.4462;23071;;Korogoniánika
19164;23.8718,37.8989;90000;;Koropí
395;25.5358,37.1183;84302;;Kóronos
216;20.5634,39.2732;48062;;Koronópoulo
165;20.9188,39.0144;47041;;Koronisía
279;25.5297,37.1454;84302;;Koronís
0;22.9600,38.3593;32007;;Koróneia
302;20.5523,39.2794;48062;;Koróni
3600;21.9579,36.7953;24004;;Koróni
49;21.5683,39.6734;42200;;Koromiliá
232;22.2845,39.0350;35010;;Koromiléa
0;21.8493,37.1555;24015;;Koromiliá
339;21.2966,37.8621;27300;;Kóroivos
0;25.1178,39.9180;81400;;Kornós
0;20.7632,38.1099;28082;;Kornélos
59;20.9473,39.4930;44013;;Korítiani
54;20.3796,39.5024;46100;;Korítiani
0;24.3121,37.6583;84002;;Korissía
30176;22.9513,37.9401;20100;;Kórinthos
1138;22.9821,38.2530;32010;;Domvraína
79;20.6491,39.2314;48062;;Koryfoúla
134;21.2625,39.4235;42037;;Koryfí
124;21.4342,37.7611;27200;;Koryfí
459;21.6837,36.9999;37004;;Koryfási
197;21.3425,39.8079;17676;;Korydallós
63;20.5534,38.1126;28083;;Koriána
0;21.5623,39.5379;42032;;Kóri
159;20.9799,39.2486;47046;;Korfovoúni
287;23.1247,37.7651;20004;;Kórfos
75;22.5309,38.0735;20012;;Korfiótissa
0;21.6408,39.1438;36073;;Korfiádes
21;23.6845,35.4909;73400;;Kourfalónas
0;22.0309,38.0872;25017;;Korfés
0;25.0061,35.2591;70013;;Korfaí
0;21.2333,39.1500;47048;;Koretsikón
320;21.9856,39.5392;24019;;Kórda
0;24.1878,38.4765;34009;;Korasída
710;22.7471,37.3495;22001;;Korakovoúni
216;21.3148,37.6751;27067;;Korakochóri
0;24.0797,35.5219;73133;;Korakiés
0;24.2000,35.4333;73008;;Koprána
0;22.4393,36.7396;23062;;Kópraina
0;23.7076,35.3258;73004;;Kopetoí
350;20.8462,39.4762;44009;;Kopáni
0;21.3791,37.9375;27057;;Konstantopoulaíika
89;21.9370,37.2788;24008;;Konstandínoi
0;21.1287,38.7536;30004;;Konopína
0;21.8885,37.2112;24002;;Konchýli
0;24.9018,37.3982;84100;;Ádeiata
0;24.0611,38.5735;34016;;Konístres
195;21.8004,39.7789;42035;;Koniskós
0;21.7494,38.6564;25014;;Koníska
0;22.3971,37.1902;23064;;Konidhítsa
0;20.5705,38.4272;28085;;Konidaráta
0;20.9597,39.3914;47046;;Kóniaris
0;21.2703,39.3853;42033;;Koniaraíoi
0;22.1776,38.6413;33063;;Koniákos
0;21.3466,37.9332;27057;;Kogkakaíika
175;20.7580,39.6401;45110;;Kóntsika
0;22.4234,39.8693;40004;;Kórdeo
0;23.0413,36.5684;23053;;Kontrafouriánika
74;20.5712,39.8558;44004;;Stavrodrómi Parakalámou
0;23.8500,35.4333;73002;;Kondoyioryianá
32;23.6307,35.4074;73010;;Kostogiánnides
62;20.1682,39.2200;49082;;Kontogiannátika
0;20.3961,38.2505;28200;;Kontogenáda
991;21.8996,37.7970;22015;;Kontovázaina
633;22.7507,37.8226;20500;;ArchaÍes Kleonés
138;23.4830,37.7450;18010;;Kondós
0;25.3331,39.9274;81401;;Kondopoúlion
0;24.0525,35.4510;73200;;Kontópoula
0;23.8565,35.5070;73014;;Kontomári
45;22.9804,36.1981;80200;;Kondoliánika
0;23.6683,35.2748;73001;;Kontokynígi
0;20.4640,38.2652;28200;;Kontogouráta
0;21.7904,37.0778;24015;;Kontogóni
0;23.6324,38.6261;34400;;Kondodhespótion
0;20.9717,39.5908;44013;;Kontinoí
0;25.1484,39.8651;81400;;Kondiás
0;20.7076,39.3263;46031;;Kontátes
168;20.6303,38.6274;31082;;Kondáraina
0;21.7500,39.2000;36073;;Kondaíika
0;23.0724,36.7485;23070;;Kontaíika
131;21.4200,39.2922;43066;;Aidoniá
52;21.0877,39.4788;47043;;Konákia
0;22.4703,36.7590;23061;;Konákia
254;22.6964,38.7502;35009;;Kómnina
743;21.0320,39.0471;47041;;Komméno
493;22.4335,38.8560;35014;;Kómma
0;24.5405,38.0695;34001;;Kómito
0;24.8794,37.3743;84100;;Kómito
0;20.5983,38.3554;28081;;Komitáta
0;24.1679,35.2079;73011;;Komitádhes
0;21.6718,38.0570;25018;;Kómi
40;20.5928,38.7099;31080;;Komílion
139;26.4066,39.1838;81101;;Kómi
136;22.2563,37.7954;22017;;Kómi
0;25.1431,37.6031;84200;;Kómi
2150;21.0839,39.1026;47040;;Kompóti
449;20.5003,38.1467;28100;;Kombothekráta
0;21.2465,38.8348;30500;;Kompothékla
539;22.3480,38.8676;35100;;Kompotádes
0;21.9183,36.8229;24004;;Kompi
0;21.8745,38.0365;25000;;Kompigádi
0;21.7054,38.3509;30020;;Ágios Polýkarpos
0;22.5131,36.7573;23200;;Kolotroúpi
77;20.8878,39.5780;45110;;Koloniáti
294;20.9794,39.0974;47041;;Kalomódia
0;22.3505,38.0656;20009;;Kolokythiánika
120;22.0793,38.7883;33059;;Kolokithiá
0;21.4287,37.8921;27059;;Kolokithás
6;20.6918,38.7493;31080;;Kolliváta
194;22.3603,37.2866;22011;;Kollínes
0;21.3911,38.5396;30003;;Kolitsidaíika
35;21.3500,39.1959;47047;;Alonáki
787;21.4741,37.6854;27100;;Kolíri
0;21.8878,37.3162;24018;;Ágios Nikólaos
0;23.9682,35.5140;73131;;Kolimvíthra
4139;23.7799,35.5412;73006;;Kolympári
439;28.1548,36.2534;85103;;Kolýmpia
0;22.2727,36.9060;24022;;Kolimpetsaíika
0;20.6374,38.4644;28301;;Kollierí
168;23.1596,37.5928;21059;;Koliáki
0;20.3989,39.4861;46200;;Koletsátion
0;25.0732,35.1317;70003;;Kólena
445;23.0397,38.5858;35200;;Kyrtóni
0;20.7201,38.0880;28082;;Kolaḯtis
0;20.5620,38.3881;28085;;Kokoláta
176;20.5270,38.1405;28083;;Kokoláta
407;20.5552,39.8165;44004;;Kouklioí
0;21.8706,37.2711;24011;;Kóklas
0;21.3819,37.8320;27059;;Kokláki
153;22.6746,37.6147;21200;;Kókla
180;22.7746,39.0787;37008;;Kokkotoí
0;23.0152,37.8412;20004;;Kokkósi
0;21.9372,37.5803;22028;;Kokkorás
1056;22.7802,37.9706;20002;;Kokkónion
9;22.4869,36.4042;23071;;Kokkinógeia
0;22.4010,36.6131;23062;;Kokkinoyénis
0;21.7283,38.6976;36074;;Kokkinóvrysi
0;22.6593,39.2666;37100;;Kokkinóvrachos
195;23.8397,38.1812;14565;;Kokkinóvrakhos
0;23.8333,35.5000;73002;;Kókkinos Pýrgos
426;24.7390,35.0840;70200;;Kókkinos Pýrgos
0;21.9387,37.6614;22028;;Kokkinórachi
0;22.4330,37.0980;23100;;Kokkinórrakhi
62;21.1532,39.1799;47048;;Kokkinopília
0;22.7934,39.8334;40003;;Kókkinon Nerón
77;23.6911,35.4952;73400;;Kókkino Metóchi
0;21.2380,39.2818;47044;;Kókkino Lithári
0;24.2264,35.4541;73003;;Kókkinon Khoríon
0;22.1228,38.5505;33061;;Kókkino
744;23.2388,38.4750;35005;;Kókkinon
0;21.8486,36.9187;24010;;Kókkino
0;23.2670,38.8973;34200;;Kokkinomiliá
35;21.3895,38.7456;30027;;Kokkinólongos
0;21.9639,38.5204;30023;;Kokkinochóri
37;20.6579,39.6838;44003;;Kokkinóchoma
0;23.5253,38.1466;19600;;Kokkíni
1755;25.2581,35.3283;70008;;Kokkíni Cháni
208;20.4299,39.6001;46033;;Kokkiniá
0;22.7886,36.7942;23052;;Kokkiniá
0;24.3234,38.0626;34013;;Kokkínis
0;22.4483,36.8224;23061;;Kókkina Louriá
0;21.9935,38.4116;33056;;Kokkinaíoi
0;21.7819,39.1250;36080;;Kokkinaíika
0;22.6556,39.4958;37500;;Kokkínes
51;22.9855,37.5944;21052;;Kokkinádhes
202;22.6970,39.3319;37500;;Kokkína
933;26.8918,37.7791;83101;;Kokkári
0;24.4167,38.0349;34001;;Kokkáloi
238;22.4711,36.5269;23071;;Kokkála
0;24.3223,37.6646;84002;;Kókka
87;24.9437,37.7910;84500;;Kochýlou
45;21.7797,39.1505;36073;;Koukaíïka
96;22.4021,36.5133;23071;;Koíta
146;26.0706,38.2513;82102;;Koiní
0;24.0598,38.5401;34016;;Koílion
3256;22.3036,39.5736;41334;;Koiláda
1165;23.1255,37.4123;84301;;Koilás
0;21.7146,38.5104;30008;;Kóftra
196;22.7207,39.1029;37100;;Kofoí
19;20.3368,39.4286;46100;;Kódra
10;25.1603,35.2986;71409;;Knosós
0;21.6357,39.0643;36071;;Katsantonis
144;22.1024,38.9041;35003;;Kloníon
0;21.7626,37.1767;24500;;Kloní
0;20.1833,39.2000;49082;;Klonátika
0;22.0094,39.5641;24019;;Klokotós
44;22.0443,37.8849;25016;;Kleítoras
158;21.0805,39.1793;47200;;Kleistó
70;21.8256,39.0885;36080;;Kleistó
0;22.0696,39.9536;40001;;Kleisoúra
311;20.8918,39.3591;47046;;Kleisoúra
167;20.5966,39.2829;46031;;Kleisoúra
0;21.8693,36.8570;24010;;Kleisoúra
288;21.3749,38.5427;30003;;Klisorrévmata
0;20.5567,38.1051;28083;;Kleísmata
0;26.2245,35.1236;72059;;Klisídhion
356;26.3225,39.3466;81104;;Kleió
332;21.4546,39.6686;42200;;Kleinó
136;21.6799,37.7827;27064;;Klindiá
352;22.5635,37.9601;20017;;Kliméndi
496;20.6758,39.7053;44003;;Klimatiá
0;24.0983,38.5791;34011;;Klimatárion
0;22.1498,38.5726;33053;;Klíma
0;23.6167,39.1667;37003;;Palió Klíma
0;23.5000,38.7833;34004;;Klíma
0;21.9726,38.4156;33056;;Klíma
0;21.8909,37.1343;24013;;Klíma
235;24.7601,35.1095;74059;;Klíma
0;21.8800,37.2987;24011;;Amfithéa
132;20.6806,39.9748;44016;;Kleidoniá
202;21.2060,39.1543;47048;;Kleidí
368;23.5734,38.2720;32011;;Kleidí
0;21.8986,38.6808;30025;;Klepá
777;22.8616,37.7877;20008;;Klénia
117;21.7634,38.8685;36075;;Klávsion
0;22.4066,36.7247;23062;;Klaïniánika
0;23.7832,35.5337;73006;;Kladourianá
0;21.6490,37.6789;27065;;Kladeós
430;22.4315,37.1086;23100;;Kladhás
0;22.9424,38.3573;32007;;Kivéri
960;22.7298,37.5237;21053;;Kivéri
0;22.3422,36.8265;24023;;Kyvéleia
101;22.1423,36.9287;24016;;Kitriaí
0;23.6362,35.2916;73001;;Kítyros
0;24.4307,37.4124;84006;;Kýthnos
281;22.9898,36.1495;80200;;Kýthira
0;23.1310,39.4060;37012;;Kissós
0;24.3662,38.0792;34013;;Kissós
0;24.5631,35.1918;74053;;Kissós
48;24.8316,35.1003;70200;;Kissoí
4236;23.6537,35.4946;73400;;Kíssamos
0;23.9226,35.4817;73005;;Kyrtomádos
1392;22.4444,38.4294;33200;;Kírra
466;20.9388,39.1442;47042;;Kirkizátes
0;21.8392,38.4890;30026;;Kiritsaíika
0;23.4439,38.8097;34004;;Kírinthos
348;24.6017,35.3438;74052;;Kyriánna
32;24.1021,35.4043;73003;;Kyriakoséllia
190;22.0139,38.8239;35003;;Kiriakokhórion
1804;22.7884,38.3537;32006;;Kyriáki
115;21.5586,38.6442;30010;;Kirá Vyéna
0;22.0482,37.7530;25004;;Kyrás Gefýri
1128;22.9865,37.9130;20010;;Kyrás Vrýsi
130;20.4893,39.4033;46030;;Kyrá Panagiá
301;22.5322,39.7664;40006;;Kypselochóri
0;22.6398,39.5044;40009;;Kilelér
0;22.1415,39.3736;43300;;Kypséli
44;21.7594,38.9031;36100;;Koryschádes
532;20.8226,37.8189;29090;;Kipséli
2124;23.4545,37.7602;18010;;Kypséli
47;23.3981,37.6106;21061;;Kipséli
0;21.0217,39.3062;47046;;Kyprísta
0;24.9347,37.4645;84100;;Kyperoúsa
125;21.3613,39.9534;51031;;Kipoureío
17;22.3603,36.5094;23071;;Kipoúla
86;20.7919,39.8646;44018;;Kípoi
0;24.0874,38.5692;34016;;Kípoi
0;22.5486,39.5141;41500;;Kyparíssia
0;22.3568,39.4444;41500;;Kypárissos
268;21.4824,38.7677;30021;;Kypárissos
57;22.4412,36.4610;23071;;Kypárissos
0;23.8453,35.4947;73014;;Kypárissos
0;25.0778,35.1907;70011;;Kipárissos
38;22.8513,38.9775;35013;;Kiparissón
0;23.2143,38.9011;34200;;Kyparíssi
0;23.5944,38.6290;34400;;Kiparíssion
184;23.0746,38.6380;35200;;Kiparíssion
0;21.7396,38.0115;25015;;Kyparíssi
0;22.2376,37.2659;23065;;Kiparíssion
402;22.9894,36.9616;23068;;Kyparíssi
90;20.9334,39.5753;45110;;Kyparíssia
15;22.0656,37.4449;22022;;Kyparíssia
5033;21.6736,37.2511;24500;;Kyparissía
300;20.6896,38.4485;28301;;Kióni
33;22.4554,37.8662;20016;;Kiónia
22;23.6502,35.4164;73010;;Kiolianá
0;24.6894,35.3212;74052;;Kynigianá
0;24.9011,37.4465;84100;;Kínion
0;21.8322,37.1563;24015;;Kynigós
0;21.7457,36.9005;24001;;Kynigós
341;25.4795,37.1013;84302;;Kinídaros
0;23.2230,37.3617;21051;;Kinéta
1651;23.2135,37.9684;20003;;Kinéta
0;26.0511,35.1782;72300;;Kimouriótis
837;24.5758,36.7937;84004;;Kímolos
6706;24.1029,38.6348;34003;;Kými
0;23.5189,38.8057;34004;;Kymási
1079;21.1450,37.9354;27068;;Kyllíni
22;23.5217,37.7190;18010;;Kylindrás
47332;23.8111,38.0744;14562;;Kifisiá
0;21.9614,38.7109;30025;;Kydoniá
0;22.4953,36.9777;23054;;Kidhonéa
9812;22.7484,38.0132;20200;;Kiáto
0;21.6350,39.4000;43060;;Kiána
0;24.9248,37.3974;84100;;Chroúsa
0;22.0529,37.3626;22025;;Chroúsa
0;23.2720,38.7798;34005;;Chrónia
360;24.5107,35.3266;74100;;Chromonastíri
64;25.5722,35.0771;72056;;Christós
0;22.0177,37.1909;24007;;Chrystofilaíika
0;21.6850,37.1409;24300;;Christianoú
0;23.8333,35.4833;73002;;Khristianá
0;21.9558,38.5160;30023;;Khrísovon
44;22.2097,37.5468;22024;;Chrysovítsi
446;21.0746,39.7796;44014;;Chrysovítsa
0;21.1466,38.5887;30006;;Chrysóvitsa
0;21.7027,38.5743;30008;;Chrysovítsa
0;21.3517,38.4989;30400;;Chrysovérgi
82;21.4685,39.0000;36072;;Chrísova
0;21.8431,37.2145;24011;;Chrysótopos
143;20.6150,39.8298;44004;;Chrysorráchi
132;21.1317,39.1104;47040;;Chrysoráchi
205;21.2105,39.1122;47048;;Chrysopigí
0;21.8421,38.0448;25008;;Chrysopigí
179;25.9499,35.1049;72055;;Chrysopigí
598;22.4681,38.4744;33055;;Chrissó
846;21.5013,39.6075;42200;;Chrysomiliá
0;21.8639,37.3408;24018;;Chrysochóri
0;21.8894,36.7921;24004;;Khrisokellariá
0;21.8925,37.0644;24015;;Chrysofóra
27;20.3656,39.9330;44002;;Chrysódouli
83;21.6726,39.0401;36071;;Chrýso
475;21.8541,39.5846;42100;;Chrysavgí
0;21.7758,38.0506;25008;;Chrysavgí
0;22.5334,37.0925;23100;;Khrísafa
119;22.0328,37.3232;22025;;Chránoi
278;21.9226,36.9031;24010;;Khránoi
16;21.0429,39.6139;44001;;Kotomísta
48;22.9953,37.6093;21052;;Khoutalaíika
0;24.9368,35.0337;70012;;Choustoulianá
78;21.5394,38.8387;30021;;Khoúni
0;22.8501,37.0717;22020;;Choúni
0;22.1490,37.2888;22021;;Chountálou
0;23.6333,35.3000;73012;;Khoumousianá
0;24.7306,35.3450;74052;;Khoumérion
0;25.2473,35.1619;70300;;Chouméri
174;25.6281,35.2401;72400;;Choumeriákos
140;21.0090,39.5503;44013;;Chouliarádes
0;25.1785,35.1931;70100;;Khoudhétsion
63;22.2552,37.7683;22017;;Chotoússa
49;22.3367,36.7325;24023;;Chotásia
0;23.8678,35.3850;73005;;Chostí
0;22.4921,36.7118;23200;;Chosiári
404;21.1155,39.3761;47045;;Kypséli
0;23.2160,39.1922;37013;;Chórto
100;20.6036,38.7173;31080;;Chortáta
0;22.9042,36.7009;23056;;Chordákia
0;27.5855,36.2214;85110;;Chorío
0;21.8296,37.0981;24015;;Choréftra
0;23.1231,39.4517;37001;;Choreftó
7;23.6771,35.4599;73010;;Choreftianá
38;22.0843,37.3835;22200;;Chorémis
0;24.1633,35.5525;73200;;Chordáki
0;24.6770,35.1754;74062;;Chordáki
243;24.1371,35.2018;73011;;Chóra Sfakíon
42;22.2529,36.9500;24016;;Chóra Gaïtsón
0;24.0925,35.5619;73133;;Chorafákia
21;20.9473,39.4263;44013;;Chóra
1218;26.9045,37.7037;83101;;Chóra
0;21.8364,37.6986;27066;;Chóra
2609;21.7169,37.0511;24600;;Chóra
0;24.8828,35.3385;74051;;Chónos
0;26.1621,35.1538;72300;;Chónos
488;22.7736,37.6711;21055;;Néo Iraío
0;25.3803,35.0370;70004;;Pervóla
0;21.5398,38.3795;30014;;Chondraíika
0;23.6848,35.3199;73004;;Chondrós
7;24.9385,37.7682;84500;;Chónes
0;21.8501,38.6056;25014;;Chómori
0;21.8925,36.8306;24010;;Chomateró
0;21.7669,36.8748;24001;;Chomatáda
30840;23.8000,38.0000;15561;;Cholargós
30;21.8225,39.0269;36081;;Chóchlia
0;21.6044,37.0651;24400;;Chochlastí
0;25.2540,35.2469;70008;;Khokhlakíai
0;26.2462,35.1463;72300;;Khokhlakiaí
222;20.5861,39.3409;46031;;Chóika
359;22.7303,39.4014;37500;;Chlói
0;21.1500,39.0836;30016;;Khlimbouríta
226;21.1130,39.5555;44001;;Christoí
69;22.0732,37.2841;22021;;Chirádes
23953;26.1372,38.3687;82100;;Chios
151;20.7224,38.0809;28082;;Chionáta
0;21.6951,38.0164;25015;;Chióna
37;20.6336,39.6166;44017;;Chínka
0;22.0941,37.4978;22022;;Khinaíika
0;22.7259,37.3979;22001;;Cheimeriní Meligoú
25;22.4619,36.6490;23066;;Chimára
162;21.7917,39.7259;42035;;Néa Zoí
386;20.5976,39.1658;48062;;Cheimadió
0;21.5052,37.7616;27064;;Cheimadió
37;24.1094,35.4111;73003;;Chiliomoudoú
1510;22.8697,37.8102;20008;;Khiliomódhi
0;21.9166,38.3897;33056;;Chiliadoú
472;26.0249,39.2031;81110;;Khídhira
37;24.6509,37.0355;84003;;Kherrónisos
938;25.3716,35.3078;70014;;Khersónisos
0;24.3877,38.0776;34013;;Cherodýnamo
0;20.4989,38.1497;28100;;Chelmáta
32;22.4092,38.0770;20009;;Khelidhóreo
0;21.6235,37.7140;27064;;Chelidóni
54;21.6511,38.8073;36074;;Khelidhón
0;24.8306,35.3518;74054;;Khelianá
223;20.3848,38.1836;28200;;Chavriáta
0;20.3885,38.2029;28200;;Chavdáta
1012;21.3840,37.8484;27059;;Chávari
41;22.0268,38.2277;25100;;Chatzís
0;25.1514,37.5699;84200;;Chatzirádos
0;23.7667,35.4500;73002;;Khatzimemethianá
0;22.4255,37.6061;22005;;Chatzaíika Kalývia
0;23.6414,35.2869;73001;;Chasí
0;23.7833,35.5000;73002;;Kharváta
17;22.5760,38.0355;20400;;Khartsiánika
17;24.7283,37.9552;84501;;Chártes
31;22.3746,36.6055;23062;;Charoúda
303;20.9525,39.5852;45110;;Charokópi
0;21.9132,36.8085;24004;;Charokopio
301;21.7800,39.4192;43067;;Chárma
62;24.5875,35.3075;74061;;Chárkia
23;23.6795,35.4663;73400;;Charchalianá
16;21.6002,39.2666;43069;;Chalkiópoulo
0;22.4268,37.0667;23100;;Kharísion
125;21.5138,37.7332;27100;;Chariá
63;22.3916,36.6354;23062;;Chariá
0;22.9968,36.9160;23068;;Chárakas
87;20.4729,39.6883;46033;;Charavgí
0;21.5873,37.9858;25015;;Charavgí
48;22.1802,36.9778;24016;;Charavgí
50;25.3100,35.2717;70008;;Charasó
0;20.6833,38.1667;28086;;Kharáktion
0;24.0617,38.6267;34019;;Kharakópos
0;25.1371,35.1132;70016;;Charáki
0;24.0167,35.5000;73134;;Kharakiás
0;25.1201,35.0108;70010;;Chárakas
0;22.6781,37.3376;22001;;Cháradros
0;21.8100,38.2602;26443;;Cháradros
142;20.6882,38.6858;31084;;Kharadhiátika
0;24.6771,35.3784;74052;;Khanothianá
313;20.9367,39.2025;48200;;Chanópoulo
40;20.8444,39.4208;44009;;Cháni Teróvou
893;23.5800,39.9991;63085;;Chaniotis
0;21.1075,39.0564;30016;;Cháni Milióni
0;22.1333,37.8167;25007;;Kháni Kotsoléti
32;23.3716,38.1711;19008;;Profítis Ilías
0;21.7806,37.0614;24600;;Touloúpa Cháni
0;21.7575,37.6031;27062;;Papá Chánia
0;21.6903,37.8199;27064;;Panópoulo
0;21.8174,37.6045;27062;;Khánia Bélesi
0;24.1106,38.5005;34009;;Khánia Avlonaríou
0;21.5562,39.4438;42032;;Ágios Konstantínos
0;24.1106,38.5006;34009;;Khánia
0;22.7318,37.4768;22019;;Khánia
0;21.8792,37.0065;24014;;Chánia
0;22.5208,36.8880;23057;;Chánia Vasilakíou
53910;24.0292,35.5112;73134;;Chaniá
0;25.2744,35.1235;70300;;Chandroú
0;21.7897,36.9582;24014;;Chandrinós
0;26.0990,35.0813;72059;;Chandrás
0;22.6442,37.3976;22001;;Chantákia
0;21.3687,37.7254;27200;;Chanákia
0;21.7952,38.0724;25008;;Chamokélles
60;25.6725,35.1871;72100;;Chamiló
0;26.0188,35.1756;72057;;Chamézi
0;24.2206,35.3580;73007;;Khámbatha
111;24.5968,35.3727;74052;;Chamalévri
0;23.7652,35.3899;73004;;Chamalévri
0;26.1828,35.0560;72059;;Chamaítoulo
2094;23.7319,38.3326;19015;;Khalkoútsion
59125;23.6028,38.4635;34100;;Chalkída
0;21.3924,38.9777;30017;;Chalkiópoulo
950;26.0984,38.3334;82100;;Chalkeió
439;22.7273,37.8824;20001;;Khalkeío
368;25.4834,37.0637;84302;;Chalkeío
0;21.8741,37.3541;24018;;Chalkiás
0;22.2597,38.0251;20014;;Chalkiánika
0;22.4264,39.3981;10438;;Chalkiádes
1284;20.9329,39.1598;47042;;Chalkiádes
1837;22.5402,39.5685;40009;;Chálki
0;27.6119,36.2224;85110;;Chálki
0;20.6161,38.2225;28080;;Chaliotáta
38;21.1915,39.6824;44200;;Chalíki
0;21.6476,38.6963;36074;;Khalíkion
0;20.9319,39.3298;47046;;Chalíkia
22;22.4772,36.6172;23066;;Chalikiá Vátta
41;22.4749,36.5670;23066;;Alýpa
0;20.5446,38.4310;28085;;Chalikerí
167;26.2728,39.3646;81104;;Lepétymnos
0;21.6865,39.1959;36073;;Chaliás
0;24.8833,37.4167;84100;;Khalépa
0;24.0500,35.5167;73133;;Chalépa
0;21.6213,37.1871;24300;;Chalazóni
0;25.2198,35.1149;70300;;Chalasoú
949;21.7835,38.1084;25008;;Chalandrítsa
74192;23.8007,38.0237;15233;;Khalándrion
0;24.9343,37.4832;84100;;Chalandrianí
993;22.8442,38.4955;32100;;Chairóneia
70;23.7005,35.4772;73400;;Chairethianá
0;23.8167,35.4833;73002;;Khainderianá
0;22.1000,39.2500;43063;;Khaïkháli
0;21.6623,38.1027;25018;;Chaïkáli
93;21.7688,39.6166;25013;;Chaïdeméni
45642;23.6660,38.0114;12461;;Chaïdári
335;21.9946,37.9802;25011;;Kértezi
96;22.1073,38.0809;25017;;Kerpiní
0;22.1022,37.7526;22014;;Kerpiní
0;22.2075,38.1265;25003;;Kernítsa
0;27.2833,36.8833;85300;;Kermetés
0;21.6311,38.4123;30014;;Keritsaíika
253;20.8354,37.6827;29092;;Límni Keríou
324;22.1212,38.2017;25100;;Kerýneia
15;22.3826,36.4940;23071;;Kéria
77077;23.6197,37.9625;18756;;Keratsíni
0;25.3783,34.9990;70004;;Keratókambos
28;25.6854,35.2222;72100;;Keratídia
14483;23.9774,37.8058;19001;;Keratéa
35;22.2389,37.4198;22027;;Kerastáris
76;20.4686,39.8853;44002;;Kerásovo
206;20.7655,39.3314;44009;;Kerásovo
186;21.4236,39.1336;36070;;Dafnoúla
369;20.8740,39.3057;48300;;Kerasóna
438;20.3046,39.6793;46300;;Kerasochóri
274;21.6378,39.0056;36071;;Kerasochóri
0;22.4103,37.4523;22012;;Kerasítsa
0;22.1558,37.8494;25007;;Kerasiá
0;25.0250,35.1957;70011;;Kerásia
0;22.0129,38.6341;33062;;Kerasiés
39;20.6061,39.5556;44017;;Kerasiá
299;21.6764,39.3406;43067;;Kerasiá
0;23.3249,38.9112;34010;;Kerasiá
81;21.5203,38.7385;30021;;Keraséa
0;21.9311,37.9259;25012;;Kerasiá
0;22.3934,37.3660;22016;;Kerasiá
0;21.6823,37.1645;24300;;Kerasiá
0;21.2585,39.3651;42033;;Keráni
0;25.0282,35.2781;70013;;Keramoútsion
38;22.9728,36.1999;80200;;Keramotón
58;25.5152,37.1091;84302;;Keramotí
18;23.5609,35.3726;73012;;Keramotí
0;24.7419,35.3310;74054;;Keramotá
34;25.9363,38.5555;82103;;Kéramos
328;20.4311,39.6693;46033;;Keramítsa
584;26.2072,39.2163;81107;;Kerámion
358;22.9106,39.5727;40003;;Keramídi
0;22.0853,39.5596;42031;;Keramídi
235;21.4573,37.8561;27069;;Keramidhiá
380;20.5592,38.1197;28083;;Kerameiés
378;26.4219,39.1253;81101;;Kerameía
0;23.3897,38.8354;34010;;Kerámeia
0;24.5171,35.1616;74053;;Keramés
411;20.9801,39.1315;47100;;Keramátes
0;21.4787,39.2608;43066;;Keramarió
0;23.7433,35.4391;73002;;Gra-Kerá
36;23.7262,35.4699;73010;;Kerá
0;25.4616,35.2237;72052;;Kerá
30;20.7802,39.8881;44018;;Kapésovo
0;21.4455,37.8973;27069;;Kéndron
17;22.2501,36.9532;24016;;Kéntron
0;24.5746,35.1789;74053;;Kentrochóri
1021;25.7528,35.0326;72200;;Kentrí
80;21.0660,39.3461;47046;;Nazaíoi
78;21.9708,37.2780;24008;;Kendrikón
0;21.9191,38.5666;30023;;Kentrikí
58;24.5158,37.1848;84005;;Kéndarkhos
0;20.4400,39.3408;46030;;Kéntali
0;26.2245,35.1394;72059;;Kellária
59;21.4838,38.7881;30021;;Kellákia
39;22.4033,36.7072;23062;;Kelefá
92;21.3946,39.2007;43066;;Kellária
67;21.4524,38.7801;30021;;Kelanítis
0;25.1902,37.5732;84200;;Kéchros
0;21.2304,38.8212;30500;;Kechriniá
5;22.3945,36.5048;23071;;Kechriánika
0;23.3680,38.8132;34010;;Kechriés
238;22.9887,37.8835;20010;;Kekhriés
0;22.0724,39.8913;40200;;Kefalóvryso
17;20.6581,39.6884;44003;;Lefkothéa
959;21.6930,39.5810;25013;;Kefalóvryso
0;20.4712,39.4881;46200;;Kefalóvryso
0;21.3633,38.4618;30400;;Kefalóvryso
53;22.4729,37.6994;21058;;Kefalóvrison
0;21.8012,37.1473;24015;;Kefalóvryso
0;25.4538,35.0418;70004;;Kefalovrísion
0;21.8223,37.3394;24021;;Kefalóvrysi
0;25.4553,35.0440;70004;;Kefalovrísi
0;25.2500,34.9667;70010;;Kefalovrýsi
2713;26.9596,36.7451;85301;;Kéfalos
38;23.5984,35.3633;73012;;Kefáli
0;23.6788,35.2982;73004;;Kefáli
0;21.8597,37.1963;24011;;Kefalinós
0;20.1833,39.1878;49082;;Kefalátika
0;22.5230,37.0329;23100;;Kefalás
251;22.5122,37.9221;20016;;Kefalárion
677;22.6911,37.5985;21053;;Kefalári
0;21.4662,38.0183;27052;;Kefalaíika
0;25.1809,35.0511;70010;;Kefaládhos
0;23.7167,35.6000;73006;;Kefála
31;20.9925,39.5709;44013;;Kédros
0;22.0422,39.2095;43063;;Kédros
201;21.4542,39.1829;36070;;Kédra
0;24.3500,37.6333;84002;;Kéa
0;24.0714,38.6363;34019;;Kazárma
0;21.8481,37.0010;24014;;Kazárma
42;21.6065,38.4590;30015;;Kazanaíika
0;24.1279,35.2340;73011;;Kavrós
503;25.0465,35.3081;71414;;Kavrochóri
13;23.5895,35.4781;73400;;Kavoúsi
16;24.6090,35.3107;74061;;Kavoúsi
559;25.8580,35.1227;72057;;Kavoúsi
0;22.4912,36.9915;23054;;Kavourákion
685;20.1078,39.3903;49080;;Kávos
147;21.6153,37.6868;27060;;Kafkonía
0;22.4876,36.6959;23066;;Kafkí
1231;21.2642,37.8758;27300;;Kavásila
180;20.6606,38.7868;31080;;Kávallos
0;24.2811,35.3283;74055;;Kávallos
57;20.9144,39.7423;45444;;Kavallári
0;23.7523,35.3287;73004;;Kavallarianá
0;21.6053,39.2298;43069;;Kavákia
323;27.7677,35.9544;85109;;Kattavía
30;22.9944,36.1874;80200;;Katsoúni
0;22.5073,36.7517;23200;;Katsoúmpi
0;21.9936,37.7353;22008;;Perdikonéri
0;21.6361,38.1222;25018;;Katsoulaíika
0;21.5505,37.7287;27064;;Katsomaliaraíïka
38;23.0278,37.4951;84301;;Katsiyiannaíika
0;23.6500,35.2833;73001;;Katsivellianá
21;22.0968,37.4513;22022;;Katsímpalis
167;21.5956,37.1893;24300;;Exochikó
19;20.1864,39.1868;49082;;Katsimátika
0;23.2237,39.2369;37006;;Koutsilochóri
0;21.3112,37.8422;27300;;Katsilimaíika
297;25.7033,35.2160;72100;;Katsíkia
5180;20.8876,39.6228;45110;;Katsikás
0;24.0363,35.4820;73300;;Katsifarianá
0;26.1253,35.1280;72059;;Katsidóni
248;21.4176,37.7222;27100;;Katsarós
0;22.0292,37.2189;24002;;Katsarós
0;22.4257,37.0284;23100;;Katsarós
0;24.3784,38.0576;34013;;Katsaróni
0;20.5652,38.4491;28084;;Katsaráta
182;22.0905,37.0700;24020;;Katsaraíika
0;21.3108,37.9417;27053;;Katsapaíika
0;21.8906,38.1178;25000;;Katsaïtaíika
0;21.6749,38.0831;25018;;Katsaïtaíika
98;20.5305,39.6164;44017;;Káto Zálogko
0;26.2620,35.0979;72059;;Káto Zákros
0;22.1638,38.0945;25017;;Káto Zachloroú
347;20.8093,37.8114;29090;;Káto Yerakaríon
0;21.6442,37.4991;27054;;Káto Xirochóri
0;20.3719,39.6631;46033;;Káto Xéchoro
0;21.7888,37.1205;24015;;Káto Voútaina
0;21.4862,38.6136;30005;;Káto Vlokhós
65;21.9129,38.0071;25011;;Káto Vlasía
0;25.5099,34.9961;70004;;Káto Vígles
0;25.3888,35.0470;70004;;Káto Viánnos
0;21.5315,37.9438;27069;;Káto Velitsés
0;20.5333,39.4333;46200;;Káto Véliani
86;25.2466,35.2999;70008;;Káto Vátheia
0;21.6257,38.3524;30014;;Káto Vasilikí
0;22.5421,39.3414;10438;;Káto Vasiliká
487;22.4320,38.8247;35014;;Néo Kríkello
193;24.3896,35.3263;74058;;Káto Valsamónero
126;21.4651,39.3813;43065;;Metamórfosi
0;23.3399,38.7400;34005;;Katoúnia
0;23.0283,36.5596;23053;;Katoúnia
1634;21.1142,38.7855;30004;;Katoúna
135;20.7069,38.7807;31080;;Katoúna
0;24.2500,35.3833;73007;;Katoúna
518;26.4329,39.0862;81101;;Káto Trítos
248;21.5025,38.6093;30010;;Káto Tragána
2753;22.7135,38.6075;35015;;Káto Tithoréa
13;22.3507,37.9920;20014;;Káto Tarsós
0;23.8255,38.5714;34014;;Káto Stení
127;24.0400,37.6681;19500;;Káto Soúnion
2142;24.0163,38.1680;19007;;Káto Soúlion
56;20.6353,39.2574;48062;;Káto Skafidotí
0;25.4888,35.0469;70004;;Kato Simi
32;23.9376,38.5382;34014;;Káto Séta
94;22.1657,36.9988;24100;;Káto Vérga
27;25.4320,37.0483;84302;;Káto Sagkrí
0;21.5972,37.5434;27055;;Káto Samikó
0;21.9403,38.2653;25009;;Káto Salméniko
0;24.6075,35.1235;74056;;Káto Saktoúria
87;20.7025,39.2828;48300;;Káto Revmatiá
0;21.4313,38.4277;30200;;Káto Rétsina
108;20.5657,39.9087;44004;;Káto Ravénia
287;21.4704,39.1607;36070;;Káto Raptópoulo
0;25.2617,35.1138;70300;;Káto Pouliés
137;21.4915,39.0786;36072;;Káto Potamiá
0;24.1166,38.5991;34011;;Káto Potamiá
0;22.2364,38.0998;25006;;Káto Potamiá
99;25.4343,37.0673;84302;;Káto Potamiá
53;24.3490,35.2879;74058;;Káto Póros
0;21.7989,38.5945;25014;;Káto Plátanos
0;21.7772,38.3626;30020;;Platanítis
657;22.5347,38.1090;20012;;Káto Pitsá
62;25.7061,35.2717;72053;;Káto Pinés
109;24.7307,36.9740;84003;;Káto Petálion
41;20.6750,39.8796;44016;;Káto Pediná
680;21.1471,37.9299;27068;;Káto Panagía
21;21.8255,39.2181;43067;;Palaiozoglópi
0;22.0296,38.4840;33060;;Palaioxári
65;20.4290,39.5745;46033;;Káto Palaiokklísi
15;23.6606,35.4780;73400;;Káto Palaiókastro
148;21.5130,39.4241;43065;;Káto Paliokaryá
0;22.2000,39.4000;43062;;Káto Orfaná
0;22.9438,36.4881;23053;;Káto Nisí
0;21.3829,38.4611;30400;;Káto Moúsoura
0;22.1919,38.6871;33063;;Mousounítsa
256;20.8153,39.3958;44009;;Káto Mousiotítsa
0;25.0017,35.1025;70003;;Káto Moúlia
0;25.4322,35.1859;72052;;Káto Metókhion
492;20.7892,38.6553;31083;;Katomérion
0;24.3190,37.5866;84002;;Káto Meriá
0;21.8957,37.3233;24018;;Káto Méri
0;21.9314,37.3282;24018;;Káto Mélpia
1005;21.6510,38.0703;25018;;Káto Mazaráki
0;22.0648,38.2082;25100;;Káto Mavríki
0;21.7989,38.4051;30300;;Káto Mamouláda
548;21.7244,38.3460;30020;;Makýneia
61;24.4138,35.2851;74058;;Káto Maláki
580;21.6255,38.4867;30015;;Káto Makrinoú
394;22.5579,38.1010;20012;;Káto Loutró
0;22.1386,37.9927;25001;;Káto Lousoí
10;25.7148,35.3132;72053;;Káto Loúmas
23;20.7567,39.4728;44009;;Káto Líppa
1751;23.0396,39.3309;37300;;Káto Lekhónia
27;20.4764,39.7750;46033;;Káto Lávdani
364;20.7498,39.7506;44007;;Káto Lapsísta
0;22.1200,39.1344;43063;;Káto Ktiméni
0;26.0190,35.1212;72057;;Káto Kryá
0;21.7787,36.9908;24014;;Káto Kremmídhia
0;24.0888,38.5890;34011;;Káto Kouroúnion
0;25.5911,36.9144;84302;;Káto Koufonísion
0;21.5215,38.4232;30014;;Káto Koudoúni
146;20.7228,39.2008;48061;;Káto Kotsanópoulo
0;21.8108,37.2837;24003;;Káto Kopanáki
0;22.3506,37.2821;22011;;Agía Varvára
2038;22.1221,37.8970;25007;;Kleitoría
57;25.1264,37.6153;84201;;Káto Kleísma
0;21.7036,38.5605;30008;;Káto Chrysovítsa
0;22.0155,37.8592;25016;;Káto Chóvoli
0;22.9964,39.3824;37011;;Katichóri
0;22.2974,39.3111;10438;;Katochóri
137;20.6913,38.6669;31084;;Katokhórion
0;20.4637,38.2771;28200;;Katochóri
0;24.0659,35.4394;73200;;Katochóri
946;25.7908,35.0486;72200;;Káto Chorió
65;21.3269,39.3506;42033;;Káto Chóra
0;21.9358,38.5968;30023;;Káto Khóra
0;22.3713,37.0773;23100;;Káto Chóra
25;22.9357,36.2451;80200;;Káto Chóra
2829;21.2526,38.4124;30007;;Katochí
0;20.7806,39.3306;44009;;Káto Chalásmata
0;21.3532,37.7348;27200;;Káto Kertezaíika
431;21.4303,38.5284;30011;;Káto Kerásovon
280;22.9235,39.4641;19018;;Kerasiá
0;24.2460,35.4095;73008;;Kefalás
0;23.7901,35.4441;73002;;Káto Kefála
798;21.8042,38.2914;26444;;Káto Kastrítsi
0;25.2665,35.0324;70010;;Káto Kastellianá
0;23.1162,36.5287;23053;;Káto Kastaniá
0;22.1655,37.0695;24020;;Káto Karvéli
0;25.3581,35.2269;70006;;Káto Karouzaná
6;21.7167,38.8030;36075;;Káto Karítsa
35;21.2171,39.1900;47048;;Káto Karyá
28;22.4215,36.7315;23062;;Káto Karéa
62;21.9725,38.8827;35017;;Káto Kanália
142;22.0321,38.8980;35003;;Káto Kambiá
0;23.8473,38.5583;34014;;Káto Kambiá
157;22.1587,38.9024;35003;;Káto Kallithéa
0;22.0713,37.7876;25004;;Káto Kalívia
729;25.0561,35.2863;71414;;Káto Kalésia
127;21.0418,39.2556;47046;;Káto Kalentíni
0;21.6574,38.3745;30020;;Káto Kalavroúza
165;21.0532,39.4126;47043;;Káto Graikikó
1753;22.7773,36.8279;23055;;Káto Glykóvrysi
360;23.1010,39.3112;37010;;Káto Gatzéa
8;22.3961,36.5307;23071;;Káto Gardenítsa
0;25.4138,35.0941;70015;;Katofíyion
954;21.7740,37.4409;27056;;Káto Figália
28;20.6274,38.7709;31080;;Drymónas
0;26.1027,35.1749;72300;;Káto Episkopí
86;25.7185,35.2642;72053;;Káto Eloúnda
0;22.5708,37.4174;22013;;Káto Ntouminá
0;26.1158,35.1557;72300;;Káto Drys
257;22.2838,39.1484;35010;;Thavmakó
141;22.1729,36.9360;24016;;Káto Doloí
0;22.6786,37.4324;22001;;Káto Dolianá
1201;22.7329,38.0249;20200;;Káto Dhiminió
187;20.6569,39.1981;48062;;Káto Despotikó
0;22.2869,37.5399;22100;;Káto Daviá
0;22.4982,39.3311;10438;;Káto Dasólofos
158;22.4792,38.8011;35014;;Káto Dhamásta
0;21.5781,38.0143;25018;;Káto Bráti
18;22.4045,36.4937;23071;;Káto Boularioí
0;21.5024,38.8168;30021;;Káto Ágios Vlásios
0;21.7004,37.9570;25015;;Káto Agía Marína
693;22.8303,37.9475;20011;;Káto Ássos
1264;24.9983,35.2027;70001;;Káto Asítai
0;24.4525,35.2948;74058;;Páno Arménoi
0;25.1691,35.2501;70100;;Káto Arkhánai
597;21.8425,38.3290;26444;;Káto Arachovítika
0;22.2316,37.3341;22021;;Káto Anavrytó
0;22.0615,37.1105;24009;;Káto Ámfeia
0;21.8250,36.8926;24010;;Káto Ampelókipoi
0;21.4000,38.4834;30400;;Káto Elliniká
703;23.0032,37.8487;20004;;Káto Almyrí
799;21.5757,38.1411;25200;;Káto Alissós
220;23.1870,38.0876;19012;;Káto Alepokhórion
5752;21.5500,38.1500;25200;;Káto Achaḯa
0;21.7822,38.4078;30300;;Káto Afroxyliá
0;24.4416,38.0120;34001;;Káto Aetós
0;20.0586,39.6783;49100;;Káto Aetós
70;23.3428,39.1727;37013;;Ágios Geórgios Promyríou
0;24.5484,38.0543;34001;;Katochóri
0;22.2181,38.1366;25003;;Katholikó
0;23.7733,38.5712;34018;;Kathenoí
0;24.1164,35.5345;73200;;Kathianá
0;24.8229,35.3192;74054;;Katerianá
0;20.7479,38.0703;28082;;Káto Kateleiós
0;26.1288,35.1047;72059;;Kateliónas
291;20.4132,39.3556;46030;;Katavóthra
64;21.5906,38.7701;36074;;Katavóthra
504;22.9155,36.8059;23052;;Metamórfosi
0;24.7347,36.9606;84003;;Katavatí
13;25.9737,38.4627;82103;;Katávasis
1331;20.7575,37.8301;29090;;Katastárion
84;20.6092,39.7835;44003;;Katarráktis
297;21.1029,39.4484;47043;;Katarráktis
408;26.1022,38.2663;82102;;Katarráktis
73;21.8354,38.0986;25008;;Katarráktis
0;20.7139,38.1679;28086;;Ágios Nikólaos
0;21.4309,37.6538;27100;;Katarráchi
134;25.8631,36.8263;84008;;Katápola
0;20.6434,38.2260;28080;;Katopodáta
52;20.6623,39.4816;46200;;Katamáchi
0;24.2333,38.1667;34015;;Katalímata
0;25.1524,39.9644;81400;;Katálakkon
0;25.1753,35.2244;70100;;Katalagárion
594;21.3174,37.6560;27067;;Katákolo
30;24.8207,37.8668;84501;;Katákoilos
0;24.0904,38.4201;34500;;Katakalós
106;23.0401,37.8356;20004;;Katakáli
219;21.6866,39.9019;51200;;Katákali
13;24.9037,37.8562;84500;;Katakalaíoi
0;22.9215,37.0722;22300;;Kataíika
92;21.1519,38.9985;30016;;Katáfourko
82;21.3562,39.8471;17676;;Kallithéa
35;21.0991,39.4743;47043;;Katafýgio
311;21.8300,39.2508;43067;;Katafýgi
256;21.9133,38.5170;30023;;Katafygio
0;22.2665,36.9115;24022;;Katafýgio
0;21.5218,39.4298;42032;;Katafýli
97;21.2462,39.6346;35018;;Katáfyto
51;21.4091,39.2093;43066;;Katafýlli
7;21.8872,37.4049;24018;;Kastroúngaina
190;20.6394,39.1050;48061;;Kastrosykiá
0;20.5774,39.2478;48062;;Kastrópoulo
42;22.2218,39.5727;42031;;Kástro
817;23.1601,38.4937;35005;;Kástron
0;20.5564,38.1386;28083;;Kástro
0;21.1370,37.8903;27068;;Kástro
0;21.9076,37.2413;24002;;Kástro
118;24.7452,36.9744;84003;;Kástron
0;24.8942,36.6317;84011;;Agkáli
0;22.2065,38.1427;25003;;Kástro
557;20.9218,39.6307;45221;;Kastrítsa
64;22.9815,36.2674;80200;;Kastrisiánika
0;22.2163,38.7416;33063;;Kastriótissa
0;22.6813,39.6258;54248;;Kastrí
690;20.2740,39.5524;46100;;Kastrí
172;20.9256,39.2883;47046;;Kastrí
352;20.5708,39.2517;48062;;Kastrí
0;23.2563,39.0101;34200;;Kastrí
437;22.2036,38.9459;35011;;Kastríon
0;22.3114,37.1621;23059;;Kastríon
0;24.7585,35.3321;74054;;Kastríon
0;24.3991,37.6490;84002;;Spathí
83;22.1342,37.9459;25007;;Kastriá
0;25.3672,34.9976;70004;;Kastrí
1172;21.6186,39.7169;42200;;Kastráki
419;21.3470,38.7377;30009;;Kastrákion
0;21.7445,38.4590;30026;;Kastráki
912;21.8965,38.4167;33056;;Kastráki
211;21.3726,37.9503;27057;;Mélissa
213;22.5939,37.8930;20017;;Kastráki
0;21.8724,37.6707;22028;;Kastráki
80;20.9103,38.5686;31081;;Kastós
0;22.3052,37.1698;23059;;Kastórion
108;24.4473,35.3089;43064;;Kástellos
0;24.3093,35.3144;74055;;Kástellos
422;22.4158,38.6935;33057;;Kastéllia
0;22.0504,37.9084;25016;;Kastélli
95;25.6505,35.2593;72400;;Kastélli
1828;25.3377,35.2090;70006;;Kastélli
0;25.1051,35.0842;70016;;Kastélli
0;24.9181,35.0594;70012;;Kastélli
0;23.3489,37.3438;21051;;Kastélli
1370;23.6313,38.5705;34400;;Kastélla
12;21.7787,38.7567;36076;;Kastanoúla
106;21.5342,38.7600;30021;;Kastanoúla
15;20.9542,39.8484;44014;;Kastanónas
51;22.0199,37.4166;22025;;Kastanochóri
204;22.6494,37.2634;22009;;Kastanítsa
0;23.1569,38.8991;34200;;Kastaniótissa
0;21.8858,36.9597;24005;;Kastánia
55;22.3999,36.8424;23061;;Kastánia
67;20.4270,39.8368;44002;;Kastaní
490;21.3798,39.7106;17676;;Kastaniá
57;21.5390,39.4499;42032;;Kastaniá
242;21.2995,39.3114;47047;;Kastaniá
264;21.7976,39.2375;43067;;Kastaniá
207;22.2112,38.8474;35016;;Kastanéa
179;21.6870,38.7489;36074;;Kastanéa
0;21.8277,38.6441;25014;;Kastaniá
107;22.3832,37.8661;20014;;Kastaniá
0;22.3110,36.8628;24024;;Kastaniá
0;25.3778,35.1926;70006;;Kastamonítsa
0;25.0826,39.9136;81400;;Káspakas
0;24.0167,35.5000;73134;;Kasimáti
0;25.3129,35.1034;70015;;Kasános
0;22.1838,37.7469;22017;;Karvoúni
0;21.7292,37.2423;24500;;Karvoúni
0;22.0871,37.4670;22022;;Karvounáris
454;20.4833,39.3922;46030;;Karvounári
0;21.3695,38.0407;27052;;Karvounaíika
119;22.9749,36.2051;80200;;Karvounádhes
0;22.2114,37.0740;24020;;Karvéli
0;22.4776,36.7316;23200;;Karvelás
28;21.6602,39.2519;43069;;Karvasarás
0;21.5378,38.3875;30014;;Karvailaíika
13;25.5046,35.2763;70007;;Kartsinianós
0;23.7530,35.4937;73002;;Karthianá
0;21.9890,37.0749;24012;;Karteróli
0;20.3867,39.3900;46030;;Kartérion
96;22.4080,37.8451;20016;;Kartérion
0;25.4455,36.4116;84700;;Karterádhos
1059;22.0113,39.3357;43300;;Karpochóri
0;21.9108,36.9979;24005;;Karpofóra
119;21.2480,39.2084;47044;;Kárpino
700;21.6186,39.9472;42034;;Karperó
6888;21.7984,38.9122;36100;;Karpenísi
7790;27.2132,35.5070;85700;;Karpathos
0;25.2319,39.9340;81401;;Karpásion
0;22.0190,38.4181;33056;;Pýrgos
0;22.2650,38.5259;33053;;Karoútes
0;20.7471,38.1269;28086;;Karoúsa
0;21.9217,38.0754;25000;;Karoúsi
0;21.7000,38.7667;36074;;Karoúla
191;24.3504,35.3286;74055;;Karotí
192;21.7584,39.1724;36073;;Karoplési
13;23.0499,37.5013;84301;;Karnezaíika
0;23.9000,38.4833;34006;;Kárnes
0;21.9903,37.3180;24008;;Karnási
0;21.5535,39.0560;36072;;Karnaíïka
21;21.9292,37.5054;27061;;Kármion
0;26.0200,37.5184;83301;;Karkinágri
0;22.8247,38.4169;32100;;Karkanaíika
0;22.0856,37.6364;22026;;Karkaloú
0;22.3500,39.7333;40400;;Karkatzí
0;25.1207,37.6130;84201;;Karkádos
0;25.1229,35.1606;70100;;Karkadhiótissa
0;22.7620,39.8433;40003;;Karítsa
207;20.6617,39.7356;44003;;Karítsa
56;21.6965,39.2580;43069;;Karítsa
42;21.7237,38.8034;36075;;Karítsa
0;21.7944,38.6841;30025;;Karítsa
0;21.4974,38.4587;30011;;Karítsa
0;22.7765,37.0085;23058;;Karítsa
0;22.0420,37.4851;22022;;Karítaina
5091;24.4161,38.0133;34001;;Kárystos
0;22.3424,36.8567;24023;;Karyovoúni
0;22.4865,36.7014;23066;;Karyoúpoli
321;20.5149,39.4524;46200;;Karyóti
18;22.5773,38.0866;20400;;Kariótika Kamaríou
575;22.6474,38.0640;20400;;Kariótika Karyás
532;20.7150,38.7985;31100;;Kariótai
13;22.4200,36.5372;23071;;Karynia
0;24.5251,35.2456;74053;;Karínes
83;25.6760,35.2949;72053;;Karýdi
0;26.1714,35.1331;72059;;Karýdi
20;25.5583,35.0429;72056;;Karýdi
119;20.9324,39.7329;45444;;Karyés
289;21.7766,39.5299;42100;;Karyés
123;22.4247,39.0814;35010;;Kariaí
618;26.0964,38.3912;82200;;Karyés
0;21.7201,37.4037;27056;;Palio Prasidhaki
352;22.5007,37.2912;23067;;Karyés
0;22.3919,39.9851;40004;;Karyá
0;21.6623,39.2387;43069;;Karyá
199;22.2114,38.9135;35016;;Kariá
0;20.9059,38.8380;30012;;Karyá
589;20.6491,38.7588;31080;;Karyá
35;22.7825,38.7504;35008;;Karyá
40;21.7826,38.6998;30025;;Ryáki
0;22.9985,38.4713;32300;;Karyá
43;20.5774,38.3696;28085;;Karyá
0;21.5478,38.1030;25200;;Karyá
22;22.4147,38.0152;20014;;Kariá
0;21.6229,37.7996;27064;;Karyá
165;22.5463,37.6391;21058;;Kariá
0;25.1804,37.5723;84200;;Karyá
0;25.0667,35.0167;70016;;Kariá
58;23.7622,35.4609;73002;;Karés Kissámou
7;23.9131,35.3953;73005;;Karés Karánou
37;24.0946,35.3871;73008;;Karés Apokorrónou
168;24.1868,35.2969;73013;;Karés Askýfou
55;23.6038,35.4956;73400;;Karefilianá
16;22.4153,36.7360;23062;;Karéa
81;24.4871,35.2873;43064;;Karé
0;25.3276,35.2094;70006;;Kardhoulianós
1950;21.9233,39.3906;43100;;Karditsomagoúla
32789;21.9219,39.3648;43100;;Kardítsa
0;25.0758,37.6047;84201;;Kardianí
0;23.8459,35.4250;73002;;Kardiamianá
576;21.2414,37.8773;27300;;Kardiakáfti
54;21.8475,37.8137;22015;;Kardarítsi
20;22.2952,37.6285;22002;;Kardarás
0;21.9456,38.4378;33056;;Drosáto
12;21.0461,39.3686;47046;;Kárdamos
300;22.2332,36.8878;24022;;Kardamýli
1897;26.0924,38.5285;82300;;Kardámyla
0;24.9477,35.1251;70017;;Kardhamianá
826;21.3395,37.7673;27200;;Kardamás
2132;27.1429,36.7831;85302;;Kardámaina
0;24.6295,35.2077;74061;;Kardáki
0;20.4680,38.2770;28200;;Kardakáta
0;21.5500,39.4833;42032;;Karageorgaíïka
0;23.0156,38.4146;32007;;Karaxíni
0;24.9484,36.6160;84011;;Karavostásis
80;22.3821,36.6987;23062;;Karavostási
0;22.8274,36.6863;23056;;Karavostásion
0;24.3148,35.1894;74000;;Káravos
634;22.7078,38.8889;35300;;Karavómilos
30;22.6119,38.7600;35009;;Karavídhia
129;22.9525,36.3446;80200;;Karavás
0;20.5837,38.1296;28083;;Karavádhos
0;25.3396,35.0814;70015;;Karavádhos
287;23.2089,37.5389;21059;;Karatzás
602;21.5358,37.7356;27064;;Karátoula
21;22.1773,37.4704;22200;;Karátoulas
0;22.5479,37.3591;22013;;Karátoulas
0;21.4488,38.6345;30100;;Karathanasaíika
81;23.9190,35.3988;73005;;Karános
0;21.5209,39.1405;36070;;Karagkoúnika
0;21.5082,38.0989;25005;;Karamesinaíika
0;22.8270,38.4402;32100;;Karampatsaíika
48;21.5217,38.8291;30021;;Karamanaíika
0;21.7945,38.4001;30300;;Karalaíika
0;21.2406,39.1467;47048;;Karachristaíika
0;21.6312,37.8057;27064;;Prinári
0;21.9980,38.3969;33056;;Skáloma
742;21.0917,38.5814;30006;;Karaïskákis
0;22.7930,38.2865;32006;;Karaíika
661;21.5007,38.1089;25005;;Karaíika
0;23.1828,37.2989;18050;;Karafotaíika
0;24.5349,38.0915;34001;;Kapsoúri
0;23.2894,37.4405;21051;;Kapsospíti
287;21.6142,38.5037;30015;;Kapsorráchi
0;21.7404,38.4017;30020;;Kapsochóri
2228;23.6122,39.9878;63085;;Pefkochóri
0;24.2379,35.2038;73011;;Kapsodhásos
252;22.3451,37.6155;22002;;Kápsas
0;21.8464,38.2629;26444;;Kapsálona
76;23.0018,36.1443;80200;;Kapsáli
1;24.6201,35.3394;74052;;Kapsalianá
0;21.3752,39.4560;42037;;Kapsáli
56;21.2581,39.3853;42033;;Kápsala
0;24.2478,38.1419;34015;;Kápsala
0;22.9840,37.0360;22300;;Kapsála
0;21.2734,39.4591;42037;;Kapriátsa
0;24.8960,35.0502;70400;;Kapparianá
110;24.9113,37.7726;84500;;Kappariá
299;22.5100,37.6776;21058;;Kapparélli
0;22.1411,39.2650;43300;;Kappadhokikón
296;21.7549,39.4138;43067;;Kappás
1;23.4708,37.7190;18010;;Kapótides
0;22.0753,37.1611;24007;;Kapoglaíika
61;22.2229,38.8639;35016;;Kapnokhórion
0;21.6098,38.9341;36071;;Kapnochória
0;21.0385,39.3602;47046;;Kapnoí
0;21.8501,36.8180;24010;;Kapláni
0;27.9147,36.2822;85108;;Kapí
544;26.3109,39.3339;81104;;Kápi
0;25.0414,34.9648;70016;;Kapetanianá
0;21.8103,37.6239;27062;;Kapelítsa
0;21.5538,38.1253;25200;;Kápeli
476;21.3701,37.9973;27052;;Kapeléto
25;24.4988,35.3239;74100;;Kapedianá
1478;23.2141,38.2370;19012;;Kaparéllion
3534;23.8794,38.2158;19014;;Kapandríti
0;20.7265,38.1267;28086;;Kapandríti
0;23.6500,35.3333;73012;;Kaouryianá
884;22.1159,37.9103;25007;;Kallithéa
0;21.9637,38.4220;33056;;Pigí
38;20.1559,39.2183;49082;;Kagkátika
0;21.4484,38.0417;27052;;Kagkádi
0;24.2401,38.1479;34015;;Kagkadaíoi
0;24.3999,35.2293;74000;;Kánevos
22;20.8714,39.4915;44013;;Kanétta
241;22.9610,37.5271;21060;;Kándia
866;20.9475,38.7056;22004;;Kandíla
690;22.3792,37.7725;22017;;Kandíla
0;24.9839,34.9893;70012;;Kandhíla
0;21.5024,37.9521;27069;;Kándalos
0;22.0540,37.9413;25011;;Kándalos
0;22.3658,37.4161;22016;;Kándalos
421;23.7414,35.3271;73004;;Kántanos
0;21.3973,37.9845;27052;;Kontalaíika
0;21.6750,37.1844;24500;;Kanavaíika
0;23.1146,38.9938;34012;;Kanatádhika
10;23.0972,37.5125;84301;;Kanapítsa
0;21.6074,37.0500;24400;;Kánalos
2446;20.6000,39.2336;48062;;Kanaláki
964;20.7004,39.0704;48061;;Kanáli
893;22.8859,39.4993;19018;;Kanália
695;21.7996,39.3985;43067;;Kanália
242;21.9659,38.8742;35017;;Kanália
206;23.4157,37.9067;18903;;Kanákia
0;23.8081,35.5307;73006;;Kamisianá
0;23.8286,35.4841;73002;;Kamisianá
162;21.2826,39.0632;30017;;Káminos
310;20.5504,39.4172;46200;;Kamíni
0;25.3235,39.8633;81401;;Kamínia
70;20.8657,39.7658;45333;;Anthrakítis
716;21.6230,38.1499;25018;;Kamínia
0;22.6558,37.4274;22001;;Kaminári
239;20.3776,38.2228;28200;;Kaminaráta
0;25.4661,35.1565;72052;;Kamináki
25;22.9497,36.2732;80200;;Kominiánika
0;23.6536,35.3721;73012;;Kamilianá
795;24.7896,35.0337;70200;;Kamilári
0;21.3194,38.0408;27052;;Brínia
0;21.6018,38.1312;25018;;Kamenítsa
0;22.1920,37.7285;22010;;Kamenítsa
62;21.9629,37.9311;25012;;Kameniánoi
2761;22.7857,38.7784;35008;;Kaména Voúrla
0;21.7287,37.6541;27066;;Kámena
90;21.1944,39.3717;47045;;Kámpos
0;21.3303,39.3539;42033;;Kámpos
22;21.0383,39.3539;47046;;Kámpos
0;20.7167,39.3333;44009;;Kámpos
0;22.0049,38.4529;33060;;Kámpos
123;21.5018,37.8686;27069;;Kámpos
71;25.1486,37.5783;84200;;Kámpos
0;24.9155,37.4935;84100;;Kámpos
41;23.1472,37.4122;84301;;Kámpos Kranidíou
633;26.5576,37.3529;85500;;Kámbos
372;22.2027,36.9381;24016;;Kámpos
10;22.9704,36.2836;80200;;Kámbos
25;23.5732,35.3905;73012;;Kámpos
0;22.1587,37.2657;22021;;Kampochóri
0;24.0689,35.4197;73200;;Kámpoi
0;20.7364,38.1359;28086;;Kampitsáta
59;20.6849,37.7799;29090;;Kampíon
23;22.3825,36.6337;23062;;Kampináres
50;25.9831,38.5714;82300;;Kampiá
0;23.8524,38.5695;34014;;Kambiá
0;24.2194,35.4447;73003;;Kambiá
928;20.8999,39.2175;48200;;Kampí
0;23.7985,35.3105;73009;;Kampanós
0;24.0933,35.5390;73133;;Kampáni
0;23.1818,38.8941;34200;;Kamatriádes
29179;23.7051,38.0559;37200;;Kamaterón
0;21.1564,39.2356;47044;;Kamaroúla
595;21.4455,38.6301;30100;;Kamaroúla
0;23.5728,38.6176;34400;;Kamarítsa
0;22.1513,37.3499;22021;;Kamarítsa
0;24.9096,35.3126;74051;;Kamariótis
22;23.7663,38.4621;34008;;Kamári
0;23.6676,38.4331;34100;;Kamárion
885;22.5822,38.0928;20400;;Kamári
0;22.4130,37.4402;22012;;Kamári
0;21.7818,37.3089;24021;;Kamári
0;25.1482,37.0143;84007;;Kamári
46;25.8259,36.7944;84008;;Kamárion
0;25.0112,35.2724;70013;;Kamárion
444;20.6716,39.1345;48061;;Kamarína
29;21.7035,39.1403;36073;;Kamária
0;23.1735,38.9295;34200;;Kamária
0;21.7737,36.8111;24006;;Kamária
0;23.7846,35.2815;73009;;Kamária
0;22.5197,36.6905;23066;;Kamáres
0;21.2950,39.0017;30017;;Kampráki
5;24.9287,35.3047;74051;;Kamarákion
1200;21.9989,38.2988;25009;;Kamárai
0;22.4161,37.0631;23100;;Kamárai
245;24.6773,36.9879;84003;;Kamárai
280;24.8197,35.1534;74059;;Kamáres
148;22.1810,37.2416;22021;;Kamára
0;23.7472,35.5335;73006;;Kamára
0;24.7833,35.3500;74054;;Kamára
62;22.3219,37.3225;22011;;Kaltezés
15;22.3164,37.7179;22002;;Orchomenós
625;20.6239,39.8878;44004;;Kalpáki
0;23.6883,39.1563;37003;;Kalóyiros
217;21.5247,39.4838;42032;;Kalógiroi
0;24.6489,35.2557;74061;;Kalóyeros
0;21.9298,37.1270;24013;;Kalogerórachi
138;25.6710,35.0310;72200;;Kalógeroi
491;20.9159,39.0820;47042;;Kalogerikó
0;21.8219,37.1885;24003;;Kalogerési
0;21.9673,37.1328;24013;;Kalóvrysi
589;20.9178,39.1271;47042;;Kalóvatos
0;22.4226,38.5906;33100;;Drosochóri
23;20.8358,39.7818;44018;;Kaloutás
166;21.8003,38.0332;25008;;Kaloúsi
0;21.6738,38.4926;30008;;Kaloúdi
331;23.6879,35.4853;73400;;Kaloudianá
101;22.5814,38.7129;35002;;Tithrónio
2;25.6932,35.2408;72053;;Kalós Lákkos
0;26.1245,35.0573;72059;;Kalós Lákkos
346;22.3225,38.6892;33063;;Kaloskopí
73;22.3972,36.6328;23062;;Kalós
0;25.0746,35.1630;70011;;Kalós
0;24.1462,35.5491;73200;;Kalórrouma
2;22.3706,36.4896;23071;;Kalópyrgos
0;21.5867,37.8339;27069;;Kaló Paidí
0;22.5353,39.4483;41500;;Kaló Neró
559;21.7017,37.2988;24500;;Kalón Nerón
764;23.5960,38.3881;34100;;Kalochóri - Panteíchi
290;25.3412,35.2777;70014;;Kaló Chorió
353;25.7240,35.1160;72100;;Kaló Chorió
0;25.2801,35.1179;70300;;Kálo Chorió
1197;26.1569,35.0446;72059;;Kaló Chorió
24;22.4098,36.5162;23071;;Kalonioí
222;24.3921,35.3015;74058;;Kalonýktis
277;21.5875,39.6356;42200;;Kalonéri
0;22.8158,38.4201;32100;;Kalomoiraíika
508;21.4114,39.7501;17676;;Kalomoíra
0;22.5450,39.7203;40006;;Kalochóri
62;20.6139,39.6777;44017;;Kalochóri
0;21.8543,36.9680;24014;;Kalochóri
92;24.8185,35.1101;74059;;Kalochorafítis
15;22.9491,36.1998;80200;;Kalokairinaí
0;24.8019,34.9321;70009;;Kaloí Liménes
0;24.1342,35.2674;73013;;Kaloí Lákkoi
259;21.4879,39.6478;42200;;Kalogrianí
760;21.8732,39.4651;43061;;Kalogrianá
0;22.4368,37.0684;23100;;Kalogoniá
0;25.7796,36.7916;84008;;Kalofána
0;20.1333,39.2333;49082;;Kalodhikátika
150;21.0929,39.3536;47045;;Kalloní
7762;26.2072,39.2332;81107;;Kalloní
0;21.9756,38.6824;33059;;Kalloní
201;25.1188,37.6102;84201;;Kalloní
669;23.2887,37.5388;18030;;Kalloní
0;25.1913,35.2061;70100;;Kalloní
1098;21.9049,39.2810;43100;;Kallíthiro
0;21.7285,38.1634;25002;;Kallitheókampos
0;22.1894,39.9795;40200;;Kallithéa
0;25.2091,39.9028;81401;;Kallithéa
0;23.2493,39.2393;37006;;Kallithéa
0;22.5237,39.1997;40300;;Kallithéa
11;21.7995,38.8854;36100;;Kallithéa
355;21.6131,38.6240;30008;;Kallithéa
458;23.8965,38.4250;34006;;Kallithéa
286;22.1409,38.3911;33058;;Kallithéa
0;23.4431,38.3101;32200;;Kallithéa
0;21.7467,38.1631;26333;;Ano Kallithéa
232;22.4542,38.0644;20009;;Kallithéa
100641;23.7000,37.9500;17673;;Kallithéa
238;20.7718,37.8100;29090;;Kallithéa
136;26.5829,37.7332;72058;;Kallithéa
949;21.8199,37.5517;27062;;Kallithéa
119;22.8817,37.5374;21060;;Kallithéa
0;22.6429,37.0895;22020;;Kallithéa
0;21.7878,36.8800;24001;;Kallithéa
0;25.1736,35.3123;71409;;Kallithéa
151;21.2940,39.6269;35018;;Kallirói
273;21.9301,37.2663;24008;;Kallirröḯ
0;22.4603,39.9666;40008;;Kallipéfki
0;25.3396,39.9203;81401;;Kalliópi
0;22.1716,38.5537;33053;;Kállio
958;26.1021,38.2935;82102;;Kallimasiá
0;24.2566,35.2480;73013;;Kallikrátis
197;20.7058,38.8169;31100;;Kalligónion
1991;21.9613,39.2771;43100;;Kallifóni
0;22.0154,37.9504;25011;;Kallifóni
168;22.6716,38.7284;35009;;Kallídhromon
0;24.4876,38.1317;34001;;Kallianós
234;21.9250,37.6888;22008;;Kalliáni
56;23.6765,35.4821;73400;;Kallergianá
0;24.6730,35.3549;74052;;Kallérgos
236;21.1222,39.5845;44001;;Kalarrýtes
0;24.7956,35.3126;74054;;Kálivos
0;22.2025,38.1286;25003;;Kalyvítis
14424;23.9250,37.8389;19010;;Kalývia Thorikoú
0;22.4549,37.1635;23064;;Kalívia Theológou
287;22.4191,37.0170;23100;;Kalívia Sokhás
0;22.0801,37.8432;25004;;Kalývia Skotánis
15;22.9635,39.0339;37007;;Loutró
0;22.1880,37.7799;22017;;Kalývia Karnési
0;22.1439,37.8228;25007;;Pagkrataíika Kalývia
136;23.6084,35.5120;73400;;Kalyvianí
125;20.6655,39.9805;44016;;Kalývia Kleidoniás
477;20.7809,39.2100;48300;;Týrgia
31;22.0604,37.4197;22200;;Káto Karyés
0;22.1063,37.8344;25007;;Kalývia Filaíika
54;21.7050,39.3126;43067;;Kalývia Fylaktís
0;22.7757,39.5604;40003;;Kalývia Eláfou
0;22.0259,39.8339;40005;;Kalývia Analípsis
2;20.6460,39.9054;44016;;Kalývia Elafótopou
151;21.7288,39.7696;42035;;Kallithéa
0;22.4333,39.6500;41336;;Kalívia
0;22.7115,39.5965;40003;;Káto Amygdalí
223;21.7187,39.3090;43067;;Kalývia Pezoúlas
0;21.2199,38.9611;30017;;Kalývia
0;23.4363,38.7426;34004;;Kalývia
965;21.2923,38.6174;30027;;Kalývia
0;21.6734,38.5816;30008;;Kalývia
81;22.5490,38.5150;32004;;Kalívia
0;20.6418,38.4481;28301;;Kalývia
0;24.4101,38.0388;34001;;Kalývia
225;22.2962,37.9189;20014;;Archaía Feneós
0;21.7708,37.9018;27063;;Kalývia
0;21.3646,37.8860;27059;;Kalívia
0;21.9394,37.8541;22015;;Ágios Geórgios
0;21.2145,37.8537;27050;;Kalývia
0;22.1376,37.3150;22021;;Kalývia
0;22.0255,37.2460;24002;;Kalývia
121;22.5276,36.6689;23066;;Kalývia
0;25.2274,35.0583;70010;;Kalívia
21;24.8319,35.0569;70400;;Kalývia Pyrgiotíssis
82;22.7161,38.0088;20200;;Valtsaíika
47;24.7482,37.9618;84501;;Kalivári
0;22.0756,39.4460;43200;;Kalyvákia
0;21.5330,37.9096;27069;;Kalyvákia
0;21.6707,37.6346;27065;;Néa Kalyvákia
0;22.0852,37.4884;22022;;Kalivákia
0;22.2452,36.9036;24022;;Kalívai
1457;24.1751,35.4505;73003;;Kalýves
0;21.8099,37.3768;24021;;Kalítsaina
30;22.9636,36.1936;80200;;Kalisperiánika
0;24.3811,35.2369;74000;;Kalí Sykiá
709;20.8379,37.8008;29092;;Kalipádhon
12324;26.9839,36.9503;85200;;Kálymnos
0;24.0895,38.6160;34019;;Kalimeriánoi
125;21.4057,39.3618;43065;;Kalí Kómi
0;20.5355,38.1140;28083;;Kaligáta
0;23.7509,35.5241;73006;;Kalydónia
0;21.7041,37.4684;27054;;Kalídhona
174;22.4948,37.8892;20016;;Kaliánoi
59;22.1551,36.9177;24016;;Kalianaíika
0;21.6066,37.9030;27069;;Kálfas
77;21.7092,38.9368;36100;;Kalesménon
0;24.4715,38.1402;34001;;Kalérgo
276;21.7613,37.9497;25015;;Kaléntzi
334;22.7710,37.8757;20001;;Kaléntzi
0;21.6863,38.3829;30020;;Kalavroúza
0;25.9700,35.1904;72057;;Kalavrós
1629;22.1125,38.0322;25001;;Kalávryta
514;27.9485,36.3410;85106;;Kalavárda
160;23.6680,35.4356;73010;;Kaláthenes
0;21.4554,37.8745;27069;;Kalathás
0;20.3871,38.2417;28200;;Kaláta
0;22.2962,37.2130;23065;;Gklekaíika
333;22.8829,38.6341;35200;;Kalapódi
0;21.7058,39.3163;43067;;Kalantzaíïka
0;21.8581,38.0511;25008;;Kálanos
0;21.8571,38.0648;25008;;Kalanístra
0;22.4970,38.5390;33054;;Kalánia
594;23.1209,39.3060;37010;;Kalá Nerá
674;23.4006,39.9710;63077;;Kalándra
0;23.2809,38.8279;34005;;Kalamoúdi
569;26.0453,38.2341;82102;;Kalamotí
0;23.1871,39.2224;37006;;Kálamos
454;20.9295,38.6215;31081;;Kálamos
4941;23.8631,38.2845;46032;;Kálamos
0;25.9967,37.5322;83301;;Kálamos
0;21.8148,36.9476;24014;;Kálamos
223;23.0302,36.1564;80200;;Kálamos
0;23.6889,35.2725;73001;;Kálamos
0;24.2272,35.3850;73007;;Kalamítsi Amygdáli
0;24.2202,35.3817;73007;;Kalamítsi Alexándrou
39;23.9894,39.9920;63072;;Kalamítsi
211;20.6040,38.7573;31080;;Kalamítsion
0;23.6289,35.3033;73012;;Kalamiós
0;20.8833,38.7667;30012;;Kalamióna
0;22.0706,37.0623;24009;;Kalámi
0;22.4230,37.0439;23100;;Kalámion
76;24.1474,35.4680;73003;;Kalámion
44;25.4970,35.0292;70004;;Kalámion
0;22.2669,38.1482;25006;;Kalamiás
1018;20.9321,39.1653;47042;;Kalamiá
0;23.2840,39.2271;37006;;Kalámi
0;23.0667,38.8500;34300;;Kalámi
8138;21.6269,39.7044;42200;;Kalampáka
0;26.1081,35.1171;72059;;Kalamáfki
425;25.6568,35.0754;72056;;Kalamáfka
54100;22.1126,37.0391;24100;;Kalamata
0;21.9637,37.1094;24013;;Kalamarás
0;22.7457,39.5708;40003;;Kalamáki
0;23.2126,39.3396;37010;;Kalamáki
169;22.3520,38.9995;35100;;Kalamákion
0;21.4928,38.1565;25200;;Kalamaki
0;21.6074,38.0968;25018;;Kalamáki
41720;23.7236,37.9103;17455;;Álimos
1226;20.9029,37.7417;29100;;Kalamákion
100;22.6951,37.5346;21053;;Kalamákion
0;21.9305,36.9246;24005;;Kalamákion
0;23.1249,38.2000;19012;;Kalamáki
24;23.0162,37.9244;20010;;Palaió Kalamáki
0;21.3308,37.7078;27067;;Kalakaíika
0;24.4337,37.4382;84006;;Agía Eiríni
0;21.9016,38.2911;25009;;Kakóvatos
421;21.6442,37.4560;27054;;Kakóvatos
0;22.3777,37.6762;22002;;Artemísio
0;21.9233,37.5852;22028;;Kakouraíika
0;21.7012,37.8388;27063;;Kakotári
67;21.8993,36.9015;24010;;Kakórrevma
271;21.4326,39.8291;17676;;Kakoplévri
50;23.7596,35.4151;73002;;Kakópetros
0;24.3162,38.0613;34013;;Kakogkióni
53;25.6820,35.1940;72100;;Kakokámotes
0;23.6985,35.3052;73004;;Kakodhíkion
0;23.4123,38.7325;34005;;Kákavos
0;21.7408,37.3000;24021;;Kákkavas
0;21.7606,38.0214;25015;;Kákiza
0;21.7561,38.0446;25015;;Kakavoulaíika
9;21.7547,38.8626;36075;;Kakalioraíika
25;21.9322,37.4045;22025;;Kakalétrion
0;21.6406,38.3730;30014;;Kakaíika
0;20.4419,39.4502;46200;;Kaḯtsa
497;22.5634,37.9518;20017;;Kaisário
26370;23.7652,37.9634;16122;;Kaisarianí
0;25.2588,35.2847;70008;;Kainoúryion Khoríon
1138;22.7247,38.7928;35008;;Kainoúryion
2790;21.4878,38.6045;30005;;Kainoúryion
14;22.4731,36.4434;23071;;Kainoúrgia Chóra
0;21.7078,36.8637;24006;;Kainoúrgio Chorío
0;24.1647,35.4058;73008;;Káïna
32;25.5433,35.0299;72056;;Kaiménos
21;23.3337,37.6146;21061;;Kaïméni Khóra
0;21.6004,37.5142;27054;;Kaïáfas
0;22.8346,38.4334;32100;;Kafritsaíika
0;23.7951,35.4505;73002;;Kafoúros
24;21.9060,36.8889;24010;;Kafoú
25;22.4012,36.5780;23066;;Kafióna
0;23.7050,35.2860;73004;;Kádhros
0;24.0543,38.5803;34016;;Kádhion
0;28.1837,36.4186;85101;;Micsi
1843;20.7185,38.3642;28300;;Itháki
346;22.5191,39.8627;40004;;Itéa
70;21.0103,39.7662;44014;;Itéa
1301;22.1658,39.4567;43062;;Itéa
6050;22.4244,38.4320;33200;;Itéa
0;27.8291,36.1118;85109;;Ístrios
4339;23.1521,38.9552;34200;;Istiaía
2709;23.0046,37.9136;20010;;Isthmía
0;25.0532,37.6215;84201;;Ystérnia
0;21.5333,39.3667;43065;;Isómata
49;23.9072,39.1830;34002;;Isómata
15;21.6175,38.7821;36074;;Isómata
14;22.0460,37.4282;22022;;Ísoma Karyón
351;21.6947,38.0999;25018;;Ísoma
0;21.4786,39.4430;43065;;Isiómata
105;22.0140,37.3635;22025;;Ísaris
453;23.0119,37.4867;84301;;Íria
49642;23.7652,38.0528;14122;;Irákleio
137154;25.1434,35.3279;71306;;Irákleion
469;22.4463,38.8042;35014;;Iráklia
276;21.5706,37.6936;27060;;Irákleia
148;25.4558,36.8376;84503;;Irakleiá
191;22.0814,37.5550;22024;;Stemnítsa
0;22.0400,38.6439;33062;;Psiló Chorió
0;21.7498,37.6380;27066;;Ypsiló
104;26.2450,39.3144;81109;;Ypsilométopon
0;21.5785,38.1164;25200;;Psilí Ráchi
0;23.0136,38.3724;32007;;Ypsilántis
65;24.9169,37.8394;84500;;Ypsiloú
0;21.2833,37.9167;27051;;Ippoforvíon
208;26.4135,39.1166;81101;;Íppeio
0;23.3939,38.3882;32200;;Ýpato
496;22.2416,38.8714;35016;;Ypáti
2024;25.2817,36.7229;84001;;Íos
65574;20.8519,39.6634;45332;;Ioánnina
0;25.2814,35.0941;70300;;Ínion
0;25.0482,35.0783;70016;;Ínia
469;25.4229,36.4330;84702;;Merovígli
0;24.1707,35.2535;73013;;Ímpros
35;20.9103,39.9801;44010;;Iliochóri
550;23.2671,37.4446;21051;;Iliókastron
524;20.9675,39.6176;45110;;Iliókali
33;23.3024,38.4337;32200;;Ylíki
0;22.2128,39.4585;43062;;Ilías
233;23.1242,38.8521;34300;;Ília
0;21.9252,37.2989;24008;;Iléktra
285;21.7234,36.9956;24600;;Íklaina
0;24.3667,38.0500;34013;;Ikaraíoi
9496;20.2673,39.5034;46100;;Igoumenítsa
0;20.1781,39.2038;49082;;Geromónachos
169;20.5774,39.7736;44003;;Ieromními
120;23.0566,36.8058;23068;;Gérakas
12355;25.7423,35.0119;72200;;Ierápetra
369;26.7489,37.7796;83200;;Ydroússa
1900;23.4656,37.3498;18040;;Ýdra
0;21.8638,36.8111;24010;;Yámeia
0;22.5245,39.6895;54248;;Chasámpali
0;22.2662,39.3887;43062;;Ypéreia
0;23.9833,35.5167;73131;;Hají Yelási
0;21.8276,37.0176;24014;;Chatzís
0;21.3261,39.4028;42033;;Chatzí
0;21.8543,36.9910;24014;;Charavgí
0;25.0691,36.9825;84007;;Sorós
0;21.8302,36.8162;24010;;Grizókampos
0;20.6403,38.2211;28080;;Grizáta
1192;22.0526,39.6319;42031;;Grizáno
82;20.5499,39.6677;44017;;Gkrímpovo
0;23.7777,35.5376;73006;;Grimpilianá
118;21.3734,39.2291;43066;;Grimpianá
277;21.6690,37.5797;27055;;Grýllos
262;20.4253,39.4656;46200;;Gkríka
97;21.9881,38.2270;25100;;Grigóris
0;21.9852,38.6312;30023;;Grigóri
0;23.6885,35.3176;73004;;Grigorianá
173;24.8094,35.1323;74059;;Grigoría
211;20.9569,39.2118;47100;;Grímpovo
167;21.5728,39.9136;42034;;Ánoixi
168;21.3801,39.2648;47047;;Miliés
193;21.0027,39.8053;44014;;Greveníti
90;21.2817,39.3670;42033;;Karyá
68;21.0571,39.4315;47043;;Graviá
1811;22.4312,38.6716;33057;;Graviá
43;20.5301,39.7248;44017;;Granitsopoúla
0;21.3683,37.6825;27067;;Granitsaíika
85;20.5873,39.6112;44017;;Granítsa
360;21.5111,39.1025;36072;;Granítsa
24;21.7357,38.7265;36074;;Granás
92;23.6070,35.4865;73400;;Gramvoúsa
0;22.6531,36.9060;23051;;Ampelochóri
176;20.7112,39.6553;45110;;Gramméno
1258;20.9793,39.1844;47100;;Grammenítsa
0;22.0068,38.7359;33059;;Gramméni Oxyá
335;22.1964,38.9653;35011;;Gramméni
802;21.5057,38.5278;30015;;Grammatikoú
0;21.5771,37.7120;27060;;Grammatikós
0;22.2135,39.2452;43063;;Grammatikón
1383;23.9650,38.2025;19007;;Grammatikó
0;24.0838,38.6229;34019;;Grammatikiánoi
0;20.1379,39.2168;49082;;Grammatikaíika
0;24.4280,38.0330;34001;;Grampiá
1528;25.6913,35.0147;72200;;Gra Liyiá
2;22.2328,37.3141;22021;;Graikós
1263;20.2761,39.4979;46100;;Graikochóri
73;21.9587,38.2109;25000;;Graíkas
177;21.6990,37.5611;27055;;Graíkas
0;23.2466,39.0029;34200;;Goúves
0;22.7521,36.9100;23055;;Goúves
539;25.3133,35.3105;70014;;Goúves
0;21.5661,38.6116;30010;;Goúva
0;24.1810,38.3728;34017;;Alónia
1628;25.2774,35.3263;70008;;Goúrnes
0;25.0936,35.2957;71410;;Goúrnai
297;21.2218,38.6159;30009;;Gouriótissa
0;21.0343,39.4143;47043;;Gourianá
862;21.2613,38.4729;30007;;Gouriá
0;21.4335,38.5202;30011;;Gourgoutsaíika
0;24.6255,35.2032;74061;;Gourgoúthoi
0;21.6839,39.0167;36071;;Agios Konstantinos
0;20.9337,39.3356;47046;;Gkoúra
231;22.3414,37.9335;20014;;Goúra
0;22.1606,37.2272;22021;;Goúpata
0;22.4237,37.0368;23100;;Goúnaris
0;22.2360,38.0165;25001;;Áno Mesoroúgi
588;21.6185,37.7624;27064;;Goúmero
0;21.9670,38.4497;33056;;Filothéi
133;22.3386,38.1519;25010;;Goumaíika
131;22.9351,38.7089;35200;;Goulémion
73;24.4984,35.2836;74053;;Gouledianá
0;22.4633,36.4645;23071;;Goulás
0;21.5652,38.9651;36071;;Goulaíika
0;26.0987,35.0112;72059;;Goúdhouros
36;22.9897,36.1981;80200;;Goudhiánika
0;22.8463,36.9869;23060;;Gkiótsali
66;20.5551,39.8623;44004;;Bolaíika
289;20.9188,39.5817;45110;;Gorítsa
0;20.3833,39.4167;46030;;Gorítsa
0;22.5659,37.0293;23054;;Goritsá
146;21.7697,38.9081;36100;;Gorianádhes
571;21.5882,39.5475;42032;;Gorgogýri
0;22.0143,39.4017;43100;;Gorgovítes
0;21.0569,39.4601;47043;;Gorgoúsa
420;22.3966,38.8325;35014;;Gorgopótamos
0;20.9441,39.3206;47046;;Gorgómylos
0;22.4365,36.9179;23054;;Goránoi
157;22.6292,37.9373;20015;;Gonoússa
2110;22.4765,39.8615;40004;;Gónnoi
20;24.1948,35.2851;73013;;Goní Askýfou
0;24.9282,35.2962;74051;;Goníai
0;25.4425,35.2301;70005;;Goníai
106;20.8853,39.3571;44009;;Gonía
565;24.4179,35.3228;74058;;Goniá
0;22.4980,36.6280;23066;;Gonéa
0;21.5033,38.1209;25005;;Gomostó
4097;21.6934,39.4641;43060;;Gómfoi
101;21.2828,39.3752;42033;;Gkolfári
0;21.8911,38.4929;30026;;Golémi
0;21.6748,37.9964;25015;;Golémi
0;23.3500,38.2833;32200;;Golémi
0;23.7833,35.3333;73004;;Gnafianá
84;20.4435,39.7340;46033;;Kefalochóri
987;23.6157,39.1752;37002;;Glóssa
0;23.7761,35.4712;73002;;Glóssa
56;21.2887,39.3935;42033;;Glístra
522;21.8647,39.5122;43061;;Glínos
0;21.3596,39.2824;47047;;Choutianá
585;25.4017,37.0710;84300;;Glinádo
0;21.7721,37.3048;24021;;Glykorízi
230;21.5299,39.6217;42200;;Glykomiliá
449;20.6066,39.3269;46031;;Glykí
0;23.8211,38.6641;34014;;Glifádha
87305;23.7580,37.8629;16674;;Glyfáda
0;21.7533,37.0028;24600;;Glyfáda
612;22.9668,38.9534;34012;;Glífa
0;21.1445,37.8422;27050;;Glýfa
26;22.3937,36.6210;23062;;Gklézi
0;22.5667,39.6167;40009;;Glávki
0;22.8879,39.4402;38445;;Glafyrá
63;25.5544,35.0167;72056;;Gdóchia
12606;25.0669,35.3253;71414;;Gázi
366;21.5967,39.7990;42034;;Gávros
35;21.7385,38.8308;36075;;Gávros
0;21.8825,38.5100;30026;;Gávros
0;21.6290,38.3829;30014;;Gavrolímni
109;20.6944,39.8064;44007;;Gavrisioí
810;24.7371,37.8840;84501;;Gávrio
51;21.6817,39.0723;36073;;Gávrina
147;22.8758,39.0008;35013;;Gavrianí
379;20.9484,39.1041;47042;;Gavriá
9;22.1386,37.3306;22021;;Gavriá
0;23.9037,35.4675;73005;;Gavranoú
216;22.1754,39.1616;43063;;Gavrákia
1018;21.5323,38.5290;30015;;Gavaloú
0;23.7980,35.4842;73002;;Gavalomoúri
0;24.2101,35.4270;73008;;Gavalokhórion
0;24.0852,38.4525;34500;;Gavalás
47;22.9270,37.6375;21000;;Gátzia
8114;21.2500,37.8500;27300;;Gastoúni
0;25.2653,35.1369;70300;;Gási
0;23.9877,35.4724;73300;;Garípa
0;25.2461,35.0767;70300;;Garípa
6864;21.6381,37.0652;24400;;Gargaliánoi
0;22.4494,37.4415;22012;;Garéa
22;20.7775,39.7070;45333;;Mikró Gardíki
36;20.4464,39.7163;46033;;Gardíki
207;21.2572,39.5414;35018;;Gardíki
663;20.5647,39.3588;46031;;Gardíki
231;21.9730,38.8349;36076;;Gardhíkion
0;24.7877,35.3443;74054;;Garázon
0;25.0105,35.0595;70012;;Gkagkáles
0;24.0467,38.5437;34016;;Neochóri
0;21.8622,36.9192;24010;;Gamvriá
0;20.7667,39.2833;48300;;Galpáki
13;23.6414,35.4603;73400;;Galouvás
922;24.4520,35.3469;43064;;Gállos
0;24.8839,37.4226;84100;;Galissás
0;25.2669,35.2791;70008;;Gálipe
273;25.4250,37.1179;84300;;Galíni
0;25.2809,35.2625;70008;;Galífa
852;24.8701,35.0780;70400;;Galiá
2597;22.3800,38.3807;33052;;Galaxídhion
0;23.2240,38.9637;34200;;Galatsóna
59345;23.7500,38.0167;11142;;Galátsi
0;23.1713,38.8925;34200;;Galatsádes
105;20.7973,39.2806;48300;;Galatás
1057;21.5622,38.3574;30014;;Galatás
63;22.5685,37.8263;20500;;Galatás
0;21.9972,37.7182;22008;;Galatás
2195;23.4489,37.4962;18020;;Galatás
3166;23.9634,35.4986;73131;;Galatás
0;25.2474,35.1821;70300;;Galatás
438;22.9824,37.8495;20005;;Galatáki
0;21.6114,37.9360;25015;;Gálaros
0;24.0000,35.4833;73300;;Galariá
0;22.1744,39.8474;40200;;Galanóvrysi
69;21.1835,39.1554;47048;;Galáni
15;23.3049,35.8589;80100;;Galanianá
59;24.4940,37.1909;84005;;Galaní
0;24.1333,35.5167;73200;;Galangádhos
455;25.4106,37.0751;84300;;Galanádo
0;24.3677,38.0876;34013;;Galána
1899;20.8741,37.7913;29100;;Gaïtánion
0;24.0423,38.5349;34016;;Gáïa
0;22.3955,36.5893;23062;;Ftíon
52;23.6350,35.4642;73400;;Fterólakka
181;20.6865,38.6559;31084;;Fternón
0;21.4742,38.6724;30005;;Fteriá
0;21.4016,39.3844;43065;;Ftéri
0;21.4064,39.3388;43065;;Ftéri
70;22.4258,37.7117;21058;;Frousioúna
183;20.5979,39.4523;46200;;Frosýni
301;21.7025,37.6210;27065;;Fríxa
494;20.6850,38.8265;31100;;Frínion
78;22.9819,36.2617;80200;;Frilingiánika
23;20.6639,38.4584;28301;;Fríkes
0;24.3838,38.0747;34013;;Frygáni
357;26.9233,35.4162;85800;;Fry
0;24.1443,35.3822;73007;;Fres
58;22.5989,37.6093;21057;;Fréngaina
14;21.0414,39.5013;47043;;Fráxos
9;21.0400,39.3825;47046;;Fráxos
115;21.2950,39.3195;42033;;Fráxo
0;20.7167,38.7500;31084;;Fraxí
148;22.9772,36.2210;80200;;Frátsia
0;24.4791,35.1997;74053;;Fratíon
0;21.0366,39.4535;47043;;Frásta
0;20.5475,38.4591;28084;;Frapáta
551;22.3881,38.8497;35100;;Frantzís
14;22.4075,36.5946;23066;;Fragkoúlias
0;21.3805,38.5160;30011;;Fragkoulaíika
0;21.4504,38.1919;25005;;Karnári
20;21.2805,39.0919;30017;;Frágkou
43;21.4323,38.7500;30021;;Frangóskala
513;21.8431,39.3563;43100;;Frágko
0;24.2341,35.1821;73011;;Frangokástellon
0;20.5753,38.1770;28083;;Fragkáta
0;21.7596,38.3655;30020;;Fragkaíika
77;20.8822,39.8303;44018;;Fragkádes
0;21.4834,38.0742;25005;;Frágka
0;23.6333,35.3000;73012;;Framéno
62;23.0090,36.6181;23070;;Foútia
0;21.9627,37.6939;22008;;Foúskari
80;21.4926,39.1775;36070;;Fousianá
0;23.5000,38.8000;34004;;Foúrnoi
0;22.3018,38.1511;25006;;Foúrnoi
301;23.1796,37.4312;84301;;Foúrnoi
0;25.0270,34.9919;70016;;Fournofárangon
0;20.7438,38.0936;28082;;Fournióti
221;25.6624,35.2583;72400;;Fourní
0;23.9414,35.4375;73005;;Fournés
0;21.2810,37.9609;27053;;Fournaraíika
20;23.6188,35.4960;73400;;Fournádos
734;21.8753,39.0600;36080;;Fourná
543;23.4154,40.0057;63077;;Foúrka
0;23.7621,35.4652;73002;;Fourianá
0;24.7117,35.2115;74062;;Fourfourás
0;23.8333,35.4667;73002;;Foundoulianá
0;21.5529,39.2540;43069;;Fountotó
0;22.6155,37.4023;22013;;Foúntoma
0;22.2794,37.2323;23065;;Foundaíika
79;24.4601,35.2740;74058;;Foteinós
9;20.5353,39.7495;44003;;Foteinó
304;21.1085,39.1340;47040;;Foteinó
0;24.3358,37.6590;84002;;Fotimárion
0;23.7707,35.4332;73002;;Fotakádo
499;21.6852,39.5535;25013;;Fotáda
183;21.5911,38.0809;25018;;Fóstaina
83;20.9838,39.5120;44013;;Fortósi
0;21.3818,38.9821;30017;;Fortopós
0;21.7125,37.3906;24021;;Fónissa
0;22.0659,38.2206;25100;;Foniskariá
0;24.2281,35.3561;73007;;Fonés
98;21.4269,37.7401;27100;;Fonaḯtika
2293;21.7198,37.7898;27066;;Folói
667;24.9202,36.6279;84011;;Folégandros
0;20.5241,38.1313;28083;;Fokáta
0;22.3799,36.5328;23071;;Fokalotón
0;24.8833,37.4000;84100;;Foinikas
573;21.8069,36.8081;24006;;Foinikoúnta
138;20.3368,39.6139;46300;;Foiníki
0;22.9029,36.7358;23056;;Foiníki
0;27.1174,35.4926;85700;;Foiníki
0;24.9315,37.4604;84100;;Foiníkia
0;25.3940,36.4636;84702;;Foinikiá
0;25.1063,35.2814;71410;;Foinikiá
0;21.7511,36.8162;24006;;Foiníki
192;24.0512,37.7844;19001;;Dipséliza
457;24.9583,35.3825;71414;;Fódele
0;21.1914,39.1201;47048;;Paliá Floriáda
0;23.7310,35.3777;73004;;Flória
469;21.6619,39.3582;43060;;Anthochóri
151;22.4695,36.6244;23066;;Flomochóri
0;21.6375,38.0291;25015;;Flókas
0;21.6128,37.6463;27065;;Flókas
0;21.6711,37.0765;24400;;Flóka
39;22.9181,36.6941;23056;;Flóka
0;24.1473,38.4501;34017;;Fléves
0;21.6918,38.4562;30008;;Flesouriás
73;21.7611,37.1029;24600;;Flesiás
70;26.0794,38.2397;82102;;Flátsia
0;24.9628,35.0095;70012;;Flathiákai
100;25.6620,35.1885;72051;;Flamourianá
560;21.7662,39.5264;24101;;Flamoúli
202;22.2531,39.9706;40200;;Flámpouro
191;21.7609,39.8039;42035;;Flampourési
70;20.9901,39.8546;44014;;Flampourári
181;20.7518,39.0615;48061;;Flámpoura
0;21.9996,38.0400;25011;;Flámpoura
0;24.3121,38.0768;34013;;Figiás
132;22.9371,39.4065;19018;;Fitókos
1812;21.1847,38.6952;30009;;Fyteíes
0;21.2752,39.2876;47047;;Fisotá
322;20.5760,38.4597;28084;;Fiskárdo
0;25.3473,39.8148;81401;;Fisíni
0;24.4279,36.7574;84801;;Fyropótamos
0;24.9371,37.4166;84100;;Áno Mánna
31;25.6552,35.2005;72051;;Fiorétzides
223;20.8005,37.7787;29092;;Fiolítis
7;25.6678,35.3309;72053;;Finokaliá
1617;25.4983,37.0517;84302;;Filótion
7370;23.7826,38.0252;15237;;Filothéi
2446;22.1847,39.4308;43062;;Fýllo
1459;23.6831,38.4418;34100;;Fílla
0;22.6641,36.8755;23051;;Filísi
0;25.2211,35.2097;70008;;Filísia
0;24.2044,35.3599;73007;;Fílippos
0;25.2424,35.0356;70010;;Fílippoi
4619;20.8822,39.2047;48200;;Filippiáda
0;21.9378,37.0200;24005;;Filippáki
0;21.3562,37.9737;27052;;Filippaíika
0;22.3833,39.4167;10438;;Filíkia
0;21.1250,39.1494;47048;;Filikaíika
5359;21.5853,37.1564;81113;;Filiatrá
2129;20.3119,39.6011;46300;;Filiátes
432;22.4812,39.0586;35010;;Filiadhón
653;26.1402,39.2625;81107;;Fília
0;22.0526,39.2552;43300;;Filía
154;22.1142,37.8520;25007;;Fília
0;22.0101,37.2719;24008;;Fília
48157;23.6690,38.1024;13351;;Fylí
0;22.7771,37.0678;22020;;Fylátika
278;21.6800,39.3035;43069;;Fylaktí
86;22.5810,39.2499;37100;;Filáki
0;24.3227,35.3159;74055;;Filakí
1098;21.6556,39.5160;42032;;Fíki
761;22.7244,37.7212;21200;;Fíkhtion
0;24.2427,38.0971;34015;;Pórto Láfio
50;21.8420,37.3991;27056;;Figaleía
27;21.6665,38.8734;36075;;Fidhákia
0;20.5779,38.3172;28081;;Ferentináta
87;22.3236,37.9507;20014;;Feneós
164;20.7747,37.7905;29090;;Agía Marína
0;25.2769,35.0313;70010;;Favrianá
0;20.3953,38.2087;28200;;Favatáta
0;22.9187,36.6810;23056;;Favaíika
69;22.9847,36.1884;80200;;Fatsádhika
338;20.3080,39.4488;46100;;Faskomiliá
0;21.7534,37.4396;27056;;Faskomiliá
0;25.4958,35.1906;72052;;Farsáron
10380;22.3847,39.2947;40300;;Fársala
222;20.4754,38.2302;28200;;Fársa
1171;23.6227,38.3996;34100;;Fáros
105;24.7530,36.9447;84003;;Fáros
0;22.5617,36.8743;23057;;Fáros
0;22.0667,39.6000;42031;;Farkadóna
0;24.9124,35.1121;70002;;Faríon
0;24.8091,35.3403;74054;;Farátsion
22;20.4342,39.9498;44002;;Farángi
0;23.6512,35.3301;73012;;Farángi
0;25.1049,35.0592;70016;;Farangianá
20;24.1164,35.4427;73003;;Farángi
0;23.0871,36.5275;23053;;Farakló
1123;20.5201,38.2024;28100;;Farakláta
0;21.6220,37.2019;24300;;Farakláda
0;23.3920,38.7906;34005;;Farákla
500;21.7148,38.0913;25008;;Phares
0;20.7717,38.0865;28082;;Faniés
0;21.0500,39.2500;47200;;Fágkos
559;21.8940,39.5468;43070;;Faneroméni
63;20.9920,39.3513;47046;;Faneroméni
464;24.8306,35.0731;70400;;Faneroméni
0;20.1721,39.1880;49082;;Fanariotátika
1036;21.8035,39.4539;43061;;Magoúla
871;21.7990,39.4158;43061;;Fanári
127;21.8658,37.4958;27061;;Fanárion
0;21.8772,37.6823;22008;;Fanaráki
0;22.0686,37.3127;22021;;Fanaḯti
859;27.9829,36.3508;85106;;Fanes
0;21.7729,38.5063;30026;;Famíla
0;22.0335,38.0718;25017;;Famelítika
63;24.9072,37.8062;84500;;Fállika
0;23.6554,35.3041;73012;;Falerianá
27;23.7255,35.4881;73400;;Falelianá
0;25.1912,37.5826;84200;;Falatádos
0;21.8974,36.8238;24010;;Falánthi
3987;22.3973,39.7199;40400;;Fálanna
1455;22.1725,37.2868;22021;;Falaisía
0;22.1880,38.1465;25003;;Fakimísi
0;20.6328,38.4623;28301;;Exogí
15;25.5442,35.2102;72052;;Éxo Potámoi
0;24.2443,35.3732;73007;;Exópolis
71;22.4748,36.5583;23066;;Éxo Nymfío
0;25.9883,35.1671;72057;;Éxo Moulianá
144;25.6586,35.2026;72051;;Éxo Lakkónia
0;22.2679,36.9006;24022;;Exochóri
148;20.6848,37.8016;29090;;Éxo Chóra
0;21.8431,36.8484;24010;;Exochikó
0;22.3174,38.0485;25010;;Exochí
30;22.4760,37.7462;21058;;Exokhí
0;25.4577,36.3880;84700;;Éxo Goniá
40;26.0759,38.2693;82102;;Éxo Didýma
0;26.1144,35.0541;72059;;Éxo Apídi
699;22.9444,38.5879;35200;;Éxarkhos
0;24.7484,35.4029;74057;;Exándis
2670;22.9283,37.8974;20007;;Examília
0;24.7424,36.9592;84003;;Exámbela
57;20.6574,38.6200;31082;;Évyiros
2078;22.7383,39.1841;37100;;Evxinoúpolis
0;23.9755,35.5111;73131;;Efthými
3468;22.3939,38.0717;20009;;Evrostína
0;20.5822,38.4345;28084;;Evretí
5508;21.9291,38.4195;33056;;Efpálio
0;21.5361,38.3596;30014;;Evinochóri
0;26.1776,37.6305;83302;;Évdilos
0;22.4167,38.7000;33057;;Evangelístria
0;23.0224,38.3428;32001;;Evangelístria
0;24.5458,38.0216;34001;;Evangelístria
308;22.7793,37.9578;20006;;Evangelístria
127;22.5167,39.8341;40004;;Evangelismós
107;22.1043,39.8401;40200;;Evangelismós
0;24.5642,38.0783;34001;;Evangelismós
327;21.7698,36.8330;24006;;Evangelismós
0;22.3605,37.4456;22012;;Évandro
0;21.9676,37.1121;24013;;Éva
0;26.0743,35.0777;72059;;Etiá
0;25.1937,34.9886;70010;;Ethiá
41;21.6187,38.7663;36074;;Esokhória
11351;24.9429,37.4447;84100;;Ermoúpolis
0;22.1051,39.4189;43200;;Ermítsi
3936;23.2469,37.3849;21051;;Ermióni
2567;23.3223,38.2174;19008;;Erythrés
0;26.2616,35.2626;72300;;Erimoúpolis
5;22.3995,36.5515;23071;;Érimos
0;21.7254,37.9817;25015;;Erymántheia
0;23.0167,38.5333;32300;;Érima Kalívia
0;21.8849,37.7501;22015;;Káto Spátharis
0;21.5240,39.0639;36072;;Ergastíria
141;24.6343,35.3587;74052;;Érfoi
0;22.6150,39.2960;37500;;Erétria
4166;23.8022,38.4010;34008;;Erétria
1337;25.9344,39.1697;81105;;Eresós
757;22.2283,38.3618;33058;;Erateiní
0;22.4947,38.5967;33051;;Eptálofos
1291;21.4953,37.6268;27058;;Epitálio
52;24.9269,37.7769;84500;;Episkopeío
0;24.9167,37.4351;84100;;Episkopeío
272;20.8548,39.5401;45110;;Episkopikó
0;25.4609,36.3834;84700;;Episkopí Goniás
0;25.1272,37.0508;84007;;Rafnídia
0;21.6055,38.8869;30021;;Episkopí
42;20.9291,38.6473;30019;;Episkopí
0;24.0442,38.5524;34016;;Episkopí
0;22.4200,37.4642;22012;;Episkopí
0;24.4012,37.3999;84006;;Episkopí
1;23.4205,37.3116;18040;;Episkopí
0;22.3845,36.5318;23071;;Episkopí
0;23.7609,35.4865;73002;;Episkopí
0;23.9193,35.4635;73005;;Episkopí
0;24.7678,35.3426;74054;;Episkopí
618;24.3352,35.3282;74055;;Episkopí
967;25.2376,35.2569;70008;;Episkopí
0;25.2272,35.1303;70300;;Mikrí Episkopí
683;21.6135,39.1423;36073;;Epinianá
151;25.2408,35.2844;70008;;Epáno Vátheia
0;21.1595,39.2533;47044;;Epáno Sési
35;25.7095,35.2754;72053;;Epáno Pinés
16;25.7087,35.3111;72053;;Epáno Loúmas
0;26.0232,35.1267;72059;;Epáno Kryá
0;20.5983,38.1587;28083;;Epanochóri
0;24.5023,38.0306;34001;;Epanochóri
191;23.8263,35.3250;73009;;Epanochóri
0;24.2437,35.4133;73008;;Páno Kefalás
0;23.7392,35.3748;73004;;Páno Flória
0;26.0738,35.1319;72059;;Epáno Episkopí
116;23.1276,37.6337;21059;;Epáno Epídhavros
115;25.7110,35.2664;72053;;Epáno Eloúnda
0;26.1203,35.1571;72300;;Epáno Drys
3913;25.1667,35.2333;70100;;Ano Arhanes
0;24.1087,38.6165;34019;;Enoría
106;20.6461,38.7301;31080;;Englouví
178;25.4352,37.1168;84300;;Eggarés
0;22.2163,37.0772;24020;;Emialoí
0;24.1879,35.3458;73007;;Embrósneros
3704;26.0288,38.1882;82102;;Emporeiós
56;26.9298,37.0463;85200;;Emporeiós
25;27.1773,36.6037;85303;;Emporeiós
3704;25.4461,36.3582;84703;;Emporeío
1167;27.8564,36.2268;85108;;Émponas
598;21.3196,39.0239;30017;;Empesós
247;25.3855,35.0959;70015;;Émbaros
2193;25.7213,35.2650;72053;;Eloúnda
956;22.6978,36.8327;23055;;Élos
130;23.6372,35.3621;73012;;Élos
0;23.1142,38.2620;32002;;Ellopía
371;21.7354,39.4005;43067;;Ellinópyrgos
335;22.7139,37.9379;20002;;Ellinokhórion
364;21.7974,39.6890;42035;;Ellinókastro
202;21.6948,39.3963;43060;;Ellinókastro
0;21.9127,37.1347;24013;;Ellinoekklisiá
44;22.1200,37.3001;22021;;Ellinítsa
443;20.9526,39.5496;44013;;Ellinikó
0;22.2985,39.3519;10438;;Ellinikó
69;22.4887,38.1010;20012;;Ellinikó
0;21.8068,38.0538;25008;;Ellinikó
16715;23.7441,37.8901;20013;;Ellinikó
378;22.6657,37.5876;21053;;Ellinikón
204;22.0704,37.5201;22024;;Ellinikó Trikolonón
129;22.6968,37.3827;22001;;Ellinikó
117;22.9836,36.6129;23070;;Ellinikón
109;21.3917,39.3816;42033;;Elliniká
0;23.3317,39.0048;34200;;Elliniká
0;21.5677,38.8758;30021;;Charavgí
0;21.4159,38.4806;30011;;Elliniká
0;24.3450,37.6043;84002;;Elliniká
114;25.7223,35.2280;72053;;Elliniká
0;22.8405,38.3660;32006;;Elikónas
1710;21.8012,38.2159;10441;;Elikístra
497;22.1231,38.2156;25100;;Elíki
0;22.9232,36.6212;23056;;Elíka
123;20.6879,39.4948;44009;;Artopoúla
20;20.6964,39.5634;45110;;Eleftherochóri
588;21.6344,39.5276;42032;;Eleftherochóri
0;20.5383,39.4947;46200;;Eleftherochóri
0;20.8855,39.1946;48200;;Eleftherochóri
119;22.4566,38.7644;35014;;Elevtherokhórion
0;22.5791,39.6747;54248;;Elefthério
337;20.4285,39.3158;48060;;Elefthéri
0;21.8562,38.5643;30026;;Eleftherianí
358;22.3374,39.5778;41334;;Eleftherés
24910;23.5430,38.0414;19300;;Elefsína
0;23.5000,38.0333;19600;;Elevsínia
189;24.6693,35.3291;74052;;Eléftherna
3484;20.7925,39.7064;45333;;Eleoúsa
1093;20.9621,39.1528;47100;;Eleoúsa
0;28.0273,36.2762;85102;;Eleoúsa
655;23.4435,38.3634;32200;;Eleónas
0;24.6141,35.2194;74061;;Elénes
0;21.9649,38.6545;30025;;Elatóvrysi
0;21.9767,38.5847;30023;;Elatoú
407;20.9720,39.2437;48200;;Élatos
0;21.6882,39.2390;43069;;Élatos
0;22.2799,37.7999;22017;;Élatos
0;22.5479,37.3509;22013;;Élatos
85;20.9793,39.8715;44014;;Elatochóri
659;22.5384,39.8109;40006;;Eláteia
2804;22.7649,38.6277;35004;;Eláteia
806;21.8228,39.9793;51200;;Eláti
49;20.7470,39.8270;44007;;Eláti
886;21.5393,39.5013;42032;;Eláti
182;21.3175,39.2970;47047;;Eláti
50;20.5155,39.5431;46200;;Elatariá
248;25.9888,38.2860;82102;;Eláta
7060;22.1886,39.8947;40200;;Elassóna
0;21.3167,37.9833;27052;;Elaiótopos
0;21.8054,38.3966;30300;;Léfka
0;22.4196,38.5469;33100;;Elaiónas
673;22.1720,38.1994;25003;;Elaiónas
0;24.5451,38.0248;34001;;Elaiónas
0;21.4651,37.7453;27100;;Elaiónas
0;24.2480,38.2180;34015;;Elaiochóri
187;21.5693,38.0815;25200;;Elaiochóri
309;22.5692,37.4561;21057;;Elaiochóri
0;22.3211,36.8349;24023;;Elaiochóri
39;22.3658,36.7219;23062;;Elaiochóri
172;21.3849,38.6681;30027;;Elaiófiton
0;21.7126,36.9833;37004;;Elaiófyto
0;22.4416,39.8576;40004;;Eliá
141;20.3299,39.5826;46300;;Elaía
90;20.7716,39.2933;48300;;Elaía
0;24.1417,38.5181;34009;;Elaía
0;22.1118,38.3859;33058;;Elaía
0;21.6907,37.3753;24021;;Elaía
0;22.8026,36.7543;23056;;Elaía
10;22.3819,36.5009;23071;;Elaía
884;25.2316,35.3031;70008;;Eliá
51;20.6891,39.9012;44016;;Elafótopos
0;22.7838,39.5786;40003;;Élafos
97;20.7303,39.4392;44009;;Élafos
40;21.0712,39.3923;47043;;Elafopídima
745;22.9789,36.5080;23053;;Elafónisos
335;21.4697,39.7131;42200;;Eláfi
0;22.1642,37.4531;22200;;Paliá Ekklisoúla
33;20.5716,39.7014;44017;;Ekklisochóri
122;20.6276,39.1817;48062;;Ekklisíes
576;22.1972,39.1539;43063;;Ekkára
0;25.1818,37.0897;84400;;Elítas
0;24.3620,38.1281;34013;;Ekáli
5574;23.8350,38.1103;14578;;Ekáli
27;25.9171,38.5747;82103;;Egrigóros
267;21.5185,37.8550;27069;;Efýra
45;21.4080,39.3343;43065;;Trílofo
0;22.1477,39.9155;40200;;Drymós
0;21.0403,39.4611;47043;;Ntrempokós
0;22.1261,38.3685;33058;;Ágios Spyrídon
45;21.0564,39.3831;47046;;Ntára
0;20.3833,39.4000;46030;;Dombráti
0;22.4526,39.1918;40300;;Dendrochóri
0;21.3734,38.6486;30027;;Néo Chorió
0;21.9710,37.9394;25011;;Drovolovó
0;21.6191,37.6418;27065;;Droúva
590;21.1833,39.3719;47045;;Voulgaréli
0;21.8479,37.2392;24011;;Drosopigí
0;22.4603,36.6746;23066;;Dhrosopiyí
782;20.9716,39.6275;45221;;Drosochóri
0;24.9269,35.1184;70002;;Dhrósoi
13;21.4607,38.8374;30021;;Dhrosiniótika
0;21.3399,39.3343;42033;;Drosiá
5020;23.5477,38.4841;34600;;Dhrosiá
0;24.1336,38.4162;34017;;Drosiá
7837;23.8643,38.1198;14572;;Drosiá
494;21.7448,37.9177;25015;;Drosiá
523;21.7417,39.5104;42030;;Droseró
0;21.5603,39.2822;43069;;Drosáto
0;22.0353,38.0672;25017;;Drosáto
0;26.1039,35.0534;72059;;Drogkári
181;21.2411,39.0538;30017;;Dromítsa
0;24.6548,35.1953;74061;;Drygiés
0;22.4543,36.7846;23061;;Driviánika
205;23.3846,37.5874;18030;;Dhritsaíika
0;23.7127,35.3364;73004;;Drys
0;24.4310,37.3829;84006;;Dryopída
239;23.2418,37.5733;21059;;Dryópi
0;22.3238,36.8468;24024;;Dryópi
35;21.0015,39.2673;47046;;Dryónas
324;20.8848,39.2692;48200;;Dryófyto
0;21.0189,38.8815;30002;;Drymós
0;22.2791,38.1583;25006;;Drymonári
11;22.9784,36.2487;80200;;Dhrimonári
0;23.2899,38.8488;34005;;Drymóna
244;20.8932,39.3318;47046;;Áno Drymónas
257;22.8642,39.0752;37008;;Dhrimón
0;21.6658,38.6353;30008;;Drymónas
86;22.9553,36.1911;80200;;Dhrimónas
0;24.5134,35.1772;74053;;Dhrímiskos
0;21.5465,37.9564;27069;;Drymalaíika
255;22.5594,38.7080;33051;;Dhrimaía
37;22.4085,36.5883;23066;;Dryalos
33;22.4686,36.5814;23066;;Drymós
18;22.4112,36.6499;23062;;Dryália
37;22.3737,36.4888;23071;;Dry
451;21.8522,38.3215;26444;;Drépano
1272;22.8932,37.5389;21060;;Drépanon
0;22.0422,37.1932;24007;;Drémi
0;23.4556,38.7201;34004;;Dafnoússa
0;25.2310,35.0787;70300;;Drapéti
0;24.2315,35.4355;73008;;Drápanos
0;20.5520,38.4013;28085;;Drapanítika
270;23.7044,35.4918;73400;;Drapaniás
0;24.3090,35.3450;74055;;Dhrámia
125;20.7655,39.5499;45110;;Dramesioí
138;20.3526,39.5062;46100;;Drámesi
0;21.0667,39.3667;47046;;Drampóla
50;22.1155,37.7743;22014;;Drakovoúni
579;21.5991,39.3976;43060;;Drakótrypa
0;21.1731,39.1922;47048;;Drakótrypa
0;20.5785,38.2992;28081;;Drakopouláta
0;21.4500,39.0333;36072;;Dhrakopídhima
0;21.9537,37.0192;24200;;Drakonéri
0;23.7755,35.5009;73006;;Drakóna
0;24.0228,35.4085;73300;;Drakóna
0;23.0499,39.3758;37011;;Dhrákia
0;20.5467,38.3261;28081;;Drakáta
84;20.7800,37.7942;29090;;Dhrákas
0;21.8603,37.1333;24015;;Draḯna
84;21.8746,37.4143;27061;;Dhragóyion
0;25.2383,37.0512;84401;;Pródromos
249;20.0832,39.3835;49080;;Dragotiná
52;20.6842,39.5941;45110;;Dragopsá
65;20.5753,38.6827;31082;;Dhráganon
0;21.5427,38.0853;25200;;Petrochóri
230;20.4354,39.4318;46200;;Ampeliá
2976;23.9079,38.0237;54124;;Dhráfi
0;24.8376,35.3515;74054;;Dhoxarón
0;22.2834,39.4587;43062;;Doxarás
0;21.9217,37.7071;22008;;Dóxa
39;20.5474,39.5738;44017;;Dovlá
0;21.8453,37.0038;24014;;Douvraíika
0;21.6670,38.4732;30008;;Dounaíika
653;21.3307,37.7423;27200;;Dounaíika
0;22.1378,38.1058;25017;;Doumená
0;24.1913,35.4293;73008;;Dhoulianá
76;22.5038,37.7253;21058;;Dhoúka Vrísi
83;21.7000,37.7238;27066;;Doúkas
31;21.9831,38.2553;25009;;Doukanaíika
0;21.1635,39.2037;47044;;Karanikaíika
0;21.7941,38.5569;30026;;Dorvitsiá
0;20.5710,38.1207;28083;;Dorizáta
0;22.2935,37.4388;22027;;Dórizas
1839;21.8562,37.2882;24011;;Dório
36;25.6766,35.2860;72053;;Doriés
0;25.1349,35.0069;70010;;Dhorákion
213;25.7972,37.1005;84302;;Donoúsa
33;20.6234,39.5796;44017;;Domolessá
1531;22.3003,39.1272;35010;;Domokós
287;21.8461,38.7565;36076;;Domnísta
161;21.7704,39.0140;36081;;Domianoí
0;22.1210,39.7915;40005;;Doméniko
60;20.4413,39.9910;44005;;Doló
275;22.1751,36.9361;24016;;Doloí
441;20.5800,39.9026;44004;;Dolianá
35;21.3469,39.6353;35018;;Dolianá
18;23.3225,37.3450;21051;;Dokós
1664;21.3807,38.6135;30027;;Dhokímion
0;21.6856,38.5740;30008;;Dokímia
19;22.9692,36.2364;80200;;Dhókana
7199;20.7728,39.5434;45110;;Dodóni
442;22.1221,38.2510;25100;;Digeliótika
0;22.0991,38.1044;25017;;Dígela
192;22.4532,38.9758;35100;;Dhívri
382;20.5488,38.3306;28081;;Divaráta
22;21.6725,38.9186;36071;;Dhitikón Papparoúsion
0;21.6041,38.9570;36071;;Dytikí Fragkísta
151;21.0517,39.2931;47046;;Dístrato
0;24.1262,38.3799;34017;;Dýstos
0;22.6673,38.4289;32005;;Dístomo
0;24.0595,38.5631;34016;;Dhirrévmata
0;22.1487,37.6267;22010;;Eláti
0;22.2049,37.1874;23065;;Dyrráchi
0;22.3837,36.6431;23062;;Dhirós
0;22.4995,36.7270;23200;;Dhirón
251;21.6993,39.5684;25013;;Dipótamos
20;20.8751,39.7899;44018;;Dipótamo
0;22.3998,36.9715;23054;;Dhipótama
139;21.6549,39.9906;51200;;Díporo
0;22.4177,36.4947;23071;;Dhíporon
0;24.5000,35.2000;74053;;Dhiplokhóri
0;21.8071,38.6759;30025;;Diplátanos
79;22.3815,38.8045;35014;;Dhío Vouná
0;21.4296,38.6320;30100;;Dyó Rémata
0;22.9494,38.5143;66032;;Diónysos
5651;23.8794,38.1046;14576;;Diónysos
0;25.0590,35.0136;70016;;Dhionísion
0;25.1972,37.5624;84200;;Dyó Choriá
0;21.8649,37.0778;24015;;Diódia
0;21.0874,39.4304;47043;;Dimónia
27;20.4975,39.8332;44004;;Dimokóri
739;22.0403,37.5952;22007;;Dimitsána
0;24.2767,35.3349;74055;;Dimitroulianá
187;22.0457,38.2487;25100;;Dimitrópoulon
0;22.6315,39.6880;54248;;Dímitra
334;21.2214,37.8867;27050;;Dímitra
0;21.9253,37.7843;22015;;Dímitra
0;22.8937,39.3585;38445;;Dimíni
457;22.7117,38.0311;20200;;Dhiminió
12;22.4754,36.5016;23071;;Dimarístika
262;21.1543,39.1519;47048;;Dimarió
0;21.9157,37.3525;24018;;Dhimándra
435;23.0726,37.6930;21054;;Dhímaina
24;20.7649,39.8534;44018;;Dílofo
56;21.6125,39.5431;42032;;Dílofo
0;22.4842,39.4436;41500;;Dílofo
0;22.4552,39.2423;40300;;Dílofo
67;22.1281,38.8607;35003;;Dhílofon
719;20.5164,38.2240;28100;;Dilináta
1976;23.6708,38.3376;32011;;Dílesi
7;25.6639,35.3177;72053;;Dílakkos
38;20.8005,39.7866;44007;;Dikórfo
27;20.5861,39.5730;44017;;Dichoúni
0;22.0687,38.6527;33059;;Dichóri
49;21.2132,39.2632;47044;;Dichomoíri
0;20.6675,38.2737;28080;;Dichália
283;21.9424,38.9923;35017;;Dhíkastron
348;20.6868,38.1738;28086;;Digaléto
1047;23.1718,37.4625;84301;;Dídyma
0;21.6277,38.1171;25018;;Didachaíika
0;21.9682,37.2998;24008;;Diavolítsi
0;25.3460,35.2040;70006;;Diavaïdé
828;21.5812,39.6926;42200;;Diáva
0;21.1873,39.1803;47048;;Diáselo
0;22.3594,37.0767;23100;;Dhiáselon
0;22.0166,39.7024;40005;;Diáselo
0;21.7090,38.5472;30008;;Diáselo
0;21.4333,39.0833;36072;;Dhiásello
11;21.7301,39.8917;51200;;Diaselláki
0;21.7370,38.5969;25014;;Diaseláki
0;21.7338,37.5764;27062;;Diásela
0;21.9056,37.3594;24018;;Dhiásela
239;21.3892,38.6471;30027;;Dhiamandaíika
10;21.3819,39.4534;42037;;Dialegméno
831;21.6520,39.5947;25013;;Dialektó
0;21.4521,39.9179;51031;;Diákos
5603;22.1999,38.1952;25003;;Diakoptó
220;22.1218,38.5957;33062;;Diakópi
21;22.3184,37.7864;22017;;Diakópion
0;21.2412,39.1101;47048;;Diakópia
42;23.0761,36.2627;80200;;Diakófti
0;27.2101,35.7559;85700;;Diafánion
0;21.6479,38.4844;30008;;Dhespótis
92;20.5656,39.7385;44003;;Despotikó
148;20.6672,39.2049;48062;;Despotikó
3856;21.8103,39.9242;51200;;Deskáti
22;21.9919,37.9331;25011;;Desinó
0;21.9998,37.3000;24008;;Desýllas
45;21.3676,39.5603;35018;;Dési
1748;22.5293,38.4168;33050;;Desfína
0;22.4279,36.8155;23061;;Desfína
1897;20.7823,39.3991;44009;;Dervíziana
0;22.1451,38.1781;25003;;Dervéni
828;22.4198,38.1310;20009;;Dhervéni
0;22.0437,37.2904;24008;;Dervéni
0;22.8868,37.2016;22300;;Dernikaíika
0;25.3266,34.9868;70004;;Dérmatos
21;21.6870,38.7942;36075;;Dhermátion
0;23.0456,36.5440;23053;;Dermatiánika
0;21.7904,36.8346;24006;;Dendroúlia
0;21.4150,39.2583;43066;;Déntros
0;21.8370,38.4163;30300;;Ágios Vasíleios
144;22.5269,38.0296;20017;;Dhendró
568;21.6371,39.5527;25013;;Dendrochóri
0;21.9369,38.6942;30025;;Dentrochóri
0;22.3864,39.3379;10438;;Dentráki
0;22.3381,39.6884;40400;;Déntra
0;22.4686,39.2712;40300;;Déntra
0;24.0546,38.6246;34019;;Dhéndra
0;21.8749,38.0395;25000;;Dendrá
0;22.8280,37.6554;21000;;Dhéndra
0;22.2167,37.0327;24020;;Dhéndra
0;20.1528,39.2301;49082;;Dendiátika
0;20.5528,38.1526;28083;;Dhemoutsandáta
0;22.4031,37.4568;22012;;Demíri
0;21.9110,38.0968;25000;;Demésticha
85;23.8174,35.5218;73006;;Démpla
0;20.3878,38.2364;28200;;Dematorá
43;21.0219,39.7332;44014;;Demáti
0;25.2916,35.0333;70015;;Demáti
43;20.6562,39.6626;44003;;Delvinakópoulo
1609;20.4646,39.9341;44002;;Delvináki
0;20.4037,38.2242;28200;;Delaportáta
0;23.7381,35.4474;73010;;Dhelianá
2373;22.4936,38.4794;33054;;Delphi
52;22.4152,38.7912;35014;;Dhelfínon
0;22.3420,39.8016;40400;;Deléria
0;21.9282,37.8363;22015;;Dechoúni
0;20.5636,38.3839;28085;;Defaranáta
0;22.7331,38.5146;32008;;Dávleia
0;22.2796,37.5499;22100;;Daviá
62;20.4922,38.2192;28100;;Davgáta
0;22.4933,39.3450;10438;;Dasólofos
156;21.8174,39.8807;51200;;Dasochóri
624;22.4181,39.6921;40011;;Dasochóri
0;21.9782,37.3429;22025;;Dasochóri
123;24.0432,37.8258;19001;;Dhaskalión
0;23.8466,35.5200;73014;;Daskalianá
0;23.7906,35.5144;73006;;Darmarochóri
9;23.4938,37.4606;18020;;Saronída Troizínos
0;24.5200,35.2201;74053;;Dharivianá
4732;23.9749,35.4995;73131;;Darátsos
383;22.2017,37.8081;22017;;Dáras
0;21.7433,37.2231;24500;;Dáras
0;21.8839,37.0352;24014;;Dáras
0;24.8971,37.4331;84100;;Danakós
68;25.5255,37.0478;84302;;Danakós
0;20.3741,38.2386;28200;;Damoulianáta
11;24.4141,35.1759;74060;;Damnóni
227;21.4552,37.8741;27069;;Ágios Dimítrios
0;23.2707,38.8182;34005;;Damiá
0;24.7524,35.3455;74054;;Dhamavólos
0;24.9229,35.3540;74051;;Dhamásta
0;22.1701,39.7140;40100;;Damasoúli
0;22.1866,39.7123;40100;;Damási
333;25.4798,37.0525;84302;;Dhamariónas
0;25.1151,35.1341;70016;;Damánia
0;21.9380,38.2551;25009;;Damakíni
0;20.1305,39.2345;49082;;Dalietátika
877;22.7699,37.6184;21055;;Dhalamanára
0;22.9004,36.6507;23056;;Daimonía
293;20.9869,39.6072;45110;;Dafnoúla
47;21.0286,39.2912;47046;;Dafnoúla
0;21.7321,38.0783;25008;;Dafnoúla
127;21.8669,37.5906;27062;;Dhafnoúla
85;21.0221,39.4006;47046;;Dafnotí
412;21.9500,39.2308;43100;;Dafnospiliá
0;22.0976,38.6391;33062;;Dáfnos
0;21.2798,39.0771;30017;;Dafnopigádi
0;21.2167,39.0500;30016;;Dhafnopigádhion
385;26.0798,38.3467;82100;;Dafnónas
9;22.0991,38.4166;33060;;Dafnochóri
35;20.6381,39.7321;44003;;Dafnófyto
0;21.4565,37.8436;27069;;Dhafniótissa
736;22.5356,36.9277;23057;;Dáfni
237;21.5721,38.5325;30015;;Dhafniás
0;25.1666,39.9498;81400;;Dáfni
64;21.0182,39.4357;47043;;Dáfni
0;23.3386,39.1803;37013;;Dáfni
302;21.7252,39.0304;36071;;Dáfni
0;23.3482,38.8021;34005;;Dáfni
104;22.1570,38.7525;33063;;Dháfni
0;24.1161,38.4664;34009;;Dáfni
0;21.8668,38.4211;30300;;Dháfni
0;23.4179,38.2415;19008;;Dáfni
22913;23.7344,37.9500;17235;;Dhafní
0;21.4743,37.9408;27069;;Dáfni
256;22.6304,37.8874;20500;;Dháfni
0;22.0241,37.8071;25004;;Dáfni
48;21.8304,37.6745;27066;;Dáfni
0;21.9086,37.0184;24005;;Dáfni
0;22.4571,36.9431;23054;;Kamínia
0;24.7112,35.3659;74052;;Dháfni
0;25.9948,35.1119;72055;;Dáfni
0;25.0510,35.2160;70011;;Dafnés
0;24.7559,35.3562;74054;;Dhafnédhes
0;21.9967,38.2064;25100;;Dáfnes
992;26.1992,39.2421;81107;;Dáfia
0;21.1439,39.2372;47044;;Synoikismós Ntesiníki
0;23.8438,35.4367;73002;;Nterés
0;20.5972,39.3206;46031;;Ntégki
4;22.9477,36.3538;80200;;Kryonéri Kythíron
0;23.8500,35.5000;73014;;Delimanolianá
0;22.3776,37.5745;22100;;Ntavlantaíika Kalývia
0;21.8980,37.6185;22028;;Ntaraíika
0;21.4399,38.6457;30100;;Ntalianaíika
0;22.2693,39.5186;43062;;Krýa Vrýsi
0;24.2063,38.1867;34015;;Búrbuli
241;22.9568,37.5970;21052;;Arkadikó
8;22.4100,36.5653;23066;;Bríkion
0;21.2667,37.9667;27053;;Brezaíika
0;21.3570,39.2094;47047;;Práva
0;21.3132,37.9951;27052;;Brantzelaíika
193;22.4643,38.7265;33057;;Brálos
189;22.6100,37.9149;20017;;Bozikás
0;21.7412,36.8928;24001;;Bozikaíika
0;21.5438,38.0476;25005;;Giachalaíika
115;21.3974,38.5971;30100;;Boúzion
114;22.4721,37.8980;20016;;Kyllíni
0;21.4244,39.2691;43066;;Melánydro
0;22.8216,38.4236;32100;;Bouzaíika
0;23.1629,37.3161;18050;;Bouzaíika
8;22.4147,36.7285;23062;;Boutseliánika
369;22.7637,37.6528;21200;;Íra
0;21.4422,38.1028;25005;;Boutaíika
140;21.0838,39.7489;44200;;Tampoúria
0;21.6274,38.0907;25018;;Poimenochóri
0;21.9733,38.0119;25011;;Boúmpoukas
0;22.0133,37.7373;22008;;Bouliáris
0;21.1825,39.1640;47048;;Boulaíika
68;21.7528,39.2000;36073;;Anthiró
28;20.9942,39.4179;44013;;Zoodóchos Pigí Platanoússis
564;21.1423,38.9265;30500;;Boúka
0;21.9202,38.5310;30023;;Boukitsanaíika
0;22.1008,38.1612;25017;;Boufoúskia
0;24.1203,38.3011;34017;;Pórto Boúfalo
105;20.5892,39.6690;44017;;Voutsarás
332;21.5547,39.0183;36071;;Ágios Prokópios
192;21.4374,37.9270;27059;;Bórsion
186;22.6850,37.7298;20500;;Bórsas
767;22.7909,37.9561;20006;;Boláti
0;22.3095,37.1821;23059;;Bolanaíika
876;20.8919,37.7921;29100;;Bókhali
0;20.1453,39.2051;49082;;Boïkátika
141;20.1721,39.1962;49082;;Bogdanátika
0;21.4025,39.0629;30017;;Blétsi
0;21.6994,37.2463;24500;;Blemeniánoi
0;21.8567,37.3860;24018;;Kypséli
0;21.6174,38.9842;36071;;Bizmpikaíika
0;22.1500,37.3667;22200;;Mpilali
127;21.6938,39.3061;43067;;Pezoúla
83;20.6883,39.4364;44009;;Bestiá
22;20.7217,39.5829;45110;;Bérko
0;24.1213,35.4598;73003;;Beretianá
0;20.6899,38.1761;28086;;Benetáta
0;25.1439,35.3201;71409;;Bendevi
0;20.3608,39.4969;46100;;Bentelénion
11;25.9038,35.1136;72055;;Bémponas
146;21.7336,39.2561;43067;;Belokomíti
0;23.0079,36.8376;23068;;Belesaíika
74;22.8824,37.8786;20007;;Bekiánika
0;21.5705,37.8030;27064;;Akropotamiá
0;20.5556,38.3224;28081;;Bekatoráta
1010;24.7849,37.8601;84501;;Batsíon
0;24.3561,38.0775;34013;;Chánia
0;21.3230,37.9445;27057;;Ágioi Theódoroi
65;22.4153,37.8764;20016;;Dhrosopighí
0;21.4267,38.1816;25005;;Bartzavalaíika
0;21.5197,38.7163;30021;;Barlakaíika
0;21.9241,37.5596;22028;;Bardhákion
135;25.8854,38.5202;82103;;Parpariá
26;24.0002,37.7559;19001;;Dimoláki
0;21.7910,37.5546;27062;;Barakítika
0;23.8772,35.4703;73005;;Bapiólos
7;20.7276,39.5380;45110;;Baousioí
0;23.6364,35.3605;73012;;Bandourianá
0;21.1453,38.6587;30009;;Bampíni
159;21.3260,38.8230;30018;;Bampalió
0;23.3115,39.2322;37006;;Páltsi
0;21.7472,36.9489;24001;;Balodhimaíika
43;20.7853,39.4221;44009;;Bálas
450;24.7833,35.4142;74054;;Balíon
0;21.6329,38.8952;36075;;Balastaíika
0;21.7989,38.2546;26443;;Bálas
40;22.0793,37.2066;24007;;Péfko
0;21.2337,39.0949;47048;;Balampanaíika
0;24.8667,37.8667;84500;;Balaíoi
0;22.8664,38.4687;32100;;Balaíika
2110;23.8757,38.1167;14574;;Rodópoli
0;21.1000,39.4667;47043;;Bakhmétia
0;21.1150,39.4008;47045;;Bakagiannaíïka
0;21.7801,38.0721;25008;;Bakalaraíika
838;20.8749,39.5989;45110;;Báfra
58;23.8017,38.2882;19011;;Báfion
0;25.2190,35.0953;70300;;Badiá
0;24.1500,35.4000;73008;;Babilís
0;23.6340,35.2853;73001;;Azogyrés
0;23.7215,35.2715;73009;;Azogyrés
33;23.5998,35.5087;73400;;Azogyrás
0;24.9611,37.4102;84100;;Azólimnos
0;26.2505,35.1302;72059;;Azokéramos
2;26.0184,35.0684;72055;;Azáli
263;21.5614,38.1184;25200;;Agiovlasítika
579;26.0569,38.3188;82100;;Ágios Geórgios Sykoúsis
3;21.7656,39.8720;51200;;Ágios Geórgios
162;20.3493,39.5282;46100;;Ágios Geórgios
34;20.4415,39.4995;46200;;Ágios Geórgios
0;22.3393,39.4549;41500;;Ágios Geórgios
40;20.9474,39.4223;44013;;Ágios Geórgios Sklívanis
78;21.1266,39.3849;47045;;Ágios Geórgios
681;22.7772,39.3698;37500;;Ágios Geórgios Ferón
0;21.2167,39.3667;47045;;Ágios Geórgios
142;23.0855,39.3438;37010;;Áyios Yeóryios Nileías
598;21.8357,39.2963;43067;;Ágios Geórgios
0;22.2774,39.2854;40300;;Áyios Yeóryios
0;21.1015,39.2897;47044;;Ágios Geórgios
745;20.8543,39.2670;48300;;Ágios Geórgios
53;21.0256,39.1021;47041;;Ágios Geórgios Glykoríizou
0;21.1495,39.0492;30016;;Ágios Geórgios
353;22.3370,39.0316;35010;;Áyios Yeóryios Domokoú
0;21.9566,38.9473;35017;;Áyios Yeóryios
0;23.1574,38.9402;34200;;Ágios Geórgios
0;21.5984,38.8996;36071;;Ágios Geórgios
868;22.8810,38.8379;35006;;Ágios Geórgios Lichádos
0;22.3851,38.5090;33100;;Ágios Geórgios
0;24.0783,38.4946;34009;;Ágios Geórgios
2045;22.9319,38.3934;32007;;Ágios Geórgios
0;21.5422,38.3952;30014;;Ágios Geórgios
0;21.7500,38.3667;30020;;Áyios Yeóryios
0;21.7817,38.3023;26444;;Áyios Yeóryios
668;21.5177,37.6882;27060;;Ágios Geórgios
228;23.3879,37.5061;18020;;Áyios Yeóryios Troizínos
0;22.5870,37.4183;22013;;Ágios Geórgios
0;21.8463,37.3118;24011;;Ágios Geórgios
105;25.4676,36.8606;84503;;Ágios Geórgios
0;22.5484,36.8175;23200;;Áyios Yeóryios
0;23.0033,36.5411;23053;;Ágios Geórgios
18;22.3858,36.5263;23071;;Ágios Geórgios Koítas
104;23.6122,35.4970;73400;;Ágios Geórgios Gramvousís
0;24.0181,35.4536;73300;;Ágios Geórgios
12;25.7002,35.3257;72053;;Ágios Geórgios Skiniá
0;23.7333,35.3167;73004;;Ágios Geórgios
87;24.4568,35.2955;74058;;Ágios Geórgios Arménon
48;24.3626,35.2964;74058;;Ágios Geórgios Agíou Konstantínou
0;25.4845,35.1661;72052;;Ágios Geórgios
0;26.0654,35.1236;72059;;Ágios Geórgios
398;20.2802,39.5561;46300;;Ágios Vlásios
0;23.0677,39.3421;37300;;Áyios Vlásios
0;21.3859,38.9768;30017;;Ágios Vlásios
0;22.7988,38.5005;32008;;Ágios Vlásios
913;21.6194,39.4712;42032;;Ágios Vissaríonas
0;21.4111,39.2841;43066;;Ágios Vasíleios
2889;21.8164,38.3146;26444;;Ágios Vasíleios
0;23.1473,38.1826;19012;;Áyios Vasílios
1025;22.7973,37.7976;20008;;Áyios Vasílios
0;22.4255,37.5131;22100;;Áyios Vasílios
0;22.6896,37.1874;22020;;Ágios Vasíleios
0;22.5256,36.7566;23200;;Ágios Vasíleios
0;24.2042,35.4509;73003;;Áyios Vasílios
0;24.4524,35.2445;74060;;Áyios Vasílios
0;25.1906,35.1965;70100;;Áyios Vasílios
0;25.4600,35.0341;70004;;Áyios Vasílios
0;20.7879,38.9754;48100;;Ágios Thomás
0;21.4768,38.3848;30200;;Ágios Thomás
1131;23.5891,38.2772;32011;;Áyios Thomás
0;25.0364,35.1448;70003;;Áyios Thomás
0;22.0047,39.3692;43100;;Ágios Theódoros
0;21.7518,38.6806;25014;;Ágios Theódoros
0;21.9258,37.8735;25012;;Ágioi Theódoroi
312;22.2532,39.0243;35010;;Áyios Stéfanos
9892;23.8561,38.1466;14565;;Ágios Stéfanos
0;24.4564,37.3968;84006;;Ágios Stéfanos
53;23.0193,36.6405;23070;;Áyios Stéfanos
131;25.9713,35.0700;72055;;Ágios Stéfanos
971;20.8629,39.1442;47042;;Ágios Spyrídon
0;22.9578,38.4630;32300;;Ágios Spyrídonas
0;26.0815,35.1128;72059;;Ágios Spyrídon
240;22.1651,38.8969;35003;;Áyios Sóstis
0;22.4147,37.4776;22012;;Ágios Sóstis
0;21.9551,37.4432;27061;;Áyios Sóstis
0;25.1160,35.2422;70100;;Áyios Síllas
725;22.7044,38.8010;35009;;Áyios Serafím
0;22.5602,38.3097;32012;;Makriá Malliá
177;21.5356,39.4704;42032;;Ágios Prokópios
0;21.8809,38.3950;30300;;Ágios Polýkarpos
422;20.6021,38.6656;31082;;Ágios Pétros
5;24.7637,37.8961;84501;;Áyios Pétros
1;23.5011,37.3304;18040;;Ágios Konstantínos Ydras
857;22.5466,37.3279;22009;;Ágios Pétros
0;21.8477,37.2976;24011;;Ágios Pétros
0;22.5416,36.9813;23054;;Pyrí
0;22.5196,36.7811;23200;;Ágios Pétros
0;24.2080,35.4232;73008;;Ágios Pávlos
0;22.0660,38.1409;25017;;Ágios Panteleímon
0;21.2345,37.9618;27053;;Ágios Panteleímon
0;23.6500,35.2833;73001;;Ágios Panteleímon
0;22.3353,36.7515;24023;;Áyios Níkon
9;20.5589,38.5921;31082;;Áyios Nikólaos Nirás
211;20.3243,39.7016;46033;;Ágios Nikólaos
127;20.6341,39.5435;46200;;Ágios Nikólaos
0;20.9000,39.3333;47046;;Ágios Nikólaos
96;21.3904,39.2801;47047;;Ágios Nikólaos
0;21.5746,39.0874;36072;;Ágios Nikólaos
0;21.5842,39.0559;36071;;Ágios Nikólaos
0;21.2873,39.0524;30017;;Ágios Nikólaos
0;23.0278,38.9067;34300;;Áyios Nikólaos Varváras
264;21.8649,38.8946;36100;;Áyios Nikólaos
0;21.4875,38.8897;30021;;Kremastá
738;20.8042,38.8689;30002;;Ágios Nikólaos
0;21.1097,38.7323;30004;;Ágios Nikólaos
136;21.4601,38.6378;30005;;Áyios Nikólaos Trichonídos
3426;23.6477,38.4205;34100;;Áyios Nikólaos
0;22.5858,38.3245;32012;;Prósakos
0;21.6220,38.1019;25018;;Ágios Nikólaos Krális
0;22.1624,37.9076;25007;;Ágios Nikólaos
1305;21.1102,37.8468;27050;;Arkoúdi
7;22.4776,37.7658;21058;;Áyios Nikólaos
0;22.0080,37.7544;22008;;Syriamákos
333;20.7737,37.7472;29092;;Koilioménos
0;22.5388,37.3628;22013;;Kastrí
0;22.4406,36.8306;23061;;Ágios Nikólaos
142;22.9648,36.6815;23070;;Áyios Nikólaos Monemvasiás
2;22.4544,36.5324;23071;;Ágios Nikólaos Kokkálas
0;23.1044,36.4763;23053;;Áyios Nikólaos
0;22.4147,36.4774;23071;;Giália
11421;25.7152,35.1911;72100;;Ágios Nikólaos
0;25.4195,35.0246;70004;;Áyios Nikólaos
108;20.6133,38.7887;31080;;Áyios Nikítas
0;25.2458,35.0088;70010;;Ágios Nikítas
0;25.0290,35.2318;70013;;Agios Myronas
19;20.6702,39.9477;44016;;Ágios Minás
0;21.3394,38.9762;30017;;Ágios Minás
0;22.8961,38.4397;32100;;Ágios Melétios
0;24.0500,35.5167;73133;;Ágios Matthaíos
0;22.9483,36.6288;23070;;Áyios Mámas
0;24.7613,35.3241;74054;;Áyios Mámas
954;24.0244,38.4414;34500;;Ágios Loukás
393;20.7195,37.7693;29090;;Áyios Léon
0;23.0599,39.3617;37300;;Áyios Lavréndios
46;20.5672,39.9739;44012;;Ágios Kosmás
0;22.4688,39.4021;10438;;Ágios Konstantínos
2952;22.8576,38.7561;35006;;Áyios Konstandínos
6534;21.3995,38.6334;30027;;Áyios Konstandínos
0;22.3921,38.5014;33100;;Ágios Konstantínos
399;22.0485,38.2583;25100;;Ágios Konstantínos
368;26.8197,37.8064;83200;;Ágios Konstantínos
670;24.0129,37.7260;19500;;Ágios Konstantínos
60;23.3667,37.5167;18030;;Áyios Konstandínos Troizínos
0;22.3938,37.5240;22100;;Ágios Konstantínos
0;22.2836,37.2202;23065;;Ágios Konstantínos
0;22.0274,37.1570;24007;;Ágios Konstantínos
152;24.3670,35.2969;74058;;Ágios Konstantínos
0;25.5027,35.1754;72052;;Áyios Konstandínos
0;24.9126,34.9791;70009;;Áyios Kírillos
733;20.8309,37.7877;29092;;Áyios Kírikos
1908;26.2944,37.6147;83300;;Agios Kirykos
17;22.4868,36.5035;23071;;Ágios Kyprianós
128;21.1266,39.2898;47044;;Ágios Charálampos
60;21.8458,38.9935;36081;;Áyios Kharálambos
0;21.4015,37.9407;27057;;Áyios Kharálambos
0;21.9148,36.7985;24004;;Ágios Isídoros
0;27.8498,36.1662;85108;;Ágios Isídoros
0;22.4515,37.1394;23064;;Áyios Ioánnis Theológos
0;21.4661,39.1836;36070;;Ágios Ioánnis Pródromos
821;20.8131,39.6965;45333;;Ágios Ioánnis
27;20.6822,39.4491;44009;;Káto Zotikó
143;21.5584,39.4362;42032;;Ágios Ioánnis
0;21.1958,39.2604;47044;;Ágios Ioánnis
63;22.8067,39.0283;35013;;Áyios Ioánnis
0;23.1151,38.9147;34012;;Ágios Ioánnis
0;21.7423,38.6319;25014;;Ágios Ioánnis
983;24.0051,38.4481;34500;;Áyios Ioánnis
0;20.6608,38.3911;28300;;Ágios Ioánnis
0;22.1153,38.2108;25100;;Ágios Ioánnis
0;22.0576,38.1934;25100;;Ágios Ioánnis
431;21.3605,37.8257;27059;;Ágios Ioánnis Amaliádos
375;22.9646,37.7745;20005;;Áyios Ioánnis
545;21.3850,37.6787;27100;;Ágios Ioánnis
0;21.8637,37.6129;22028;;Áyios Ioánnis
0;22.6348,37.3605;22013;;Ágios Ioánnis
0;21.8186,37.2995;24003;;Ágios Ioánnis
0;22.4038,37.0489;23100;;Áyios Ioánnis
0;22.7763,36.8401;23055;;Ágios Ioánnis
0;23.0400,36.8133;23068;;Áyios Ioánnis
425;23.0007,36.7439;23070;;Ágios Ioánnis
0;23.8500,35.4000;73005;;Ágios Ioánnis
0;24.7781,35.3287;74054;;Áyios Ioánnis
4;25.6760,35.2457;72053;;Ágios Ioánnis Limnón
0;23.5800,35.2471;73001;;Ágios Ioánnis
0;24.4001,35.2336;74000;;Ágios Ioánnis
0;24.0205,35.2317;73011;;Ágios Ioánnis
0;24.7081,35.1720;74062;;Áyios Ioánnis
8;25.8464,35.0532;72055;;Ágios Ioánnis
65;24.8117,35.0455;70200;;Ágios Ioánnis Pyrgiotíssis
125;20.6465,38.6891;31084;;Áyios Ilías
0;21.2871,38.4882;30400;;Ágios Ilías
0;21.4538,37.8849;27069;;Ágios Ilías
296;21.3295,37.7175;27067;;Ágios Ilías
0;21.6917,37.4117;27056;;Áyios Ilías
46;22.9834,36.2030;80200;;Áyios Ilías
19;23.0569,36.5967;23053;;Áyios Fokás
190;22.0266,37.1679;24007;;Ágios Flóros
0;24.9917,39.5389;81500;;Ágios Efstrátios
0;22.5204,36.7498;23200;;Ágios Efstrátios
0;23.7286,35.3810;73004;;Ágios Efstrátios
0;23.7109,35.3428;73004;;Ágios Efstrátios
0;22.9625,36.5736;23053;;Ágios Elissaíos
262;20.5078,39.4753;46200;;Ágios Donátos
0;25.1539,39.9124;81400;;Áyios Dhimítrios
0;20.5500,39.5333;46200;;Ágios Dimítrios
0;22.1136,39.5154;43200;;Ágios Dimítrios
0;20.6771,39.5210;46200;;Ágios Dimítrios
0;23.1485,39.4146;37012;;Ágios Dimítrios
144;22.7219,39.3128;37500;;Ágios Dimítrios Perivléptou
35;21.6797,39.0583;36071;;Ágios Dimítrios
0;21.8410,38.6585;30025;;Ágios Dimítrios
0;22.9973,38.4502;32300;;Ágios Dimítrios
0;24.1397,38.2819;34017;;Ágios Dimítrios
0;24.4411,38.1079;34001;;Ágios Dimítrios
0;21.7608,37.9996;25015;;Ágios Dimítrios
71294;23.7333,37.9333;16341;;Agios Dimitrios
0;21.4080,37.8988;27059;;Áyios Dhimítrios
610;20.7977,37.7995;29092;;Áyios Dhimítrios
0;22.8208,36.9352;23060;;Ágios Dimítrios
179;22.9357,36.6946;23056;;Áyios Dhimítrios Monemvasiás
177;24.5754,35.3532;74100;;Ágios Dimítrios
324;21.7783,39.2829;43067;;Ágios Athanásios
0;23.7792,38.6060;34014;;Áyios Athanásios
0;22.9999,38.4194;32007;;Ágios Athanásios
0;22.0970,38.2359;25100;;Ágios Athanásios
0;21.8592,37.3133;24011;;Ágios Athanásios
12;21.7888,38.8739;36100;;Áyios Andréas
0;22.9546,38.4711;32300;;Ágios Andréas
0;22.5885,38.3054;32012;;Ágios Andréas
0;22.1236,38.1658;25003;;Ágios Andréas
0;24.1034,37.6532;19500;;Áyios Andréas
62;23.0893,37.6331;21052;;Áyios Andréas
1033;22.7647,37.3452;22001;;Ágios Andréas
0;21.9208,36.8631;24010;;Ágios Andréas
203;24.4139,35.3179;74058;;Ágios Andréas
0;22.4789,39.2034;40300;;Ágios Antónios
0;21.6194,39.1948;36073;;Dendros
0;27.3339,36.4573;85002;;Ágios Antónios
0;23.7588,35.4777;73002;;Ágios Antónios
8;25.6066,35.3157;72054;;Ágios Antónios
0;24.8861,35.0716;70400;;Áyios Andónios
0;22.7106,36.9060;23055;;Ágios Andréas
0;24.1960,35.4498;73003;;Áyios Andhréas
0;25.3677,39.9637;81401;;Áyios Aléxandros
291;21.7722,39.3821;43067;;Ágios Akákios
1080;22.8456,37.5998;21100;;Áyios Adhrianós
801;23.0604,38.9041;34300;;Áyios
0;22.4823,37.4970;22012;;Agiorgítika
420;21.9200,39.3187;43100;;Agiopigí
319;22.8801,37.7533;20008;;Ayionóri
38;25.8602,38.5637;82103;;Ágio Gála
0;22.1206,39.8632;40200;;Agionéri
0;21.8773,37.6420;22028;;Ayionérion
82;21.6913,39.6593;42200;;Ágioi Theódoroi
318;22.9244,38.9980;37007;;Áyioi Theódhoroi
0;21.3139,38.9633;30017;;Ágioi Theódoroi
0;21.9638,38.2693;25009;;Áyioi Theódhoroi
4934;23.1422,37.9274;20003;;Ágioi Theódoroi
45;23.3988,37.6209;21061;;Áyioi Theódhoroi Methánon
0;21.9600,37.3146;24008;;Ágioi Theódoroi
0;23.7000,35.3000;73004;;Ágioi Theódoroi
0;23.6197,35.2762;73001;;Ágioi Theódoroi
0;22.6821,36.8377;23051;;Ágioi Taxiárches
0;20.6472,38.4646;28301;;Ágioi Saránta
0;20.3509,39.7167;46033;;Ágioi Pántes
0;22.2948,38.3681;33058;;Ágioi Pántes
0;24.9667,35.0667;70012;;Ágioi Déka
139;20.7929,39.7492;45333;;Ágioi Apóstoloi
0;21.4704,39.3520;43065;;Ágioi Apóstoloi
140;20.8019,39.3050;48300;;Ágioi Apóstoloi
0;22.8506,38.5270;32100;;Ágioi Apóstoloi
44;21.6332,38.4707;30015;;Áyioi Apóstoloi
0;24.1952,38.4123;34017;;Ágioi Apóstoloi
1904;23.9101,38.2917;46032;;Áyioi Apóstoloi
0;22.8065,37.0806;22020;;Ágioi Apóstoloi
0;23.0274,36.5522;23053;;Ágioi Apóstoloi
0;22.3664,39.5246;41500;;Ágioi Anárgyroi
0;22.6217,37.0260;23058;;Áyioi Anáryiroi
621;21.5618,39.8632;42034;;Agiófyllo
58;21.6423,38.8514;36075;;Ayía Vlakhérna
0;20.7466,38.8356;31100;;Ayía Varvára
146;21.5331,38.6703;30010;;Ayía Varvára
0;22.2744,38.0071;20014;;Agía Varvára
26550;23.6601,37.9894;12351;;Agía Varvára
0;21.6307,37.9316;25015;;Agía Varvára
9;22.3940,36.5869;23062;;Agía Varvára
4241;25.0013,35.1371;70003;;Agía Varvára
24;21.5904,38.8636;30021;;Ayía Triás Goúnari
95;20.8888,39.4377;44013;;Agía Triáda
0;22.5612,39.3871;37500;;Agía Triáda
136;20.9825,39.1378;47100;;Agía Triáda
222;22.8780,39.1021;37008;;Ayía Triás Soúrpis
82;21.1945,39.0176;30016;;Agía Triáda
26;21.8198,38.9874;36081;;Ayía Triás
0;20.7906,38.9849;48100;;Agía Triáda
282;22.6024,38.8162;35009;;Ayía Triás
0;21.8296,38.5889;25014;;Agía Triáda
1098;22.9088,38.3550;32007;;Agía Triáda
220;21.6474,37.8617;27069;;Agía Triáda
1151;22.8050,37.6371;21055;;Ayía Triás
0;21.7107,37.2091;24500;;Agía Tríada
0;22.4653,36.4497;23071;;Ayía Triás
62;24.5723,35.3431;74100;;Agía Triáda
0;26.1347,35.0391;72059;;Agía Triáda
0;20.3841,38.2459;28200;;Agía Thékli
0;24.0947,38.5124;34009;;Ayía Thékla
2001;26.3722,39.0829;81101;;Agiásos
0;25.3290,39.8304;81401;;Ayía Sofía
0;22.3172,39.6897;40100;;Agía Sofía
0;23.7226,38.6882;34400;;Ayía Sofía
0;21.6462,38.5824;30008;;Agía Sofía
0;24.0824,38.3918;34500;;Agía Sofía
0;22.5469,37.4317;22013;;Agía Sofía
0;22.2458,36.8954;24022;;Agía Sofía
0;23.9530,35.4812;73005;;Fylakaí Agías
0;25.2418,35.1264;70300;;Agía Semní
125;23.9598,35.2303;73011;;Agía Rouméli
419;22.9819,36.3239;80200;;Agía Pelagía
9;25.6811,35.2407;72053;;Agía Pelagía
0;24.4970,35.2160;74053;;Ayía Pelayía
294;23.6077,39.9534;63085;;Agía Paraskeví
228;21.2591,39.5673;35018;;Agía Paraskeví
0;20.5667,39.5167;46200;;Agía Paraskeví
0;22.3340,39.4327;43062;;Agía Paraskeví
0;22.1500,39.3333;43300;;Agía Paraskeví
0;22.0430,39.3057;43300;;Agía Paraskeví
0;20.7000,39.2833;48300;;Agía Paraskeví
2230;26.2718,39.2479;81102;;Agía Paraskeví
80;21.2737,39.1574;47048;;Agía Paraskeví
685;20.9911,39.0990;47041;;Agía Paraskeví
43;21.7973,39.0063;36081;;Agía Paraskeví
38;21.4989,38.8577;30021;;Ayía Paraskeví Parakampylíon
212;21.5295,38.6876;30010;;Ayía Paraskeví
180;22.7432,38.5828;35015;;Ayía Paraskeví Tithoréas
0;22.9834,38.3947;32007;;Agía Paraskeví
0;21.8315,38.1352;26500;;Agía Paraskeví
59704;23.8333,38.0167;15343;;Agía Paraskeví
107;23.0265,36.6652;23070;;Ayía Paraskeví
246;24.5605,35.3529;74100;;Agía Paraskeví Rethýmnis
0;25.3331,35.1710;70006;;Ayía Paraskeví
0;24.7164,35.1554;74062;;Agía Paraskeví
0;23.2580,38.8272;34005;;Agiannákos
0;21.6978,37.3494;24021;;Agiannákis
0;20.4966,39.5040;46200;;Agía Mávra
0;21.3112,37.8743;27057;;Ayía Mávra
79;20.4341,39.8011;46033;;Agía Marína Delvinakíou
164;20.3143,39.4707;46100;;Agía Marína
0;26.5764,39.0635;81100;;Agía Marína
355;22.5837,38.8959;35300;;Ayía Marína
229;22.7062,38.5685;35015;;Ayía Marína
0;24.3135,38.0350;34013;;Agía Marína
0;21.7110,37.9503;25015;;Agía Marína
0;21.4511,37.9545;27052;;Agía Marína
277;23.5365,37.7466;18010;;Ayía Marína
2743;26.8516,37.1543;85400;;Agía Marína
0;22.4461,36.8509;23061;;Agía Marína
1679;23.9267,35.5178;73014;;Agía Marína
444;26.9110,35.4120;85800;;Agía Marína
0;25.0886,35.3285;71414;;Ayía Marína
427;21.8041,39.5160;42030;;Agía Kyriakí
86;20.5690,39.4886;46200;;Agía Kyriakí
172;20.4477,39.2847;48060;;Agía Kyriakí
0;23.0693,39.0929;37009;;Agía Kyriakí
0;24.4076,38.0277;34001;;Alamanaíika
77;21.7624,37.8506;27063;;Agía Kyriakí
0;21.5775,37.1203;81113;;Agía Kyriakí
0;22.4508,37.0380;23100;;Ayía Kiriakí
100;23.0298,36.7026;23070;;Agía Kyriakí
0;25.1888,39.9413;81401;;Ayía Iríni
294;20.7512,38.1217;28086;;Agía Eiríni
0;22.3680,37.0981;23100;;Ayía Iríni
75;24.4899,35.3404;74100;;Agía Eiríni
0;23.8324,35.3374;73009;;Agía Iríni
864;25.2047,35.2094;70100;;Áyiai Paraskiaí
646;24.6882,35.0971;74056;;Agía Galíni
0;26.1512,35.1911;72300;;Ayía Fotiá
25;25.8761,35.0237;72055;;Agía Fotiá Ierápetras
374;22.3577,38.4806;33100;;Agía Efthymía
638;20.5964,38.3025;28081;;Agía Effimía
0;21.4252,37.8269;27059;;Vretaíika
159;23.1910,37.5528;21059;;Ayía Eléni Troizínos
823;23.3998,38.8592;34010;;Agía Ánna
0;21.4500,37.9000;27069;;Ayía Ánna
123;21.6364,37.7766;27064;;Agía Ánna
73;20.7363,39.5624;45110;;Agía Anastasía
14;22.9551,36.3211;80200;;Ayía Anastasía
0;21.7657,39.1850;36073;;Agía Agáthi
2827;22.7587,39.7190;40003;;Agiá
918;20.3586,39.3129;48060;;Agiá
0;22.5009,36.6630;23066;;Agía
0;23.9309,35.4722;73005;;Agiá
0;24.7661,35.3679;74054;;Agiá
0;22.5277,36.6962;23200;;Ageranós
0;24.8425,35.3090;74051;;Axós
0;21.3615,37.8762;27059;;Avyíon
0;21.4809,37.8655;27069;;Avgí
0;21.6146,38.0883;25018;;Avgeraíika
0;25.0297,35.1890;70011;;Avyenikí
424;21.9402,37.0345;24200;;Avramió
0;21.7448,39.5702;25013;;Kipáki
0;25.4793,35.1605;72052;;Avrakóndes
579;21.6908,39.7114;42200;;Ávra
81;22.1330,38.5009;33053;;Ávoros
306;20.6250,39.4172;46031;;Avlótopos
1273;24.1251,38.5033;34009;;Avlonárion
0;27.1811,35.7736;85700;;Avlóna
3244;23.6955,38.2515;32011;;Avlónas
1325;21.8020,37.3653;24021;;Avlón
0;25.3073,35.1208;70300;;Avlí
81;23.0814,36.2271;80200;;Avlémonas
173;21.3788,39.1502;36070;;Avláki
471;22.5627,38.9131;35300;;Avlákion
37;21.4508,38.7949;30021;;Avlakiaí
80;27.1339,36.9332;85200;;Psérimos
1915;22.1435,36.9655;24016;;Avía
14;26.0217,38.3765;82100;;Avgónyma
327;20.9027,39.5291;44013;;Avgó
0;23.1929,38.9501;34200;;Avgariá
18;24.4376,37.1637;84005;;Avyssalós
0;22.4333,39.6167;30024;;Avérof
0;23.7167,35.3000;73004;;Avdhoulianá
0;25.4316,35.2317;70005;;Avdhoú
0;24.7494,35.3244;74054;;Avdhellás
130;21.1248,40.0077;51032;;Avdélla
0;21.7038,38.5298;30008;;Avaríkos
0;23.7361,38.6203;34400;;Áttali
0;20.7049,38.0888;28082;;Atsoupádes
5417;24.4338,35.3525;43064;;Atsipópoulo
0;24.4520,35.2243;74060;;Atsipádhes
0;25.0761,35.0707;70016;;Atsipádes
52;25.7072,35.2346;72053;;Atzimpragá
2246;25.2245,39.9461;81401;;Atsikí
95;22.2458,37.4033;22027;;Athínaio
664046;23.7278,37.9838;10431;;Athína
1942;22.9294,37.8167;20005;;Athíkia
172;20.4168,38.3181;28200;;Athéras
0;23.6227,39.1731;37003;;Atheato
204;20.5713,38.6653;31082;;Athánion
0;25.0810,35.2734;71414;;Athánatoi
374;21.2149,39.3777;47045;;Athamánio
8;24.8320,37.9072;84501;;Aténi Katákoilou
4978;22.9992,38.6511;35200;;Atalánti
276;20.7771,39.6262;45110;;Asvestochóri
74;22.1310,39.0148;35011;;Asvéstion
2474;22.7212,37.4040;22001;;Ástros
0;25.2255,35.1899;70300;;Astrítsion
0;22.1446,39.4471;43062;;Astrítsa
0;23.7510,35.4740;73002;;Ástrikas
0;23.7623,35.5552;73006;;Astrátigos
182;21.8451,37.8976;27063;;Astrás
0;25.2184,35.2308;70008;;Astrakoí
0;24.9476,35.3160;74051;;Astirákion
1129;26.3500,36.5500;85900;;Astypálaia
0;21.7219,38.0599;25008;;Astéri
0;22.7293,36.8342;23055;;Astéri
0;22.4611,36.7886;23061;;Astéri
88;24.5970,35.3683;74052;;Astérion
0;21.4604,37.7907;27069;;Asteraíika
5719;21.0814,38.5356;30006;;Astakós
297;20.7661,39.3426;44009;;Ássos
1916;22.8222,37.9395;20011;;Ássos
0;22.6360,39.3172;37500;;Asprógeia
98;20.6531,38.7830;31080;;Asproyerakáta
0;20.7684,38.1119;28086;;Asprogérakas
219;21.6796,39.5414;25013;;Káto Eláti
0;24.2882,35.3471;74055;;Asprouliánoi
0;24.2509,35.3537;73007;;Asprosikiá
34;21.5589,39.1924;36070;;Asprórema
0;22.0268,37.1182;24012;;Aspropouliá
153;21.6397,38.7829;36074;;Asprópirgos
30251;23.5897,38.0613;19300;;Asprópyrgos
0;21.1549,39.0507;30016;;Aspropiliá
628;21.6632,39.8505;42034;;Asprokklisiá
49;21.2892,39.2724;47047;;Astrochóri
151;23.7512,38.2772;19011;;Asprokhórion
1244;22.0748,37.0478;24100;;Asprókhoma
15;21.9535,38.9678;35017;;Asprókambos
197;22.9678,38.0608;20300;;Asprókambos
211;22.5615,37.8863;20016;;Asprókambos
0;21.9297,38.5414;30023;;Aspriá
148;21.7756,37.6145;27062;;Áspra Spítia
165;20.7286,39.8233;44007;;Asprángeloi
0;23.7573,35.5452;73006;;Áspra Nerá
82;20.5409,38.3776;28085;;Ásos
4164;22.8545,36.7299;23056;;Asopós
1375;23.5019,38.2988;32009;;Asopía
0;26.3889,39.1012;81101;;Asómatos
0;22.6940,37.3280;22001;;Ágioi Asómatoi
0;24.4536,35.1913;74060;;Asómatoi
0;23.1982,39.0020;34200;;Asmíni
0;23.9280,35.4098;73005;;Askordalós
0;25.3867,35.2175;70006;;Askoí
0;27.9292,36.0722;85109;;Asklipieío
5077;22.8644,37.5443;21060;;Asíni
0;21.9421,36.7937;24004;;Asíni
0;22.1659,39.1727;43063;;Asimokhórion
0;22.5000,36.8728;23057;;Asími
1259;25.0928,35.0432;70016;;Asímion
456;24.2841,35.2742;74055;;Asigonía
0;24.2141,35.2413;73013;;Ásfendos
135;27.2117,36.8528;85300;;Asfendioú
0;23.7369,35.2689;73009;;Asfendhilés
269;20.7497,39.7758;44007;;Asfáka
30;20.5596,39.4021;46200;;Asfáka
130;22.2607,37.4203;22027;;Aséa
206;21.5378,39.3563;43065;;Argithéa
34097;23.7504,37.9059;16451;;Argyroúpoli
313;24.3342,35.2852;74058;;Argyroúpoli
331;20.3148,39.4167;46100;;Argyrótopos
1311;22.3069,39.8257;40010;;Argyropoúli
84;21.7015,38.6900;36074;;Argyró Pigádi
20;24.2500,35.3739;73007;;Argyromoúri
76;22.2286,39.5333;43062;;Argyrómylos
32;20.3578,39.9519;44005;;Argyrochóri
201;22.2538,38.8761;35016;;Aryirokhórion
82;21.4159,39.1931;43066;;Argýri
303;22.0554,38.7967;33059;;Aryíria
0;20.1475,39.2253;49082;;Argyrátika
210;21.8616,38.2849;26444;;Argyrá
17;26.9699,37.0146;85200;;Arginónta
21;20.7216,38.0959;28082;;Argínia
67;22.6439,39.2196;37100;;Aryilokhóri
209;26.2629,39.3600;81108;;Árgennos
0;22.0564,37.7077;22014;;Árvitsa
169;26.9190,35.4023;85800;;Arvanitokhórion
0;21.5223,37.7227;27060;;Arvanítis
68;20.1556,39.2059;49082;;Arvanitakaíïka
0;21.3963,38.0576;27052;;Arvanitaíika
145;22.0338,38.6995;33059;;Artotína
51;21.0739,39.4603;47043;;Ártissa
0;21.7847,37.2559;24003;;Artíki
1412;21.8965,39.4019;43100;;Artesianó
800;24.7244,36.9818;84003;;Artemón
3410;23.2280,39.0096;34200;;Artemísio
88;22.2300,37.0993;23059;;Artemisía
21895;20.9856,39.1601;47100;;Árta
114;21.9239,37.1673;24013;;Arsinói
0;24.1101,35.5153;73200;;Aróni
77;22.9687,36.2666;80200;;Aroniádhika
0;21.3073,38.9561;30017;;Aroniáda
10;20.1327,39.2261;49082;;Aronátika
9;24.3237,35.2570;74058;;Arolíthi
1259;22.0122,37.8847;25016;;Aroanía
0;27.8137,36.0599;85109;;Arnítha
0;26.1159,35.1637;72300;;Arnikó
73;24.8480,37.8586;84500;;Árni
0;25.1872,37.5636;84200;;Arnádos
102;22.4149,36.8779;23061;;Árna
442;26.0322,38.2520;82102;;Armólia
27;23.7129,35.4492;73010;;Armenochóri
0;21.9324,36.8058;24004;;Armenoí
3159;24.1584,35.4292;73003;;Arménoi
379;24.4602,35.3042;43064;;Arménoi
0;26.0891,35.0723;72059;;Arménoi
0;26.0868,37.6350;83301;;Armenistís
1701;22.6976,39.4880;37500;;Arméni
0;21.6586,37.2168;24500;;Armenioí
0;22.0911,37.0283;24100;;Arménika
0;22.1656,37.9240;25007;;Ármpounas
275;21.3117,39.4858;42037;;Armatolikó
0;25.1629,35.1245;70300;;Armanógeia
0;25.3532,35.1648;70006;;Armákha
1078;23.4860,38.3512;32009;;Árma
318;21.5985,38.0562;25018;;Árla
60;21.0650,39.7052;44200;;Ampelákia
840;23.0330,38.7434;35007;;Arkítsa
1194;21.0390,38.7005;22004;;Archontochóri
0;22.1468,36.9723;24016;;Arkhondikón
0;22.4899,36.8046;23061;;Archontikó
0;25.2590,35.1571;70300;;Archontikó
244;24.3364,35.3156;74055;;Archontikí
0;23.6504,35.3184;73012;;Archontikó
3;22.3992,36.5044;23071;;Archiá
363;22.1666,38.9722;35011;;Arkhánion
762;20.7018,39.0935;48061;;Archángelos
50;22.8792,36.6270;23056;;Archangelos
0;25.3226,35.2022;70006;;Arkhángelos
11153;21.6271,37.6479;27065;;Archaía Olympía
1939;22.8835,37.9095;20007;;Arkhaía Kórinthos
106;25.8030,36.7867;84008;;Arkesíni
0;22.4625,36.9667;23054;;Arkasádhes
0;27.1208,35.4778;85700;;Arkása
8547;25.2654,35.1463;70300;;Arkalochóri
0;26.2180,39.2300;81107;;Arísvi
1696;21.8396,37.0863;24015;;Aristoménis
0;21.9759,37.1336;24013;;Aristodímeio
128;20.6715,39.9343;44016;;Arísti
1036;22.0044,37.0992;24012;;Áris
0;22.0274,37.1306;24007;;Ariochóri
0;21.6994,37.4996;27054;;Aríni
69;20.2919,39.3580;48060;;Aríllas
0;26.2065,39.2197;81107;;Arianá
0;23.0759,36.7637;23070;;Ariána
0;21.2640,38.9177;30018;;Ariáda
3529;22.5522,37.6202;22005;;Aría
2080;22.8354,37.5737;21100;;Aria
0;24.7579,35.3276;74054;;Argoulión
0;24.0965,35.5240;73200;;Argoulidés
0;24.2810,35.1975;74000;;Argoulés
9820;20.4890,38.1811;28100;;Argostólion
22209;22.7333,37.6333;21200;;Árgos
609;22.7992,37.6199;21055;;Argolikón
0;23.7971,35.3195;73009;;Argastíri
1379;20.9236,37.7625;29100;;Argási
1285;23.2187,39.2263;37006;;Argalastí
1285;22.0449,37.1562;24007;;Arfará
0;24.1596,35.3527;73007;;Arevítis
80;20.5804,39.8297;44004;;Aretí
888;22.3813,36.6661;23062;;Areópoli
39;20.7188,39.4263;44009;;Árdosi
610;21.7865,39.6316;25013;;Ardáni
44;21.3762,39.1749;43066;;Ardánovo
0;24.5508,35.1741;74053;;Árdaktos
0;24.7740,35.1514;74059;;Árdhaktos
218;21.4086,38.1652;25005;;Áraxos
0;21.9772,38.2628;25009;;Aravonítsa
0;21.7729,36.8995;24001;;Arapólakka
548;21.6619,39.9471;42034;;Dímitra
0;21.9530,37.6580;22028;;Arápidhes
746;21.8480,38.3253;26444;;Arachovítika
107;20.4115,39.6275;46033;;Rizó
0;21.8667,38.6866;30025;;Aráchova
2439;22.5835,38.4796;32004;;Aráchova
293;21.9596,38.1903;25000;;Kríni
0;21.9887,37.6110;22028;;Aráchova
0;22.2214,37.0397;24020;;Arákhova
643;22.9582,37.6791;21000;;Arakhnaíon
0;22.2432,37.4427;22027;;Arachamítes
15;22.9570,36.2457;80200;;Araíoi
0;24.0614,35.2247;73011;;Arádaina
0;24.1338,35.4641;73003;;Aptera
113;24.8115,37.8380;84501;;Áno Aprovátou
0;23.8682,35.4612;73005;;Apothíkes
405;21.7284,39.5780;25013;;Apóstoloi
0;21.4755,38.1184;25005;;Apóstoloi
0;24.6278,35.2548;74061;;Apóstoloi
0;25.2987,35.2197;70006;;Apóstoloi
59;22.4054,38.7149;33057;;Apostoliás
0;25.3833,35.0333;70004;;Apostolianós
0;21.2736,39.3836;42033;;Apostolaíïka
0;25.1804,35.0937;70010;;Aposelémi
142;20.9408,39.0762;47041;;Apómero
0;24.9523,35.1131;70017;;Apomarmá
819;20.6867,38.8154;31100;;Apólpaina
869;24.7239,36.9734;84003;;Apollonía
272;24.5262,36.7630;84004;;Pollonia
982;27.9670,36.2609;85108;;Apóllona
129;25.5509,37.1820;84302;;Apóllon
0;24.8890,35.0783;70400;;Apólikhnos
409;27.7887,36.0666;85109;;Apolakkiá
0;25.1228,35.0523;70016;;Apoḯni
244;24.9104,37.8509;84500;;Apoíkia
0;24.7356,35.1561;74059;;Apodhoúlou
0;24.8181,35.3543;74054;;Apladhianá
0;21.5911,37.8954;27069;;Apidoúla
0;22.0776,37.3875;22200;;Apidítsa
0;21.4279,38.0743;25005;;Apideóna
496;21.9366,39.2019;43068;;Apidiá
0;22.7981,36.8817;23060;;Apidiá
76;24.9525,35.0096;70012;;Apesokárion
0;27.1702,35.5492;85700;;Apéri
88;20.1479,39.2317;49082;;Apergátika
773;25.5197,37.0717;84302;;Apérathos
0;22.4057,36.5761;23066;;Aofalotí
174;21.5209,39.9236;42034;;Anthrakiá
10;21.2180,39.6613;44200;;Anthoúsa
673;20.3731,39.2992;48060;;Anthoúsa
0;21.9657,37.2076;24002;;Anthoúsa
0;24.0550,38.3877;34500;;Anthoúpoli
89;22.6019,39.1837;37100;;Anthótopos
302;20.9992,39.1070;47041;;Anthótopos
0;21.5953,37.8313;27069;;Anthónas
159;21.1312,39.7335;44200;;Anthochóri
79;20.6642,39.5266;46200;;Anthochóri Dodónis
0;22.8287,38.5529;32008;;Anthochóri
0;22.1355,37.3713;22200;;Anthochóri
0;22.4605,36.9513;23054;;Anthokhórion
0;21.8738,38.4983;30026;;Anthófiton
270;21.4583,39.3472;43065;;Anthiró
1693;22.4791,38.8500;35014;;Anthíli
0;22.0406,37.1129;24009;;Ántheia
0;21.7063,38.1270;25002;;Agriliá
0;21.9473,38.3050;25009;;Áno Zíria
0;22.1617,38.0894;25017;;Áno Zachloroú
0;21.8583,37.0400;24014;;Áno Drosiá
697;20.9394,39.3736;47046;;Anógeio
0;22.0605,39.2914;43300;;Anógeio
0;22.1982,37.2271;23065;;Áno Giannaíoi
0;22.4339,36.9896;23054;;Anóyia
131;24.4855,35.3427;74100;;Anógeia Rethymnis
2545;24.8841,35.2908;74051;;Anógeia
0;20.6741,38.4198;28301;;Anogí
700;20.8018,37.8210;29090;;Áno Yerakaríon
137;20.3723,39.6549;46033;;Xéchoro
0;23.7862,35.4864;73002;;Áno Voúves
0;21.7708,37.1399;24015;;Áno Voútaina
0;23.7833,35.4500;73002;;Áno Voukoliés
539;22.9818,39.3794;37011;;Áno Vólos
262;20.6690,37.8753;29091;;Áno Volímai
67;21.4872,38.6434;30010;;Áno Vlokhós
131;21.9102,38.0004;25011;;Áno Vlasía
0;25.4094,35.0537;70004;;Áno Viánnos
0;21.5301,37.9530;27069;;Velitsés
372;23.9107,38.4061;34006;;Áno Váthia
0;21.8992,37.2786;24011;;Áno Vasilikó
0;21.6057,38.3777;30014;;Áno Vasilikí
0;22.5569,39.3365;10438;;Áno Vasiliká
254;22.4139,38.8101;35014;;Áno Vardhátes
0;20.7464,38.0968;28082;;Áno Váltes
77;24.4212,35.3011;74058;;Áno Valsamónero
0;23.7500,35.5000;73006;;Áno Tzinerianá
0;24.6885,35.3264;74052;;Áno Tripοdo
16;22.3620,37.9989;20014;;Áno Tarsós
232;23.9781,38.1836;19007;;Áno Soúli
0;21.8492,38.1638;26500;;Áno Soúli
0;21.6141,38.0752;25018;;Áno Soudenaíika
0;22.5204,39.3857;10438;;Áno Skotoússa
0;23.7770,35.4600;73002;;Anóskeli
60;20.6399,39.2870;46031;;Áno Skafidotí
1138;24.9356,37.4500;84100;;Áno Sýros
32;25.4976,35.0469;70004;;Áno Sími
5;23.5770,35.4088;73012;;Áno Sfinári
28;22.1813,36.9988;24016;;Áno Vérga
210;25.4344,37.0409;84302;;Áno Sagkrí
0;21.9117,38.2334;26500;;Áno Salmeníko
0;22.3053,36.8252;24024;;Áno Rígklia
0;21.4178,38.4310;30400;;Trýpes
115;20.6045,39.9397;44004;;Áno Ravénia
127;20.6766,39.2247;48062;;Áno Ráchi
39;22.0519,38.8844;35003;;Áno Ftéri
0;25.2665,35.1169;70300;;Áno Pouliés
35;21.5256,39.1096;36072;;Áno Potamiá
0;24.1052,38.5987;34011;;Áno Potamiá
0;22.2192,38.0854;25017;;Áno Potamiá
127;25.4488,37.0691;84302;;Áno Potamiá
218;25.2578,35.3028;70008;;Anópolis
242;24.0890,35.2180;73011;;Anópoli
0;22.5546,38.6171;33051;;Áno Polídhrosos
0;22.8659,39.6618;40003;;Áno Polydéntri
0;22.5161,39.6234;40009;;Galíni
12;22.4797,38.0838;20012;;Áno Pitsá
0;24.7164,36.9739;84003;;Áno Petálion
106;20.7049,39.8795;44007;;Áno Pediná
0;21.6030,38.4256;30014;;Áno Paradhísion
0;21.8189,39.2194;43067;;Itamos
73;21.4880,39.4158;43065;;Áno Paliokaryá
0;21.4065,38.4573;30400;;Páno Moúsoura
272;22.1756,38.6965;33063;;Athanásios Diákos
14;20.8220,39.4140;44009;;Áno Mousiotítsa
0;24.9966,35.1138;70003;;Áno Moúlia
0;23.8981,38.5448;34014;;Áno Místros
0;21.8459,36.8702;24010;;Anatolikí Milítsa
17;21.5585,38.5137;30015;;Áno Metápa
0;24.6617,35.1858;74062;;Áno Méros
0;20.5459,38.3386;28081;;Anomeriá
0;24.8788,36.6454;84011;;Áno Meriá
1459;25.3910,37.4490;84600;;Áno Merá
0;21.9458,37.3514;24018;;Áno Mélpia
0;21.9758,38.1435;25000;;Áno Mazaráki
26;22.6604,39.2244;37100;;Áno Mavrólofos
0;22.0311,38.1459;25000;;Áno Mavríki
0;21.7173,38.3573;30020;;Áno Mammáko
0;21.3791,38.8128;30018;;Áno Malataíiko
77;24.4093,35.2772;74058;;Áno Maláki
48;22.5393,38.0948;20012;;Áno Loutró
0;22.1395,38.0013;25001;;Áno Lousoí
33565;23.7000,38.0833;13343;;Áno Liósia
1214;23.0540,39.3276;37300;;Áno Lekhónia
386;20.7623,39.7395;44003;;Áno Lapsísta
0;21.7846,36.9926;24014;;Áno Kremmídhia
0;24.0780,38.5827;34016;;Áno Kouroúnion
0;21.5124,38.4355;30014;;Páno Koudoúni
256;20.7145,39.2272;48300;;Áno Kotsanópoulo
913;21.8185,37.2891;24003;;Kopanáki
0;22.0854,37.9059;25007;;Áno Kleitoría
0;22.0217,37.8678;25016;;Áno Chóvoli
0;22.3208,39.3176;10438;;Anochóri
0;21.9233,38.5911;30023;;Áno Khóra
0;20.7956,39.3422;44009;;Áno Chalásmata
307;21.4436,38.4897;30011;;Áno Kerásovon
0;23.7852,35.4278;73002;;Áno Kefála
254;20.7534,38.0779;28082;;Kateleiós
745;21.8360,38.2723;26444;;Áno Kastrítsi
0;25.2541,35.0370;70010;;Áno Kastellianá
0;23.1039,36.5410;23053;;Áno Kastaniá
0;25.3670,35.2275;70006;;Áno Karouzaná
27;23.0608,37.5061;84301;;Áno Karnezaíika
0;22.0031,37.4379;22022;;Áno Karyés
4;22.0444,38.8689;35003;;Áno Kambiá
0;21.7109,37.3105;24021;;Áno Kaló Neró
85;22.1065,38.8786;35003;;Áno Kallithéa
174;22.5661,38.6601;35002;;Áno Kalívia
0;22.0798,37.7741;25004;;Áno Kalívia
4;21.7218,38.9120;36100;;Áno Kalesménon
526;25.0590,35.2837;71414;;Áno Kalésia
172;21.1853,39.2500;47044;;Áno Kalentíni
6592;23.8587,38.1327;14569;;Anoixi
0;21.1679,38.9750;30016;;Anoixiátiko
187;21.0601,39.4247;47043;;Áno Graikikó
0;22.8019,36.8310;23052;;Áno Glykóvrysi
100;24.7501,37.9068;84501;;Áno Gávrio
0;21.5262,38.5236;30015;;Páno Gavaloú
297;23.0945,39.3197;37010;;Áno Gatzéa
34;22.4019,36.5327;23071;;Áno Gardenítsa
0;25.1460,35.3017;71409;;Áno Fortétsa
218;23.2253,37.5765;21059;;Áno Fanári
170;20.6193,38.7565;31080;;Exánthia
0;21.5388,38.3695;30014;;Áno Evinochóri
29;21.6254,38.7452;36074;;Áno Esokhória
0;22.5794,37.4175;22013;;Vathiá
0;21.6577,38.6598;36074;;Páno Drymónas
0;21.5449,37.9687;27069;;Áno Drymalaíika
114;21.8494,37.3377;24018;;Áno Dório
82;22.1772,36.9375;24016;;Áno Doloí
0;22.4983,37.3866;22013;;Doliána
147;22.2282,38.1363;25003;;Áno Diakoptó
145;22.4702,38.7986;35014;;Áno Dhamásta
82;22.4545,38.7327;33057;;Áno Brálos
20;22.4144,36.4919;23071;;Áno Boularioí
55;21.5139,38.8113;30021;;Áno Áyios Vlásios
0;24.9990,35.1939;70001;;Áno Asítai
0;21.7500,38.2500;26223;;Áno Arói
0;22.1261,37.1713;24007;;Áno Arfará
0;22.0700,37.1065;24009;;Áno Ámfeia
35;23.0137,37.8340;20004;;Áno Almyrí
8;23.2138,38.0819;19012;;Áno Alepokhórion
0;21.5640,38.1054;25200;;Áno Achaḯa
136;22.3915,38.1171;20009;;Áno Aiyialós
115;22.2091,39.1204;35010;;Áno Agóriani
0;21.8033,38.4418;30300;;Páno Afroxyliá
0;24.4406,38.0212;34001;;Áno Aetós
0;21.0910,39.0783;47040;;Sykoúla
0;20.7823,38.1113;28086;;Annináta
28;23.5052,37.7070;18010;;Anítsaion
0;23.7571,35.3309;73004;;Anisaráki
0;24.2154,38.1228;34015;;Nimporió
548;21.1891,39.7600;44200;;Anílio
297;23.1358,39.4199;37001;;Anílio
175;21.6847,37.4547;27054;;Anílion
9;21.5730,39.1207;36072;;Anifóra
745;22.7888,37.6592;21055;;Anífion
157;22.7023,38.9219;35300;;Ánidhron
0;21.7977,37.1928;24003;;Ánydro
0;23.7190,35.2526;73001;;Ánidhroi
57;21.7894,38.8205;36075;;Aniádha
0;24.4341,35.2391;74060;;Angouselianá
0;20.4895,38.3016;28081;;Agkónas
566;23.3466,37.7105;18010;;Megalochóri
458;22.9680,36.7514;23056;;Angelóna
299;25.3997,37.0972;84300;;Agkídia
9;22.4027,36.5689;23066;;Angeiadáki
0;22.8188,38.4465;32100;;Angelopoúlou
1661;21.2963,38.5658;30027;;Angelókastro
376;23.0063,37.7442;20004;;Angelókastro
0;24.6791,35.3822;74052;;Angelianá
0;26.2643,35.1961;72300;;Angathiás
110;25.1808,39.8960;81401;;Angariónes
0;27.1500,35.6833;85700;;Ahamándia
0;25.1520,37.0014;84007;;Agkairiá
1111;20.9230,39.0866;47042;;Anéza
0;25.1568,37.0317;84400;;Aneratzá
0;20.1565,39.2205;49082;;Anemogiannátika
338;26.1045,39.2463;81110;;Anemótia
314;21.0799,39.3122;47046;;Anemorráchi
0;22.0059,37.1349;24012;;Anemómylos
0;21.5470,37.5966;27058;;Anemochóri
48;22.2181,37.3604;22027;;Anemodoúri
1800;21.9434,37.1101;24013;;Androúsa
3918;24.9367,37.8367;84500;;Andros
590;21.7216,37.8029;27063;;Antróni
0;24.0590,38.6166;34019;;Androniánoi
0;21.0500,39.2500;47200;;Andriyiás
795;21.9056,37.4839;27061;;Andrítsaina
33;22.6095,37.4704;21057;;Andrítsa
8;20.7269,38.1479;28086;;Andrioláta
0;21.0611,39.3485;47046;;Theodoraíika
3753;21.2694,37.9059;27051;;Andravída
0;21.0038,38.8607;30002;;Antónis
0;21.2033,39.1308;47048;;Antonaíika
823;25.9802,39.2340;81103;;Ántissa
0;24.8808,34.9584;70009;;Andiskárion
2603;21.7641,38.3301;30020;;Antirrio
61;20.2259,39.1525;49082;;Antípaxos
0;20.5504,38.4644;28084;;Antipáta
0;20.5630,38.3241;28081;;Antipáta
0;25.0826,37.0394;84007;;Antíparos
2251;27.0976,36.8089;85302;;Antimácheia
1529;22.6333,38.3833;32012;;Antikyra
390;22.0641,37.0686;24009;;Antikálamos
0;24.5353,38.0549;34001;;Antiás
1820;21.9848,37.2665;24008;;Andanía
0;21.8927,37.6056;22028;;Anazíri
42;22.2349,37.3403;22027;;Anavrytó
0;21.8968,38.5347;30023;;Anavrití
49;22.3713,37.0318;23100;;Anavrití
0;22.7019,39.6797;40003;;Anávra
1145;22.0931,39.1900;43063;;Anávra
584;22.5511,39.0728;35300;;Anávra
118;22.5866,38.7768;35009;;Anávra
6180;23.9439,37.7341;19013;;Anávyssos
1;26.0207,38.4026;82200;;Anávatos
38;22.2559,36.9544;24016;;Anatolikón
0;21.6171,38.9569;36071;;Anatolikí Fragkísta
44;21.0375,39.6268;44001;;Anatolikí
188;22.6964,39.7455;40003;;Anatolí
12119;20.8658,39.6353;45110;;Anatolí
166;22.1262,38.7711;33063;;Anatolí
119;25.6440,35.0456;72056;;Anatolí
2;23.0821,37.6548;21054;;Anastasopoulaíika
0;22.0076,37.9098;25016;;Anástasi
108;20.7110,39.6649;44003;;Anárgyroi
0;21.7068,38.4934;30008;;Análipsi
0;22.8320,38.4094;32100;;Análipsi
0;21.4364,37.8082;27059;;Análipsi
408;21.9691,37.0196;24200;;Análipsis
157;25.5664,35.3185;72054;;Paralía Milátou
0;23.6833,35.2500;73001;;Análipsis
203;20.6506,37.8474;29091;;Anafonítria
0;25.7667,36.3500;84009;;Anáfi
0;21.7148,38.6656;25014;;Amvrakía
0;25.1817,35.1329;70300;;Amourgélles
248;22.0914,39.7835;40005;;Amoúri
278;22.3328,38.9003;35016;;Amoúri
0;21.3484,38.8668;30018;;Amorgianoí
397;25.8982,36.8317;84008;;Amorgós
50;24.9268,37.7482;84500;;Amonakliós
61;24.7703,37.9300;84501;;Ammólochos
191;24.6169,35.3331;74052;;Amnátos
122;21.6870,39.5306;25013;;Ammoudiá
267;20.4837,39.2401;48060;;Ammoudiá
0;21.8406,37.1230;24015;;Ammouderó
164;24.1768,35.2917;73013;;Ammoudári
121;25.6481,35.0064;72200;;Ammoudáres
618;20.9426,39.2710;47046;;Ammótopos
3;21.0246,39.3089;47046;;Ámmos
0;22.0008,37.1064;24012;;Ámmos
0;25.4457,35.0412;70004;;Amirás
831;22.4364,37.0269;23100;;Amíklai
18;23.5642,35.3622;73012;;Amygdalokefáli
9;25.5993,35.2123;72400;;Amygdáloi
160;22.8341,37.6808;21000;;Amigdhalítsa
0;22.7240,39.6053;40003;;Amygdalí
29;21.7079,39.3873;43060;;Amygdalí
0;21.7748,37.8393;27063;;Amygdalí
0;21.8458,37.4965;27061;;Amigdhaléai
220;22.2637,39.6543;40100;;Amygdaliá
0;20.4627,39.5279;46200;;Kallithéa
0;22.2223,38.4185;33058;;Amygdaliá
0;24.5735,38.1215;34001;;Amygdaliá
0;22.0664,37.8644;25016;;Amygdaliá
14;22.3178,37.8468;22017;;Amigdhaléa
0;22.0799,37.7483;22014;;Mygdaliá
0;22.8973,37.0767;22300;;Amygdaliá
0;23.7845,38.5471;34018;;Amfithéa
28;22.5347,38.0573;20012;;Amfithéa
6854;22.3771,38.5281;33100;;Ámfissa
4022;21.1664,38.8594;30500;;Amfilochía
2996;22.5917,38.6391;35002;;Amfíkleia
0;22.0667,37.1167;24009;;Ámfia
0;23.3619,38.8739;34010;;Amélantes
0;24.9357,35.0637;70012;;Ambeloúzos
0;22.0437,39.2878;43300;;Ámpelos
213;22.3338,38.1397;25010;;Ámbelos
7257;22.3657,39.7448;40400;;Ampelóna
0;22.1687,39.4179;43062;;Ampelónas
0;22.3174,38.0986;25006;;Ampelókipoi
2082;20.8725,37.7581;29100;;Ambelókipoi
0;21.8300,36.9064;24010;;Ampelókipoi
200;21.3343,39.7565;17676;;Ampelochóri
100;21.0307,39.5286;44013;;Ampelochóri
0;23.2654,38.3010;32200;;Ampelochóri
0;21.3104,37.8317;27200;;Ambelókambos
263;21.6949,37.0537;24600;;Ampelófyto
0;21.9496,37.4359;27061;;Ambelióna
0;21.4373,38.9765;30017;;Ampéli
388;21.8580,39.2782;43100;;Ampelikó
0;26.3131,39.0574;81101;;Ampelikón
165;21.5186,39.6936;42200;;Ampélia
339;20.8343,39.5669;45110;;Ampeleía
60;21.1566,39.3522;47045;;Ampélia
166;22.4934,39.3096;10438;;Ampeliá
350;20.9285,39.2261;48200;;Ampélia
126;21.6280,38.8375;36075;;Ambélia
119;21.4676,38.8181;30021;;Ambélia
14;21.6431,38.7901;36074;;Vrysoúla
0;21.7283,38.6669;25014;;Ampélia
0;21.6993,38.6351;30008;;Ampélia
0;20.7482,38.1244;28086;;Ampeláki
0;21.8871,38.6151;30023;;Ambelakiótissa
0;21.2158,38.9224;30500;;Ampeláki
0;22.2924,37.3850;22027;;Ampeláki
111;24.4829,35.2802;74053;;Ampeláki
377;22.5568,39.8536;40008;;Ampelákia
6985;23.5280,37.9505;18902;;Ampelákia
0;21.7799,37.6758;27066;;Ampári
72333;23.8000,38.0500;15124;;Maroúsi
6085;23.8849,38.3930;34006;;Amárynthos
0;25.3727,35.1874;70006;;Amarianón
330;21.3899,39.7008;17676;;Amárantos
0;25.9988,37.5490;83301;;Amálo
56;22.2150,38.8798;35016;;Amalóta
16763;21.3507,37.7984;27200;;Amaliáda
383;22.8833,39.1667;37008;;Amaliapolis
67;26.0394,38.5708;82300;;Amádes
13;22.2307,36.9712;24016;;Altomirá
123;21.9817,38.2467;25009;;Álsos
683;21.3747,37.7337;27200;;Alpochóri
0;22.6426,37.3894;22001;;Aloutogiannaíika
0;23.8500,39.1500;37005;;Alonissos
64;22.2207,37.6266;22010;;Alonístaina
0;21.3218,39.2583;47047;;Alónia
0;24.1297,38.4067;34017;;Alónia
0;22.0089,37.1294;24012;;Alónia
189;23.5263,37.7377;18010;;Álones
0;24.0335,35.4105;73300;;Alonáki
0;20.5067,39.2078;48062;;Alonáki
35;24.3431,35.2390;74058;;Alónes
34;22.9733,36.2616;80200;;Aloïziánika
0;24.8754,35.3650;74054;;Alóïdhes
7955;22.7594,39.1822;37100;;Almyrós
0;24.1891,38.2709;34015;;Almyropótamos
0;22.1562,37.0010;24100;;Almirón
0;24.2010,35.4485;73003;;Almirida
1188;22.9835,39.3704;37011;;Álli Meriá
21;23.6916,35.3553;73004;;Aligoí
5184;24.0333,38.4167;34500;;Alivéri
0;24.8839,35.0136;70009;;Alithiní
799;21.5918,38.1367;25200;;Alissós
0;21.6959,39.0091;36071;;Alysáfi
0;26.8341,37.1646;85400;;Álinda
0;27.7116,36.2684;85110;;Alimiá
0;21.7613,37.2685;24003;;Alimáki
866;23.9117,35.4541;73005;;Alikianós
0;21.0742,39.0383;30016;;Alykí
258;23.0537,38.1956;32010;;Alykí
0;21.2639,37.9797;27053;;Alikonitaíika
0;24.2099,35.3462;73007;;Alíkambos
82;22.4312,36.4699;23071;;Álika
1189;21.8627,37.5392;27062;;Alífeira
0;26.5326,39.1034;81100;;Alyfantá
4275;23.1000,38.3667;32001;;Alíartos
722;21.5375,37.6402;27058;;Alfeioúsa
0;21.5058,37.6531;27058;;Alfeiós
0;24.6708,35.3589;74052;;Alfá
0;24.3431,38.0821;34013;;Aléxis
22;20.6802,38.7499;31080;;Aléxandros
35;22.9969,36.2013;80200;;Alexandrádhes
0;22.2911,37.1832;23065;;Alevroú
0;21.4372,38.9289;30018;;Alevráda
0;24.0299,35.4412;73300;;Aletrouvári
0;21.4124,37.9589;27052;;Aletraíika
61;21.5822,38.8331;30021;;Aléstia
10;21.9818,37.8764;25016;;Aléstaina
0;22.4286,37.0510;23100;;Alesía
208;20.7102,39.3614;44009;;Alepochóri Bótsari
0;22.0251,38.5699;33062;;Alpochóri
230;21.7977,37.9846;25015;;Alepochóri
0;22.4083,37.3554;22016;;Alepochóri
0;22.7652,36.9536;23058;;Alepochóri
439;22.4264,37.7524;21058;;Aléa
2959;22.4207,37.4547;22012;;Aléa
17;20.6597,38.6841;31084;;Álatron
170;22.9114,37.8460;20005;;Alamánnos
56;24.9254,37.7666;84500;;Alamaniá
0;22.9855,38.4097;32007;;Alalkomenés
0;22.0118,37.2401;24002;;Allagí
0;22.2436,37.1075;23059;;Alagonía
0;25.2106,35.1743;70300;;Alágnion
0;24.8976,37.8118;84500;;Aladinó
0;24.5377,35.1870;74053;;Aktoúnta
0;24.3588,38.1478;34015;;Aktaío
12;22.4916,36.4754;23071;;Akrogiáli
0;26.5715,39.0758;81100;;Akrotírion
0;25.3976,36.3580;84703;;Akrotíri
637;21.0201,39.0942;47041;;Akropotamiá
0;21.8428,36.7982;24010;;Akritochóri
0;25.0833,35.0833;70016;;Ákria
230;21.9645,39.9982;40001;;Ákri
4247;22.3183,38.1547;25006;;Akráta
0;26.3091,39.0262;81200;;Akrásion
2276;23.2209,38.4566;35005;;Akraifnía
0;23.5838,38.6449;34400;;Ákres
0;22.4307,37.4752;22012;;Ákra
121;22.1621,37.1930;23065;;Ákovos
0;22.0813,37.0364;24100;;Akovítika
167;22.6888,37.6450;21200;;Ákova
0;24.5827,35.1643;74053;;Akoúmia
68;22.8830,38.5066;32100;;Akóntio
0;22.4134,36.5781;23066;;Ákia
0;22.3283,37.2496;22011;;Achoúri
0;22.4902,36.7948;23061;;Achoumátou
82;22.0218,39.6369;24019;;Achladochóri
0;21.9029,36.9280;24005;;Akhladhokhórion
0;21.7501,38.5814;25014;;Achladókastro
407;22.5811,37.5226;21057;;Achladókampos
0;22.9792,36.8784;23068;;Achladókampos
0;23.4003,38.8984;34010;;Achládi
311;22.8086,38.8877;35013;;Akhládhion
193;21.7830,37.7216;27066;;Achladiní
0;23.7281,35.2821;73009;;Akhladhiákies
0;26.0542,35.1660;72300;;Achládia
0;24.7193,35.3945;74052;;Achládes
0;24.1717,38.4751;34009;;Akhladherí
23;20.7732,39.4547;44009;;Achladiés
187;21.6188,39.8395;42034;;Achladiá
0;22.1151,39.1912;43063;;Akhladhéa
52;22.4123,39.1725;35010;;Akhladhéa
0;22.0765,38.2041;25100;;Achladiá
0;25.6531,35.3229;72400;;Achladáki
0;24.0278,35.4415;73300;;Achládes
921;24.9923,35.3949;71414;;Achláda
726;22.7248,38.8928;35300;;Akhinós
0;22.6751,39.5346;40009;;Achílleio
0;22.4204,39.2668;40300;;Achílleio
628;22.9610,39.0055;37007;;Akhíllio
0;22.4834,36.4371;23071;;Achílleio
234;20.5979,39.2582;48062;;Acherousía
0;25.2251,34.9913;70010;;Akhendriás
175;21.8755,39.8258;42035;;Achelináda
0;24.1679,35.3503;73007;;Achatzikiá
99346;23.7333,38.0833;13675;;Acharnés
130;21.5996,38.1231;25018;;Achaïkó
0;22.1690,38.4903;33053;;Aigýtio
2293;22.3543,38.1485;25010;;Aíyira
20422;22.0819,38.2486;25100;;Aígio
6867;23.4275,37.7467;18010;;Aegina
0;25.9919,36.9039;84008;;Aigiali
0;22.3613,38.1012;25010;;Aiyaí
6215;21.3536,38.4370;30400;;Aitolikó
0;22.0453,37.0945;24009;;Aíthaia
0;25.2189,35.2692;70008;;Aïtánia
0;21.7333,37.3141;24021;;Ai Séris
0;22.3257,39.3883;10438;;Ávra
0;22.0404,37.1033;24009;;Aípeia
79;24.9227,37.7527;84500;;Aïpátia
0;24.8679,35.3302;74051;;Aḯmonas
97;21.4391,39.9623;51031;;Aimilianós
36;23.6802,35.4336;73010;;Aïkyrgiánnis
80;23.2270,38.1532;19012;;Aigósthena
1021;22.6121,39.9528;40007;;Aigáni
69946;23.6833,37.9833;12241;;Aigáleo
147;21.9700,39.0944;43068;;Aidonochóri
0;24.9206,35.3233;74051;;Aïdhonokhórion
0;23.7738,35.2811;73009;;Aidonoí
61;20.6047,39.2633;48062;;Aidóni
185;20.6134,39.2028;48062;;Aidoniá
200;22.5781,37.8414;20500;;Aïdhónia
84;24.9498,37.7567;84500;;Aidónia
179;21.4680,39.6054;42200;;Aidóna
1249;23.0469,38.8792;34300;;Aidipsós
0;22.7462,39.2460;37400;;Aïdhínion
4860;23.4588,37.9213;18903;;Aiánteio
0;22.4301,39.4166;10438;;Chará
0;24.9162,37.4146;84100;;Agrós
0;23.3029,39.0226;34200;;Agriovótano
0;23.7909,38.6664;34014;;Agriosikéa
46899;21.4078,38.6214;30100;;Agrínio
0;21.9433,37.2987;24008;;Agrilóvouno
0;21.0518,39.0689;47041;;Ágrilos
131;21.5943,37.2102;24300;;Ágrilos
0;22.0691,37.1385;24007;;Ágrilos
0;21.9141,37.6017;22028;;Agrilídi
46;20.5487,38.4438;28084;;Agriliás
345;22.3892,38.9304;35100;;Agriliá
0;21.4419,38.4002;30200;;Agriliá
0;21.8091,37.3076;24003;;Agriliá
0;21.9680,37.0971;24013;;Agriliá
19;22.4672,36.5942;23066;;Argiliá
0;22.4159,36.6432;23062;;Agriléa
0;21.2665,39.0425;30017;;Agrídi
0;22.2512,38.0376;25001;;Agrídi
64;21.9896,37.8914;25016;;Agrídi
0;22.1500,37.7627;22014;;Agrídi
0;21.5223,37.6171;27058;;Agrídi
0;24.8439,35.3325;74054;;Agrídhia
0;22.1466,37.7270;22014;;Agridáki
0;22.5881,37.1282;23069;;Agriánoi
0;25.3459,35.3137;70014;;Agrianá
36;22.2810,37.3122;22011;;Agriakóna
5519;23.0126,39.3408;37300;;Agriá
342;21.9318,39.7195;40005;;Agreliá
0;22.3780,37.1122;23100;;Agrapidhoúla
135;21.5274,37.8973;27069;;Agrapidochóri
0;21.7234,38.3920;30020;;Agrapidókampos
162;22.3293,39.1919;35010;;Agrapidhiá
0;21.3500,39.2167;47047;;Agrámbela
0;21.1752,38.5788;30006;;Agrámpela
112;21.8476,37.9264;25012;;Agrámpela
821;21.6491,39.1369;36073;;Ágrafa
955;26.0610,39.1579;81110;;Ágra
4;25.6099,35.3247;72054;;Anógeia
0;22.2699,37.2066;23065;;Agóriani
0;20.5564,39.3756;46031;;Agorá
0;25.3550,35.2490;70006;;Agnó
0;21.8745,36.9020;24010;;Agnantió
601;21.4655,39.8679;42034;;Agnantiá
218;22.8795,38.7128;35006;;Ágnandi
1859;21.8479,39.4859;43061;;Agnanteró
0;22.6177,39.4197;37500;;Agnanterí
569;21.0805,39.4742;47043;;Ágnanta
0;21.6219,37.8215;27064;;Ágnanta
0;22.1000,38.5376;33061;;Perivóli
0;23.2942,38.9600;34200;;Agdínes
0;24.4991,38.1343;34001;;Agathó
90;25.1641,37.6072;84200;;Agápi
0;21.9562,37.5883;22028;;Agálo
33;21.6118,38.8643;30021;;Agalianós
0;24.5289,35.1562;74053;;Agalianós
0;21.7282,37.3494;24021;;Agalianí
323;20.7777,37.7081;29092;;Agalás
0;23.7333,35.3333;73004;;Agakianá
0;22.5439,36.7293;23200;;Agadaíika
78;21.3066,39.2253;47047;;Afroxyliá
26;21.5354,38.6246;30010;;Afráton
1405;23.6878,38.4521;34600;;Afrátion
0;25.3537,35.1054;70015;;Afrátion
0;23.7676,35.5736;73006;;Afráta
272;23.1657,39.2722;37010;;Áfyssos
0;22.4486,37.0895;23100;;Afisión
3739;23.8398,38.2033;19011;;Afidnés
0;23.1825,39.2832;37010;;Afétes
247;20.3967,39.5762;46300;;Aetós
96;21.2839,39.4616;42037;;Aetós
0;21.0830,38.7069;30004;;Aetós
0;24.4500,38.0167;34001;;Aëtós
1540;21.8326,37.2454;24003;;Aetós
0;22.1953,39.8325;40010;;Aetoráchi
0;21.9254,37.6718;22028;;Aetoráchi
49;20.9437,39.5196;44013;;Aetorráchi
42;20.5414,39.7691;44003;;Aetópetra
0;21.6765,38.6182;30008;;Aetópetra
0;22.7256,39.6875;40003;;Aetólofos
0;22.5979,37.3966;22013;;Aetochóri
0;21.8665,37.0896;24015;;Aetofoliá
40;25.1184,37.6178;84201;;Aetofoliá
6;23.6074,35.3674;73012;;Aerinós
500;22.7604,39.3338;37500;;Aerinó
6;25.6142,35.2066;72400;;Adrianós
0;21.8757,36.8741;24010;;Adrianí
0;26.2170,35.1295;72059;;Adhravástoi
0;25.0392,35.1435;70003;;Ardáchtia
0;23.0540,36.5579;23053;;Adiákopos
489;24.5603,35.3574;74100;;Ádele
302;23.0735,37.5727;21052;;Adhámi
1268;24.4469,36.7251;84801;;Adámas
0;20.1014,39.6639;49100;;Paganiá
0;20.4278,39.2811;48060;;Marnóra
56128;28.2220,36.4356;85100;;Ródos
161;24.6506,35.2268;74061;;Amári
4700;28.1192,36.4098;85104;;Kremastí
5562;28.1623,36.2935;85103;;Afántou
7786;28.1149,36.2149;85102;;Archángelos
4496;28.0857,36.0910;85107;;Líndos
1348;28.0157,36.0942;85107;;Lárdos
0;27.1759,36.5584;85303;;Avláki
0;26.3029,39.3728;81104;;Skála Sykaminiás
0;26.3783,39.2811;81104;;Aspropótamos
55;26.4514,39.2329;81104;;Skála Néon Kydonión
23;26.3131,38.9875;81200;;Melínta
0;26.4387,39.1109;81101;;Ntípion
0;26.3211,39.0289;81200;;Neochórion
0;26.5144,39.1480;81100;;Afálonas
48;20.7004,37.9173;29091;;Koríthi
0;21.1507,38.9614;30016;;Arápis
31;27.0586,37.7132;83100;;Poseidónion
26;27.0457,37.7105;83100;;Klíma
49;27.0174,37.7090;83100;;Psilí Ámmos
849;26.8812,37.6647;83103;;Iraío
122;26.9185,37.6869;83103;;Potokáki
248;26.8584,37.6809;83104;;Mýloi
14;26.7800,37.6602;83104;;Limnonáki
236;26.8012,37.6785;83104;;Spatharaíoi
43;26.7445,37.6992;83104;;Órmos Koumaíïkon
62;26.7716,37.7080;83104;;Neochóri
396;26.7467,37.7381;83102;;Plátanos
194;26.7000,37.7108;83102;;Órmos Marathókampou
23;26.5921,37.7542;72058;;Órmos Agíou Isidórou
89;26.6112,37.7593;83102;;Drakaíoi
527;26.7447,37.8022;83200;;Kontakaíika
350;26.7394,37.7565;83200;;Kontaíïka
18;26.8571,37.7994;83101;;Avlákia
109;26.8242,37.7274;83104;;Mesógeion
16;26.5892,37.6946;72058;;Palaiochóri
43;26.6175,37.6991;72058;;Agía Kyriakí
80;26.6612,37.7603;83102;;Kosmadaíoi
11;26.6648,37.7681;83200;;Nikoloúdes
0;26.6692,37.7078;83102;;Votsalákia
164;26.6845,37.7528;83102;;Kastanéa
7;26.6741,37.7783;83200;;Ágios Panteleímon
19;26.6664,37.7894;83200;;Potámi Karlovasíou
412;26.6874,37.7729;83200;;Léka
471;26.6786,37.7093;83102;;Kámpos Marathokámpou
16;26.7158,37.7502;83102;;Sakkoulaíika
1;26.7172,37.7406;83102;;Sevastaíïka
123;26.7319,37.7450;83102;;Ágioi Theódori
29;26.7173,37.7569;83200;;Sourídes
33;26.7327,37.8052;83200;;Ágios Ilías
136;26.7372,37.8006;83200;;Vrýses
1;26.7526,37.7970;83200;;Chatzistamoúlides
240;26.7367,37.8080;83200;;Ágios Dimítrios
7;26.7588,37.6871;83104;;Kámpos Skouraiíkon
23;26.7676,37.6770;83104;;Pérri
4;26.7924,37.6307;83104;;Samiopoúla
28;26.7999,37.8087;83200;;Livadáki
252;26.8018,37.8015;83200;;Ámpelos
42;26.8133,37.7963;83200;;Stavrinídes
1;26.8286,37.7948;83104;;Valeontádes
131;26.8267,37.7847;83104;;Manolátes
110;26.8301,37.7308;83104;;Pándroson
123;26.8373,37.7057;83104;;Koumaradaíoi
91;26.8442,37.8013;83101;;Kámpos Vourliotón
249;26.8639,37.7186;83101;;Mavratzaíoi
34;26.9457,37.7368;83100;;Zervoú
26;26.9907,37.7805;83100;;Agía Paraskeví
258;27.0088,37.7606;83100;;Kamára Vathéos
128;27.0067,37.7507;83100;;Agía Zóni
110;26.9722,37.7132;83103;;Mesókampos
21;26.9531,37.7576;83100;;Flóka
109;26.9242,37.7701;83100;;Kédron
31;20.9719,39.7188;44014;;Potamiá
307;20.8715,39.5685;45110;;Néo Bizáni
60;20.6100,39.8899;44004;;Ágios Geórgios Dolianón
171;27.1849,36.8864;85300;;Tigkáki
68;26.9650,36.9321;85200;;Vlychádia
50;26.9689,36.7385;85301;;Kamári
50;26.9785,36.7507;85301;;Kámpos
0;26.9907,36.7560;85301;;Ágios Stéfanos
0;27.3469,36.8567;85300;;Ágios Fokás
0;27.2706,36.8822;85300;;Platáni
0;27.3131,36.8825;85300;;Paradeísi
0;27.2869,36.8856;85300;;Kaká Pinári
0;27.2301,36.8528;85300;;Ágios Dimítrios
284;27.2050,36.8461;85300;;Lagoúdi Zía
0;27.2214,36.8514;85300;;Asómatos
0;27.1876,36.8370;85302;;Palaió Pylío
0;27.1711,36.8122;85302;;Elaiónas
0;27.1743,36.8454;85302;;Amanioú
2706;27.2053,36.8770;85300;;Zipári
562;27.1837,36.8717;85300;;Linopótis
6;25.9370,38.5868;82103;;Agiásmata
24;26.0122,38.1750;82102;;Dótia
137;26.0457,38.2021;82102;;Kómi
3;26.0605,38.2061;82102;;Lilikás
6;26.0724,38.2073;82102;;Ágios Ioánnis
18;26.0980,38.2085;82102;;Grídia
92;26.0756,38.2846;82102;;Myrmígki
52;26.1119,38.2793;82102;;Ágios Aimilianós
49;26.1221,38.2867;82102;;Paralía Agías Foteinís
478;26.1487,38.3024;82100;;Agía Ermióni
30;26.1553,38.3094;82100;;Pláka
393;26.1525,38.3213;82100;;Karfás
45;26.0819,38.3078;82100;;Sklaviá
0;26.1344,38.3493;82100;;Lalódentra
0;25.9129,38.2231;82102;;Salágona
0;25.8925,38.2461;82102;;Apothíka
72;25.9321,38.2889;82102;;Liménas
3;25.8576,38.5041;82103;;Ágios Isídoros
7;25.9787,38.4725;82103;;Diefchá
9;25.9431,38.4636;82103;;Managrós
20;25.9364,38.4713;82103;;Chorí
5;25.9324,38.4779;82103;;Skariótis
7;25.9123,38.4746;82103;;Límnos
48;26.1346,38.4637;82200;;Pantoukiós
0;26.1001,38.4694;82300;;Kydíanta
96;26.1146,38.4742;82300;;Agrelopó Lagkádas
0;26.1242,38.4900;82300;;Delfíni
0;26.0833,38.5582;82300;;Nagós
20;26.0787,38.5642;82300;;Giósonas
0;25.8778,38.5717;82103;;Psarós
16;25.8871,38.5663;82103;;Kosmádos
36;25.9930,38.5438;82300;;Spartoúnta
12;25.9315,38.5477;82103;;Chálandra
19;25.9269,38.5549;82103;;Afrodísia
48;25.8679,38.5274;82103;;Trýpes
64;25.9451,38.5190;82103;;Néa Potamiá
10;25.9938,38.5079;82103;;Kipouriés
7;25.9992,38.5181;82103;;Fytá
29;26.2067,38.5223;82101;;Kástro
0;22.5119,39.7744;40006;;Akrinón
0;22.5233,39.7647;40006;;Koukousoúli
0;22.5444,39.7742;40006;;Bounármpasi
72;22.7039,39.9526;61001;;Néa Meságkala
105;22.6447,39.9500;61001;;Káto Aigáni
0;22.6654,39.9448;61001;;Papapoúli
631;22.6498,39.9773;60065;;Néoi Póroi
132;21.1596,39.1056;47048;;Floriáda
0;21.1464,39.1889;47048;;Domokós Diaséllou
44;21.0559,39.2306;47200;;Diásella
53;21.1391,39.2428;47044;;Ágios Athanásios
450;21.1309,39.1945;47048;;Panagiá
185;21.2221,39.1442;47048;;Perdikorráchi
16;21.0194,39.1767;47200;;Pournári
0;21.0168,39.1588;47200;;Ágios Dimítrios
756;21.0261,39.1397;47200;;Ágioi Anárgyroi
0;21.0266,39.1453;47200;;Áno Ágioi Anárgyroi
330;21.0407,39.1308;47200;;Amfithéa
325;21.0061,39.1281;47100;;Glykórrizo
40;21.1054,39.1596;47048;;Kédros
97;21.1087,39.1899;47048;;Sélina
317;21.0376,39.0592;47041;;Synoikismós Loutrotópou
0;21.0350,39.0572;47041;;Néos Synoikismós
81;21.1451,39.0414;30016;;Elaiochórion
0;21.2185,39.0447;30016;;Kechrí
334;21.3090,39.0040;30017;;Potamiá
0;21.4311,39.2307;43066;;Plágia
0;21.4271,39.2450;43066;;Noúles
0;21.4302,39.2482;43066;;Xerákia
74;21.3194,39.2372;47047;;Krýa Vrýsi
0;21.2447,39.2185;47044;;Pigí
0;21.3093,39.2295;47047;;Karyés
0;21.3372,39.2133;47047;;Livádi
105;21.3379,39.1972;47047;;Vrysoúla
0;21.3928,39.2114;43066;;Taxiárchis
0;21.4817,39.1351;36070;;Kyrá Marió
0;21.4650,39.1433;36070;;Kámpos
186;21.4744,39.1206;36070;;Ágios Vlásios
0;21.2519,39.1260;47048;;Vasilochóri
48;21.4378,39.0797;36072;;Kastrákion
0;21.3385,39.0947;30017;;Kerasiés
0;21.2952,39.0449;30017;;Grammatsoúli
0;21.3154,39.0345;30017;;Fteliá
143;21.4459,39.0410;36072;;Kastráki
0;21.4461,39.0285;36072;;Óchthia
60;21.4528,39.0292;36072;;Kondylaíïka
0;21.3018,39.0229;30017;;Vromonéri
0;21.5682,39.1375;36072;;Vlachopoúla
0;21.5747,39.1348;36073;;Plataniás
0;21.6146,39.1501;36073;;Ágioi Theódoroi
0;21.6279,39.1582;36073;;Papostóli
0;21.7364,39.1324;36073;;Prosílio
0;21.5267,39.1162;36072;;Palaiómylos
0;21.5085,39.1448;36070;;Áno Lithochóri
0;21.5053,39.0919;36072;;Magkanariá
0;21.5113,39.0892;36072;;Armámpela
0;21.6053,39.0903;36073;;Karvasarás
0;21.6323,39.0770;36073;;Dramála
0;21.6105,39.0620;36071;;Selísta
0;21.6048,39.0547;36071;;Varvariáda
44;21.5717,39.0553;36072;;Kefalóvryson
0;21.5003,39.0275;36072;;Sfolianá
90;21.5217,39.0061;36071;;Longítsi
0;21.5399,39.0183;36071;;Klíma
0;21.5530,39.0118;36071;;Keramidarió
34;21.5556,39.0009;36071;;Ampáres
88;21.8992,39.2353;43100;;Koútsouro
70;21.8774,39.2236;43100;;Zogrí
7;21.9478,39.1014;43068;;Kárpi
0;21.9803,39.0639;43068;;Dipótama
33;21.7789,39.3858;43067;;Livádia
87;21.8179,39.4087;43061;;Kómpelos
71;21.8606,39.4100;43100;;Paragogikó
42;21.8114,39.3285;43067;;Ágios Nikólaos
0;21.5469,39.4869;42032;;Ágios Geórgios
0;21.5828,39.3879;43060;;Miliés
16;21.6247,39.4058;43060;;Palaiókastro
0;21.5761,39.3900;43060;;Keramargió
0;21.5819,39.3872;43060;;Tsaroúchi
0;21.6471,39.4005;43060;;Nisiá
0;21.6553,39.3877;43060;;Pádi
0;21.6573,39.3540;43060;;Platanákos
58;21.6168,39.3681;43060;;Dáfni
0;21.6096,39.3729;43060;;Vagénia
76;21.6047,39.3819;43060;;Platánia
0;21.5098,39.3531;43065;;Léfka
0;21.5084,39.3427;43065;;Xirókampos
0;21.5154,39.3340;43065;;Zervó
0;21.5926,39.3503;43069;;Palaiámpela
0;21.5895,39.3441;43069;;Zamanátiko
0;21.5905,39.3468;43069;;Koúra
0;21.6160,39.3622;43060;;Goútra
44;21.6012,39.3392;43069;;Megáli Vrýsi
93;21.6035,39.3418;43069;;Soúla
78;21.7015,39.3243;43067;;Koutsodímos
0;21.5864,39.2781;43069;;Polýdroson
0;21.3129,39.4793;42037;;Lefaíïka
10;21.3384,39.4380;42037;;Oreiní
0;21.3014,39.3701;42033;;Pýrgos
0;21.3164,39.3649;42033;;Ftéri
0;21.3306,39.3746;42033;;Karavdaíïka
0;21.3416,39.3646;42033;;Bourniás
0;21.3281,39.3479;42033;;Péfkos
0;21.3569,39.3617;42033;;Melogózi
23;21.4641,39.3405;43065;;Potamiá
20;21.4305,39.3099;43065;;Palaiódentros
60;21.4241,39.2894;43066;;Itiá
0;21.3414,39.2775;47047;;Áno Karyés
0;21.3053,39.2598;47047;;Voutaniáda
57;21.2970,39.2621;47047;;Kastaniés
224;21.2861,39.2695;47047;;Plátanos
57;21.2580,39.2905;47047;;Ágios Vlásios
0;21.2677,39.3039;47047;;Pétrou
0;21.2856,39.3177;42033;;Tselingádes
40;21.1031,39.4417;47043;;Vlágkada
0;21.1147,39.4294;47043;;Livádia
0;21.2411,39.3836;47045;;Kapsalaíïka
52;21.2178,39.3696;47045;;Ampélia
55;21.1689,39.3724;47045;;Omalí
36;21.1889,39.3597;47045;;Palaiochóri
0;21.1499,39.3582;47045;;Giannítsi
0;21.0411,39.2869;47046;;Plakídia
0;21.0791,39.2754;47044;;Goniá
32;21.1362,39.2783;47044;;Karagiánnika
50;21.1187,39.3064;47044;;Káto Athamánio
81;21.1478,39.3261;47045;;Thanásia
0;21.1606,39.3364;47045;;Ágios Stéfanos
0;21.1750,39.2525;47044;;Varká
0;21.1835,39.2674;47044;;Bourgkaíïka
43;20.9863,39.5212;44013;;Kostítsi
62;21.1142,39.5659;44001;;Mystrás
28;21.0316,39.6960;44014;;Ágios Minás
13;21.0313,39.7054;44014;;Rizá
31;21.0424,39.7168;44014;;Soútso
6;21.0553,39.7165;44014;;Kerasiá
28;21.0707,39.7129;44200;;Karyófyto
30;21.0676,39.7187;44014;;Kastrí Megálou Peristeríou
42;21.0683,39.7292;44014;;Miliés
26;21.0318,39.7363;44014;;Agía Varvára Dematíou
39;21.0075,39.7267;44014;;Voutansaíoi
27;21.0951,39.7379;44200;;Rachoúla
0;21.3181,39.5022;42037;;Synoikismós Mesochóras
0;21.3202,39.4987;42037;;Synoikismós Armatolikoú
40;21.4457,39.7215;42200;;Milótopos
111;21.5406,39.7379;42200;;Mourgkáni
0;21.5483,39.7283;42200;;Mavrochórion
0;21.5193,39.7122;42200;;Básia
175;21.5510,39.7105;42200;;Trifýllia
0;21.5528,39.6997;42200;;Pandocheía
0;21.5867,39.6967;42200;;Katályma
145;21.6183,39.6583;42200;;Agía Paraskeví
0;21.6371,39.6174;42200;;Ouranós
0;21.5069,39.5191;42032;;Vlácha
0;21.5207,39.5249;42032;;Vlatanéoi
0;21.5240,39.5195;42032;;Lipióta
0;21.6008,39.5103;42032;;Metamórfosis
0;21.7686,39.5371;24101;;Mikró Flamoúli
26;21.0920,39.7628;44200;;Sioládes
16;21.0592,39.7641;44014;;Ampélia
175;21.0454,39.7615;44014;;Sítsaina
0;21.0393,39.7570;44014;;Goúnari
362;21.5039,39.9839;51031;;Ágioi Theódoroi
0;20.1324,39.2273;49082;;Chourdátika
0;20.1624,39.2078;49082;;Kourtaíïka
125;20.1681,39.2054;49082;;Platanos
0;20.6854,39.0736;48061;;Néa Thési
0;20.6947,39.0625;48061;;Paralía Kanalíou
0;20.6415,39.0956;48061;;Pournári
62;20.6819,39.1039;48061;;Mázi
136;20.6445,39.1329;48061;;Káto Myrsíni
1375;20.7364,39.1506;48061;;Néos Oropós
200;20.5689,39.2177;48062;;Chóchla
7;20.6800,39.1436;48061;;Profítis Ilías
73;20.9458,39.1219;47042;;Thanasaíïka
82;20.9689,39.1694;47100;;Marathovoúni
84;20.9673,39.1813;47100;;Skamniá
31;20.9515,39.1894;47100;;Vrysoúles
22;20.9729,39.2102;47100;;Zarkadaíïka
0;20.9961,39.2292;47200;;Kitsaíoi
31;20.9820,39.2238;47100;;Dáfni
0;20.9429,39.1956;47042;;Loutrá Chanópoulou
36;20.8741,39.0717;47042;;Palaioskamiá
58;20.8907,39.1424;47042;;Kakóvatos
59;20.8596,39.1356;47042;;Vathýpedo
0;20.7590,39.0320;48100;;Ágios Nikólaos
111;20.8138,39.1769;48061;;Iliovoúni
0;20.8727,39.2272;48200;;Ágios Geórgios
73;20.8771,39.2469;48200;;Anogeiatá
135;20.7910,39.3339;44009;;Galíni
0;20.8849,39.3150;47046;;Drymónas
53;20.7738,39.2863;48300;;Plataniá
0;20.7917,39.3225;48300;;Agionéri
21;20.7509,39.4412;44009;;Kollaíika
0;20.8709,39.4989;44013;;Agía Paraskeví
10;20.8900,39.4793;44013;;Vasaíika
12;20.8589,39.4539;44009;;Agía Paraskeví Meliás
66;20.8623,39.3179;48300;;Agía Faneroméni
109;20.9173,39.3146;47046;;Xirókampos
0;20.9187,39.3488;47046;;Lefkí
0;20.9150,39.3814;47046;;Brígka
0;20.9137,39.3829;47046;;Pénte Pigádia
0;20.9322,39.3856;47046;;Stathaíïka
48;20.9211,39.4116;44013;;Ágios Christóforos Sklívanis
9;20.9187,39.4146;44013;;Koulouraíïka
9;20.9314,39.4171;44013;;Stavrós
11;20.9232,39.4250;44013;;Ráchi
32;20.9407,39.4388;44013;;Profítis Ilías Sklívanis
309;20.9809,39.4916;44013;;Kaléntzi
2;21.0033,39.4446;44013;;Xirovoúni
122;21.0236,39.4587;47043;;Ágios Geórgios Monolithíou
0;20.5292,39.2506;48062;;Díkorfo
0;20.5162,39.2647;48062;;Sideraíoi
0;20.5661,39.2653;48062;;Xirólofos
105;20.5240,39.2957;46031;;Tzára
315;20.5339,39.4241;46200;;Dafnoúla
149;20.5097,39.4589;46200;;Ágios Geórgios
83;20.7241,39.4227;44009;;Monódendro
31;20.7072,39.4270;44009;;Kámpos
23;20.6663,39.4948;46200;;Kakólakkos
663;19.9980,39.4534;49080;;Petrití
93;20.0016,39.4464;49080;;Nótos
0;21.2469,40.3296;50002;;Mesólongos
44;21.0296,40.1750;50007;;Zoúzouli
0;26.2164,41.5035;68005;;Zóni
0;21.1298,40.3082;50008;;Zóni
323;23.2551,40.2863;63079;;Zográfou
0;24.8354,40.9241;67200;;Zilotís
1574;24.3813,41.0132;65500;;Zygós
6;21.1660,40.3836;52051;;Zevgostási
450;23.2828,41.0855;62054;;Zevgolatió
87;23.5933,40.8769;62200;;Zervochóri
0;21.8187,40.8573;58002;;Zérvi
598;24.6406,41.0189;64200;;Zarkadiá
2169;23.2888,40.5715;57012;;Zagkliveri
196;22.8895,41.0254;61100;;Zacharáto
0;21.2696,40.0286;51032;;Ziákas
31;21.6049,40.8584;53071;;Giouroúki
0;24.3259,41.1951;66037;;Gýros
428;22.2599,40.8078;58001;;Gypsochóri
1398;22.2645,40.6802;59034;;Akrolímni
0;26.2814,41.4029;68010;;Giatrádes
0;26.2029,41.2112;68400;;Giannoúli
27817;22.4075,40.7919;58100;;Giannitsá
468;22.0569,40.6718;59200;;Giannakochóri
337;23.4280,40.5006;63084;;Yeroplátanos
468;24.6646,41.0245;64200;;Gérontas
560;21.4290,40.4550;52053;;Gérmas
205;22.1356,40.0104;40002;;Geránia
234;22.4577,40.8995;61300;;Gerakónas
0;23.4433,40.2790;63071;;Gerakiní
0;22.3877,40.5150;59031;;Geráki
0;24.8229,41.1964;67100;;Gérakas
1080;23.2157,40.6267;57020;;Gerakaroú
168;22.9232,41.1046;61002;;Gerakári
365;22.1682,40.4655;59033;;Georgianoí
611;24.1481,40.9567;64001;;Georgianí
1935;24.9625,41.0617;67064;;Genisséa
0;26.3307,40.9628;68013;;Gemistí
717;23.3613,41.1594;62400;;Gefyroúdi
2782;22.6936,40.7325;57011;;Géfyra
171;22.8751,41.0362;61100;;Xiróvrysi
138;23.5459,41.1945;62121;;Xirótopos
0;23.4500,40.6000;57015;;Xirórrevma
2670;24.1039,41.1921;66100;;Xiropótamos
350;23.4839,40.7627;57016;;Xiropótamos
0;25.5259,40.4436;68002;;Xiropótamos
66;23.8861,40.3642;63075;;Xiropótamo
117;22.0818,40.4678;59033;;Xirolívado
0;21.6573,40.2968;50300;;Xirolímni
18;22.6757,40.9544;61200;;Xirólakkos
567;22.7788,40.8029;54500;;Xirochóri
907;21.6232,40.6903;53072;;Xinó Neró
601;23.1785,40.9267;57017;;Xilópolis
273;22.8408,40.8567;54500;;Xylokeratéa
1445;25.4202,40.9744;69400;;Xylaganí
795;22.3391,40.5687;59031;;Xechasméni
0;21.8565,40.8056;58002;;Xanthógeia
48221;24.8880,41.1349;67100;;Xánthi
0;24.4846,41.2801;66035;;Xágnanto
1762;22.4320,40.1936;44019;;Vrontoú
0;21.2932,40.2930;50002;;Vrontí
78;21.0175,40.7416;53076;;Vronteró
0;22.1260,40.4916;59033;;Vromopígado
0;21.9151,40.7999;58002;;Vrytá
0;26.2403,40.9399;68013;;Vrysoúla
0;26.3363,41.3990;68010;;Vrysiká
0;26.2984,41.4908;68005;;Vrýsi
700;22.4036,40.6205;59032;;Vrysáki
394;22.3221,40.2745;44019;;Vría
0;25.5592,41.0894;69100;;Vragiá
700;23.5359,40.3718;63100;;Vrástama
278;23.6516,40.7041;57021;;Vrasná
33;21.0901,40.3520;52051;;Vráchos
557;22.6406,40.6626;57007;;Vrachiá
68;20.7881,40.2392;44015;;Voúrmpiani
0;24.5174,41.3355;66035;;Vounoplagiá
106;24.3734,41.0704;65500;;Vounochóri
50;21.3068,40.4147;52200;;Votáni
85;22.0044,40.3791;50400;;Voskochóri
988;22.0792,41.0283;58400;;Voreinó
2378;24.0022,41.3166;66033;;Vólakas
0;21.5500,40.2667;50300;;Boioy
438;21.3802,40.4144;52053;;Vogatsikó
0;21.5250,40.4541;50009;;Vlásti
0;21.1317,40.2052;50007;;Vythós
573;23.9841,40.9947;62056;;Krinída
127;21.3123,40.6222;52059;;Vyssiniá
0;25.8080,41.3095;69500;;Vyrsíni
762;23.2525,41.2654;62043;;Vyróneia
498;21.6160,40.7673;53074;;Vévi
2034;22.3174,40.4865;59031;;Vergína
699;23.3983,40.9540;62200;;Vérgi
343;23.2271,40.8834;57017;;Vertískos
44464;22.2024,40.5244;59033;;Véroia
97;21.4464,40.5520;52054;;Vérga
0;25.5146,41.0119;69400;;Vénna
3448;22.0754,40.2553;50400;;Velventós
0;24.9626,40.9777;67061;;Velóni
225;24.9962,41.1257;67064;;Velochóri
0;25.6533,40.9810;69300;;Vélkio
0;21.3315,40.3519;50001;;Velanidiá
392;21.7147,40.6801;53200;;Végora
380;23.3241,40.4260;63084;;Vávdos
191;23.5566,40.2573;63071;;Vatopédio
0;21.4819,40.1525;51030;;Vatólakkos
23;21.1480,40.6705;52055;;Vatochóri
0;23.1146,40.8052;57200;;Vathouló
0;23.7112,41.3510;66033;;Vathýtopos
0;24.2942,41.0922;66300;;Vathýspilo
0;24.1666,41.2320;66100;;Vathýlakkos
2002;22.7088,40.7694;57011;;Vathýlakkos
0;21.9164,40.2572;62051;;Vathýlakkos
0;24.2882,41.1090;66300;;Vathychóri
309;22.9712,41.1453;62053;;Váthi
0;21.7352,40.2900;50004;;Vateró
673;23.1903,40.6319;57020;;Vasiloúdi
228;20.5979,40.0095;44006;;Vasilikó
9578;23.1369,40.4797;57006;;Vasiliká
375;21.4304,40.5644;52054;;Vasileiáda
538;23.6588,40.5695;63074;;Varvára
0;21.6672,40.1243;50300;;Váris
50;23.3942,41.0221;62054;;Varikó
508;21.5029,40.5397;52054;;Varikó
318;22.7724,40.9922;61100;;Vaptistís
0;24.8468,41.0707;67150;;Vaniáno
243;23.4881,40.9952;62200;;Vamvakoússa
825;23.3960,41.1792;62300;;Vamvakófyto
530;23.3461,41.0839;62054;;Vamvakiá
171;23.6102,40.6890;57014;;Vamvakiá
27;22.6950,41.0429;61002;;Valtoúdi
846;23.5961,40.9935;62044;;Valtotópi
215;22.5713,40.9410;61007;;Valtotópi
0;26.3549,41.5383;68014;;Váltos
232;21.5861,40.6364;53072;;Valtónera
179;22.6377,40.7182;57007;;Valtochóri
16;23.9986,40.0525;63072;;Valtí
1102;23.3202,41.1793;62400;;Valteró
16;22.7267,40.8893;54500;;Vakoúfi
0;25.5280,41.0708;69100;;Vákos
69;23.3810,40.7117;57016;;Vaïokhórion
603;22.6634,41.0098;61200;;Vafiochóri
0;24.9579,41.0877;67064;;Vafaíika
2619;21.3253,40.2615;50002;;Tsotíli
0;24.4167,41.3167;66035;;Tsimeloúka
229;22.0307,40.0438;40001;;Tsapourniá
0;25.1246,41.2819;67300;;Tsalapeteinós
288;21.1603,40.4778;52050;;Tsákoni
961;22.0376,40.9549;58400;;Tsákoi
0;23.0333,40.4500;57500;;Troúlos
323;21.4413,40.7405;53100;;Tropaioúchos
0;26.2167,41.1500;68400;;Trís Míloi
8;22.9220,41.1822;62053;;Tripótamos
311;21.5004,40.8259;53071;;Tripótamos
458;22.1795,40.4927;59033;;Tripótamos
694;22.4586,40.3709;60064;;Trílofos
818;22.1519,40.5718;59035;;Trílofo
6727;22.9718,40.4690;57500;;Trílofos
6;20.8739,40.4598;52058;;Trílofo
221;22.4530,40.5478;59031;;Trilofía
1124;22.5573,40.5981;59032;;Tríkala
29;21.2033,40.7411;53076;;Trígonon
0;21.9326,40.1105;50500;;Trigonikó
0;26.2099,40.9815;68013;;Trifýlli
267;23.2526,41.0848;62054;;Triáda
702;23.3479,40.9842;62054;;Triantafylliá
44;21.3981,40.6976;53100;;Triandafilliá
600;23.0490,40.5466;57001;;Triádhion
0;21.2207,40.2388;50008;;Triáda
477;23.7655,40.8847;62049;;Trágilos
0;21.4584,40.2442;51030;;Trapezítsa
12;20.7581,40.1095;44020;;Trápeza
0;21.8664,40.0590;40001;;Tranóvalto
0;24.6279,41.3440;66035;;Trachóni
0;24.2833,41.1000;66300;;Trakhía
0;24.9333,40.9667;67061;;Tragasiá
0;24.7912,41.0880;67150;;Toxótes
576;23.7062,41.0239;62048;;Toúmpa
628;22.5438,40.9353;61007;;Toúmpa
0;23.0833,40.6833;57010;;Toúmpa
685;21.3045,40.5834;52059;;Toichío
0;24.2000,41.2333;66100;;Timótheos
0;24.3377,41.3227;66038;;Tichóta
0;24.3308,41.1977;66037;;Teíchos
0;25.4639,41.1682;69100;;Tychiró
2029;26.2946,41.0288;68003;;Tycheró
0;25.4825,41.0768;69100;;Thrylório
0;26.5598,41.4333;68200;;Thoúrio
0;24.5215,41.2963;66035;;Thólos
776;23.7821,40.9999;62050;;Tholós
0;24.0531,40.2948;63086;;Thivaḯs
334;22.1599,41.0579;58003;;Thiriópetra
0;26.5145,41.4122;68300;;Thyréa
0;26.2681,40.9956;68003;;Thymariá
0;21.9494,40.3557;50100;;Thymariá
317778;22.9349,40.6407;54629;;Thessaloníki
154;23.3650,41.2682;62300;;Thermopiyí
14373;23.0197,40.5471;57001;;Thérmi
0;24.9914,41.3515;67300;;Thérmes
426;23.5566,40.8959;62200;;Thermá
0;26.1903,41.5769;68006;;Therapeió
0;24.7994,41.2628;67062;;Theotókos
33;20.8659,40.2374;44015;;Theotókos
636;24.6926,40.6594;64005;;Theológos
147;23.1250,40.9869;57017;;Theodhósia
104;22.9479,41.2393;62053;;Theodóreio
583;22.1917,40.9496;58004;;Theodorákeio
3234;24.7094,40.7781;64011;;Thásos
0;24.4159,41.1934;66037;;Thamnotó
0;25.3599,41.1631;15780;;Thámna
0;24.7748,41.0634;67200;;Thalassiá
277;21.9645,40.3861;50400;;Tetrálofo
0;24.3709,41.1590;66037;;Terpsithéa
1593;23.4814,40.9164;62200;;Terpní
483;22.9539,41.0397;61100;;Térpyllos
0;24.4727,41.2863;66035;;Témenos
0;24.9091,41.0866;67150;;Tékton
742;23.5222,40.4248;63100;;Taxiárchis
0;21.5240,40.1758;50300;;Taxiárchis
0;24.1875,41.2253;66100;;Taxiárches
0;26.2535,40.9809;68013;;Távri
0;25.1693,41.1903;69200;;Tális
194;22.2205,40.5650;59033;;Tagarochóri
2122;23.0223,40.4889;57001;;Tagarádes
2066;22.4637,40.2681;44019;;Svorónos
0;25.7896,41.0934;69300;;Strofí
401;23.3340,41.2538;62043;;Strymonochóri
2519;23.3149,41.0414;62054;;Strymonikó
0;25.5427,40.9883;69400;;Strými
992;23.8247,40.5141;63075;;Stratónion
561;23.7631,40.5277;63076;;Stratoníki
576;23.3034,40.6496;57020;;Stívos
300;25.5034,41.1443;69100;;Stylári
815;26.4581,41.5655;68014;;Stérna
0;24.5797,41.2560;66035;;Stérna
0;21.3123,40.3626;52053;;Sterná
806;22.1258,40.6036;59035;;Stenímachos
1;21.0408,40.4353;52051;;Stená
19;24.6146,41.0673;64009;;Stegnó
362;23.5885,40.7610;57021;;Stefaniná
58;23.0430,40.9160;57017;;Stefánia
373;23.7516,40.5304;63076;;Stágeira
0;24.7060,41.1991;67062;;Stavroúpoli
46008;22.9381,40.6694;53533;;Stavroúpoli
0;21.8960,40.2176;62051;;Stavrotí
34;20.4377,40.0342;44005;;Stavroskiádi
3672;23.7002,40.6650;57014;;Stavrós
1529;22.3086,40.5894;59033;;Stavrós
173;21.3932,40.5452;52052;;Stavropótamos
0;24.6008,41.2412;66035;;Stavrochóri
398;22.7975,41.0365;61002;;Stavrochóri
297;23.0478,41.2130;62053;;Stavrodrómi
581;22.2169,40.7116;59034;;Stavrodrómi
0;21.2602,40.3066;50002;;Stavrodrómi
398;22.4995,40.9499;61300;;Státhis
929;23.5899,40.5448;63074;;Stanós
0;21.8108,40.4968;13345;;Spiliá
0;26.3106,41.6471;68007;;Spílaio
31;21.1774,40.4044;52200;;Spílaia
0;21.8748,40.2029;62051;;Spárto
105;22.2611,39.9872;40200;;Sparmós
0;25.0500,41.1333;67064;;Spanótopos
537;23.1473,40.2773;63079;;Sozópoli
1560;23.0920,40.4727;57006;;Sourotí
36;22.6769,41.0863;61002;;Soultogiannaíïka
4149;26.2994,41.1919;68400;;Souflí
250;22.0455,40.8561;58200;;Sotíra
19;24.5743,40.7165;64010;;Sotíras
108;21.6652,40.6740;53200;;Sotíras
0;25.2775,41.1356;15780;;Sóstis
1008;22.0325,40.9989;58400;;Sosándra
3987;23.3555,40.8179;57002;;Sochós
0;23.6545,40.3699;63076;;Smíxi
491;21.1243,40.0586;51032;;Smíxi
0;24.8800,41.2306;67300;;Smínthi
0;25.7336,41.2725;69500;;Smigáda
172;22.3832,41.0939;61005;;Skrá
4666;23.5197,41.0187;62044;;Skoútari
0;21.7738,40.0469;51200;;Skoúmtsia
46;22.1151,40.2813;50400;;Agía Kyriakí
3248;23.3817,41.1284;62100;;Skotoússa
953;22.5524,40.0149;60063;;Skotína
0;22.2373,40.2045;40002;;Skoteiná
15;24.6344,41.1047;64009;;Skopós
114;21.6429,40.8676;53071;;Skopós
108;23.8960,41.0914;62045;;Skopiá
563;21.4104,40.7635;53100;;Skopiá
420;21.5048,40.6219;53075;;Sklíthro
0;21.6504,40.3101;50300;;Skíti
4562;22.1519,40.7672;58500;;Skýdra
0;25.6152,41.1593;69500;;Skiáda
469;23.2542,40.6722;10676;;Scholárion
0;25.3554,41.0222;69400;;Néo Sidirochório
419;22.4336,40.6486;59300;;Schoinás
26;23.4070,41.2719;62300;;Schistólithos
322;23.5191,40.8078;62200;;Skepastó
0;24.2831,41.4114;66038;;Skalotí
0;25.6769,41.1237;69300;;Skáloma
50;21.2373,40.3743;52200;;Skalochóri
0;22.6314,40.3772;60064;;Skála Alykís
0;22.5581,40.1808;60200;;Skála Stólou
376;24.5483,40.7288;64010;;Skála Sotíros
0;22.5856,40.0255;60063;;Skála Skotínas
283;24.6142,40.7816;64010;;Skála Rachoníou
379;24.5163,40.6428;64002;;Skála Marión
42;22.5453,40.1499;60200;;Skála Litochórou
3612;22.5612,40.0603;60063;;Leptokaryá
0;22.6149,40.3015;60062;;Skála Korinoú
107;22.5859,40.2394;32003;;Skála Katerínis
566;24.5339,40.7064;64010;;Skála Kalliráchis
0;22.0169,40.3363;50400;;Skáfi
251;23.3594,40.0373;63077;;Síviri
0;26.3562,41.4620;68005;;Sitochóri
531;23.6186,40.8817;62200;;Sitochóri
0;26.4030,41.4488;68200;;Sitariá
82;22.6565,40.9580;61200;;Sitariá
533;21.5429,40.7909;53071;;Sitariá
3240;24.0276,41.1107;66034;;Sitagroí
0;21.5008,40.4352;50009;;Sisáni
329;23.4231,40.9571;62200;;Sisamía
0;24.8921,41.1798;67100;;Siróko
0;24.3667,41.1333;66037;;Sinoikismós Uzúnkoï
0;24.4333,41.2167;66035;;Sinoikismós Sakhínis
0;24.0500,41.0500;66034;;Sinoikismós Pondíon
19;23.7294,40.3507;63076;;Ássa
0;22.5700,40.0139;60063;;Synoikismós Panteleímonos
0;24.4000,41.2333;66035;;Sinoikismós Limbotoús
0;21.9155,40.9706;58400;;Loutrá Loutrakíou
0;24.8619,41.0385;67200;;Sinoikismós Exokhís
9289;22.8055,40.6705;57400;;Síndos
155;21.3508,40.1211;51100;;Sýdendro
252;24.0399,41.0287;66034;;Symvolí
0;25.4104,41.1752;15780;;Sýmvola
60;23.2502,41.2034;62400;;Simónas
29;21.3240,40.3872;52053;;Símantro
0;24.7833,41.3000;67062;;Silmín Ós
0;24.5283,41.3546;66035;;Sílli
0;25.7200,40.9742;69300;;Sykoráchi
2276;23.9405,40.0387;63072;;Sykiá
44955;22.9508,40.6494;56625;;Sykiés
50;23.7259,41.0836;62048;;Sykiá
377;22.3747,40.4545;59031;;Sykiá
0;24.6051,41.2526;66035;;Sidirópetra
239;24.2368,41.3667;66038;;Sidirónero
95;23.0209,41.2435;62053;;Sidirochóri
189;24.1442,40.8427;64008;;Sidirochóri
82;21.2725,40.5947;52059;;Sidirochóri
5177;23.3890,41.2350;62300;;Sidirókastro
0;25.0226,41.0744;67064;;Sydiní
0;26.1294,41.2466;68400;;Sidiró
0;21.6945,40.3845;13345;;Siderás
5612;21.5442,40.2619;50300;;Siátista
565;22.2088,40.3858;50400;;Sfikiá
694;22.5468,40.4131;60064;;Sfendámi
304;23.8742,41.0581;62042;;Sfelinós
103;22.9450,40.9816;61100;;Sevastó
1561;22.1235,40.7687;58500;;Sevastianá
0;25.4346,40.9551;69400;;Sevastí
842;22.5451,40.3593;60064;;Sevastí
3390;21.9944,40.1797;50500;;Sérvia
58287;23.5476,41.0850;62123;;Sérres
0;24.8082,41.0942;67150;;Seméli
0;25.0734,41.0691;67063;;Sélino
2059;24.9941,41.1338;67064;;Sélero
0;26.2994,41.4174;68010;;Sávra
0;25.0481,41.2439;67300;;Sátres
1054;23.9786,40.0937;63072;;Sárti
1866;22.0526,40.0678;40002;;Sarantáporo
398;21.9528,40.9156;58400;;Sarakinoí
0;25.5520,41.2882;69500;;Sarakiní
71;23.2163,40.5884;57020;;Sarakína
0;21.6509,40.0269;51200;;Sarakína
4506;25.6931,41.0286;69300;;Sápes
152;22.2156,40.7920;58500;;Sandáli
293;23.3762,40.5067;63073;;Saná
719;25.5222,40.4733;68002;;Samothráki
117;22.0938,40.8187;58200;;Samári
839;21.0186,40.1046;50007;;Samarína
0;25.1910,41.0518;67063;;Sálpi
0;25.5339,41.0044;69400;;Salmóni
0;25.8716,41.2542;69500;;Koúnia
0;26.5255,41.5376;68200;;Sákkos
0;21.3196,40.2359;50002;;Rókastro
820;23.0004,41.2612;62053;;Rodópoli
55;21.6314,40.6629;53072;;Rodónas
2072;23.9749,40.9205;62041;;Rodolívos
61;23.1320,40.3556;63080;;Rodókipos
623;22.0175,40.6907;59200;;Rodochóri
27;21.2915,40.2085;50002;;Rodochóri
0;21.9384,40.2682;62051;;Rodítis
0;21.7508,40.2022;50010;;Rodianí
0;23.2824,40.3587;63084;;Néa Rodiá
0;21.3272,40.1462;51030;;Rodiá
1106;22.1367,40.7333;58500;;Rizó
1157;22.2108,40.3506;50400;;Rizómata
0;25.3500,41.1540;15780;;Rízoma
443;22.1311,41.0073;58004;;Rizochóri
997;26.4277,41.6249;68014;;Rízia
389;22.5699,40.9301;61007;;Rýzia
896;22.0880,40.7837;58200;;Rizári
86;23.2140,41.0177;62054;;Rizaná
487;23.4429,40.5055;63074;;Rizá
0;26.5892,41.3973;68009;;Rígio
890;22.2836,40.2884;50400;;Ritíni
0;21.8706,40.1322;50500;;Rýmnio
0;21.9413,40.4063;50100;;Ryáki
583;22.3931,40.4009;60061;;Ryákia
0;24.7971,41.2894;67062;;Révma
13435;22.9938,40.6581;56532;;Péfka
504;23.6104,40.6613;57014;;Rentína
227;22.3495,40.5602;59031;;Rapsomaníki
446;24.6376,40.7562;64010;;Rachóni
691;22.5385,40.8121;57100;;Rachóna
501;22.2145,40.4845;59033;;Ráchi
483;22.3597,40.2436;44019;;Ráchi
0;25.7287,41.2178;69500;;Ragáda
30045;21.6786,40.5147;50200;;Ptolemaḯda
0;21.8193,40.4755;13345;;Pteleónas
0;26.2415,41.7020;68007;;Pteléa
0;24.4476,41.2116;66035;;Pteléa
612;24.1897,41.0827;66031;;Fteliá
55;21.0731,40.4614;52051;;Pteléa
0;21.8788,40.3303;50100;;Pteléa
156;23.2775,41.1443;62400;;Psomotópi
866;23.6299,41.0040;62044;;Psychikó
73;21.0313,40.8301;53077;;Psarádes
766;26.2591,41.0265;68003;;Provatónas
829;23.3903,41.0682;62100;;Provatás
0;26.2569,41.2922;68004;;Protokklísi
0;21.7488,40.2448;50010;;Protochóri
1176;24.0012,40.9441;62047;;Próti
120;21.3950,40.8158;53100;;Próti
0;25.6218,41.0690;69300;;Protáto
0;21.1967,40.0901;51032;;Prósvoro
4021;23.9667,41.1833;66200;;Prosotsáni
0;21.9648,40.3507;50400;;Proskynitári
0;25.4743,40.9432;69400;;Proskynités
0;22.4684,40.2739;44019;;Prosílio
0;21.9443,40.1510;50500;;Prosílio
184;23.3592,41.3627;62043;;Promachónas
1654;22.0044,41.0252;58400;;Prómachoi
1940;22.6666,40.7983;57011;;Próchoma
1225;22.1617,40.8137;58500;;Profítis Ilías
935;23.2766,40.6883;10676;;Profítis
88;22.1906,41.0298;58003;;Pródromos
933;22.3967,40.5508;59031;;Pródromos
0;24.1500,41.1333;66100;;Proástion
0;21.7105,40.4883;13345;;Proástio
0;23.9000,41.2167;66036;;Prinótopos
0;24.3888,41.2006;66037;;Prinólofos
1;23.1983,40.3941;63079;;Prinochóri
21;21.1973,40.7246;53076;;Prásino
0;24.5515,41.3617;66035;;Prasináda
317;22.5136,40.5612;60300;;Prasináda
0;26.5765,41.3460;68009;;Prangí
35;20.8454,40.1251;44020;;Pourniá
0;23.1368,40.5504;57006;;Pournarochóri
0;24.0980,41.3932;66038;;Potamoí
0;25.0390,41.0287;67063;;Potamiá
1274;24.7286,40.7163;64004;;Potamiá
1202;23.2955,40.2841;63200;;Portariá
0;24.9807,41.1604;67100;;Pórta
0;25.2388,41.0186;67063;;Pórpi
0;26.2230,40.8982;68500;;Póros
0;21.5290,40.1072;51100;;Póros
512;21.2124,40.4885;52050;;Poreiá
282;24.5809,40.9718;64006;;Pontolívado
0;21.7619,40.4105;13345;;Pontokómi
83;23.1302,41.0887;62054;;Pontokerasiá
692;22.6216,41.1044;61005;;Pontoirákleia
1666;23.2832,41.2088;62400;;Pontisméno
0;21.6777,40.0716;51200;;Pontiní
163;22.0878,40.7178;58500;;Pollá Nerá
10000;23.4413,40.3770;63100;;Polýgyros
420;24.3282,40.9846;64012;;Polýstylo
0;25.0858,41.2206;67300;;Polýskio
0;25.0236,41.1091;67064;;Polýsito
0;24.4654,41.3037;66035;;Polýsyko
0;21.9532,40.1405;50500;;Polýracho
243;21.3670,40.7174;53100;;Polypótamo
892;22.1912,40.6831;59034;;Polyplátanos
207;21.4069,40.8778;53100;;Polyplátano
425;22.5125,40.8768;61007;;Polýpetro
18;24.4902,41.0800;65500;;Polýnero
0;24.4333,41.2488;66035;;Polynéri
58;21.2030,40.0493;51032;;Polynéri
695;22.0673,40.3709;50400;;Polýmylos
15;21.4580,40.2709;50001;;Polýlakko
1239;23.5283,40.0166;63085;;Políkhronon
38887;22.9488,40.6667;56533;;Políchni
15;21.3655,40.5934;52059;;Polykéraso
7064;22.5691,40.9944;61200;;Polýkastro
0;21.1383,40.2938;50008;;Polykástano
1049;22.0163,40.9260;58400;;Polykárpi
747;21.3214,40.5215;52056;;Polykárpi
7;22.1194,40.3181;50400;;Polýfyto
231;22.2392,40.4202;59033;;Polýdendro
0;21.4806,40.2207;51030;;Polýdendro
271;23.1156,40.8179;57200;;Polydéndri
304;23.3800,40.7575;57016;;Polydéntri
0;25.1271,41.2048;69200;;Polýarno
0;25.2240,41.1292;69200;;Polýantho
11;21.0391,40.5347;52058;;Polyánemo
0;24.7941,41.0636;67200;;Poímni
0;26.3837,41.4601;68200;;Poimenikó
425;20.4228,40.0044;44005;;Pogonianí
608;24.0248,40.8311;64008;;Podhokhóri
0;24.2667,41.2167;66037;;Póa
69;20.7690,40.2965;44015;;Plikáti
14;23.0005,41.0457;61100;;Plagiochóri
373;22.2785,40.8516;58001;;Plagiári
5091;22.9579,40.4728;57019;;Plagiári
0;25.7200,41.1323;69300;;Plagiá
615;22.8462,41.1041;61002;;Plagiá
224;22.4974,41.0806;61005;;Plágia
50;20.9220,40.2381;42036;;Plagiá
27;23.3463,40.6301;57015;;Plateía
0;26.3348,41.6300;68014;;Pláti
73;21.1323,40.8137;53077;;Platý
7978;22.5346,40.6424;59300;;Platý
0;24.3798,41.1676;66037;;Platanóvrysi
584;24.0601,40.8471;64008;;Platanótopos
745;22.5507,40.5647;60300;;Plátanos
864;22.0249,40.2008;50500;;Platanórevma
127;23.4164,40.5469;57015;;Platanochóri
0;24.4109,41.1872;66037;;Plataniá
382;22.5932,41.0663;61200;;Plataniá
0;21.3475,40.3835;52053;;Plataniá
466;22.0487,40.7613;58200;;Platáni
444;22.9499,41.2915;62053;;Platanákia
78;24.5344,41.0974;64009;;Platamónas
210;23.6643,40.3681;63076;;Planá
0;21.2230,40.3304;50008;;Plakída
0;25.7320,40.8892;68100;;Pláka
152;22.4993,41.0094;61400;;Pigí
101;20.7848,40.0690;44100;;Pigí
0;23.9129,41.2128;66200;;Pigés
770;24.6721,40.9061;64011;;Pigés
0;24.3167,41.1833;66037;;Pyxári
12;20.7094,40.1234;44020;;Pyxariá
0;26.6113,41.3814;68009;;Pýthio
892;22.2313,40.0662;40002;;Pýthio
0;21.5581,40.0884;51100;;Pistikó
0;23.1333,40.4833;57006;;Písona
17;21.2480,40.7862;53076;;Pisodhérion
0;24.0242,41.2521;66200;;Pýrgoi
0;21.8338,40.6696;50006;;Pýrgoi
126;20.8106,40.2127;44015;;Pyrsógianni
112;22.9444,40.8805;54500;;Pyrgotós
9066;22.7329,40.6264;57300;;Chalástra
0;25.5333,40.5000;68002;;Pýrgos
0;21.8965,40.2228;62051;;Pýrgos
50;20.7849,40.1599;44020;;Pýrgos
140;24.1553,40.8714;64008;;Pyrgochóri
284;23.7238,40.3345;63078;;Pyrgadíkia
558;22.0168,40.9702;58400;;Piperiés
0;21.6523,40.0883;51100;;Pyloroí
0;21.3846,40.2702;50001;;Pylóri
0;24.8378,41.1818;67100;;Pílima
65;21.0389,40.7765;53077;;Pýli
0;26.1167,40.9260;68500;;Pylaía
36843;22.9861,40.5992;55534;;Pylaía
114;22.8133,40.8611;54500;;Pikrolímni
0;24.9462,41.1170;67150;;Pigádia
0;24.3040,41.1187;66037;;Pigádia
0;24.9616,41.0054;67061;;Pezoúla
18;20.9536,40.3891;52051;;Péfkos
85;20.9594,40.2958;44015;;Pefkófyto
577;22.5764,41.0384;61200;;Pefkodásos
0;26.0411,40.9002;68500;;Péfka
0;24.9667,41.1500;67100;;Péva Mahalé
0;23.6166,40.3434;63071;;Petráda
1985;24.0173,41.1947;66200;;Petroússa
0;26.1347,41.6936;68007;;Petrotá
0;25.6081,40.9008;69300;;Petrotá
41;21.1214,40.3661;52051;;Petropouláki
522;24.6149,40.9875;64200;;Petropigí
2709;24.8409,41.0874;67150;;Petrochóri
228;23.2848,40.5165;63073;;Petrokérasa
0;21.8657,40.2905;62051;;Petraná
348;23.1598,40.3694;63079;;Petrálona
939;22.1444,40.7202;58500;;Petraía
312;21.6729,40.7289;53200;;Pétres
0;26.6078,41.3477;68009;;Petrádes
10;22.8754,41.1911;61003;;Petrádes
1014;24.8985,41.1006;67150;;Peteinós
344;23.7112,40.9606;62049;;Pethelinós
897;24.6363,41.0005;64200;;Pérni
1331;23.0357,40.7442;57200;;Perivolákion
0;24.4069,41.2839;66035;;Perívlepto
0;23.7809,41.3125;66033;;Perithóri
305;23.3426,40.6615;57020;;Peristeróna
150;22.9582,40.8684;54500;;Peristéri
0;24.3936,41.1234;66037;;Peristéria
770;23.1654,40.5488;57006;;Peristerá
0;21.3568,40.2848;50002;;Peristéra
2367;22.5416,40.2744;32003;;Perístasi
22;22.8620,40.8798;54500;;Périnthos
4;21.4144,40.6169;53073;;Perikopí
341;22.2656,41.1009;58003;;Períkleia
181;23.9463,41.0864;62045;;Perikhóra
1372;21.6976,40.5600;50200;;Perdíkkas
0;21.7167,40.3500;50100;;Perdhikiá
0;24.0955,41.3743;66038;;Pérasma
3478;21.4676,40.7529;53100;;Pérasma
0;25.6431,40.9107;69300;;Pérama
0;21.8230,40.7374;58002;;Peraía
18326;22.9262,40.4987;57019;;Peraía
432;23.5152,40.9866;62200;;Peponiá
0;21.4099,40.2929;50001;;Peponiá
1037;26.2658,40.9575;68013;;Péplos
302;23.1560,40.8088;57200;;Pénte Vrýses
0;21.7214,40.5549;50200;;Pentávrysos
566;21.1422,40.4538;52050;;Pentávryso
773;23.6889,41.0501;62048;;Pentápoli
1015;22.4190,40.8190;58100;;Pentaplátano
0;26.1814,41.6455;68006;;Pentálofos
1871;22.8526,40.7430;57013;;Pentálofos
0;21.1416,40.1938;50007;;Pentálofos
203;22.4113,40.9290;61300;;Pentálofo
2476;22.5264,40.7617;58000;;Pélla
0;24.4105,41.1767;66037;;Pelekití
0;21.4661,40.3673;50003;;Pelekános
0;25.4677,41.0039;69400;;Pelagía
325;21.7552,40.6152;53070;;Pelargós
679;22.8725,40.9101;61100;;Pedinó
387;21.5886,40.6598;53072;;Pedinó
1330;22.1854,40.5607;59033;;Patrída
291;23.6110,40.9010;62200;;Patríki
0;25.2667,41.0833;69200;;Patríka
0;25.5173,41.2014;69100;;Patermá
5;23.3942,40.3346;63100;;Patelidás
200;26.4305,41.4838;68200;;Patagí
0;25.5839,41.0957;69300;;Pássos
0;24.5836,41.2335;66035;;Paschaliá
21;23.8126,40.1205;63081;;Parthenónas
502;22.6070,40.7004;57007;;Parthéni
0;23.3500,40.5833;57012;;Parthéni
12;21.3680,40.8600;53100;;Paróri
50;23.0681,41.0717;57017;;Paróchthi
0;21.3795,40.2390;50002;;Paróchthio
133;22.9891,41.2395;62053;;Parapótamos
0;24.5000,41.2667;66035;;Paranésti
0;24.4500,41.3500;66035;;Parámeron
525;23.6702,40.9851;62044;;Paralímnio
0;24.9870,40.9341;67061;;Paralía Avdíron
6228;22.5962,40.2671;60062;;Paralía
216;24.7603,41.0827;67200;;Parádeisos
0;23.7767,40.1034;63081;;Parádeisos
0;25.3329,41.0782;15780;;Paradimí
426;21.4979,40.8387;53071;;Pappagiánnis
0;24.1838,41.3593;66038;;Papádes
0;23.8195,41.2446;66036;;Panórama
17444;23.0315,40.5878;55236;;Panórama
0;21.1776,40.0377;51032;;Panórama
0;24.9155,41.2016;67100;;Panéri
0;25.4422,41.1769;69100;;Pándrosos
0;21.8488,40.8515;58002;;Panagítsa
725;24.7282,40.7307;64004;;Panayía
0;21.4360,40.2478;51030;;Panaréti
0;25.5289,41.0484;69400;;Pámforo
0;26.2733,41.6885;68007;;Pálli
0;25.2355,41.0613;69200;;Palládio
0;26.2505,41.4154;68010;;Palioúri
0;21.4296,40.3189;50001;;Aliákmonas
2195;24.3508,40.9049;65403;;Palaió Tsiflíki
0;24.3782,41.1810;66037;;Paliámpela
294;22.5034,40.5110;60300;;Paliámpela
0;21.8117,40.0660;51200;;Froúrio
927;22.3433,40.4842;59031;;Palatítsia
231;21.5169,40.8028;53071;;Palaístra
0;24.9155,41.1102;67150;;Palaiós Zygós
612;22.4631,40.4192;60061;;Palaiostáni
819;22.3261,40.8032;58001;;Palaiós Mylótopos
45;20.8870,40.0421;44020;;Palaiosélli
0;25.5246,40.5037;68002;;Palaiópoli
105;20.4874,40.0285;44005;;Palaiópyrgos
413;22.2331,40.6503;59034;;Palaió Zervochóri
280;22.7406,40.9462;61100;;Palaió Gynaikókastro
647;22.3292,40.6061;59033;;Palaió Skyllítsi
0;24.8066,41.0161;67200;;Palaió Ólvio
0;26.5667,41.4667;68200;;Palaión Khimónion
795;22.4645,40.3140;60100;;Palaió Keramídi
0;24.9153,41.0774;67064;;Palaió Katrámi
686;22.5753,40.4371;60066;;Palaió Eleftherochóri
886;22.7275,40.8146;57011;;Palaió Agionéri
1336;22.3616,40.8022;58100;;Axós
1195;23.9012,40.8707;62052;;Palaiokómi
1404;24.1775,40.9434;64001;;Palaiochóri
0;22.4926,40.6353;59300;;Palaiochóri
1262;23.6493,40.4919;63074;;Palaiochóri
0;21.6886,40.0466;51200;;Palaiochóri
0;21.3197,40.0141;51031;;Stavrós
282;22.4972,40.5911;59032;;Palaiochóra
806;23.4514,40.5008;63074;;Palaiochóra
721;23.4132,41.1564;62300;;Palaiókastro
16;23.4249,40.4373;63100;;Palaiókastro
0;21.6010,40.2024;50300;;Palaiókastro
97;22.0720,40.2173;50400;;Palaiográtsano
1475;22.2739,40.7828;58001;;Palaífyto
0;26.5542,41.4757;68200;;Palaiá Sayíni
0;26.5500,41.5333;68200;;Palaiá Oinóï
0;24.8493,41.1286;67150;;Palaiá Morsíni
202;22.2408,40.5985;59033;;Palaiá Lykógianni
108;24.4150,41.0075;65500;;Palaiá Kavála
0;22.3333,40.7436;58001;;Palaiá Karyótissa
1110;24.8944,41.3051;67300;;Páchni
843;25.3181,41.0280;69400;;Pagoúria
0;24.0292,41.4012;66033;;Pagonéri
31;20.9102,40.0397;44020;;Pádes
12;21.1319,40.7402;53076;;Oxyá
41;21.3499,40.6094;52059;;Oxyá
18;20.8189,40.2426;44015;;Oxyá
801;23.9833,40.3333;63075;;Ouranoupolis
387;23.2063,40.8371;57017;;Óssa
0;24.2533,41.3392;66038;;Oropédio
0;21.3141,40.1155;51100;;Oropédio
0;24.5635,40.7599;64010;;Órmos Prínou
0;22.5864,40.4569;60066;;Leftero-khori Skala
0;22.8967,40.4071;57500;;Paralía Epanomís
4227;23.5433,40.2945;63071;;Ormýlia
750;26.2152,41.7205;68007;;Orménio
641;21.9261,40.9513;58400;;Órma
575;23.5923,41.1955;62121;;Oreiní
0;25.6845,41.2529;69500;;Orgáni
0;24.7891,40.9849;67200;;Orfanó
656;23.9510,40.7758;62041;;Orfánio
0;24.8181,41.2301;67062;;Orestiní
16221;26.5297,41.5031;68200;;Orestiáda
57;23.6433,40.8556;62049;;Oréskeia
0;24.8338,41.2733;67300;;Oraío
20852;22.9172,40.7308;57013;;Oraiókastro
23;21.1199,40.4298;52051;;Omorfokklisiá
121;22.3980,40.9094;61300;;Omaló
0;21.2655,40.2579;50002;;Omalí
0;24.7988,41.0281;67200;;Ólvio
741;23.7821,40.5919;57014;;Olympiáda
0;21.6004,40.5705;50200;;Olimbiás
0;23.8489,41.3021;66033;;Ochyró
517;23.6258,41.1024;62046;;Oinoússa
0;21.9152,40.3206;62051;;Oinói
475;21.0844,40.5166;52050;;Oinói
0;24.9500,41.0833;67064;;Oiákion
1958;23.9109,40.7966;62052;;Ofrínion
55;23.0068,41.2286;62053;;Odigítria
295;22.2096,41.1029;58003;;Nótia
108;21.2046,40.3875;52200;;Nóstimo
0;21.9323,40.8228;58002;;Nisí
1473;22.3888,40.6361;59300;;Nisí
791;22.4604,40.5944;59032;;Niséli
523;26.0180,40.9291;68011;;Nípsa
609;23.3307,40.6939;57016;;Nymfópetra
63;21.4944,40.6443;53078;;Nymfaío
0;25.4517,41.2222;69100;;Nymfaía
0;24.0760,41.1206;66100;;Nikotsáras
134;23.1804,40.8875;57017;;Nikópolis
519;23.2758,40.6369;57020;;Nikomidinó
737;23.4277,40.9327;62200;;Nikókleia
2711;23.6684,40.2220;63088;;Níkiti
0;25.7237,41.1078;69300;;Nikités
12;24.5996,41.0570;64200;;Nikités
2236;24.1431,40.9474;64001;;Nikísiani
0;24.3109,41.1672;66037;;Nikifóros
209;21.4204,40.9092;53100;;Níki
41;21.1054,40.3790;52051;;Níki
38;20.7806,40.0896;44020;;Nikánoras
4947;23.4994,40.9053;62200;;Nigríta
0;25.6483,41.1260;69300;;Névra
865;21.0622,40.4128;52051;;Nestório
0;23.2632,40.3629;63079;;Nerómylos
78;22.1875,41.0232;58003;;Nerómyloi
0;24.1327,41.0446;66031;;Nerofráktis
0;21.9673,40.2397;50500;;Neráida
0;24.9097,41.1164;67150;;Néos Zygós
1934;23.6093,41.0239;62044;;Néos Skopós
222;22.4341,40.5361;59031;;Néos Pródromos
932;26.5039,41.4946;68200;;Néos Pýrgos
2835;22.3549,40.8187;58100;;Néos Mylótopos
3038;23.7832,40.0961;63081;;Néos Marmarás
229;21.4730,40.8906;53071;;Néos Káfkasos
751;22.7466,40.9215;61100;;Néo Gynaikókastro
2051;23.6438,41.0940;62046;;Néo Soúli
283;22.3538,40.5997;59032;;Kalochóri
10;22.6847,40.8734;61007;;Néo Sirákio
2845;22.9879,40.4960;57019;;Néo Rýsi
1932;23.2938,41.2746;62043;;Néo Petrítsi
41;22.8184,41.2176;61003;;Néo Myriófyto
0;26.5667,41.4167;68009;;Néon Lilíon
0;26.5500,41.4167;68009;;Néon Kostíon
751;21.3316,40.4350;52053;;Néo Kostarázi
0;26.5520,41.4511;68200;;Néo Cheimónio
359;22.4632,40.2858;60100;;Néo Keramídi
0;25.2856,41.0875;15780;;Néon Kavaklíon
0;24.9203,41.0687;67064;;Afxentíou
1176;22.7073,40.8083;57011;;Néo Agionéri
2844;22.8756,40.7382;57013;;Neochoroúda
0;22.4883,40.6028;59032;;Neochorópoulo
655;26.4574,41.5113;68200;;Neochóri
0;24.6330,41.2209;67062;;Neochóri
1227;23.5800,41.0523;62044;;Neochóri
395;22.0972,41.0278;58004;;Neochóri
759;22.4456,40.6649;59300;;Neochóri
520;22.4937,40.5557;60300;;Kypséli
714;23.6795,40.5086;63076;;Neochóri
15;23.0368,40.3920;53438;;Neochoráki
421;21.5422,40.8284;53071;;Neochoráki
949;22.4152,40.5054;59031;;Neókastro
465;22.4240,40.2667;44019;;Neokaisáreia
0;26.4830,41.3214;68300;;Néoi Psathádes
5882;22.9119,40.4986;57019;;Néoi Epivátes
0;25.7958,41.0769;69300;;Néda
189;22.1040,40.8535;58200;;Néa Zoí
2530;23.8287,41.0320;62042;;Néa Zíchni
1679;26.5432,41.5845;68001;;Néa Výssa
3071;23.2066,40.3058;63079;;Néa Tríglia
669;23.3768,41.1136;62100;;Néa Tirolóï
312;23.2411,40.3276;63079;;Néa Ténedos
0;21.9022,40.2544;62051;;Néa Sigí
788;23.1336,40.3295;63080;;Néa Sílata
0;24.1307,41.1235;66100;;Néa Sevásteia
0;25.7615,41.1026;69300;;Néa Sánta
1582;22.9216,40.8408;54500;;Néa Sánta
1192;23.9237,40.3812;63075;;Néa Róda
4061;23.0538,40.5245;57001;;Néa Raidestós
1543;23.3283,40.1941;63200;;Néa Poteídaia
3246;21.3877,40.3127;50001;;Neápoli
1127;23.2038,40.2654;63079;;Néa Plágia
277;23.7852,40.9931;62050;;Néa Pétra
3516;24.3013,40.8385;64007;;Néa Péramos
1595;22.4917,40.7652;58005;;Néa Pélla
1111;23.3421,40.2915;63200;;Ólynthos
105;21.7414,40.3275;50100;;Néa Nikópoli
813;22.2501,40.5870;59033;;Néa Nikomídeia
10042;23.2848,40.2439;63200;;Néa Moudhaniá
0;24.8530,41.1187;67150;;Néa Morsíni
10784;22.8617,40.4637;57004;;Néa Michanióna
2303;22.7690,40.7516;57003;;Néa Mesimvría
2218;22.6820,40.6099;57300;;Néa Málgara
4088;22.8458,40.6878;59100;;Néa Magnisía
1369;23.5610,40.6228;57015;;Néa Mádytos
633;22.2380,40.5727;59033;;Néa Lykógianni
0;24.1333,41.1500;66100;;Néa Krómi
63;24.5653,40.9784;64006;;Néa Kómi
0;25.8285,40.8523;68100;;Néa Chilí
0;25.0713,41.0340;67063;;Néa Kessáni
538;23.8416,40.7944;62049;;Néa Kerdýlia
0;23.2333,40.3667;63079;;Néa Kerasiá
140;22.6173,40.9874;61200;;Néa Kavála
2003;24.5113,40.9615;64006;;Néa Karváli
1426;24.7073,40.9062;64011;;Néa Karyá
10144;23.0634,40.3131;63080;;Néa Kallikráteia
1560;24.3165,40.8644;64007;;Néa Iraklítsa
832;23.0155,40.3477;53438;;Néa Irákleia
438;23.0945,40.3620;53438;;Néa Goniá
1944;23.3975,40.1333;63077;;Néa Fókaia
170;23.9256,40.8704;62041;;Néa Fylí
1328;22.4981,40.2292;44019;;Néa Éfesos
716;24.0204,40.9885;62047;;Néa Báfra
1652;23.4407,40.6256;57015;;Néa Apollonía
0;24.1206,41.1314;66100;;Neá Amissós
0;24.8454,41.0428;67200;;Néa Amisós
467;22.5826,40.4598;60066;;Néa Agathoúpoli
19887;22.0681,40.6294;59200;;Náousa
0;21.5215,40.4167;50009;;Námata
647;24.1127,40.8624;64008;;Mousthéni
1846;22.7960,41.2533;61003;;Mouriés
0;25.1960,41.0922;69200;;Mosaïkó
0;21.2074,40.2114;50008;;Mórfi
0;24.0667,40.3000;63086;;Monoxilítai
566;23.6050,41.0601;62046;;Monóvrysi
897;22.1758,40.6184;59035;;Monóspita
180;23.1348,40.4347;57006;;Monopígado
370;22.9077,40.8031;54500;;Monólofo
311;23.4001,41.0577;62100;;Monokklisiá
5;20.8074,40.1218;44020;;Monastíri
217;23.0339,41.2245;62053;;Monastiráki
0;24.1683,41.1882;66100;;Monastiráki
164;21.9766,40.9263;58400;;Monastiráki
230;24.7320,40.8786;64011;;Monastiráki
379;26.1045,40.8519;68500;;Monastiráki
0;21.3551,40.3629;52053;;Molócha
45;20.5707,40.0628;44006;;Molyvdosképastos
15;20.8146,40.1258;44020;;Mólista
349;23.6105,40.6261;57014;;Módi
0;25.3000,40.9833;69400;;Mitrikón
0;25.4853,41.2493;69100;;Mýtikas
0;25.6495,41.0812;69300;;Mýstakas
0;25.3189,41.1532;15780;;Míschos
424;24.1967,40.8246;22018;;Myrtófyto
0;25.7791,41.2780;69500;;Myrtíski
0;23.1851,41.1127;62400;;Myrtiá
0;24.3854,41.1686;66037;;Myrsiniá
0;21.4745,40.1238;51100;;Myrsína
236;23.8891,40.9498;62052;;Myrríni
0;24.3161,41.1674;66037;;Myrovlítis
402;24.9295,40.9792;67061;;Myrodáto
199;23.8200,40.9013;62052;;Mýrkinos
677;22.8272,41.2233;61003;;Myriófyto
0;25.4915,41.0011;69400;;Mírana
0;24.0714,41.1498;66100;;Mylopótamos
79;22.8971,41.1151;61002;;Mylochóri
557;21.5374,40.5042;50005;;Milochóri
371;21.3302,40.4534;52057;;Milítsa
2;21.1344,40.8257;53077;;Mileón
0;26.1618,41.5650;68006;;Miliá
837;22.1446,40.9920;58004;;Miliá
426;22.3037,40.2504;44019;;Miliá
0;21.4751,40.1795;51030;;Miliá
313;22.0752,40.0285;40002;;Miliá
0;21.8764,40.0824;50500;;Mikróvalto
0;23.2890,40.3631;63084;;Mikrí Vávdos
30;24.6169,40.7211;64010;;Mikrós Prínos
1094;23.8157,41.1935;66036;;Mikrópolis
334;23.9435,40.8905;62041;;Mikró Soúli
726;23.0930,40.4368;57006;;Ágios Antónios
0;25.6457,41.0656;69300;;Mikró Pistó
1779;22.5411,40.7043;57007;;Mikró Monastíri
0;25.3331,41.0528;69100;;Mikró Kranovoúni
0;25.4081,41.0375;69400;;Mikró Doukáto
1836;26.0998,41.3156;68010;;Mikró Déreio
400;22.5708,41.0697;61005;;Mikrón Dásos
0;24.1571,41.4143;66038;;Mikromiliá
0;24.3619,41.2187;66037;;Mikrólofos
0;24.3647,41.1713;66037;;Mikrolívado
40;21.1152,40.7451;53076;;Mikrolímni
61;23.2837,40.7208;10676;;Mikrokómi
0;24.0559,41.3871;66033;;Mikrokleisoúra
0;21.5471,40.1476;51100;;Mikrokleisoúra
0;26.5916,41.3410;68009;;Mikrochóri
0;24.4483,41.3120;66035;;Mikrochóri
0;24.1765,41.1022;66300;;Mikrochóri
0;24.7927,40.9709;67200;;Mikrochóri
0;21.5038,40.2664;50300;;Mikrókastro
0;24.0048,41.1355;66200;;Mikrókampos
731;22.7748,40.8410;54500;;Mikrókampos
122;22.1529,40.4003;50400;;Mikrí Sánta
52;22.4463,40.4132;60061;;Mikrí Miliá
555;23.5608,40.6776;57014;;Mikrí Vólvi
0;25.9491,41.2624;69500;;Mikráki
0;26.1667,40.9333;68500;;Mikrá Kavisós
0;26.2547,41.5225;68005;;Mikrá Doxipára
0;25.3732,41.2242;15780;;Mikrí Áda
1130;24.9208,41.2438;67300;;Mýki
14;22.7028,41.0712;61002;;Michalítsi
40;23.9821,40.3778;63075;;Koumítsa
11;23.8135,40.0435;63081;;Agía Kyriakí
973;22.5900,40.4474;60066;;Methóni
466;22.9594,41.0701;61100;;Metaxochóri
0;21.9718,40.0833;50500;;Metaxás
825;23.6551,40.3244;63078;;Metagkítsi
206;22.6608,41.1180;61002;;Metamórfosi
139;21.3202,40.5648;52059;;Metamórfosi
278;21.6782,40.2496;50004;;Metamórfosi
531;23.6036,40.2299;63088;;Metamórfosi
288;22.8178,41.0159;61100;;Metallikó
130;23.7438,41.0790;62048;;Métalla
0;25.6470,40.9529;69300;;Mésti
0;25.2983,41.0915;15780;;Messoúni
6;20.9878,40.4655;52058;;Mesóvracho
334;21.8347,40.6281;50006;;Mesóvouno
0;24.0755,41.3464;66038;;Mesovoúni
407;23.8592,41.0043;62042;;Mesorráchi
456;24.0821,40.8662;64008;;Mesorópi
17;23.4399,40.6143;57015;;Mesopótamo
3855;21.1611,40.5025;52050;;Mesopotamía
198;21.4627,40.7916;53100;;Mesonísion
0;21.1510,40.1133;51032;;Mesoloúri
0;21.5139,40.0854;51100;;Mesólakkos
16;23.9342,40.8316;62041;;Mesolakkiá
62;23.3538,40.5683;57012;;Mesókomo
108;23.6513,41.0109;62044;;Mesokómi
0;24.4770,41.2695;66035;;Mesochóri
0;25.3554,41.0933;15780;;Mesochóri
358;21.5120,40.8845;53071;;Mesochóri
67;21.5133,40.8945;53071;;Mesókampos
113;22.7871,40.9054;54500;;Mésoi Apóstoloi
0;25.6765,40.8676;68100;;Mesimvría
0;25.9850,41.2628;69500;;Mesiméri
899;22.0254,40.7934;58200;;Mesiméri
1533;23.0075,40.4134;57500;;Mesiméri
128;22.8038,40.9432;61100;;Mesianó
301;22.4783,40.7797;58005;;Mesianó
0;21.9253,40.2626;62051;;Mesianí
226;22.5750,40.8827;61007;;Mesiá
170;24.1879,40.8724;64008;;Mesiá
0;25.2109,40.9820;67063;;Mési
484;22.2655,40.5279;59033;;Mési
533;22.8647,40.7949;54500;;Mesaío
0;23.1000,40.5667;55236;;Mersinoúda
52;20.4810,40.0302;44005;;Merópi
14297;22.8971,40.6583;54628;;Meneméni
0;24.9314,41.3287;67300;;Melívoia
1212;21.5843,40.8343;53071;;Melíti
0;25.2042,41.2384;69200;;Melítaina
63;23.0394,41.0889;61100;;Melissourgeío
417;23.4749,40.5981;57015;;Melissourgós
172;21.3979,40.5777;52059;;Melissótopos
31;20.6150,40.0653;44006;;Melissópetra
0;23.1796,41.0743;62054;;Melissónas
284;24.1656,40.8707;64008;;Melissokomeío
0;24.4132,41.3137;66035;;Melissochóri
3437;22.9286,40.7680;57018;;Melissochóri
0;21.8037,40.3286;50100;;Melíssia
0;24.8950,41.0170;67061;;Mélissa
209;24.1932,40.8636;22018;;Mélissa
6350;22.3960,40.5168;59031;;Melíki
0;21.3958,40.3477;50001;;Melidóni
82;22.3505,40.3208;60100;;Meliádi
0;26.1068,40.9526;68500;;Melía
0;25.2996,41.1135;15780;;Meléti
621;23.4448,41.1484;62100;;Melenikítsi
123;23.0563,40.9544;57017;;Melánthio
106;21.2645,40.7035;52055;;Melás
88;21.1291,40.3957;52051;;Melánthio
0;24.7972,41.0794;67150;;Megálo Týmpano
405;21.4119,40.1183;51100;;Megálo Seiríni
0;21.2658,40.1134;51032;;Mégaro
378;21.9728,40.9415;58400;;Megaplátanos
967;25.3011,41.1471;15780;;Méga Pistó
26;24.6240,40.7243;64010;;Megálos Prínos
658;23.2249,41.2469;62043;;Megalochóri
0;23.9964,41.1122;62045;;Megalókampos
492;22.7949,41.0076;61100;;Megáli Vrýsi
123;23.4283,40.6960;57016;;Megáli Vólvi
323;22.7254,41.0910;61002;;Megáli Stérna
3126;23.6800,40.4451;63076;;Megáli Panagía
0;26.2817,41.5088;68005;;Megáli Doxipára
0;25.5356,41.2336;69500;;Megáli Áda
123;22.2919,41.0058;58003;;Livádia
0;25.3341,41.0608;69100;;Méga Kranovoúni
0;24.8105,41.2000;67062;;Méga Évmoiro
0;25.4136,41.0495;69100;;Méga Doukáto
0;26.0253,41.2336;68400;;Méga Déreio
0;25.0521,41.3373;67300;;Médousa
187;20.6678,40.0405;44100;;Mázi
726;24.8999,41.0630;67064;;Magikó
1067;22.1563,40.7824;58500;;Mavrovoúni
0;24.1457,41.1114;66100;;Mavróvatos
0;24.0420,41.1216;66034;;Argyroúpoli
1572;23.7505,40.8943;62049;;Mavrothálassa
0;21.7333,40.4484;13345;;Mavropigí
0;21.3342,40.0492;51100;;Mavronóros
535;22.8134,40.8871;54500;;Mavronéri
202;22.2169,40.8611;58500;;Mávro
0;25.3837,41.0041;69400;;Mavrommáti
658;23.8712,40.9129;62052;;Mavrólofos
0;24.1011,41.0549;66034;;Mavroléfki
0;24.3819,41.2237;66037;;Mavrokordátos
0;26.2706,41.3378;68010;;Mavrokklísi
1379;21.3204,40.5122;52056;;Mavrochóri
6;21.2331,40.6280;52055;;Mavrókampos
661;21.7718,40.3828;50100;;Mavrodéndri
0;21.3446,40.0344;51100;;Mavranaíoi
375;23.4674,40.8047;57016;;Mavroúda
0;25.5191,40.9066;69400;;Maroneía
0;24.3376,41.1687;66037;;Marmariá
14;23.6119,41.1591;62123;;Marmarás
120;21.4932,40.8624;53071;;Marína
1091;22.1010,40.6920;59035;;Marína
158;24.6212,40.6910;64010;;Mariés
0;24.7124,41.2658;67062;;Margaríti
228;22.0307,40.8816;58200;;Margaríta
364;23.4726,40.5594;57015;;Marathoússa
0;26.4709,41.6680;68008;;Marásia
2612;21.2445,40.5006;52100;;Maniákoi
484;21.7749,40.6918;50006;;Maniáki
0;26.4023,41.4084;68300;;Máni
0;24.8714,40.9441;67200;;Mángana
791;23.1402,41.2637;62055;;Mandráki
385;22.9100,40.8686;54500;;Mándres
0;26.3303,41.2694;68004;;Mándra
0;24.9921,40.9957;67061;;Mándra
105;23.9125,41.0412;62045;;Mantíli
1204;22.2126,40.8568;58500;;Mándalo
0;24.8917,41.2513;67300;;Mántaina
9067;22.4846,40.1717;60200;;Díon
93;21.2632,40.6734;52055;;Makrochóri
4870;22.2495,40.5513;59033;;Makrochóri
1495;22.6039,40.4155;60066;;Makrýgialos
0;24.2610,41.2243;66037;;Makryplági
280;22.9849,41.2973;62055;;Makrinítsa
84;24.6176,41.0409;64200;;Makrychóri
0;25.7445,40.8547;68100;;Mákri
0;25.9068,40.8567;68100;;Maḯstros
0;21.2882,40.2348;50002;;Loúvri
985;26.0470,40.8815;68500;;Loutrós
1296;22.3998,40.5887;59032;;Loutrós
483;22.1088,40.7238;58500;;Loutrochóri
54;23.4032,40.6579;57015;;Loutrá Vólvis
1;23.3378,41.2785;62043;;Loutrá Sidhirokástrou
1;24.0914,40.7364;64008;;Loutrá Eleftherón
665;22.5426,40.6784;57007;;Loudías
1694;22.3803,40.2439;44019;;Lófos
196;22.1843,40.0158;40002;;Lófos
289;21.5878,40.7954;53074;;Lófoi
261;23.2238,40.7732;10676;;Lofískos
0;25.5722,41.0300;69300;;Lofári
0;21.7130,40.3288;50100;;Lygerí
0;21.6955,40.4083;13345;;Liverá
0;24.9319,41.2126;67300;;Lívas
15;20.9600,40.4217;52058;;Livadótopos
420;23.3631,41.0254;62054;;Livadochóri
79;22.5579,40.8091;57100;;Livadítsa
0;24.6683,41.3055;67062;;Leivadítis
263;23.2218,40.5231;63073;;Livádi
336;22.4388,40.5004;59031;;Livádi
2655;22.1575,40.1262;40002;;Livádi
623;23.0760,41.2517;62055;;Livadiá
0;24.2095,41.2837;66038;;Livaderó
912;21.9428,40.0346;40001;;Livaderó
0;23.9764,41.3822;66033;;Livadáki
0;22.9660,40.5000;57019;;Livadáki
6709;22.4978,40.1006;60200;;Litóchoro
3302;22.9798,40.7453;57018;;Lití
692;23.2215,41.1344;62400;;Lithótopos
16;22.8051,41.2976;61003;;Palaió Lithotó
311;21.4100,40.5207;52052;;Lithiá
10;22.1892,40.8928;58004;;Lithária
0;26.2704,41.0707;68003;;Lýra
51;22.9521,40.9212;61100;;Leipsýdrio
550;22.2474,40.7469;58001;;Liparó
0;25.2588,41.1328;69200;;Linós
522;23.2046,41.2059;62400;;Limnochóri
184;21.5568,40.6225;53075;;Limnochóri
0;24.3951,41.1734;66037;;Limníski
35;24.4028,41.0819;65500;;Limniá
232;23.5278,40.7818;57016;;Límni
2428;24.5765,40.6274;64002;;Limenária
0;24.5333,41.2500;66035;;Likovoúnion
41;24.4432,41.1097;65500;;Lykóstomo
336;21.9842,40.9893;58400;;Lykóstomo
0;21.9957,40.8397;58200;;Lýkoi
0;26.2900,41.1200;68400;;Lykófi
0;24.7756,41.2196;67062;;Lykodrómio
0;21.2094,40.3053;50008;;Liknádes
1081;25.6857,41.0641;69300;;Lýkeio
284;23.4340,40.9790;62200;;Lygariá
1345;22.5082,40.6353;59300;;Lianovérgi
0;23.8951,41.4051;66033;;Lefkógeia
0;21.7800,40.2715;50004;;Lefkóvrysi
121;23.5460,40.7360;57016;;Lefkoúda
230;23.6395,40.8772;62049;;Lefkótopos
0;21.7494,40.2307;50010;;Lefkopigí
700;24.9793,41.1363;67100;;Lefkópetra
72;22.1790,40.4288;59033;;Lefkópetra
3534;23.4966,41.1003;62100;;Lefkónas
123;21.1401,40.7899;53077;;Levkón
236;23.0691,40.9262;57017;;Levkokhóri
0;26.1984,41.0236;68003;;Lefkímmi
0;24.8707,41.0817;67150;;Léfki
48;24.5179,40.9886;64006;;Léfki
0;21.1976,40.3004;50008;;Léfki
0;21.9724,40.2919;50400;;Léfkara
0;21.2807,40.3021;50002;;Lefkádi
914;22.1191,40.6530;59035;;Lefkádia
273;22.8221,40.9514;61100;;Leventochóri
51;21.5093,40.7465;53100;;Leptokaryés
0;25.9044,41.0684;68011;;Leptokaryá
204;22.4620,40.8615;58100;;Leptokaryá
0;22.5204,40.0421;60063;;Palaiá Leptokaryá
0;26.4684,41.4993;68200;;Leptí
485;24.5488,41.1593;64009;;Lekáni
167;22.2082,40.5647;59033;;Lazochóri
0;21.8542,40.0181;51200;;Lazarádes
0;26.2990,41.0840;68003;;Lagyná
3552;23.0042,40.7235;56429;;Lagyná
0;21.1927,40.0311;51032;;Lávda
747;26.3852,41.2696;68004;;Lávara
0;22.0210,40.1528;50500;;Láva
1;22.6016,41.0305;61200;;Latomeío
113;23.5589,40.8491;62200;;Lagkádi
798;23.2465,40.6357;57020;;Lagkadikia
82;22.2691,41.1099;58003;;Lagkadiá
37022;23.0667,40.7500;57200;;Lagkadás
0;21.5249,40.1228;51100;;Lagkadákia
124;20.8597,40.2122;42036;;Lagkáda
41;21.0812,40.3491;52051;;Lágka
0;25.5430,41.1310;69100;;Lampró
0;24.8578,41.0832;67150;;Lamprinó
0;24.1834,41.4027;66038;;Lakkoúda
0;25.5310,40.4296;68002;;Lákkoma
1171;23.0558,40.3914;53438;;Lákkoma
660;21.7031,40.6453;53070;;Levaía
438;23.1094,40.5150;57006;;Lakkiá
430;22.2435,40.8567;58001;;Lákka
105;21.2144,40.4472;52200;;Lachanókipoi
542;23.2055,40.9630;57017;;Lakhanás
185;21.1406,40.8363;53077;;Laimós
451;26.4607,41.4510;68200;;Lagós
0;25.1203,41.0069;67063;;Lágos
0;26.2628,41.4513;68010;;Ládi
0;24.7706,41.3181;67062;;Asvestópoulo
0;21.7731,40.1765;50010;;Kténi
0;21.7230,40.3808;50100;;Ktenás
0;25.5643,40.9504;69400;;Krovýli
0;24.9146,41.2111;67300;;Achladia
0;24.7390,41.1386;67062;;Kromnikó
0;22.3316,40.9036;61300;;Krómni
2687;21.8176,40.2635;50010;;Krókos
1253;22.9829,40.8418;57018;;Krithiá
988;22.8593,40.9596;61100;;Kristóni
145;21.0848,40.6366;52055;;Krystallopigí
0;25.2445,41.2212;69200;;Krystálli
467;22.9824,40.8990;54500;;Chrysópetra
0;21.5972,40.4844;50005;;Kryóvrysi
0;26.3543,41.6672;68007;;Kriós
0;24.8086,41.2194;67062;;Kriós
737;23.4736,40.0357;63077;;Kryopigí
690;24.3783,41.0248;65500;;Kryonéri
994;23.2813,40.8150;57002;;Kryonéri
2;23.8213,40.4689;63075;;Kryonéri
31;23.5554,41.0519;62123;;Krínos
2925;24.2965,41.0140;64003;;Krinídes
0;24.5575,41.2658;66035;;Kríni
34;24.7454,41.0618;64200;;Kríni
450;23.1590,40.3970;57006;;Kríni
257;23.4484,40.5468;57015;;Krímni
0;21.2816,40.2136;50002;;Krimíni
7255;22.3052,40.6874;58300;;Krýa Vrýsi
0;24.7663,41.0154;67200;;Kremastí
0;21.9364,40.3585;50100;;Kremastí
53;21.3121,40.8561;53100;;Krateró
7;24.4872,41.0643;65500;;Kranochóri
192;21.0991,40.4575;52051;;Kranochóri
5;21.2135,40.6195;52055;;Kraniónas
0;21.9565,40.1934;50500;;Kranídia
0;23.0490,40.5456;57001;;Kráni
139;22.1533,40.8960;58004;;Kraniá
36481;21.7898,40.2993;50100;;Kozáni
0;25.6923,41.2080;69500;;Kóvalo
222;23.4737,41.0059;62100;;Kouvoúklia
0;21.9302,40.2656;62051;;Kouvoúklia
0;25.0233,41.0497;67064;;Koutsó
0;22.1320,40.5370;59033;;Koutsochóri
47;22.3578,41.0697;61005;;Koúpa
381;23.4348,41.0159;62100;;Koumariá
252;22.0874,40.5178;59200;;Koumariá
1156;22.3179,40.5465;59033;;Kouloúra
316;22.5134,40.3850;60064;;Koúkkos
883;26.4369,41.3553;68300;;Koufóvouno
7850;22.5719,40.7778;57100;;Koufália
0;24.1161,41.0962;66100;;Koudoúnia
0;25.0987,41.3169;67300;;Kottáni
0;26.1144,41.1600;68400;;Kotroniá
0;24.8833,41.3333;67300;;Kotýli
16;22.6664,40.9784;61200;;Kotýli
22;21.1705,40.6933;53076;;Kótas
0;24.8226,41.0455;67200;;Kossós
0;24.7683,41.0457;67200;;Kosmití
0;25.4113,41.0888;69100;;Kósmio
0;21.6684,40.3367;50004;;Anthótopos
83;23.0003,40.9888;61100;;Koronoúda
44;22.6673,41.1627;61002;;Koróna
264;22.8543,41.0761;61002;;Koromiliá
308;21.1821,40.5355;52050;;Koromiliá
0;26.2958,41.1561;68400;;Kornofoliá
1450;24.0556,40.9801;62047;;Kormísta
998;21.3770,40.5049;52052;;Korisós
4488;22.5882,40.3166;60062;;Korinós
0;26.1970,41.3523;68010;;Kórymvos
0;25.1167,41.3167;67300;;Korifí
106;22.8288,41.1569;61002;;Koryfí
1552;22.5068,40.6029;59032;;Koryfí
0;21.2308,40.1921;50007;;Koryfí
38;24.4461,41.0508;65500;;Koryfés
633;23.1746,40.7211;10676;;Analipsi
0;25.1230,41.1197;69200;;Kopteró
2202;22.1289,40.6338;59035;;Kopanós
269;23.5416,41.0176;62044;;Konstantináto
514;22.1735,40.9986;58004;;Konstantía
2942;20.7567,40.0486;44100;;Kónitsa
99;21.8827,40.2104;62051;;Kontovoúni
1489;22.4610,40.2275;44019;;Kontariótissa
45631;25.4059,41.1176;69100;;Komotiní
78;20.9971,40.5187;52058;;Komninádes
0;24.7278,41.1712;67062;;Komniná
517;21.7767,40.5906;53070;;Komniná
0;25.6602,40.9092;69300;;Kómaros
921;26.2295,41.5937;68006;;Kómara
0;21.7632,40.4552;13345;;Kómanos
0;21.6215,40.1056;51100;;Pefkáki
744;21.2111,40.5050;52050;;Kolokynthoú
81;22.8941,40.9417;61100;;Kolchída
1768;23.1338,40.7566;57200;;Kolchikón
231;21.4835,40.7390;53100;;Kolchikí
2914;22.4832,40.4789;60061;;Kolindrós
0;23.1000,40.4167;57006;;Kolaouzloú
357;22.1650,40.0341;40002;;Kokkinógeio
0;23.9325,41.1910;66200;;Kokkinógeia
530;22.2530,40.0957;40002;;Kokkinopilós
278;24.0023,40.8139;64008;;Kokkinokhóri
1472;24.3081,40.9269;64100;;Kokkinóchoma
0;24.2612,41.3722;66038;;Kókkino
73;23.0088,41.0737;61100;;Kokkiniá
0;21.4841,40.2077;51030;;Kokkiniá
0;21.6610,40.3152;50004;;Kokkinarás
174;23.4933,40.6256;57015;;Kokkaloú
105;24.7619,40.6656;64004;;Koínyra
1414;23.3004,41.2128;62400;;Koímisi
479;21.9263,40.3582;50100;;Koiláda
91;22.8912,41.0847;61002;;Koiládio
0;21.1977,40.2649;50008;;Koiládi
0;26.1457,40.9779;68500;;Koíla
1360;21.7910,40.3306;50100;;Koíla
0;21.5929,40.0967;51100;;Knídi
374;21.8581,40.4314;13345;;Kleítos
223;21.4698,40.5355;52054;;Kleisoúra
0;21.1759,40.3214;50008;;Kleisóreia
0;21.3705,40.2034;51030;;Klimatáki
0;21.4087,40.2418;51030;;Klíma
13;21.6404,40.7484;53074;;Kleidí
1412;22.5903,40.5663;60300;;Kleidí
93;21.3959,40.8267;53100;;Kladhorrákhi
0;23.1333,40.4167;57006;;Kladharon
0;25.7678,41.0613;69300;;Kizári
0;21.4437,40.2057;51030;;Kivotós
1061;22.5786,40.3740;60064;;Kítros
0;25.9517,41.2733;69500;;Kissós
0;26.3992,41.2719;68004;;Kissári
0;24.8807,41.2243;67300;;Kírra
0;24.7768,40.9851;67200;;Kýrnos
0;25.7917,40.9751;69300;;Kírki
0;26.1898,41.2941;68010;;Kyriakí
1535;24.2891,41.0990;66300;;Kýria
0;21.3739,40.0976;51100;;Kyrakalí
0;24.8529,41.0240;67200;;Kipséli
58;21.0292,40.2886;50008;;Kypséli
1095;26.2291,41.5754;68006;;Kyprínos
0;21.8484,40.1870;50010;;Kípos
358;26.3073,40.9527;68013;;Kípoi
325;24.2031,40.8891;64100;;Kipía
0;21.2276,40.1372;50007;;Kyparíssi
0;21.6753,40.3266;50004;;Kipári
0;24.9833,41.1667;67100;;Kióstra Mahalé
3424;24.9387,41.1479;67100;;Kimméria
3210;22.6928,40.6135;57300;;Kýmina
0;25.6712,41.3041;69500;;Kými
22914;22.8743,40.9930;61100;;Kilkís
0;24.8708,41.2594;67300;;Kýknos
0;25.4320,41.1074;69100;;Kikídi
0;22.2377,40.5185;59033;;Kyndonochóri
74;21.2832,40.1724;50002;;Kydoniés
30;23.2318,40.9357;57017;;Kydonéa
222;22.5204,40.5754;59032;;Kydoniá
0;25.0050,41.3624;67300;;Kídaris
0;26.3814,41.3740;68300;;Kyaní
0;21.7395,40.1347;50010;;Chrómio
8885;24.6939,40.9856;64200;;Chrysoúpolis
1571;23.6511,41.0581;62046;;Chrysó
1818;24.7109,40.9333;19019;;Chrysochóri
1023;23.2355,41.1810;62400;;Chrysochórafa
0;23.8682,41.3759;66033;;Chrysokéfalos
307;24.1894,40.8844;64100;;Chrysókastro
281;22.1163,40.9450;58004;;Chrysí
124;20.9749,40.2745;42036;;Chrysí
1017;23.0810,40.7648;57200;;Chrysavgí
0;21.2212,40.1686;50007;;Chrysavgí
0;24.8641,41.1312;67100;;Chrýsa
0;22.5027,40.3514;60064;;Chráni
190;23.5837,40.8795;62200;;Choumnikó
398;24.2403,40.9302;64100;;Chortokópi
17862;23.1001,40.6095;55236;;Chortiátis
509;23.3687,41.2195;62300;;Chorteró
51;23.2571,40.8906;57017;;Choroúda
688;22.7264,40.9959;61002;;Chorýgio
2512;24.2084,41.1306;66300;;Choristí
0;21.3295,40.3197;50001;;Chorigós
0;25.8546,41.2888;69500;;Chlói
1;23.6518,41.1232;62046;;Chionochóri
118;21.0149,40.4767;52058;;Chionáto
0;26.3194,41.4923;68005;;Chionádes
42;20.7407,40.2682;44015;;Chioniádes
0;21.3738,40.3404;50001;;Cheimerinó
740;23.2582,41.1105;62400;;Cheímarros
155;22.8960,41.0894;61002;;Cheimadió
610;21.1914,40.4872;52050;;Chiliódendro
23;22.6921,40.9230;61007;;Chersotópi
2078;22.7807,41.0892;61002;;Chérso
0;26.2415,41.4999;68005;;Chelidóna
0;25.3753,41.0936;69100;;Khatísion
1042;23.3728,41.2603;62300;;Charopó
0;23.8508,41.1657;66036;;Charitoméni
926;22.1666,40.6514;59035;;Charíessa
40;24.2509,41.2906;66038;;Charádra
49;22.2635,40.4421;59033;;Charádra
0;26.3032,41.5173;68005;;Chandrás
0;24.3722,41.1903;66037;;Chamokérasa
117;22.4814,41.1048;61005;;Chamiló
0;25.6732,40.9755;69300;;Chamiló
30030;22.5999,40.7318;57007;;Chalkidóna
194;24.4723,40.9784;64006;;Chalkeró
0;24.5150,41.2516;66035;;Chalépi
13;21.2329,40.6455;52055;;Chálara
388;24.7066,40.8745;64011;;Chaïdeftó
980;23.0845,41.2189;62053;;Kerkíni
0;21.9626,40.8772;58200;;Kerasiés
0;25.2850,41.1797;15780;;Kerasiá
0;21.7959,40.1954;50010;;Kerasiá
4381;24.7060,40.8559;64011;;Keramotí
0;26.3497,41.6065;68014;;Kéramos
161;21.6222,40.0173;42034;;Kéntro
45;22.9010,41.1844;61003;;Mavroplagiá
228;22.8946,41.1656;61003;;Kentrikó
0;24.9519,41.2283;67300;;Kéntavros
80;23.5833,40.3485;63071;;Kellí
563;21.6889,40.7867;53074;;Kélli
0;25.8558,41.2345;69500;;Kéchros
359;24.6366,41.1568;64009;;Kechrókampos
838;20.5582,40.0123;44006;;Kefalóvryso
130;23.2772,40.9928;62054;;Kefalochóri
792;22.3658,40.5689;59031;;Kefalochóri
0;24.2641,41.0615;66300;;Kefalári
353;21.2684,40.5707;52059;;Kefalári
0;21.9066,40.7610;58002;;Ágios Dimítrios
0;26.1712,40.9254;68500;;Kavisós
523;26.5147,41.5622;68001;;Kavýli
792;22.3319,40.5914;59033;;Kavásila
37;20.7120,40.0857;44100;;Kavásila
0;24.4667,41.2167;66035;;Kavalláris
1575;23.0459,40.7154;57200;;Kavallári
33;22.7864,41.2770;61003;;Kavalláris
54027;24.4069,40.9396;65201;;Kavála
0;25.0748,41.1502;69200;;Katsíka
0;23.7564,41.2742;66036;;Káto Vrontoú
0;25.6748,41.2122;69500;;Káto Vyrsíni
268;22.0252,40.5525;59200;;Káto Vérmio
97;23.0056,41.1451;62053;;Káto Theodoráki
1963;23.0298,40.4291;57500;;Káto Scholári
24;21.0462,40.5113;52058;;Káto Pteriá
63;22.9345,40.9563;61100;;Káto Potamiá
424;23.0103,41.2818;62055;;Káto Poróïa
0;23.8667,41.3500;66033;;Káto Nevrokópi
4125;23.4575,41.0585;62100;;Káto Mitroúsi
776;22.3434,40.2540;44019;;Káto Miliá
197;23.5240,41.1258;62121;;Káto Metóchi
84;20.5216,40.0189;44006;;Káto Merópi
1146;21.9466,40.9712;58400;;Loutráki
0;24.7746,41.0926;67150;;Káto Liverá
1074;22.1796,40.7575;58500;;Káto Lipochóri
379;21.2078,40.5209;52050;;Léfki
0;22.5781,40.7606;57100;;Káto Koufália
62;21.9272,40.9166;58400;;Káto Koryfí
0;21.8432,40.2098;50010;;Káto Kómi
2132;21.3973,40.8490;53100;;Káto Kleinés
386;23.4615,41.1205;62100;;Káto Christós
0;24.2569,41.0646;66300;;Káto Kefalári
0;22.8367,40.4875;57004;;Káto Karampournoú
1127;23.4834,41.0212;62100;;Káto Kamíla
0;25.8953,41.2393;69500;;Káto Kampí
54;21.4663,40.8646;53100;;Káto Kalliníki
0;21.8933,40.7070;50006;;Káto Grammatikó
0;25.5980,41.2264;69500;;Káto Drosiní
408;22.7586,40.9083;61100;;Káto Apóstoloi
219;23.3989,41.2122;62300;;Káto Ampélia
53293;22.5061,40.2696;44019;;Kateríni
660;22.5420,40.4669;60300;;Katachás
218;22.1440,40.2583;50400;;Katafýgio
0;23.6908,41.3515;66033;;Katáfyto
9;24.6549,40.6707;64005;;Kástro
13387;21.2634,40.5217;52100;;Kastoria
592;22.8940,41.2774;61003;;Kastanoússa
0;24.5477,41.2229;66035;;Kastanotó
122;23.6760,40.8536;62049;;Kastanochóri
25;21.1564,40.3623;52051;;Kastanófyto
0;24.6942,41.2502;67062;;Kastanítis
180;22.3882,40.9785;61300;;Kastanerí
698;26.4768,41.6455;68008;;Kastaniés
430;22.7658,41.0259;61002;;Kastaniés
393;22.4517,40.4582;60061;;Kastaniá
237;22.1206,40.4076;50400;;Kastaniá
79;20.8398,40.1884;42036;;Kastaniá
534;22.0237,40.1743;50500;;Kastaniá
630;22.6588,40.8192;57100;;Kastanás
0;25.7378,40.9972;69300;;Kassiterés
223;23.4470,40.0125;63077;;Kassandrinó
2775;23.4136,40.0483;63077;;Kassándreia
187;23.0826,40.9097;57017;;Karteraí
0;21.8167,40.3500;50100;;Mahala
0;24.4668,41.2783;66035;;Karpofóro
369;22.4202,40.9844;61300;;Kárpi
837;23.3044,41.1321;62400;;Karperí
663;26.4256,41.4061;68300;;Karotí
0;24.9420,41.0746;67064;;Karóta
2421;23.3103,40.3456;63084;;Símantra
1843;22.4817,40.1874;44019;;Karítsa
1965;22.3133,40.7692;58001;;Karyótissa
0;21.7765,40.5027;13345;;Karyochóri
0;24.6690,41.2577;67062;;Karyófyto
84;23.5795,41.3140;62300;;Karydochóri
0;21.7989,40.2515;50010;;Karydítsa
0;25.4373,41.1451;69100;;Karydiá
0;21.9561,40.8472;58200;;Karydiá
591;23.9826,40.7514;64008;;Karianí
60;21.1490,40.7612;53076;;Kariaí
237;24.2450,40.2572;63086;;Karyes
183;22.2949,40.2389;40002;;Karyés
3369;22.9938,40.4691;57500;;Kardía
0;21.8111,40.4487;13345;;Kardía
0;25.6254,41.2792;69500;;Kárdamos
0;22.3167,40.5333;59033;;Karávi
0;21.8416,40.3477;50100;;Karavéli
371;24.1640,40.8516;64008;;Karavangélis
186;22.9949,40.9109;61100;;Laodikinón
0;22.4324,40.6120;59032;;Kapsochóri
251;21.9762,40.3587;50400;;Kapnochóri
181;23.5026,41.2915;62300;;Kapnófyto
0;24.4944,41.2568;66035;;Kapnófyto
0;26.4084,41.6457;68014;;Kanadás
176;22.5618,40.9457;61400;;Kampochóri
916;22.3695,40.6095;59032;;Kampochóri
999;22.9168,40.8895;54500;;Kampánis
469;23.3710,41.1958;62300;;Kamarotó
1022;25.4746,40.4750;68002;;Kamariótissa
221;21.3580,40.7786;53100;;Símos Ioannídis
10;20.6191,40.0802;44006;;Kalóvrysi
0;25.1837,41.2877;69200;;Kalótycho
1275;24.0857,41.1054;66034;;Kalós Agrós
77;21.2948,40.3799;52053;;Vélos
0;21.4914,40.2893;50300;;Kalonéri
158;22.9320,41.2842;62053;;Kalochóri
4626;22.8573,40.6419;57009;;Kalochóri
329;21.1337,40.4859;52050;;Kalochóri
81;21.5198,40.0684;51100;;Kalóchi
242;23.3353,41.0146;62054;;Kalókastro
0;21.2009,40.1386;50007;;Kalloní
0;24.7384,41.2500;67062;;Kallithéa
0;23.9193,41.1169;62045;;Kallithéa
0;25.4661,41.0506;69400;;Kallithéa
0;25.8667,40.8500;68100;;Kallithéa
107;21.1545,40.7987;53077;;Kallithéa
2933;22.5778,40.2739;60062;;Kallithéa
1236;23.4464,40.0737;63077;;Kallithéa
154;20.6880,40.0086;44100;;Kallithéa
0;21.3684,40.2943;50001;;Kallistráti
0;25.2133,41.0362;67063;;Néa Kallísti
452;24.5553,40.6937;64010;;Kalliráchi
556;22.2334,40.7900;58001;;Kallípoli
0;25.5740,41.1471;69100;;Kallyntíri
0;24.2183,41.3982;66038;;Kallíkarpo
1098;24.2153,41.1728;66100;;Kallífytos
0;25.4646,41.1403;69100;;Kálchas
1163;23.9067,41.1465;66200;;Kalí Vrýsi
25;22.8447,40.8321;54500;;Bakaíïka
11;23.7500,40.6000;57014;;Kalívia Varváras
16;22.5568,40.1844;32003;;Kalývia Varikoú
1286;23.3903,40.2866;63200;;Kalýves Polygýrou
0;24.3667,41.3167;66035;;Kalívia Míngou
1337;22.4431,40.2078;44019;;Ágios Spyrídon
0;22.4283,40.3496;60100;;Exochí
0;24.1500,41.4833;66038;;Kalívia Kariótou
0;24.1333,41.4833;66038;;Kalívia Chilingíri
1130;22.2175,40.7551;58500;;Kalývia
1330;24.5779,40.7409;64010;;Prínos
0;24.6232,41.2863;66035;;Kalýva
0;21.2880,40.0816;51032;;Kaliráchi
98;22.7905,41.1143;61002;;Kalíndria
1773;22.1776,40.8193;58500;;Kalí
871;23.3735,40.5561;57012;;Kalamotó
0;24.2125,41.0119;66031;;Kalamónas
0;25.3578,41.0492;69100;;Kalamókastro
0;21.6962,40.3121;50004;;Kalamiá
3514;24.1833,41.0500;66031;;Kalampáki
91518;22.9503,40.5825;55135;;Kalamariá
1131;23.4240,41.0994;62100;;Kalá Déndra
26;20.4713,40.0384;44005;;Kakólakkos
99;22.0646,40.7621;58200;;Kaisiarianá
0;21.8647,40.1713;50010;;Kaisáreia
0;25.0167,41.2000;67300;;Jafér
615;23.6986,40.8954;62049;;Ívira
0;26.1881,40.9712;68013;;Itéa
542;21.5135,40.8358;53071;;Itéa
0;21.6166,40.0631;51100;;Itéa
207;23.1623,40.9874;57017;;Ísoma
0;25.4507,41.0585;69100;;Ísalo
0;26.5400,41.3620;68300;;Isaákio
782;21.4922,40.5844;53073;;Léchovo
63;22.6686,41.1369;61002;;Eirinikó
1278;23.0356,40.7568;57200;;Iráklion
3786;23.2824,41.1822;62400;;Irákleia
0;24.3032,41.1065;66300;;Ypsiló
19;21.1604,40.4400;52050;;Ypsiló
0;24.3207,41.1855;66037;;Ipsilókastro
0;24.3445,41.2075;66037;;Psilí Ráchi
0;25.7634,41.0819;69300;;Ípio
0;24.6333,41.2333;67062;;Inikón
0;25.3697,40.9568;69400;;Ímeros
0;24.7759,41.1167;67150;;Ímera
208;22.0404,40.2942;50400;;Ímera
112;20.7033,40.0575;44100;;Iliórrachi
328;22.7316,41.0623;61002;;Iliólousto
342;24.0405,40.9732;62047;;Iliokómi
24;22.7323,41.1052;61002;;Iliófoto
0;25.3602,41.1170;15780;;Yfantés
253;21.0811,40.5789;52050;;Ieropigí
3266;23.8751,40.3975;63075;;Ierissós
252;21.4611,40.7217;53100;;Ydroússa
808;24.2815,41.0306;64003;;Lydía
496;22.0821,40.9610;58400;;Ydraía
221;22.5110,41.1221;61005;;Eidoméni
639;22.1765,41.0099;58003;;Ída
2586;25.1857,41.1275;69200;;Íasmos
0;25.7145,41.0750;69300;;Iásio
0;25.8667,40.9167;68100;;Iána
0;25.4913,41.1579;69100;;Iámpoli
0;26.0833,41.6500;68006;;Ialiá
0;24.6322,41.2407;67062;;Ionikó
0;24.9167,41.3667;67300;;Huseḯn Mahalé
770;22.4104,40.9543;61300;;Gríva
235;25.0071,41.1210;67064;;Grígoro
10563;21.4274,40.0845;51100;;Grevená
737;24.6525,40.9950;64200;;Gravoúna
0;25.5314,41.1435;69100;;Gratiní
0;23.9298,41.2897;66033;;Granítis
0;23.8919,41.2053;66036;;Gramméni
5157;22.4497,40.9460;61300;;Gouménissa
0;21.9166,40.1630;50500;;Goúles
43;20.7663,40.2711;44015;;Gorgopótamos
872;22.5243,40.9608;61400;;Gorgópi
0;24.8735,41.1916;67100;;Gorgóna
455;23.2482,41.2375;62043;;Gónimo
509;23.7955,40.3961;63075;;Gomáti
0;25.1895,41.0148;67063;;Glykonéri
0;20.9914,40.3960;52051;;Glykonéri
0;21.2750,40.2582;50002;;Glykokerasiá
0;25.2292,40.9773;67063;;Glifádha
0;24.9266,41.2661;67300;;Gláfki
0;24.9258,41.0238;67064;;Gkióna
0;24.9204,41.3801;67300;;Martínos
912;23.7757,41.0256;62050;;Gázoros
69;22.8501,41.1788;61003;;Gávra
562;22.4958,40.3089;60100;;Ganóchora
32;20.8208,40.1295;44020;;Ganadió
969;22.8760,40.8582;54500;;Gallikós
414;23.9500,40.8000;62041;;Galipsós
0;26.1787,41.5627;68006;;Galíni
0;25.2060,41.1073;69200;;Galíni
69;23.1710,40.8374;57017;;Galíni
0;21.8667,40.3333;50100;;Galiána
2537;23.2801,40.4682;63073;;Galátista
2085;21.5515,40.3197;50003;;Galatiní
0;21.5972,40.5574;50005;;Galátia
2459;22.2806,40.7559;58001;;Galatádes
334;23.1821,40.4590;57006;;Galarinós
0;21.8750,40.3584;50100;;Galáni
0;24.7764,41.0960;67150;;Galáni
0;24.7333,41.2500;67062;;Gábrovon
333;22.1763,41.0549;58003;;Foústani
56;20.9441,40.1608;42036;;Foúrka
0;21.5568,40.5225;50005;;Foúfas
1844;24.0472,41.0601;66034;;Fotolívos
152;21.3410,40.5415;52056;;Foteiní
567;24.1569,40.8094;64008;;Foliá
1595;23.2211,40.2611;63079;;Néa Flogitá
17686;21.4098,40.7820;53100;;Flórina
661;22.0169,40.7526;58200;;Flamouriá
837;23.5667,40.9313;62200;;Flámpouro
420;21.5221,40.7060;53078;;Flámpouro
584;23.5063,40.9440;62200;;Anthí
585;22.1097,40.5632;59200;;Fyteía
152;22.9945,41.1079;61100;;Fýska
543;22.1521,41.0344;58003;;Filóteia
1772;21.7085,40.6252;53070;;Filótas
1041;25.6333,41.1167;69300;;Fillýra
5495;23.0046,40.6915;56429;;Fíliro
246;22.4774,40.9000;61300;;Filyriá
894;24.3393,41.0250;64003;;Fílippoi
0;21.1550,40.0777;51032;;Filippaíoi
0;26.2738,41.0540;68003;;Fylaktó
0;26.3133,41.5912;68006;;Fylákio
0;25.4769,41.0567;69100;;Fýlakas
220;23.4712,40.7501;57016;;Filadélfi
770;22.8405,40.7980;54500;;Néa Filadélfeia
6500;26.1723,40.8931;68500;;Féres
0;24.9224,41.0976;67150;;Felóni
0;21.5332,40.0233;51100;;Fellí
134;22.0548,40.0279;40001;;Farmáki
123;21.7883,40.7124;50006;;Farángi
151;22.4762,41.0792;61005;;Fanós
87;21.6018,40.6736;53072;;Fanós
0;25.1330,40.9611;67063;;Fanári
96;22.9585,40.8960;54500;;Fanári
92;23.4520,41.2707;62300;;Faiá Pétra
0;23.8274,41.4115;66033;;Exochí
0;24.8604,41.0316;67200;;Exokhí
142;24.2380,40.8798;64100;;Exochí
0;21.8771,40.4688;13345;;Exochí
29;20.7394,40.0980;44100;;Exochí
0;21.6304,40.1591;50300;;Éxarchos
6105;22.1296,40.9764;58004;;Exaplátanos
204;23.0058,40.8655;57018;;Examílio
765;22.5572,41.1042;61005;;Évzonoi
0;26.3459,41.4304;68010;;Evgenikó
3757;22.5528,40.8970;61007;;Evropós
0;24.2795,41.1038;66300;;Evrýpedo
0;25.7121,41.0640;69300;;Evrinós
74686;22.9083,40.6706;56224;;Évosmos
0;24.8591,41.1052;67150;;Évmoiro
0;24.8000,40.9833;67200;;Évlalo
514;22.9082,41.0737;61100;;Efkarpía
520;23.7719,40.8629;62049;;Efkarpía
15416;22.9535,40.6880;56429;;Efkarpía
161;23.2363,40.9837;57017;;Evangelístria
474;23.2178,40.6945;10676;;Evangelismós
58;21.3551,40.8705;53100;;Ethnikó
988;22.2639,40.7073;58300;;Esóvalta
0;25.7727,41.2351;69500;;Esochí
0;24.8833,41.2333;67300;;Eskí Tarlás
0;21.8512,40.4976;13345;;Ermakiá
0;25.4440,40.9938;69400;;Ergáni
738;21.5133,40.3425;50003;;Erátyra
649;24.6399,40.9501;19019;;Erateinó
0;24.8323,40.9306;67200;;Neó Erásmio
0;24.9505,41.1780;67100;;Éranos
712;23.5914,41.1006;62123;;Eptámyloi
360;23.0134,41.0104;61100;;Eptálofos
295;21.0213,40.2222;50007;;Eptachóri
1990;22.1364,40.6875;59035;;Episkopí
668;22.3647,40.5915;59032;;Episkopí
9910;22.9278,40.4261;57500;;Epanomí
1948;22.8689,40.4754;57004;;Néa Kerasiá
475;23.7098,41.0855;62048;;Emmanouíl Pappás
744;21.5577,40.4887;50005;;Empório
0;26.4607,41.3740;68300;;Ellinochóri
114;23.1063,41.0014;57017;;Ellinikón
0;24.0048,40.4205;63075;;Eliá
4360;24.2514,40.9139;64100;;Eleftheroúpolis
0;21.4193,40.1516;51030;;Eléfthero
75;20.8568,40.0564;44020;;Eléfthero
126;22.7608,41.0728;61002;;Eleftherochóri
8647;24.2543,40.8467;22018;;Eleftherés
385;22.6264,40.7482;57007;;Eleoúsa
0;21.3377,40.0787;51100;;Élatos
447;22.2580,40.3195;50400;;Elatochori
338;23.5821,41.1408;62121;;Elaiónas
998;24.2437,40.8203;22018;;Elaiochóri
344;23.1719,40.3372;63079;;Elaiochória
0;26.3153,41.6183;68006;;Eliá
0;26.3239,41.4404;68010;;Elafochóri
62;24.5518,41.0533;64006;;Elafochóri
42;22.3072,40.4131;59031;;Elafína
2;24.7349,41.0667;64200;;Eklektó
371;22.0656,40.8140;58200;;Ekklisiochóri
2780;24.9724,41.2756;67300;;Echínos
73;24.6293,41.0134;64200;;Ekáli
18669;22.0475,40.8026;58200;;Édessa
44823;24.1473,41.1528;66100;;Dráma
153;21.4543,40.6892;53078;;Drosopigí
103;20.9139,40.2112;42036;;Drosopigí
0;25.6383,41.1641;69500;;Drosiá
0;21.8708,40.7964;58002;;Drosiá
523;22.2482,40.8229;58001;;Droseró
202;21.6043,40.5357;50005;;Droseró
647;22.8030,41.1664;61002;;Drosáto
211;21.4432,40.3706;50003;;Dryóvouno
0;24.4786,41.1502;66035;;Drymótopos
3659;22.9589,40.7810;57018;;Drymós
0;24.5666,41.2419;66035;;Drymiá
0;23.2523,40.7236;10676;;Drymiá
0;25.5746,41.2181;69500;;Drými
48;20.4394,40.0615;44005;;Drymádes
0;21.8281,40.3476;50100;;Drépano
1488;23.8712,40.9239;62052;;Dravískos
0;25.6274,41.2436;69500;;Draniá
0;21.1400,40.3285;50008;;Dragasiá
0;24.2293,41.0928;66300;;Doxáto
0;21.3942,40.0639;51100;;Doxarás
0;26.2822,41.4842;68005;;Dóxa
0;21.1371,40.1270;50007;;Dotsikó
564;22.0575,40.9945;58400;;Dorothéa
372;23.1034,40.8865;57017;;Dhorkás
431;26.1181,40.8671;68500;;Dorískos
0;25.9799,40.9081;68100;;Dorikó
154;23.9227,40.9458;62056;;Dómiros
457;24.1428,40.8658;64008;;Domátia
334;22.1691,40.0635;40002;;Dolíchi
0;25.5973,41.1377;69500;;Dokós
38;22.5227,41.0940;61005;;Dogánis
387;22.5299,40.8581;61007;;Dytikó
9;24.5707,41.0729;64009;;Dýsvato
278;21.0185,40.0283;51032;;Dístrato
944;21.2879,40.4815;52057;;Dispilió
45;24.5813,41.1218;64009;;Dipótamos
141;22.9574,41.0230;61100;;Dipótamos
456;20.9866,40.4881;52058;;Dipotamiá
0;24.6151,41.3621;66035;;Dipótama
0;24.1316,41.4132;66038;;Diplochóri
499;23.2709,40.2740;63200;;Dionysíou
0;25.5628,40.9796;69400;;Dióni
0;24.9020,41.0896;67150;;Diomídeia
989;23.4135,40.9851;62054;;Dimitrítsi
374;23.8687,40.9810;62052;;Dímitra
0;25.3789,41.1695;15780;;Dými
0;24.8429,41.3523;67300;;Dimári
148;26.3777,41.6922;68007;;Dílofos
11;21.1648,40.1703;50007;;Dílofo
0;25.6533,41.1113;69300;;Deiliná
0;23.2333,40.3500;63079;;Díkorfo
40;21.2321,40.3065;50002;;Dicheímarro
0;25.6968,40.8652;68100;;Dikélla
737;26.2950,41.7055;68007;;Díkaia
8336;26.4938,41.3490;68300;;Didymóteicho
1294;22.2669,40.5461;59033;;Diavatós
11876;22.8580,40.6874;59100;;Diavatá
107;24.7273,41.0633;64200;;Dialektó
0;25.1477,41.0897;69200;;Dialampí
0;23.2485,40.4106;63084;;Dexamení
0;21.4298,40.0117;51100;;Despótis
204;21.1459,40.5811;52050;;Dendrochóri
0;24.1778,41.2719;66100;;Dentrákia
0;24.0779,41.4161;66038;;Délta
0;24.8293,40.9888;67200;;Dékarcho
310;24.3226,40.9714;64012;;Dáto
0;23.8010,41.3469;66033;;Dasotó
834;23.2680,41.1634;62400;;Dasochóri
410;22.1718,40.3364;50400;;Dáskio
0;21.1818,40.1645;50007;;Dasýllio
0;25.6815,41.1433;69500;;Darméni
409;22.4492,40.8287;58100;;Damianó
0;21.1818,40.3355;50008;;Damaskiniá
443;23.7463,41.0609;62050;;Dafnoúdi
235;24.6707,41.2185;67062;;Dafnónas
43;22.7905,40.9596;61100;;Dafnochóri
340;23.6539,40.8563;62049;;Dáfni
0;21.1482,40.2853;50008;;Dáfni
0;24.2224,40.2139;63087;;Dáfni
0;21.5910,40.1796;50300;;Dafneró
784;26.2244,41.1283;68400;;Dadía
34;23.8264,40.3659;63075;;Debelikeia / Develíki
0;25.9667,41.2333;69500;;Chilingér Mahalé
0;24.9189,41.3734;67300;;Diásparto
0;24.9667,41.1667;67100;;Chaḯr Mahalé
0;25.4549,41.0992;69100;;Bróktion
0;21.2593,40.2182;50002;;Vouchorína
0;24.9018,41.1771;67100;;Diáforo
35;22.7676,40.7909;54500;;Balaíika
161;21.1586,40.8387;53077;;Ágios Germanós
0;24.6368,40.7626;64010;;Ágios Geórgios
321;22.2532,40.7641;58001;;Ágios Geórgios
1767;22.1943,40.6022;59035;;Ágios Geórgios
0;21.4084,40.1973;51030;;Ágios Geórgios
1180;23.1137,40.6642;57010;;Ágios Vasíleios
157;21.5278,40.7608;53074;;Ágios Vartholomaíos
0;21.2157,40.2801;50008;;Ágios Theódoros
0;21.7785,40.7907;58002;;Ágios Spyrídon
408;23.3798,40.4658;63084;;Áyios Pródhromos
1505;22.5830,40.8672;61007;;Ágios Pétros
0;21.9692,40.6750;59200;;Ágios Pávlos
491;23.0613,40.3412;53438;;Ágios Pávlos
984;21.7482,40.7240;53200;;Ágios Panteleímonas
238;23.2681,40.3255;63079;;Ágios Panteleímon
22;21.3970,40.5002;52052;;Ágios Nikólaos Korisoú
1965;23.6962,40.2493;63078;;Ágios Nikólaos
0;22.0902,40.2801;50400;;Ágios Merkoúrios
68;23.0636,41.1371;62053;;Ágios Márkos
1093;23.3357,40.2591;63200;;Ágios Mámas
1665;22.2954,40.7180;58300;;Ágios Loukás
20;24.6614,41.0823;64009;;Ágios Kosmás
0;21.2503,40.1520;50007;;Ágios Kosmás
192;23.7741,41.0433;62050;;Áyios Khristóforos
0;21.7568,40.5149;13345;;Ágios Christóforos
97;22.8152,41.2055;61003;;Ágios Charálampos
0;25.5109,40.8739;69400;;Ágios Charálampos
0;21.9903,40.3776;50400;;Ágios Charálampos
38;23.6979,40.3668;63076;;Ágios Ioánnis Pródromos
723;23.5802,41.0997;62123;;Ágios Ioánnis
486;22.5264,40.3266;60062;;Káto Ágios Ioánnis
8;21.1882,40.3606;52200;;Ágios Ilías
292;23.7056,40.8843;62049;;Ágios Dimítrios
0;21.9270,40.4135;50100;;Ágios Dimítrios
883;22.2305,40.1556;40002;;Ágios Dimítrios
3419;24.2455,41.0746;66300;;Ágios Athanásios
0;24.7838,41.0410;67200;;Ágios Athanásios
0;21.7694,40.8407;58002;;Ágios Athanásios
13026;22.7284,40.7160;57003;;Ágios Athanásios
411;24.2832,40.8699;64007;;Ágios Andréas
101;23.0588,41.1111;62053;;Ágios Antónios
50;21.2751,40.6354;52055;;Ágios Antónios
21;21.0788,40.7884;53077;;Ágios Achílleios
1353;23.6799,41.1014;62046;;Ágio Pnévma
226;25.7771,41.0869;69300;;Agiochóri
276;23.9543,41.0823;62045;;Agiochóri
0;25.4042,41.0429;69400;;Ágioi Theódoroi
0;21.1712,40.2778;50008;;Ágioi Anárgyroi
896;22.2444,40.4959;59033;;Agía Varvára
17;20.7327,40.1493;44020;;Agía Varvára
387;22.4215,40.5486;59031;;Agía Triáda
1990;22.8735,40.5000;57019;;Agía Triáda
0;21.1872,40.2033;50007;;Agía Sotíra
0;25.3702,41.1656;15780;;Agíasma
843;24.6564,40.9079;64011;;Agíasma
0;21.2393,40.2794;50002;;Agíasma
180;22.8569,41.2702;61003;;Agía Paraskeví
0;24.1597,41.0209;66031;;Agía Paraskeví
557;23.4571,40.9494;62200;;Agía Paraskeví
136;21.3798,40.8792;53100;;Agía Paraskeví
2152;23.0486,40.4815;57006;;Agía Paraskeví
0;21.7737,40.2208;50010;;Agía Paraskeví
220;20.8943,40.1452;42036;;Agía Paraskeví
732;22.2153,40.5972;59033;;Agía Marína
108;22.8313,41.1206;61002;;Agía Kyriakí
263;21.1203,40.5249;52050;;Agía Kyriakí
302;22.0002,40.7140;58200;;Agía Foteiní
476;23.5598,41.0014;62044;;Ayía Eléni
59;21.0833,40.4364;52051;;Agía Ánna
4794;22.5417,40.9858;61400;;Axioúpoli
303;22.6422,40.8743;61007;;Axiochóri
0;21.4111,40.2634;50001;;Axiókastro
325;23.3147,40.8131;57002;;Avgí
129;21.1754,40.4491;52050;;Avgí
17;22.0434,40.3471;50400;;Avgí
0;21.1631,40.2394;50008;;Avgerinós
46;24.7116,41.0573;64200;;Avramiliá
0;25.6829,40.9252;69300;;Ávra
51;22.0295,40.2876;50400;;Ávra
504;24.1789,40.8730;64008;;Avlí
0;21.9625,40.1777;50500;;Avlés
0;24.4667,41.4333;66038;;Avgó
0;24.9516,40.9813;67061;;Ávdira
956;24.8044,40.9628;67200;;Ávato
0;25.9160,40.9307;68100;;Ávas
0;24.9648,41.0715;67064;;Athinganochóri
150;21.4055,40.7243;53100;;Atrapós
1722;22.5928,40.8261;57100;;Áthyra
0;25.7045,40.9100;69300;;Atárni
0;21.6725,40.4599;13345;;Asvestópetra
6551;23.0253,40.6412;57010;;Asvestochóri
3;22.4123,40.8728;58100;;Asvestarió
0;26.3613,41.3492;68004;;Asvestádes
51;24.6560,40.5890;64002;;Astrís
3290;23.0314,40.8211;57200;;Ássiros
209;21.4695,40.6134;53075;;Asprógeia
2405;23.7118,40.7305;57021;;Asproválta
0;21.2872,40.3353;50002;;Asproúla
774;22.6304,40.9011;61007;;Áspros
0;26.3058,41.3925;68010;;Aspronéri
17;21.2354,40.4257;52200;;Aspronéri
851;22.2151,40.7357;58500;;Áspro
358;21.2564,40.4062;52200;;Asprokklisiá
74;22.1995,40.0170;40002;;Aspróchoma
0;21.5159,40.1506;51030;;Asprókampos
0;25.3427,41.1562;15780;;Asómatoi
431;22.2328,40.4877;59033;;Asómata
1014;23.3876,40.7495;57016;;Askós
0;25.5705,40.9313;69400;;Askités
0;25.0114,41.1943;67300;;Áskyra
42;20.7535,40.2596;44015;;Asimochóri
0;26.5620,41.4010;68009;;Asiménio
0;26.3752,41.6325;68014;;Árzos
423;22.9286,40.9931;61100;;Argyroúpoli
0;21.7461,40.2675;50004;;Árgilos
1389;22.1592,40.7141;58500;;Arsénio
0;25.6774,41.0152;69300;;Arsákeio
14905;25.6949,41.0813;69300;;Arrianá
0;25.1705,40.9553;67063;;Arogí
342;22.4322,40.2907;60100;;Aronás
1370;21.8358,40.7955;58002;;Árnissa
2300;23.5954,40.4865;63074;;Arnaía
986;21.4609,40.8026;53100;;Armenokhórion
30;20.9659,40.0339;44020;;Ármata
312;22.0729,40.5891;59200;;Arkochóri
213;22.4653,40.7901;58100;;Archontikó
0;25.5416,41.0744;69100;;Archontiká
540;22.2791,41.0821;58003;;Archángelos
378;22.2522,40.6810;59034;;Archángelos
0;24.1271,41.1395;66100;;Arkadikós
8;22.6314,41.0719;61200;;Kástro
1068;25.5904,41.0700;69300;;Arísvi
0;25.9988,40.8721;68100;;Arístino
6561;22.0564,40.9731;58400;;Aridaía
7473;21.2589,40.4535;52200;;Argos Orestiko
186;23.2542,40.7563;10676;;Aretí
748;23.5881,40.7441;57021;;Aréthousa
934;21.6335,40.4773;50200;;Árdassa
0;26.2129,40.9316;68013;;Ardáni
125;23.1836,40.5939;57020;;Ardaméri
1513;22.3018,40.8435;58001;;Aravissós
906;25.5519,41.0814;69100;;Áratos
415;22.5107,40.6610;59300;;Árachos
1121;22.0571,40.8924;58400;;Ápsalos
139;21.2510,40.5591;52100;;Apóskepos
316;23.4888,40.6407;57015;;Apollonía
0;25.9351,40.8576;68100;;Apalós
0;21.2078,40.2540;50008;;Anthoúsa
0;23.9267,41.1333;66200;;Anthochóri
0;21.3476,40.2375;50002;;Anthochóri
272;22.7106,40.8529;57011;;Anthófyto
0;24.9718,41.1648;67100;;Anthiró
24;21.1985,40.3691;52200;;Anthiró
914;25.9902,40.8713;68100;;Ántheia
727;22.2158,40.6565;59034;;Áno Zervochóri
199;23.6869,41.2946;66036;;Áno Vrontoú
0;24.9677,41.3583;67300;;Áno Thérmes
53;23.0102,41.1570;62053;;Áno Theodoráki
796;23.6990,40.6550;57014;;Áno Stavrós
178;23.0024,40.4668;57500;;Áno Scholári
0;25.8709,41.2630;69500;;Áno Koúnia
111;21.0545,40.5055;52058;;Pteriá
62;22.9266,40.9695;61100;;Áno Potamiá
836;23.0368,41.2856;62055;;Áno Poróïa
0;24.3205,41.1751;66037;;Áno Pyxári
1479;23.4606,41.0704;62100;;Mitroúsi
0;25.4691,41.2679;15780;;Áno Mýtikas
0;22.2703,40.2477;40002;;Áno Miliá
30;21.2655,40.7151;52055;;Áno Melás
0;24.7054,41.1486;67062;;Áno Liverá
0;22.1544,40.7608;58500;;Áno Lipochórion
1263;21.8283,40.2266;50010;;Áno Kómi
155;21.3821,40.8456;53100;;Áno Kleinés
0;24.2695,41.0606;66300;;Áno Kefalári
682;23.4239,41.0570;62100;;Áno Kamíla
0;25.9105,41.2603;69500;;Áno Kampí
247;21.4525,40.8603;53100;;Áno Kalliníki
240;23.4471,40.7589;57016;;Anoixiá
209;21.4758,40.7003;53078;;Áno Ydroússa
0;21.9376,40.6945;50006;;Áno Grammatikó
0;25.5900,41.1936;69500;;Áno Drosiní
90;24.3333,40.9667;64012;;Mikrochóri
535;22.4936,40.3200;60100;;Áno Ágios Ioánnis
267;22.8051,40.9032;54500;;Áno Apóstoloi
727;22.7801,40.7151;57022;;Anchíalos
490;22.2072,40.8336;58500;;Ánydro
0;23.8963,41.2130;66036;;Angítis
350;23.4416,41.3753;62300;;Ágkistro
295;23.9629,40.9752;62056;;Angísta
1526;22.1993,40.6786;59034;;Angelochóri
0;23.3957,40.5779;57015;;Angelochóri
1178;22.8344,40.4972;57004;;Angelochóri
1459;22.4708,40.5553;59031;;Agkathiá
374;21.7617,40.6399;53070;;Antígonos
109;22.8768,41.1288;61002;;Antigóneia
869;24.2109,40.9460;64100;;Antifílippoi
69;21.2071,40.7589;53076;;Andartikón
752;23.3326,41.1098;62054;;Anayénnisis
85;23.0509,41.0499;61100;;Anavrytó
0;21.2775,40.0602;51032;;Anavrytá
2589;22.7119,40.6615;57300;;Anatolikó
959;21.7484,40.5445;50200;;Anatolikó
0;21.9860,40.3622;50400;;Anatolikó
132;22.9302,41.2625;62053;;Anatolí
0;21.9008,40.2314;62051;;Anatolí
258;23.8084,41.0703;62042;;Anastasía
452;21.6117,40.6026;53070;;Anárgyroi
753;21.5728,40.4923;50005;;Anaráchi
0;25.2361,41.0891;69200;;Amvrosía
0;26.4398,41.2983;68004;;Amório
521;23.9215,40.3327;63075;;Ammoulianí
0;26.2841,41.5807;68006;;Ammóvouno
992;23.3354,41.1432;62400;;Ammoudhiá
61;21.2776,40.4234;52200;;Ammoudára
176;22.2543,40.5018;59033;;Ámmos
1077;21.4846,40.7820;53100;;Ammochóri
927;24.3383,40.9329;64012;;Amisianá
3671;21.6797,40.6897;53200;;Amýntaio
2724;24.3601,40.9635;64012;;Amygdaleónas
358;21.3739,40.1564;51030;;Amygdaliés
0;21.9333,40.3500;50100;;Amigdhaléa
0;21.9052,40.2424;62051;;Amygdaliá
0;21.8409,40.4420;13345;;Charavgí
0;25.9185,40.8912;68100;;Amfitríti
147;23.8462,40.8244;62049;;Amfípoli
0;25.6157,41.0821;69300;;Amfía
668;21.3100,40.4658;52057;;Ampelókipoi
106;21.2608,40.4299;52200;;Ampelochóri
458;23.3693,41.0070;62054;;Ámpeloi
1070;22.3877,40.8342;58100;;Ampeleíes
0;26.3959,41.4810;68200;;Ampelákia
0;24.0927,41.1170;66100;;Ampelákia
0;25.0664,41.1257;69200;;Amaxádes
44;20.7274,40.1622;44020;;Amárantos
256;22.8151,41.1893;61003;;Amáranta
0;25.4993,41.0501;69400;;Amáranta
417;22.0897,40.9262;58400;;Áloros
0;22.5966,40.5883;60300;;Áloros
0;25.5130,40.4631;68002;;Alónia
653;22.5402,40.3939;60064;;Alónia
0;21.6712,40.3072;50004;;Alonákia
164;21.3033,40.7768;53076;;Álona
0;24.8616,41.2138;67100;;Álma
0;24.9111,41.0682;67064;;Alkyóni
2312;23.9575,41.0644;62045;;Alistráti
0;25.9287,41.2368;69500;;Alykó
0;25.8399,40.8983;68100;;Alíki
17;24.7403,40.6053;64005;;Alykí
0;22.6244,40.3633;60064;;Tuzla
52979;25.8764,40.8499;68100;;Alexandroupoli
13665;22.4442,40.6267;59300;;Alexándreia
143;22.8235,41.2528;61003;;Alexándra
0;21.2206,40.0676;51032;;Alatópetra
453;22.6541,40.8402;57100;;Akropótamos
675;24.0350,40.7892;64008;;Akropótamos
128;22.9727,40.9302;61100;;Akropotamiá
390;23.1787,41.2709;62043;;Akritochóri
149;22.7436,41.1452;61002;;Akrítas
100;21.3023,40.8145;53100;;Akrítas
1113;21.9061,40.4349;13345;;Akriní
0;24.0027,41.4171;66033;;Achladomiliá
596;23.5403,41.3198;62300;;Achladochóri
501;22.3423,40.8370;58100;;Achladochóri
0;24.0104,41.3976;66033;;Achladiá
0;21.2008,40.2754;50008;;Achladiá
320;21.6138,40.8620;53071;;Achláda
1751;23.6563,40.9205;62049;;Achinós
298;24.9777,41.1260;67064;;Ákarpo
0;24.3456,41.1198;66037;;Aígeiros
4275;22.5400,40.5014;60300;;Aigínio
0;25.9542,41.0174;68011;;Aisými
287;23.7257,40.8426;62049;;Aidonochóri
45;20.6013,40.0537;44006;;Aidonochóri
0;24.4749,41.2596;66035;;Aidonókastro
0;21.3205,40.1935;51030;;Aidónia
2826;21.8194,40.1638;50010;;Aianí
429;22.5054,40.8442;61007;;Agrosykiá
0;26.2884,41.2835;68004;;Agriáni
295;23.8284,41.0896;62042;;Agrianí
854;22.0036,40.8055;58200;;Ágras
0;24.3089,41.1272;66037;;Agorá
0;25.9759,40.8822;68100;;Agnánti
32;22.0635,41.0086;58400;;Agáthi
0;24.3038,41.1033;66300;;Agápi
0;21.5616,40.0632;51100;;Agápi
0;21.6212,40.0278;51100;;Agalaíoi
1178;23.4367,40.0992;63077;;Áfytos
759;21.5540,40.6612;53078;;Aetós
124;20.6457,40.0462;44006;;Aetopétra
200;20.8557,40.3108;44015;;Aetomilítsa
0;25.6027,41.0109;69300;;Aetólofos
0;25.6120,40.9805;69300;;Aetokoryfí
25;22.1753,41.0951;58003;;Aetochóri
0;25.9987,40.8988;68100;;Aetochóri
0;24.2665,41.1363;66037;;Adrianí
0;25.3691,41.0108;69400;;Adrianí
1889;22.6047,40.6713;57007;;Ádendro
254;23.4576,41.0144;62100;;Adhelfikó
481;23.3022,40.5557;57012;;Adám
2;24.7239,40.7700;64004;;Makryámmos
1022;22.7611,41.1779;61002;;Doïráni
42;22.9146,41.1364;61002;;Palatianó
0;21.0726,40.8113;53077;;Kulla Perava
57;21.0731,40.4664;52051;;Káto Pteléa
34;21.0310,40.3434;52051;;Néa Kotýli
153;20.8857,40.2403;42036;;Kefalochóri
151;22.4912,40.1635;60200;;Platanákia
464;22.3126,40.2207;40002;;Foteiná
333;22.3192,40.1981;40002;;Manastir Lokova
0;22.2694,40.2122;40002;;Palaión Zázakon
0;22.3017,40.2089;40002;;Mavrótopos
78;22.3301,40.1811;40002;;Pétra
70;22.2995,40.1653;40002;;Paliámpela
504;22.5245,40.3342;60062;;Néa Trapezoúnta
0;22.5334,40.3237;60062;;Néos Pýrgos
0;22.5714,40.3736;60064;;Synoikismós Amalías
0;22.5853,40.3700;60064;;Synoikismós Analígeos
3484;22.1928,40.6781;59034;;Eirinoúpoli
276;22.1310,40.7158;58500;;Plevróna
131;22.0797,40.6528;59200;;Rodakiniá
9;22.1776,40.5467;59033;;Kalí Panagía
0;22.2301,40.5354;59033;;Mavrodéntri
0;22.2009,40.5416;59033;;Ergochóri
0;22.1992,40.5547;59033;;Krevvatás
77;22.1642,40.5186;59033;;Komníneio
918;22.4541,40.7511;58100;;Paralímni
0;22.2617,40.7244;58300;;Éxo Achladochórion
264;22.5257,40.5331;60300;;Megáli Géfyra
0;22.5753,40.6803;57007;;Tzimaíika
0;22.5214,40.7044;58000;;Mandriá Koróna
0;22.6053,40.6931;57007;;Kókkou Mandriá
0;22.5890,40.7310;57007;;Ampelónas
0;22.6564,40.7136;57011;;Mandriá Pantazóu
0;22.6878,40.7190;57011;;Káto Géfyra
0;22.6942,40.7350;57011;;Synoikismós Metrinón
0;22.6969,40.7369;57011;;Synoikismós Sozopóleos
0;22.9087,40.7222;57013;;Paliókastro
0;22.9397,40.7214;57013;;Aspróvrysi
0;22.9283,40.7124;57013;;Galíni
0;22.8789,40.4297;57004;;Pálioura
61;22.0624,40.7731;58200;;Proástio
767;22.0805,40.9301;58400;;Xifianí
0;22.2338,40.7704;58500;;Dáfni
543;22.2637,40.7908;58001;;Trifýlli
1024;22.3530,40.7741;58001;;Melíssi
0;22.3369,40.7714;58001;;Palaió Melíssi
62;22.3519,40.8017;58001;;Pontochóri
0;22.4658,40.8028;58100;;Mandriá Karafiliá
0;22.4572,40.8225;58100;;Mandriá Kaltsá
27;22.3747,40.8831;61300;;Eleftherochóri
70;22.7064,40.9004;61007;;Kokártza
58;22.6292,40.9554;61200;;Limnótopos
0;22.9317,40.8019;57018;;Kamára
232;22.8719,40.8140;54500;;Petrotó
347;22.8925,40.8309;54500;;Panteleímon
38;22.9078,40.9066;61100;;Mýlos
14;22.7764,40.9798;61100;;Kyriakaíika
24;22.0372,40.3651;50400;;Levéntis
34;22.0238,40.3742;50400;;Ágioi Theódoroi
0;22.0885,40.3997;50400;;Zoodóchos Pigí
0;22.0839,40.3931;50400;;Mathitikaí Exochaí Kozánis
0;22.2753,40.2653;50400;;Vría
833;22.4811,40.2730;44019;;Andromáchi
464;22.3965,40.2656;44019;;Moschochóri
0;22.3928,40.2758;44019;;Kalývia Dranitsás
0;22.2942,40.2478;40002;;Kantouládika
823;22.3087,40.3258;60100;;Moschopótamos
484;22.3660,40.3528;60100;;Katalónia
0;22.3781,40.3458;60100;;Bilíki
255;22.3966,40.3411;60100;;Tóxo
621;22.3974,40.3737;60100;;Élafos
420;22.2408,40.0230;40002;;Kalývia
50;22.9660,41.1065;61100;;Spourgítis
31;22.8664,41.1523;61002;;Monolíthi
818;26.2250,41.4194;68010;;Metaxádes
207;19.8027,39.7264;49083;;Zygós
23;19.9282,39.7425;49100;;Yimári
565;19.7631,39.6310;49083;;Giannádes
189;19.7664,39.7553;49081;;Xanthátes
182;19.9129,39.4654;49084;;Vragkaniótika
37;19.8611,39.7923;49081;;Vouní
208;19.8785,39.5161;49084;;Vouniatádes
0;19.7214,39.6872;49083;;Vitouládes
87;19.6971,39.6920;49083;;Vístonas
1201;19.8827,39.5834;49084;;Virós
52;19.8879,39.7295;49083;;Vinglatoúri
54;19.9275,39.7503;49100;;Víngla
388;19.7086,39.7528;49081;;Velonades
345;19.7908,39.6081;49084;;Vátos
69;19.7164,39.7030;49083;;Vatoniés
147;19.9845,39.4537;49080;;Vasilátika
352;19.8486,39.5846;49084;;Varypatádes
224;19.7563,39.7332;49083;;Valaneío
0;19.9260,39.7647;49083;;Krémithos
17;19.8381,39.7710;49081;;Trimódi
23;19.6909,39.7370;49081;;Termenádes
64;19.8371,39.7857;49081;;Strongylí Agíou Panteleímona
448;19.9107,39.5102;49084;;Strongylí
38;19.8376,39.7442;49083;;Strinýlas
517;19.8415,39.7209;49083;;Spartýlas
254;19.7934,39.7169;49083;;Sokráki
500;19.7744,39.7000;49083;;Skriperó
854;19.8483,39.5658;49084;;Sinarádes
386;19.7071,39.7903;49081;;Sidári
0;19.6806,39.7800;49081;;Sgoúrna
189;19.8221,39.7321;49083;;Sgourádes
227;19.7889,39.7775;49081;;Sfakerá
0;19.8108,39.7956;49081;;Saoúli
32;19.9943,39.4396;49080;;Roumanádes
561;19.7930,39.7868;49081;;Róda
179;19.6967,39.7489;49081;;Rachtádes
8;19.7336,39.7187;49083;;Rafaládes
43;19.8472,39.7836;49081;;Psachniá
232;19.8743,39.7970;49081;;Ágios Ilías
70;19.6971,39.7050;49083;;Prinýlas
465;19.8130,39.6635;49083;;Pouládes
3840;19.8783,39.6242;49100;;Potamós
92;19.9169,39.7496;49083;;Pórta
353;19.7767,39.7694;49081;;Plátonas
26;19.8559,39.8008;49081;;Píthos
121;19.8402,39.7503;49083;;Petáleia
39;19.8638,39.8007;49081;;Peroúlion
673;19.6732,39.7864;49081;;Perouládes
3;19.8752,39.7642;49083;;Perítheia
262;19.8480,39.5338;49084;;Pentátion
405;19.8222,39.5923;49084;;Pélekas
304;19.7029,39.7081;49083;;Págoi
0;19.4133,39.8481;49081;;Papadátika
0;19.8828,39.7452;49083;;Palaió Chorío
0;19.7123,39.6754;49083;;Palaiokastrítsa
761;19.4049,39.8423;49081;;Othonoí
329;19.8910,39.7259;49083;;Nisáki
1033;19.7849,39.7559;49081;;Nýmfes
225;19.9798,39.4408;49080;;Neochoráki
553;19.9247,39.4847;49084;;Moraḯtika
104;19.9311,39.4754;49084;;Mesongí
114;19.7236,39.7396;49081;;Mesariá
6;19.9032,39.7546;49083;;Méngoulas
0;19.6884,39.7878;49081;;Melíssia
0;19.4150,39.8558;49081;;Mastorátika
174;19.7631,39.6430;49083;;Mármaron
331;19.9955,39.4269;49080;;Marathiás
0;19.9082,39.6246;49100;;Mantoúki
27;19.7176,39.7216;49083;;Manatádes
49;19.8989,39.5389;49084;;Makráta
244;19.6881,39.6895;49083;;Makrádes
365;19.6777,39.7571;49081;;Magouládes
146;19.8775,39.7865;49081;;Loútsai
75;19.9019,39.5373;49084;;Loukáta
0;19.8050,39.7892;49081;;Litherés
879;19.7402,39.6692;49083;;Liapádes
59;19.8463,39.7740;49081;;Láfki
384;19.7095,39.6813;49083;;Lákones
16;19.8559,39.7879;49081;;Kriniás
292;19.6855,39.6843;49083;;Kríni
295;19.9777,39.4547;49080;;Kouspádes
255;19.8546,39.5709;49084;;Kouramádes
48;19.6969,39.7584;49081;;Kounavádes
0;19.8695,39.5855;49084;;Kothoníkion
101;19.9010,39.5183;49084;;Kornáta
30;19.9899,39.4561;49080;;Korakádes
110;19.7239,39.7484;49081;;Kopsokhiládhes
1660;19.8519,39.6444;49100;;Kontokáli
30;19.9062,39.5295;49084;;Komianáta
733;19.8672,39.6053;49084;;Kompítsion
580;19.8150,39.6092;49084;;Kokkínion
229;19.7848,39.7402;49083;;Klimatiá
52;19.7654,39.7408;49083;;Kyprianádes
1054;19.8836,39.5678;49084;;Kynopiástes
203;19.7423,39.7221;49083;;Chorepískopoi
357;19.9576,39.4564;49080;;Chlomós
347;19.9203,39.4626;49084;;Chlomatianá
23;19.9031,39.5355;49084;;Khalidhiáta
40047;19.9202,39.6244;49100;;Kérkyra
0;19.9419,39.7525;49100;;Kerasá
68;19.9241,39.7343;49100;;Kéntroma
0;19.9204,39.7806;49081;;Kelliá
517;19.6794,39.7455;49081;;Kavvadádes
318;19.7554,39.7757;49081;;Kavalloúri
19;19.9247,39.7385;49100;;Kavalléraina
51;19.9390,39.4654;49080;;Káto Spílaio
121;19.8668,39.5245;49084;;Káto Pavliána
967;19.8281,39.6897;49083;;Káto Korakiána
579;19.8648,39.5392;49084;;Káto Garoúna
19;19.9022,39.7301;49083;;Katávolos
86;19.7363,39.7108;49083;;Kastellánoi
496;19.8663,39.5691;49084;;Kastellánoi
787;19.8846,39.5928;49084;;Kastanéa
812;19.9213,39.7882;49081;;Kassiopi
991;19.7447,39.7803;49081;;Karousádes
74;19.9330,39.7673;49083;;Karyótiko
4086;19.8925,39.6056;49100;;Kanáli
204;19.7619,39.6496;49083;;Kanakádes
112;19.8653,39.5560;49084;;Kamára
457;19.8572,39.5799;49084;;Kalafatiónes
769;19.8367,39.6947;49083;;Ypsos
0;19.8733,39.7789;49081;;Ypsilás
838;19.8425,39.6528;49100;;Gouviá
143;19.8186,39.6745;49083;;Gazátika
65;19.7073,39.7344;49081;;Gavrádes
679;19.8984,39.5611;49084;;Gastoúri
371;19.7445,39.6803;49083;;Gardeládes
344;19.8663,39.6247;49100;;Evropoúloi
496;19.5904,39.8833;49081;;Ereikoússa
261;19.9191,39.4950;49084;;Episkopianá
8;19.7684,39.7489;49081;;Episkopí
332;19.8167,39.7597;49081;;Epískepsi
146;19.7365,39.7332;49083;;Drosáton
627;19.7408,39.6899;49083;;Doukádes
0;19.4072,39.8533;49081;;Deltiátika
225;19.6981,39.7300;49081;;Dáfni
34;19.9070,39.5324;49084;;Dafnáta
630;19.9137,39.5437;49084;;Benítses
63;19.8751,39.5950;49084;;Bastoúnion
87;19.9464,39.7667;49100;;Ágios Stéfanos Sinión
378;19.8754,39.5705;49084;;Ágios Prokópios
26;19.8263,39.7767;49081;;Ágios Panteleḯmon
0;19.8624,39.6130;49084;;Ágios Vlásios
1088;19.8734,39.4951;49084;;Ágios Matthaíos
257;19.8270,39.7112;49083;;Agios Markos
598;19.8476,39.6157;49084;;Ágios Ioánnis
88;19.9500,39.4599;49080;;Ágios Dimítrios
192;19.7200,39.7251;49083;;Ágios Athanásios
185;19.7560,39.7473;49081;;Ágioi Doúloi
370;19.8863,39.5553;49084;;Ágioi Déka
0;19.8450,39.8172;49081;;Agía Aikateríni
830;19.6638,39.7777;49081;;Avliótes
59;19.7127,39.7208;49083;;Aspiotádes
660;19.9763,39.4352;49080;;Argyrádes
94;19.6901,39.7443;49081;;Armenádes
90;19.7300,39.7083;49083;;Arkadádes
442;19.8609,39.5214;49084;;Áno Pavliána
946;19.7923,39.7057;49083;;Áno Korakiána
227;19.8723,39.5464;49084;;Áno Garoúna
202;19.7424,39.7750;49081;;Antipernoí
46;19.8859,39.7834;49081;;Anapaftíria
141;19.8225,39.7009;49083;;Análipsi
120;19.7266,39.6984;49083;;Aleimmatádes
3149;19.8956,39.6159;49100;;Alepoú
38;19.8722,39.5570;49084;;Alepochóri
271;19.7250,39.7210;49083;;Agrós
180;19.7430,39.7664;49081;;Agrafoí
119;19.9339,39.7601;49100;;Agnítsini
839;19.8584,39.6216;49100;;Áfra
294;19.6604,39.7244;49081;;Afiónas
0;19.9281,39.7361;49100;;Agní
29;19.9327,39.7428;49100;;Kalámi
126;19.7541,39.7951;49081;;Astrakári
0;19.9383,39.7448;49100;;Kouloúra
0;19.9107,39.5373;49084;;Stavrós
218;19.9439,39.4431;49080;;Línia
315;19.9975,39.4418;49080;;Ágios Nikólaos
0;21.0931,38.5739;30006;;Sombolaíika
300;23.0068,40.5933;55534;;Villa Ritz
30741;23.8296,38.0338;15235;;Vrilissia
6000;28.1994,36.3398;85105;;Faliraki
0;25.4718,36.3555;84703;;Perissa
0;25.4573,36.3444;84703;;Perivolos
0;25.1044,37.0383;84007;;Pounta
70;23.3800,39.9639;63077;;Poseídi
18;23.3148,40.0944;63077;;Saní
100;23.7885,40.1865;63081;;Vourvourou
30;23.7318,40.2335;63078;;Ormos Panagias
95;23.7930,40.0744;63081;;Limáni Karrá
299;23.5162,40.2520;63071;;Psakoúdia
213;23.9040,39.9853;63072;;Toróni
0;27.0925,35.5977;85700;;Lefkos
0;27.1782,35.5875;85700;;Kira Panagia
0;27.1112,35.5504;85700;;Adia
0;27.9915,36.0677;85109;;Kiotari
0;28.0515,36.0757;85107;;Pefki
0;28.0950,36.1671;85102;;Charaki
0;28.2201,36.3699;85105;;Kalithèa
4948;28.2151,36.3879;85100;;Koskinoù
809;28.0316,36.3807;85106;;Theologòs
0;28.0700,36.2001;85102;;Archipolis
0;27.8373,36.2745;85108;;Skala Kàmirou
0;28.0646,36.1093;85107;;Vlicha
0;28.0589,36.1207;85107;;Kalathos
0;28.0154,36.2567;85102;;Platania
0;28.2069,36.3230;85105;;Ladiko
0;28.0618,36.1911;85102;;Malonas
0;23.2116,39.0098;34200;;Pefki
0;23.4800,38.7700;34004;;Prokopi
729;20.8678,37.7284;29092;;Laganás
833;25.3422,37.4145;84600;;Platýs Gialós
198;20.5760,38.4591;28084;;Fiskardo
0;20.4825,38.1621;28100;;Lassi
0;20.6244,38.1181;28083;;Trapezaki
503;19.9488,39.4271;49080;;Agios Geórgios Argyrádon
0;25.2113,35.2155;70008;;Kelia
0;26.2976,39.3618;81104;;Sykaminias
0;25.1504,37.0853;84400;;Parikia
0;21.7035,36.9529;37004;;Gialova
96;25.3520,37.0746;84300;;Agios Prokopios
73;25.3583,37.0606;84300;;Máragkas
0;22.6229,39.9886;60065;;Leptokaria (Pieria)
0;22.5632,40.0610;60063;;Lithochoro (Pieria)
0;22.6815,39.9655;60065;;Kastri Loutro
0;23.1286,39.4473;37001;;Horefto
0;23.0215,39.3224;37300;;Platanidia
0;28.1662,36.2522;85103;;Kolymbia
0;28.1302,36.4175;85104;;Tholos (Rhodos)
0;23.4251,39.1423;37002;;Agia Paraskevi
0;23.4004,39.1508;37002;;Koukounaries
815;24.6080,40.6115;64002;;Potós
77;24.7577,40.7289;64004;;Chrysí Ammoudiá
120;27.8571,36.6120;85600;;Pedi
1100;19.8174,39.7936;49081;;Acharávi
54;19.8516,39.5468;49084;;Agios Górdios
4958;19.6997,39.7236;49083;;Agios Georgis
116;19.8675,39.7176;49083;;Barbáti
54;19.9797,39.4587;49080;;Boúkaris
0;19.8384,39.6806;49083;;Dassia
0;20.4352,39.2830;48060;;Lichnos
0;23.4517,40.2680;63071;;Paralía Gerakinís
0;26.1056,37.6297;83301;;Gialiskari
0;20.6053,38.3072;28081;;Agia Efimia
0;20.7969,38.0740;28082;;Skala
0;20.7150,38.0842;28082;;Lourdas
0;27.1840,36.8876;85300;;Tigaki
0;24.6883,35.0975;74056;;Agia Galini
191;25.3805,35.3351;70014;;Anissarás
0;23.9755,35.5120;73131;;Chrissi Akti
532;25.8537,35.0190;72200;;Férma
66;24.9532,35.4012;71414;;Paralía Fódele
2708;24.2601,35.3623;73007;;Georgioupolis
665;25.7388,35.1247;72100;;Ístro
216;25.0446,35.3466;71414;;Linoperámata
930;20.7192,38.7870;31100;;Ligia
0;26.8419,37.1562;85400;;Krithoni
0;26.1493,39.3161;81109;;Anaxos
278;25.4186,37.4407;84600;;Kalafáti
0;25.3931,37.4243;84600;;Eliá
1025;25.3225,37.4239;84600;;Ornós
20;25.3364,37.4166;84600;;Psarroú
0;25.3582,37.4104;84600;;Paraga
0;26.2129,39.3765;81108;;Eftalou
0;26.5111,37.6302;83400;;Χρυσομηλιά
4;22.3753,36.5054;23071;;Karavás
0;22.5394,40.0117;60063;;Anatolikos Olympos
0;22.5619,36.7552;23200;;Gythio
0;21.1324,39.9414;51032;;KONTA EISAI
0;25.5037,34.9948;70004;;Psari Forada
671;25.4551,34.9921;70004;;Arvi
0;25.2731,34.9767;70010;;Maridaki
10;25.4869,35.0120;70004;;Ano Kornias
0;25.4195,34.9965;70004;;Xerokampos Vahou
0;25.4091,34.9993;70004;;Kapsali
0;28.1370,36.3869;85104;;Pastida
0;25.4465,35.0445;70004;;Mouri
0;25.4744,35.0438;70004;;Ano Pefkos
0;22.9938,40.5261;57001;;Trimívi
247;25.5832,35.2701;72054;;Latsída
20;25.7677,36.7885;84008;;Kalotaritissa
261;25.9981,36.9064;84008;;Aegiali
0;26.3596,39.3688;81104;;Tsonia
0;23.0793,36.7904;23068;;Limeni Geraka
0;23.0679,39.0925;37009;;Agia Kyriaki
158;25.3887,37.0060;84302;;Kastráki
0;25.2270,37.5953;84200;;Livada
480;25.0175,35.4077;71414;;Agía Pelagía
0;25.4800,36.3773;84700;;Kamari
0;23.9759,35.5100;73131;;Agioi Apostoloi
425;22.2806,36.8244;24024;;Aghios Nikolaos
0;22.2972,36.8109;24023;;Aghios Dimitrios
0;25.1371,36.9971;84007;;Alyki
460;24.0925,35.5908;73133;;Stavros
0;26.3921,38.9683;81200;;Agios Isidoros
0;20.8726,37.8117;29100;;Tsilivi
0;25.4330,36.4290;84700;;Firostefani
240;19.7031,39.6722;49083;;Palaiokastrítsa
1131;23.3456,37.6917;21061;;Agkístri
0;25.1617,35.2338;70100;;Archanes
493;25.7131,35.1633;72100;;Ammoudára
0;25.3138,37.4773;84600;;Choulákia
259;25.3090,37.4230;84600;;Ágios Ioánnis Diakóftis
0;23.9150,35.5120;73014;;Kato Daratso
0;25.0438,35.3180;71414;;Arolithos
0;25.2598,37.0370;84401;;Piso Livadi
0;21.7490,38.2770;26442;;Kastellocampos
0;25.1130,37.0530;84007;;Nea Cryssi Akti
2069;26.9373,36.9716;85200;;Pánormos
0;23.4690,39.1570;37002;;Vassilias
0;27.0353,37.7345;83100;;Kerveli
0;25.2440,37.0180;84400;;Logaras
0;25.1282,37.0692;84400;;Parasporos
0;25.4040,37.4340;84600;;Kalo Livadi
0;25.2241,37.0027;84400;;Drios
0;23.9239,35.5105;73014;;Nea Kydonia
0;25.3572,37.4763;84600;;Pánormos
573;21.8070,36.8081;24006;;Foinikounta
10;20.8360,40.3914;52058;;Grámos
77;26.5622,37.3041;85500;;Grígos
0;25.3462,35.3318;70014;;Analipsi
0;25.2935,36.7161;84001;;Mylopotas
0;24.8422,41.3534;67300;;Dimario
0;19.9231,39.5084;49084;;Agios Ioannis
0;20.7063,37.9053;29091;;Agios Nikolaos
0;20.6955,37.7528;29092;;Limnionas
0;23.4634,39.1468;37002;;Achladias
441;20.7888,37.8419;29090;;Alikanás
0;25.2393,37.1239;84401;;Naoussa
35;19.9260,39.7649;49083;;Krémithas
0;25.2207,37.1330;84401;;Kolympithres
0;25.2858,37.1388;84401;;Santa Maria
0;23.8798,39.1798;37005;;Megali Ammos
448;23.3654,37.7075;18010;;Skála
0;20.8618,37.7438;29092;;Agrilia
391;20.6263,38.2546;28080;;Karavomylos
0;25.4417,36.3335;84703;;Exomytis
0;20.5025,38.1223;28083;;Kefalonia
280;20.9681,37.7322;29100;;Áno Vasilikós
0;24.4007,35.1750;74000;;Kalypsó
0;19.8454,39.6640;49083;;Dafnila
278;19.8286,39.6206;49084;;Vasiliká Agíou Ioánnou
0;19.8210,39.6340;49084;;Danília
0;24.9214,37.3860;84100;;Mega Gialo
0;24.8861,37.3910;84100;;Poseidonia
0;27.2715,36.8802;85300;;Platani
0;27.9222,36.3362;85108;;Kamiros
155;20.9017,37.8041;29100;;Akrotíri
0;20.7691,37.8409;29090;;Alykes
2153;25.3135,35.3293;70014;;Káto Goúves
0;25.3931,36.9877;84302;;Aliko
3424;23.9106,37.7481;19013;;Saronída
32;23.3291,37.5316;18030;;Psífta
0;23.3126,37.9756;19100;;Stíkas
70;24.6822,36.9930;84003;;Agía Marína Sífnou
0;19.9222,39.6241;49100;;Liston
3374;20.8733,39.8809;44010;;Zagorochória
0;20.7667,38.1500;28086;;Poros, Kefalonia
810;25.2065,35.3297;71601;;Karterós
0;20.5374,38.3441;28081;;Myrtos Beach
157;25.3440,37.0833;84300;;Stelída
0;23.4567,39.1395;37002;;Kanapitsa
0;20.5106,38.1090;28083;;Ammes
0;20.5141,38.1046;28083;;Agia Pelagia
87;23.2309,40.5789;57012;;Agios Charalampos
451;23.3506,40.5126;63073;;Doumpiá
1265;23.0427,40.6302;57010;;Exochi
0;23.9872,35.5074;73131;;Makrys Tichos
83;25.4235,36.9692;84302;;Agiassós
0;28.0769,36.3684;85106;;Petaloùdes
2589;25.9718,35.0371;72055;;Makry-Gialos
0;23.2874,39.2595;37006;;Potistika
0;23.8858,39.1624;37005;;Chrysi Milia
0;28.0900,36.1700;85102;;Haraki
0;28.0448,36.1052;85107;;Pilona
0;21.5576,40.4888;50005;;Emporio
0;26.1233,38.3225;82100;;Kambos
0;23.1641,39.4153;37012;;Agios Ioannis
0;28.1380,36.2054;85102;;Stegna
10;19.8081,39.5931;49084;;Glyfáda
152;19.9425,39.4702;49080;;Psarás
0;22.7278,37.4835;22019;;Ksiropígado
0;24.0927,35.5612;73133;;Chorafakia
0;20.7135,38.7101;31084;;Nydri
0;24.0774,35.5683;73133;;Tersanas
237;22.2754,37.1913;23065;;Georgitsio
0;23.2190,38.4573;35005;;Akrefnio
0;23.2201,38.4578;35005;;Akrefnia
392;22.7051,37.8073;20500;;Archaía Neméa
0;25.4338,36.3381;84703;;Vlychada
0;25.2475,37.0151;84400;;New Golden Beach
38;23.4635,40.0590;63077;;Solína
0;23.4234,39.1454;37002;;Troulos
32;19.7776,39.6103;49084;;Ermones
0;20.4148,38.1621;28200;;Xi
31;25.4794,37.1639;84302;;Kámpos
0;23.4648,39.1502;37002;;Katsaros
0;25.2426,37.0128;84400;;Chrissi Akti
66;23.5363,35.3102;73012;;Moni Chrysoskalitíssis
18;25.3745,37.0501;84300;;Pláka
0;23.9833,35.4833;73300;;Theriso
0;23.4227,39.1707;37002;;Aselinos
106;24.7594,35.0287;70200;;Kalamáki
0;25.0686,37.5958;84201;;Ormos Kardianis
0;26.3525,37.6741;83300;;Fanari
31;24.7676,37.8795;84501;;Kyprí
0;27.3330,36.8872;85300;;Psalidi
0;23.9634,35.5118;73131;;Kalamaki
0;24.7309,35.3452;74052;;Choumeri
21;23.5799,35.5020;73400;;Falasarná
0;24.3417,37.6399;84002;;Ioulida
0;25.4537,36.3425;84703;;Agios Georgios
0;25.4703,36.4200;84700;;Exo Gialos
31;20.8474,37.6719;29092;;Marathiás
0;22.9077,37.1903;22300;;Sampatiki
0;21.3687,38.1621;25005;;Kalogria
25;24.5185,36.6761;84801;;Paliochóri
9;21.3111,37.6642;27067;;Agios Andreas
0;23.7121,39.0833;37003;;Agnontas
0;24.2109,35.4265;73008;;Gavalochori
93;25.3727,37.0256;84300;;Mikrí Vígla
313;27.6114,36.2225;85110;;Chalki
118;25.0356,35.1968;70011;;Neo Venerato
0;23.6829,39.1022;37003;;Ditropos
0;24.5365,38.8516;34007;;Acheroynes
5;19.8859,39.7971;49081;;Apraós
0;26.0936,37.5981;83301;;Kastanies
0;26.0528,37.5609;83301;;Raches
0;25.4261,36.4620;84702;;Porí
0;25.4310,36.4360;84700;;Áno Vourvoúlos
0;25.4332,36.4245;84700;;Kontochóri
0;25.4390,36.4184;84700;;Katoikiés
0;25.4298,36.3733;84701;;Thérmi
0;25.3923,36.3577;84703;;Kappariés
0;25.3475,36.4211;84702;;Kerá
2;25.3344,36.4346;84702;;Agriliá
0;25.2135,37.5345;84200;;Laoúti
0;25.2073,37.5301;84200;;Ágios Sóstis
0;25.1402,37.5539;84200;;Kiónia
0;25.1705,37.5681;84200;;Smpirádos
0;25.1787,37.5657;84200;;Mountádos
0;25.1894,37.5605;84200;;Berdemiáros
0;25.1981,37.5416;84200;;Agía Varvára
0;25.2279,37.5554;84200;;Lychnaftiá
0;25.2055,37.5722;84200;;Potamiá
0;25.1445,37.6302;84201;;Kolympíthra
0;25.1597,37.5895;84200;;Krókos
0;25.0875,37.6253;84201;;Kóris Pýrgos
0;25.0441,37.6343;84201;;Venardátos
0;25.0676,37.5960;84201;;Órmos Giannáki
0;25.0193,37.6524;84201;;Marlás
0;28.0937,36.1666;85102;;Charámi
0;28.0726,36.1781;85102;;Másari
0;28.0702,36.2002;85102;;Malón
0;27.8255,36.2713;85108;;Kámeiros Skála
1265;28.0027,36.3621;85106;;Soroní
0;28.0815,36.4061;85106;;Vagiés
1841;28.1171,36.3605;85106;;Maritsá
0;28.1748,36.3359;85105;;Kalythiés
0;20.4240,38.1624;28200;;Megas Lakos
0;20.3828,38.1529;28200;;Kounopetra
0;25.3593,35.2041;70006;;Lyttos
0;25.2259,35.1899;70300;;Astritsi
29939;23.8576,38.0228;15343;;Gérakas
168;26.9727,37.4582;85001;;Megálo Chorió
669;25.3302,37.4634;84600;;Toúrlos
0;24.1759,35.5059;73003;;Marathi
0;25.0995,35.1848;70011;;Temenos
0;25.0759,35.3354;71414;;Ammoudára
266;25.0426,35.3539;71414;;Pantánassa
0;25.1131,35.3363;71303;;Kaminia
0;25.1737,35.3369;71601;;Heraklion Airport Terminal
0;25.1075,35.3251;71303;;Giofyros
0;25.1100,35.3216;71410;;Treis Vagies
255;25.0385,35.3659;71414;;Palaiókastro
0;25.0425,35.3933;71414;;Thiseas
789;25.0931,35.3192;71414;;Ágioi Theódoroi
0;25.1157,35.3309;71303;;Deilina
0;25.1036,35.3338;71303;;Kolymvitirio
0;25.1365,34.9538;70010;;Treis Ekklhsies
0;24.0496,35.4167;73300;;Keramion
0;25.3740,36.6610;84001;;Manganari
123;26.4741,39.2132;81100;;Skala Mistegnon
81;23.5860,39.9282;63085;;Loutra
680;24.5414,35.3721;74100;;Adelianós Kámpos
0;22.8778,39.6959;40003;;Agiokampos
1146;23.9004,40.7666;57021;;Paralía Ofryníou
83;20.8836,39.5226;44013;;Agía Kyriakí
0;24.6349,35.2546;74061;;Agía Foteiní
0;24.0823,35.5510;73133;;Kalathas
0;25.3617,36.7345;84001;;Psathi
78153;23.7678,37.9315;16342;;Ilioúpoli
63445;23.6471,37.9847;18121;;Korydallós
0;25.3273,36.7493;84001;;Agia Theodoti
133;25.8891,35.0276;72055;;Achliá
681;23.2498,40.2505;63200;;Paralía Dionysíou
0;25.8799,38.5668;82103;;Chamétos
0;26.0727,38.5788;82300;;Ámpelos
23;26.0894,38.5531;82300;;Vlycháda
0;26.0847,38.5513;82300;;Poniradhika
0;26.1131,38.5391;82300;;Ráchi
11;26.1344,38.2960;82100;;Kerameía
0;26.0674,38.2075;82102;;Víri
15;25.9037,38.2217;82102;;Trachylia
0;25.8948,38.2263;82102;;Avloniá
0;25.9097,38.2240;82102;;Salaghona
0;25.9531,38.2771;82102;;Potami
13;25.8905,38.2752;82102;;Merikoúnta
0;25.2840,39.9408;81401;;Kotsinas
0;25.3069,39.9354;81401;;Aghios Ypatios
0;25.3095,39.9083;81401;;Komi
0;25.3467,39.8556;81401;;Voroskopos
0;25.3785,39.9667;81401;;Dimosia
0;25.2653,39.9686;81401;;Aghios Ermolaos
0;25.0719,39.9218;81400;;Agios Ioannis
0;25.1217,39.9054;81400;;Therma
0;25.1693,39.9285;81401;;Koroni
0;25.0670,39.8839;81400;;Androni
104;23.9257,39.1932;34002;;Stení Vála
0;22.9401,38.8364;34300;;Gregolímano
81;19.8723,39.4580;49084;;Chalikoúnas
25;24.4827,36.7412;84801;;Mýtikas
139;22.1439,36.9567;24016;;Akrogiáli
29;25.5439,35.0928;72056;;Selákano
71026;23.7691,37.9757;15771;;Zográfos
21352;23.7926,38.0602;15121;;Péfki
34168;23.7238,38.0301;13561;;Ágioi Anárgyroi
0;22.9262,40.6530;56123;;Ampelókipoi
0;26.4807,37.5785;83400;;Foúrnoi
40;23.5712,35.4769;73400;;Limenískos
0;23.5763,35.4713;73400;;Metóchi
91;23.6178,35.4577;73400;;Zacharianá
9;23.6404,35.4719;73400;;Metóchi
178;25.3199,37.4701;84600;;Ágios Stéfanos
32;23.4791,39.9678;63077;;Kaloutsikos
33;23.1777,39.4049;37012;;Ntamoúchari
0;21.9848,40.6810;59200;;Metamorfosi
32;24.4984,36.7521;84801;;Páchaina
0;23.6719,35.3146;73004;;Deliana
0;23.7645,35.2798;73009;;Mertes
0;27.1541,35.4471;85700;;Kipi Afiarti
0;22.0767,37.6626;22003;;Kaloneri
29;25.1129,37.5717;84200;;Agios Romanos
0;22.6835,37.4137;22001;;Loukous
1559;23.3287,40.1943;63200;;Néa Potídhaia
78;23.7345,40.1471;63081;;Eliá
0;25.4843,36.4000;84700;;Agia Paraskevi
9;23.6653,35.4770;73400;;Dáfni
17;23.7070,35.4870;73400;;Áno Drapaniás
0;23.6963,35.4643;73010;;Mazokopianá
16;23.7056,35.4556;73010;;Choudalianá
37;23.7195,35.4677;73010;;Pappagiannákides
50;23.7159,35.4744;73010;;Charavgí
53;23.7190,35.4954;73400;;Koléni
0;23.7502,35.4759;73002;;Koutelianá
21;23.7609,35.4538;73002;;Vasilianá
0;23.7776,35.4736;73002;;Skordilianá
0;23.7921,35.4928;73002;;Loukomichelianá
0;23.8027,35.4927;73002;;Chrysavgí
0;23.7926,35.4982;73002;;Pontikianá
0;23.7986,35.5024;73002;;Sfenoulianá
0;23.7973,35.5056;73006;;Peristéri
888;23.8203,35.5300;73006;;Tavronítis
0;23.8022,35.5005;73002;;Kallithéa
0;23.8257,35.4923;73002;;Ellinikó
0;23.8085,35.4877;73002;;Neratziá
0;23.8112,35.4728;73002;;Petrés
0;23.8086,35.4658;73002;;Georgousianá
0;23.8064,35.4576;73002;;Lákkoi
0;23.8215,35.4629;73002;;Malamadianá
0;23.8304,35.4657;73002;;Zigadéli
0;23.8316,35.5001;73002;;Marouliachaná
0;23.8427,35.4980;73014;;Andrenianá
0;23.8582,35.5154;73014;;Metóchi
0;23.8667,35.4752;73014;;Áno Psathogiánnos
0;23.9260,35.4302;73005;;Mesikefála
0;23.9571,35.4813;73300;;Óasi
0;23.9868,35.4948;73131;;Vamvakópoulo
0;24.0088,35.4662;73300;;Vantés
0;24.0447,35.4724;73300;;Tsompaná
0;24.0689,35.5203;73133;;Kantéris
0;24.0518,35.5272;73133;;Sódi
0;24.0551,35.5284;73133;;Profítis Ilías
0;24.0504,35.5346;73133;;Koumpéli
0;24.0616,35.5440;73133;;Ágios Onoúfrios
0;24.0979,35.5891;73133;;Galíni
0;24.0855,35.5347;73133;;Plakoúres
0;24.1237,35.5168;73200;;Anemómyloi
0;24.1298,35.5229;73200;;Pazinós
0;24.1635,35.4992;73003;;Loutráki
0;24.0546,35.4777;73200;;Metóchia
0;24.1071,35.4769;73200;;Platáni
0;24.0731,35.4179;73200;;Angarathomourí
0;24.0700,35.4084;73200;;Matthoudianá
0;24.1145,35.4613;73200;;Kafés
62;22.8726,38.0322;20006;;Límni Vouliagménis
0;25.9653,38.4168;82103;;Metóchi
40;20.6988,38.6395;31082;;Mikrós Gialós
0;23.4384,39.1443;37002;;Platanias
168;26.4679,39.1216;81100;;Larisos
0;24.1522,35.4001;73008;;Ágioi Pántes
18;23.5678,35.3874;73012;;Plagiá
0;23.5561,35.3724;73012;;Batisianá
76;23.5364,35.3634;73012;;Livádia
0;23.5436,35.3410;73012;;Kefália
8;23.5946,35.3641;73012;;Theodorianá
42;23.5811,35.3886;73012;;Berpathianá
0;23.5760,35.3935;73012;;Tsigkounianá
0;23.6252,35.4078;73010;;Tzortzianá
2;23.6021,35.3689;73012;;Felesianá
953;25.3486,37.4526;84600;;Klouvás
40;26.4977,39.0491;81111;;Chalatsés
64;26.4897,39.0560;81111;;Apidiiás Lákkos
15411;23.6651,37.9649;18233;;Agios Ioannis Rentis
0;22.2434,39.3128;10438;;Paleofarsalos
0;22.5699,37.4581;21057;;Eleochori
0;22.5688,37.4565;21057;;Elaiochori
0;25.0917,35.3143;71414;;Agakou Metoxi
0;21.4488,37.7208;27100;;Κουζούλι(ον)
0;23.6392,35.4233;73010;;Katsikandarianá
0;23.6457,35.3698;73012;;Grevedianá
0;23.6376,35.3691;73012;;Skalidianá
0;23.6641,35.4126;73010;;Miliá
0;23.7143,35.3429;73004;;Frangoudianá
0;23.7152,35.3463;73004;;Despotikó
0;23.7064,35.3397;73004;;Kavrianá
7;23.7145,35.3992;73010;;Kontoudianá
13;23.7158,35.4039;73010;;Manerianá
0;23.7078,35.4074;73010;;Pappadianá
11;23.6915,35.4328;73010;;Kapsanianá
31;23.7211,35.4508;73010;;Trialónia
0;23.7443,35.4312;73010;;Kalámi
0;23.7387,35.3779;73004;;Ntamoulianá
0;23.7204,35.3497;73004;;Kountourianá
0;23.7211,35.3524;73004;;Krimpizianá
0;23.7431,35.3336;73004;;Chatzoudianá
0;23.7683,35.3829;73004;;Koumianá
10;23.7515,35.4098;73010;;Kotsyfianá
0;23.7691,35.4118;73002;;Ntaratsianá
0;23.7744,35.4068;73002;;Daskalaniá
0;23.7690,35.3967;73004;;Kechrés
0;23.7744,35.3950;73004;;Lidianá
0;23.7479,35.4193;73010;;Ganianá
0;23.7653,35.4387;73002;;Dromónero
0;23.7624,35.4425;73002;;Psilianá
7;23.7641,35.4529;73002;;Petalianá
0;23.7775,35.3963;73002;;Loufardianá
0;23.8192,35.3842;73002;;Bompolianá
0;23.8117,35.3834;73004;;Fratzeskianá
0;23.8056,35.4524;73002;;Pigí
0;23.8278,35.4497;73002;;Kotsyfianá
0;23.8408,35.4426;73002;;Tomadianá
0;23.8351,35.4459;73002;;Kordélli
0;23.8449,35.4325;73002;;Gidianá
0;23.8623,35.3765;73005;;Askídia
0;23.8997,35.4173;73005;;Langós
0;23.9164,35.4197;73005;;Chliaró
0;23.8986,35.4037;73005;;Stratinianá
0;23.9059,35.4037;73005;;Péra Chorió
0;23.9147,35.4016;73005;;Skafidákia
0;24.1437,35.3787;73007;;Kousarianá
0;24.1377,35.3789;73007;;Koúkkos
0;24.1941,35.3416;73007;;Ágios Thymótis
0;23.6191,35.2388;73001;;Kountoúra
0;23.6462,35.2977;73001;;Plátanos
0;23.6287,35.2962;73012;;Lagkadás
0;23.6739,35.2969;73004;;Plátanos
0;23.6776,35.3169;73004;;Mesórema
0;23.7129,35.3268;73004;;Terezianá
0;23.7033,35.3139;73004;;Sfakós
0;23.7095,35.3065;73004;;Armí
0;23.7155,35.3061;73004;;Kaniskádes
0;23.7050,35.3004;73004;;Kallithéa
0;23.6988,35.3029;73004;;Litsardianá
0;23.7001,35.3043;73004;;Koulourída
0;23.6946,35.3010;73004;;Pallikarianá
0;23.7013,35.2995;73004;;Káto Ntoulianá
0;23.7099,35.2983;73004;;Maroudianá
0;23.7117,35.2959;73004;;Tzinalianá
0;23.7115,35.2910;73004;;Kompianá
0;23.6995,35.2860;73004;;Perianá
0;23.7264,35.3231;73004;;Manolianá
0;23.7255,35.3253;73004;;Géfyra
0;23.7264,35.3282;73004;;Petalarifianá
0;23.7369,35.3329;73004;;Skoudianá
0;23.7411,35.3313;73004;;Lófos
0;23.7371,35.3225;73004;;Drakóvrysi
0;23.7467,35.3214;73004;;Chrysopigí
0;23.7385,35.3187;73004;;Lampirianá
0;23.7483,35.3237;73004;;Ágioi Apóstoloi
0;23.7473,35.3175;73004;;Siderianá
0;23.7582,35.2644;73009;;Ágios Charálampos
0;23.9644,35.2394;73011;;Palaiá Agía Rouméli
19;24.0672,35.2009;73011;;Lýkos
13;24.0722,35.2001;73011;;Foínikas
0;24.1742,35.2564;73013;;Chálara
0;24.2964,35.3521;74055;;Kavrós
0;24.3073,35.3417;74055;;Metamórfosi
62;24.3668,35.3549;74055;;Petrés
0;24.3998,35.3439;74055;;Bezerianá Metóchia
0;24.3044,35.1858;74000;;Polýrizos
2785;24.4386,35.3586;43064;;Violí Charáki
407;24.4445,35.3631;43064;;Panórama
172;24.4691,35.3477;43064;;Tría Monastíria
149;24.4774,35.3416;43064;;Mikró Metóchi
279;24.5695,35.3789;74100;;Pigianós Kámpos
46;24.4769,35.3327;43064;;Megálo Metóchi
0;24.4695,35.2388;74053;;Palé
0;24.4500,35.2276;74060;;Katsougrída
5;24.4171,35.1820;74060;;Kókkina Choráfia
0;24.5139,35.1451;74053;;Agía Foteiní
0;24.5433,35.1334;74053;;Agía Paraskeví
0;24.5479,35.1190;74053;;Tríopetra
0;24.5652,35.1027;74056;;Ágios Pávlos
0;24.5544,35.1865;74053;;Kissoú Kámpos
792;24.5826,35.3813;74100;;Sfakáki
0;24.6345,35.3549;74052;;Roussounávli
136;24.6151,35.3758;74052;;Ágios Nikólaos
0;24.6486,35.4168;74057;;Lávris
0;24.6776,35.3846;74052;;Sklopianá
0;24.6827,35.3754;74052;;Cháni Alexándrou
0;24.6818,35.3362;74052;;Káto Tripódo
0;24.7086,35.3377;74052;;Kalandaré
0;24.7091,35.3421;74052;;Kalamás
0;24.7097,35.3904;74052;;Solochianá
0;24.7437,35.3571;74052;;Ágios Sýllas
0;24.7503,35.3399;74054;;Avdanítes
0;24.7542,35.3391;74054;;Aliákes
0;24.7602,35.3394;74054;;Kefáli
0;24.7850,35.3897;74054;;Chárakas
0;24.8024,35.3396;74054;;Anemómyloi
0;24.8179,35.3490;74054;;Kámpos Apladianón
0;24.8376,35.3462;74054;;Kámpos Doxaroú
0;24.7298,35.3273;74052;;Garípa
0;24.6446,35.2627;74061;;Klisídi
0;24.5917,35.1232;74056;;Agía Triáda
0;24.6538,35.0976;74056;;Ágios Geórgios
0;24.7157,35.1183;74056;;Mándres
0;24.7566,34.9522;70009;;Vathý
0;24.7939,34.9284;70009;;Ágios Márkos
0;24.8335,34.9420;70009;;Chrysóstomos
32;23.6510,35.4647;73400;;Grigorianá
0;23.9890,35.5121;73131;;Káto Darátsos
0;23.7470,35.4219;73010;;Sellí
0;23.7882,35.3989;73002;;Katzianá
0;23.8177,35.3868;73002;;Michelianá
0;23.6822,35.3071;73004;;Perivóla
0;23.7134,35.3079;73004;;Menianá
0;26.2362,35.0926;72059;;Xirokampias
25;21.7888,37.4407;27056;;Trianta
0;26.2333,35.0494;72059;;Xerokampos
0;24.8942,36.6314;84011;;Agali
0;24.8499,34.9421;70009;;Platiá Perámata
0;24.8960,34.9376;70009;;Tzígkounas
0;24.9003,34.9333;70009;;Gerókampos
0;24.9145,34.9363;70009;;Papadogiánnis
0;24.9144,34.9301;70009;;Dyskós
0;24.8860,35.0718;70400;;Vrélis
0;24.8702,35.1290;70002;;Mesísklio
0;24.8711,35.3434;74051;;Drosiá
0;24.8689,35.4090;74054;;Almirida
0;24.8814,35.3520;74051;;Cháni Alóidon
0;24.8989,35.3530;74051;;Astrinó
86;25.0355,35.3429;71414;;Metóchi Kapetanáki
0;25.1648,35.2920;71409;;Vlychiá
0;25.1676,35.2879;71409;;Spília
946;25.2442,35.3210;70008;;Vatheianós Kámpos
0;25.2100,35.2351;70008;;Myrtiá
0;25.1844,35.2334;70100;;Zagouriánoi
0;25.1887,35.2324;70100;;Kómes
0;25.1763,35.2780;71409;;Ampelá
0;25.1507,35.2685;70100;;Sílamos
0;25.1326,35.2548;70100;;Ágios Vlásis
0;25.1011,35.2297;70011;;Tsagkaráki
0;25.1044,35.2532;70100;;Drakouliáris
0;25.1084,35.2629;70100;;Zervoú Metóchi
484;25.0708,35.3161;71414;;Kollyvás
0;25.0728,35.3048;71414;;Metóchi Katecháki
0;25.0120,35.2885;71414;;Moní
0;24.9972,35.2487;70001;;Káto Loutráki
0;25.0013,35.2340;70001;;Kritharída
0;25.0169,35.1424;70003;;Peirounianá
0;25.0970,35.1446;70003;;Arkádi
0;25.0656,35.1467;70003;;Doúli
0;25.0875,35.1710;70011;;Galéni
0;25.1650,35.1627;70100;;Parthéni
0;25.2764,35.1044;70300;;Monastiráki
0;25.1238,35.1116;70016;;Máde
0;25.1156,35.0998;70016;;Voriás
0;25.1539,35.0624;70016;;Plakiótissa
0;25.2170,35.0416;70010;;Káto Kalývia
0;25.1281,34.9809;70010;;Amýgdalos
0;25.0519,34.9418;70016;;Ágios Ioánnis
0;25.0099,34.9789;70012;;Koumása
0;24.9917,35.0652;70012;;Keratokefáli
0;25.0432,35.0594;70016;;Rízikas
0;25.0442,35.0159;70016;;Akámotos
267;25.1076,35.0157;70016;;Agía Fotiá Siteías
0;22.9623,39.0045;37007;;Akhíllio
0;25.6069,40.4972;68002;;Therma
21;24.8211,37.8214;84501;;Agia Eleousa
6;24.7426,36.9386;84003;;Chrisopigi
0;23.8747,35.5094;73014;;Páno Geráni
0;24.1844,35.2920;73013;;Askýfou
0;21.1096,37.8470;27050;;Arkoudi
0;25.3398,35.3209;70014;;Chatzaná
0;25.3371,35.3308;70014;;Aposelémis
0;25.3656,35.3353;70014;;Agkisarás
0;25.3824,35.3310;70014;;Sarantáris
0;25.4609,35.2922;70007;;Metamórfosi
48;25.5166,35.2909;72054;;Pýrgos Vrachasíou
102;25.5045,35.2982;70007;;Agía Varvára
115;25.5350,35.3010;72054;;Epáno Sísi
1;25.6131,35.3214;72054;;Amygdalólakkos
3;25.6262,35.2194;72400;;Ágios Konstantínos
5;25.6229,35.2438;72400;;Platypódi
5;25.6473,35.2888;72400;;Perámpela
0;25.6457,35.2971;72400;;Akriniá
5;25.6361,35.3046;72400;;Peronídes
10;25.6296,35.3276;72400;;Soúvlos
4;25.6620,35.3298;72053;;Koudoúmalos
2;25.6477,35.3246;72400;;Romanós
15;25.6706,35.3238;72053;;Patsópoulos
2;25.6513,35.3105;72400;;Makrygénnisa
0;25.6810,35.3243;72053;;Agalianó
7;25.7001,35.3339;72053;;Vlichádia
1;25.7176,35.3376;72053;;Káto Sélles
0;25.7268,35.2849;72053;;Tsiflíki
5;25.7073,35.2899;72053;;Chavgás
142;25.7211,35.2682;72053;;Mavrikianó
0;25.3182,35.2075;70006;;Galenianó
0;25.5163,35.1837;72052;;Nikifóridon
25;25.5946,35.2103;72400;;Áno Amygdáloi
23;25.6617,35.2115;72100;;Vláchides
29;25.6558,35.2071;72051;;Kartérides
18;25.6517,35.1913;72051;;Margiéli
279;25.6915,35.1713;72100;;Roúsa Límni
66;25.6903,35.1784;72100;;Kályvos
1;25.6756,35.2315;72053;;Dýo Prínoi
11;25.6810,35.2278;72100;;Drákos
211;25.7186,35.1481;72100;;Vathý
93;25.7277,35.1206;72100;;Fortí
184;25.8166,35.1002;72055;;Xirókampos
21;25.7156,35.0479;72200;;Kefála
405;25.7065,35.0129;72200;;Potámoi
81;25.6795,35.0200;72200;;Kámpos
231;25.6723,35.0129;72200;;Stómio
27;25.6787,35.0457;72200;;Kamára
1002;25.6617,35.0092;72200;;Néa Anatolí
99;25.6331,35.0090;72056;;Kopánes
40;25.5830,35.0110;72056;;Kallithéa
21;25.6045,35.0073;72056;;Néa Mýrtos
11;25.5609,34.9978;72056;;Vátos
0;25.4978,34.9850;70004;;Sidonía
0;25.5010,34.9999;70004;;Stavriá
0;25.5130,34.9979;72056;;Áno Vígla
0;25.5216,35.0120;72056;;Pénte Pétres
0;25.4754,34.9906;70004;;Faflágkos
0;25.3954,34.9971;70004;;Monompouka
0;25.4007,35.0138;70004;;Afratí
0;25.3351,34.9872;70004;;Ágios Ioánnis
0;25.3335,35.0035;70004;;Pezepés
0;25.3342,35.0140;70004;;Vatsiliá
0;25.3405,35.0136;70004;;Kavriés
0;25.9194,35.1777;72057;;Ágios Andréas
0;26.0369,35.2103;72300;;Xerókampos
0;26.1249,35.1747;72300;;Zacharínos
0;26.1565,35.1802;72300;;Koutsoulópetres
0;26.2284,35.1858;72300;;Ágios Nikólaos
0;26.2258,35.1894;72300;;Spiliára
0;26.2349,35.1936;72300;;Lýdia
0;26.2456,35.1954;72300;;Mertýdia
0;26.1986,35.2119;72300;;Análoukas
4;25.8833,35.1184;72057;;Mélisses
5;25.9050,35.0507;72055;;Kalyvítis
108;25.8846,35.0262;72055;;Galíni
99;25.9031,35.0301;72055;;Mávros Kólympos
584;25.9806,35.0400;72055;;Análipsi
35;25.9870,35.0477;72055;;Áspros Potamós
22;26.0040,35.0275;72055;;Lagkáda
78;26.0302,35.0188;72059;;Kaló Neró
2;26.0496,35.0448;72059;;Pezoúlas
0;26.0912,35.0154;72059;;Asprólithos
0;26.0866,35.0206;72059;;Áspra Chómata
0;26.1207,35.0098;72059;;Dasonári
0;26.1373,35.0039;72059;;Atherinólakkos
0;26.1653,35.1020;72059;;Zákathos
0;26.1905,35.0245;72059;;Agía Eiríni
0;26.2076,35.0278;72059;;Amátou
0;26.2328,35.0489;72059;;Paralía Ámpelou
0;26.2206,35.0709;72059;;Agriliá
12;19.8662,39.8081;49081;;Kárniaris
89;26.5102,39.1036;81100;;Kédro
0;26.8375,37.1407;85401;;Drimonas
0;26.1162,35.1611;72300;;Sfakákia
0;26.5621,41.4190;68009;;Sofikó
0;26.2214,41.4325;68010;;Avdélla
0;26.2247,41.4438;68010;;Poliá
0;26.2077,41.4519;68010;;Alepochóri
0;23.8463,37.9925;15354;;Glyka Nera
0;27.1169,35.4925;85700;;Finiki
36;19.8556,39.5038;49084;;Paramónas
88;25.9922,39.1095;81105;;Tavári
0;23.4469,39.1406;37002;;Kolios
0;21.9295,36.8233;24004;;Peroulia
13;24.4206,36.7345;84801;;Klíma
13815;23.6231,37.9499;18648;;Drapetsóna
16;24.3921,36.7097;84800;;Empouríos
27;24.4463,36.6700;84800;;Provatás
86;24.4692,36.7092;84801;;Kánava
2;24.4272,36.7273;84801;;Schinopí
31;24.4984,36.6709;84801;;Agía Kiriakí
2;24.4464,36.7502;84801;;Mandrákia
3;24.5102,36.7571;84801;;Fylakopí
0;24.4117,36.7485;84801;;Fourkovoúni
10671;23.7837,38.0062;15451;;Néo Psychikó
15;23.2188,38.1095;19012;;Psátha
0;24.4144,36.7434;84801;;Aretí
17;24.4181,36.6632;71309;;Psathádika
123;22.7078,37.5931;21053;;Magoúla
73;22.7317,37.5778;21053;;Timénion
0;21.9271,38.4060;33056;;Agkouraki
56;20.6920,39.5310;45110;;Týria
0;21.2919,40.2088;50002;;Rodochori
0;21.1820,40.0793;51032;;Aetia
295;23.9320,41.0141;62056;;Stathmós Lefkothéas
177;23.9387,41.0068;62056;;Stathmós Angístas
325;23.8544,40.8471;62052;;Néa Mesolakkiá
0;23.8802,39.9967;63072;;Tresteníka
0;23.3040,39.1431;37013;;Kastri
0;23.6512,37.9474;18532;;Goúva Vávoula
0;23.6571,37.9426;18533;;Kritiká
0;22.4843,40.5895;59032;;Niseloúdi
41;21.5672,40.7750;53074;;Stathmós Vévis
33;21.5281,40.8155;53071;;Ágios Athanásios
56;21.3068,40.3941;52053;;Dialektó
0;21.2995,40.4250;52200;;Lágoura
9;21.2477,40.4375;52200;;Kremastó
3079;21.2592,40.5392;52100;;Chlói
97;21.2013,40.4292;52200;;Lakkómata
16;21.1766,40.4191;52200;;Krýa Nerá
14;21.2042,40.3580;52200;;Spílios
19;21.1640,40.3705;52051;;Áno Perivóli
0;23.6348,37.9371;18538;;Xavéri
0;23.7183,37.9733;11851;;Asteroskopeío
0;24.9279,37.4482;84100;;Alithiní
902;24.4226,36.7439;84801;;Pláka
17;24.5566,36.7786;84004;;Alykí
14;24.5824,36.7903;84004;;Goúpa
19;24.5785,36.7865;84004;;Psáthi
13;24.5946,36.8222;84004;;Prássa
6;24.5483,36.7760;84004;;Kalamítsi
2;24.5882,36.7967;84004;;Ágios Nikolaos
4;24.4939,36.7347;84801;;Ágioi Anárgyroi
3;24.5080,36.7357;84801;;Ágios Gerásimos
49;24.4549,36.7330;84801;;Kamínia
6;24.4293,36.6659;84800;;Kípos
0;24.3629,36.6625;71309;;Ksylokeratiá
0;24.3675,36.6976;84800;;Ralákion Chálakos
33;24.4918,36.7116;84801;;Katsarónas
16;24.5260,36.7211;84801;;Kómia
1950;23.7873,38.1272;13676;;Varybóbi
53;24.0450,37.8212;19001;;Eliés Daskaleioú
102;24.0316,37.8289;19001;;Mylos
215;24.0493,37.7262;19500;;Áno Thorikón
264;24.0304,38.1435;19007;;Schiniás
1591;23.9818,38.1164;19007;;Aghios Panteleímon
2132;23.8762,38.0254;15344;;Anthoúsa
92;23.4409,38.1529;19600;;Pournári
6;26.3898,39.1189;81101;;Karíni
127;24.0471,37.8392;19001;;Kakí Thálassa
56;20.7293,39.9685;44016;;Mikró Pápigkon
0;22.4191,37.0870;23100;;Sanatórion
0;22.4008,37.0707;23100;;Palaiológion
1841;23.6985,40.7059;57021;;Néa Vrasná
31;26.2718,39.0397;81300;;Káto Stavrós
35;26.5527,39.0209;81111;;Charamída
41;26.5501,39.0403;81111;;Áno Charamída
91;26.5315,39.0178;81111;;Pyrgoi
29;26.5302,39.0107;81111;;Ávlonas
15;26.5359,39.0005;81111;;Ftéli
137;26.5956,39.0550;81100;;Agía Paraskefí Agías Marínis
87;26.6124,39.0319;81111;;Agriliá Kratígou
422;26.5917,39.0689;81100;;Neápoli
18;26.5146,38.9811;81111;;Tsília
7;26.5060,38.9784;81111;;Ligonári
9;26.4956,38.9774;81111;;Tsáfi
27;26.4890,38.9772;81106;;Tárti
6;26.4812,38.9756;81106;;Fará
67;26.4098,38.9652;81200;;Agía Varvára
13;26.4269,38.9646;81200;;Evangelístria
32;26.3517,38.9825;81200;;Káto Chorió
5;26.3536,38.9959;81200;;Áno Chorió
2;26.3365,38.9977;81200;;Kournéla
1;26.3157,39.0057;81200;;Rachídi
3;26.2846,39.0138;81200;;Dróta
11;26.2806,39.0040;81200;;Paralía Drótas
219;26.1984,39.0202;81300;;Vaterá
16;26.1696,39.0080;81300;;Àgios Fokás
31884;22.9275,39.3790;19018;;Néa Ionía
9901;23.7170,38.0665;13461;;Zefyri
7312;23.7575,38.1296;13676;;Thrakomakedónes
6916;23.8593,38.0606;15236;;Néa Pentéli
0;23.7253,37.9689;11741;;Akrópoli
69;24.0026,37.6652;19500;;Esperídes
0;23.9652,37.6695;19013;;Chárakas
723;23.9448,37.6958;19013;;Thymári
88;23.7776,37.9635;15771;;Vlitikós Stathmós
144;23.9452,38.0408;19009;;Ntaoú Pentéli
20;23.7399,38.1572;13676;;Párnis
106;23.9035,38.0931;14576;;Rapentósa
4788;23.8407,37.8518;16672;;Kítsi
3765;23.8442,37.8204;16672;;Agía Marína
1011;23.8579,37.8061;16672;;Agios Dimítrios Kropiás
1579;23.8648,37.9344;19400;;Karellás
476;24.0765,37.7650;19500;;Agía Marína Mikrolímanou
161;23.9755,37.7379;19013;;Agíasma
141;24.0392,37.7450;19500;;Agios Geórgios Thorikoú
33;23.9786,37.7683;19001;;Agios Geórgios
139;24.0391,37.8068;19001;;Ano Daskaleió
166;24.0385,37.8380;19001;;Moní Kakís Thalássis
195;24.0234,37.8325;19001;;Diónysos Keratéas
34;24.0374,37.8277;19001;;Marístra
56;24.0596,37.8077;19001;;Vénio Daskaleioú
149;24.0525,37.8127;19001;;Víntzi Daskaleioú
164;24.0282,37.8187;19001;;Myrtéza
243;24.0623,37.8032;19001;;Péfka
13;24.0745,37.7987;19001;;Zástano
243;24.0793,37.7904;19500;;Pórto Enniá
69;24.0687,37.7945;19001;;Maliakoúki
63;24.0768,37.7721;19500;;Tzoníma
122;24.0676,37.7732;19500;;Trehantiéra
116;24.0720,37.7587;19500;;Mikrolímano Keratéas
172;24.0713,37.7535;19500;;Panórama Mikrolimánou
54;24.0721,37.7482;19500;;Syrí
70;23.9694,37.6877;19013;;Triantafylliá
208;23.9809,37.7464;19013;;Arí
89;24.0014,37.6948;19500;;Megála Péfka
214;23.9895,37.7276;19500;;Synterína
170;23.9891,37.7396;19500;;Maliastéka
185;24.0240,37.7432;19500;;Markáti
46;23.9703,37.7484;19013;;Tzardavíla Mókrizas
97;23.9865,37.7758;19001;;Sákka
95;24.0022,37.7693;19001;;Manoútso
165;24.0091,37.7743;19001;;Mitropísi
40;24.0112,37.7802;19001;;Togáni Lákizas
18;23.9979,37.7629;19001;;Chárvalo
80;24.0158,37.7571;19500;;Rimpári
216;24.0427,37.7526;19500;;Paliokamáriza
41;24.0561,37.7608;19500;;Elaiochóri
49;24.0600,37.7762;19500;;Roumountí
47;24.0339,37.7987;19001;;Avrókastro
126;24.0097,37.8047;19001;;Zapáni
39;24.0113,37.7956;19001;;Ntárdeza
99;24.0081,37.7884;19001;;Skáleza Mitrantóni
146;24.0034,37.8145;19001;;Kóntra Vilará
61;24.0099,37.8194;19001;;Rountzéri Lemproú
60;23.9987,37.8218;19001;;Prisilímes
17;23.9726,37.8188;19001;;Fánosi
160;23.9571,37.8150;19001;;Megáli Avlí
823;24.0365,37.7173;19500;;Ergatikés Katoikíes Attikís
281;24.0465,37.6924;19500;;Agios Gerásimos
174;24.0651,37.6839;19500;;Panórmos
397;24.0530,37.6815;19500;;Káto Poseidonía
244;23.9387,38.2316;19014;;Agía Paraskevi Varnava
66;23.9065,38.2096;19014;;Pouríthi
32;23.9381,38.2134;19014;;Moní Panagías Varnáva
81;23.9123,38.2491;19014;;Agios Ioánnis Varnava
189;23.9741,38.2635;19014;;Agioi Dimítrios kai Panteleímon
136;23.9117,38.2343;19014;;Moní Metamorfóseos Sotíros
217;24.0628,38.1917;19007;;Agía Marína Grammatikoú
174;23.9937,38.2460;19014;;Sési
191;24.0322,38.1805;19007;;Ávra
1116;23.9775,38.0431;19009;;Neos Voutzás
218;23.9613,37.8943;19003;;Agía Triáda Markopoulou
243;23.9725,37.8904;19003;;Koylidás
185;24.0246,37.9180;19016;;Chamoliá
1024;23.8856,37.9751;19004;;Argithéa
2111;23.9329,38.0233;54124;;Dióni
923;23.9576,38.0264;19009;;Kallitechnoúpoli
566;23.9554,37.8244;19001;;Néos Kouvarás
886;23.9780,37.9934;19016;;Agia Kyriakií Spáton
87;23.9625,37.9990;54124;;Etos Stéko
211;23.9510,37.9954;54124;;Imeros Péfkos
113;23.9340,37.9892;19004;;Foínikas
284;23.9820,37.9602;19016;;Agios Ioánnis Spáton
584;23.9787,37.9655;19016;;Neápoli Spáton
518;23.9179,37.9783;19004;;Christoúpoli
195;23.9005,37.9744;19004;;Agios Nikólaos Mpoúra
257;23.9744,37.9751;19016;;Velanidiá
959;23.8031,38.2034;19011;;Agía Triáda
156;23.8287,38.1673;14568;;Drosopigí
131;23.8505,38.1730;14565;;Kosmothéa
293;23.8434,38.1892;14565;;Stathmós Afidnón
0;23.9014,38.1633;14565;;Límni Marathónos
276;23.8972,38.2550;46032;;Agioi Anárgyroi Kapandritíou
110;23.7793,38.2425;19011;;Sfendáli
39;23.8393,38.2340;19011;;Agios Geórgios Polydendríou
116;23.8586,38.2020;14565;;Taksiárches
68;23.8588,38.1926;14565;;Irakleideís
76;23.7175,38.3164;32011;;Kamári
122;23.7383,38.3113;19015;;Katifóri
272;23.7010,38.3169;32011;;Néo Sykámino
233;23.7075,38.3218;32011;;Pefkiás
308;23.7950,38.3039;19015;;Póntioi
386;23.7704,38.3313;19015;;Agios Konstantínos Oropoú
57;23.7267,38.3233;19015;;Agía Aikateríni
99;23.7284,38.3182;19015;;Agios Athanásios Oropoú
622;23.7863,38.3023;19015;;Néa Politeía
255;23.7609,38.3228;19015;;Kámpos Oropoú
138;23.7524,38.3224;19015;;Platánia Oropoú
257;23.5131,38.0868;19600;;Néos Póntos
1;23.2738,38.1437;19012;;Agía Paraskeví Vilíon
17;23.2949,38.1440;19012;;Kryo Pigádi
40;23.2892,38.1624;19012;;Agios Nektários Vilíon
2;23.3937,38.1630;19008;;Agios Konstantínos Vilíon
1;23.2211,38.0783;19012;;Loúmpa
52;23.2648,38.0844;19012;;Véniza
16;23.2066,38.1343;19012;;Mytikas
69;23.3320,38.1272;19012;;Agios Geórgios Mándras
488;23.4189,38.1063;19600;;Agios Sotír
34;23.4171,38.1349;19600;;Théa
6;23.4510,38.0983;19600;;Agios Charálampos Mándras
116;23.4933,38.0442;19600;;Diódia
28;23.4558,38.1758;19600;;Léfka
20;23.4586,38.1917;19008;;Moní Osíou Meletíou
518;23.4841,38.0834;19600;;Néa Zoí
252;23.3992,37.9750;19006;;Agía Triáda Megáron
339;23.1593,38.0698;19012;;Aigeiroúses
144;23.1797,38.0505;19012;;Moní Agíou Ioánnou Prodrómou
1462;23.4366,38.0273;19006;;Vlycháda
298;23.4031,38.0029;19006;;Koumíntri
517;23.3856,37.9941;19100;;Lákka Kalogírou
52;23.2689,38.0099;19100;;Moní Agíou Ierothéou
19;23.3605,38.0307;19100;;Moní Panachrántou
44;23.3138,37.9744;19100;;Stíkas
9;23.6567,38.1308;13351;;Moní Koimíseos Theotókou Kleistón
0;21.3005,40.3493;50001;;Kryonéri
0;21.3590,40.3120;50001;;Aidonochóri
0;21.3082,40.3091;50002;;Lefkothéa
0;21.3200,40.2949;50002;;Apidiá
0;21.3458,40.2700;50002;;Loukómi
0;21.3401,40.2231;50002;;Fytóki
0;21.8104,40.2173;50010;;Miliá
0;21.2089,40.1484;50007;;Tríkorfo
0;21.2557,40.1497;50007;;Ekklisiá
0;21.2633,40.1495;50007;;Páno Ekklisiá
0;21.2883,40.1446;51030;;Leípsi
0;21.4646,40.0851;51100;;Kalamítsi
0;21.4271,40.1293;51100;;Mikró Seiríni
0;21.4357,40.1521;51030;;Eléfthero Prosfýgon
0;21.3826,40.1602;51030;;Agía Triáda
0;21.3893,40.1666;51030;;Lóchmi
0;21.3445,40.1941;51030;;Dasáki
0;21.3590,40.1896;51030;;Kritharákia
0;21.4752,40.2047;51030;;Néa Trapezoúnta
0;21.4826,40.0379;51100;;Eleftherochóri
226;20.7836,39.7465;44007;;Lykóstomo
686;20.7394,39.7905;44007;;Metamórfosi
186;20.9633,39.7320;44014;;Miliotádes
195;20.9454,39.5982;45110;;Karadímas
0;20.2231,39.6148;46300;;Asprokklísi
0;20.2452,39.5772;46300;;Rágio
0;20.3451,39.5872;46300;;Síderi
0;20.4162,39.5821;46300;;Áno Palaiokklísi
6;21.8292,38.7781;36076;;Marínos
23;21.8579,38.9070;36100;;Léfka
2;21.7866,38.9282;36100;;Itiá
6;21.8069,38.9417;36100;;Veloúchi
1;21.6992,38.9541;36071;;Aroniáda
31;21.7704,38.8997;36100;;Mesampeliá
30;21.7365,38.8454;36075;;Néo Dermáti
134;21.7328,38.8430;36075;;Néo Mikró Chorió
175;21.5695,38.7602;36074;;Drosopigí
65;21.6476,38.7502;36074;;Koúli
15;21.6570,38.7491;36074;;Ierá Moní Prousoú
17;21.5865,38.7948;30021;;Kynigós
17;21.7697,38.3385;30020;;Karaoúlia
11;21.7639,38.3354;30020;;Myrtiá
30;21.7581,38.3322;30020;;Spartoráchi
878;23.5724,38.4642;34100;;Ksyróvrisi
60;19.6783,39.7187;49083;;Agios Geórgios Armenádon
68;19.6825,39.7162;49083;;Agios Geórgios Págon
113;19.6563,39.7653;49081;;Agía Pelagía
176;19.6429,39.7542;49081;;Agios Stéfanos Avliotón
45;19.6625,39.7650;49081;;Garnádes
56;19.6768,39.7729;49081;;Kouknikádes
56;19.6651,39.7669;49081;;Stáousa
3;19.6556,39.7361;49081;;Afionítika
96;19.6500,39.7428;49081;;Arillas
354;19.6552,39.7490;49081;;Aríllas Magouládon
38;19.6595,39.7435;49081;;Saoulátika
20;19.7464,39.7073;49083;;Troumpéttas
89;19.8768,39.5899;49084;;Agios Geórgios Viroú
1021;19.9122,39.5829;49084;;Perama
142;19.9020,39.5792;49084;;Pikoulátika
196;19.8929,39.5767;49084;;Soulaíika
898;19.8974,39.5901;49084;;Chrysiída
9;19.8676,39.5586;49084;;Kardamátika
39;19.8740,39.5772;49084;;Estavroménos
213;19.7230,39.7863;49081;;Agios Ioánnis Karousádon
89;19.7724,39.7854;49081;;Róda Karousádon
218;19.7021,39.7783;49081;;Gousádes
118;19.6871,39.7601;49081;;Poulimátes
63;19.6929,39.7639;49081;;Tsoukalió
94;19.7480,39.7627;49081;;Agia Paraskeví
351;19.7126,39.7730;49081;;Livádi
72;19.7168,39.7455;49081;;Psathylas
52;19.6967,39.7853;49081;;Méga Ydrí
19;19.8297,39.7796;49081;;Vrachlerí
47;19.8228,39.7753;49081;;Lazarátika
36;19.8218,39.7784;49081;;Priftiátika
2;19.8256,39.7698;49081;;Fourní
205;19.8094,39.7908;49081;;Agios Stéfanos Episképseos
110;19.8479,39.7882;49081;;Agios Martínos
26;19.8759,39.7905;49081;;Magárika
17;19.8670,39.7979;49081;;Vathí
20;19.8532,39.7976;49081;;Vasiliká Peritheías
126;19.8703,39.8012;49081;;Pelekitó
32;19.8461,39.7910;49081;;Riliátika
24;19.8281,39.7557;49081;;Droserí
26;19.8339,39.7576;49081;;Eríva
1;19.9123,39.7713;49083;;Agios Geórgios Kassiópis
125;19.9102,39.7872;49081;;Imeroliá
11;19.9163,39.7769;49081;;Lithiasménos
13;19.9152,39.7608;49083;;Pigí
31;19.9304,39.7445;49100;;Vlachátika
14;19.9329,39.7477;49100;;Plagiá
34;19.9328,39.7422;49100;;Ráchi
21;19.8955,39.7297;49083;;Apolysoí
53;19.9259,39.7551;49083;;Kókkini
14;19.9247,39.7595;49083;;Kokkokílas
31;19.9344,39.7505;49100;;Sarakinátika
24;19.9202,39.7543;49083;;Tritsí
563;19.8352,39.6403;49100;;Kyrá Chrysikoú
0;19.8803,39.6487;49100;;Lazaréto
0;19.9178,39.5862;49100;;Pontikonísi
356;19.8047,39.6400;49083;;Templóni
49;19.9874,39.4133;49080;;Potámia
82;20.0225,39.3959;49080;;Gardénos
21;19.8538,39.5003;49084;;Skála
27;19.9226,39.5121;49084;;Agios Ioánnis Peristerón
52;19.7304,39.6733;49083;;Géfyra
79;19.7328,39.6976;49083;;Agía Anna
94;19.7460,39.6832;49083;;Papathanátika
99;19.7869,39.6782;49083;;Félekas
38;19.8393,39.5652;49084;;Aspái
28;19.8301,39.5766;49084;;Kontogialós
192;19.8441,39.6074;49084;;Agia Triáda
72;19.8019,39.6325;49083;;Kouramadítika
210;19.8716,39.6110;49100;;Agios Vlásios
49;19.8424,39.6277;49100;;Kourkoulaíika
4;19.8212,39.5837;49084;;Avrámis
38;19.8248,39.5981;49084;;Agios Onoúfrios
83;19.7998,39.6041;49084;;Kokkinógeia
50;19.8178,39.6022;49084;;Plakotó
219;19.8171,39.6865;49083;;Agios Vasíleios
725;19.8479,39.6634;49083;;Límni
867;19.8334,39.7061;49083;;Káto Agios Márkos
39;19.8181,39.7438;49083;;Omalí
88;19.8458,39.7095;49083;;Pyrgí
12;19.7628,39.7112;49083;;Pílida
329;19.5210,39.7710;49081;;Mathráki
526;20.7985,37.8265;29090;;Alónia
7;20.7973,37.8384;29090;;Kastélia
164;20.8158,37.8348;29090;;Psaroú
33;20.8296,37.7771;29092;;Chamouzás
20;20.8490,37.8165;29100;;Limontaíika
7;20.8201,37.7975;29092;;Psaraíika
92;20.8280,37.8333;29090;;Drosiá
61;20.8378,37.8270;29100;;Nerómylos
7;20.7424,37.7649;29092;;Fteríni
45;20.8080,37.7625;29092;;Melinádo
36;20.7050,37.8715;29091;;Agía Thékli
38;20.7219,37.8830;29091;;Mikró Nisí
31;20.7006,37.8970;29091;;Askós
30;20.7075,37.8999;29091;;Varvára
26;20.6766,37.9003;29091;;Eliés
10;20.7229,37.8712;29090;;Koróni
324;20.8651,37.7645;29100;;Kalpáki
627;20.9007,37.7579;29100;;Kallitéros
8;20.9455,37.7298;29100;;Agios Ioánnis
112;20.8866,37.7786;29100;;Kydóni
8;20.8233,37.6954;29092;;Ai Giánnis
2;20.8102,37.6798;29092;;Ámpelos
9;20.8001,37.6930;29092;;Stimiés
303;20.8954,37.7509;29100;;Margaraíiika
0;20.8731,37.7392;29100;;Peukákia
35;20.8131,37.6734;29092;;Apeláti
469;20.8159,37.6611;29092;;Kerí
8;20.5707,38.6831;31082;;Panochóri
247;20.6988,38.7145;31084;;Ráchi
1;20.7130,38.6737;31084;;Desími
428;20.7077,38.7043;31084;;Kallithéa
82;20.7053,38.6973;31084;;Stenó
19;20.6384,38.7435;31080;;Ammókampos
103;20.7218,38.7695;31080;;Epískopos
22;20.6496,38.8095;31100;;Kalavrós
291;22.8619,39.7486;40003;;Velíka
21;22.8220,39.2061;37100;;Paralía Almyroú
12;22.8284,39.1944;37100;;Áyios Ioánnis Evxinoupóleos
361;22.7957,39.2306;37400;;Korfaláki
12;22.8390,39.1763;37100;;Chorostási
27;23.0253,39.0153;37007;;Áyios Dimítrios Achilleíou
49;22.9871,39.0523;37007;;Ayía Marína
22;22.9583,39.0302;37007;;Áyioi Apóstoloi Pteleoú
8;22.9869,39.0426;37007;;Karavotsáki
32;22.9577,39.0243;37007;;Leichoúra
99;22.9798,39.0376;37007;;Pigádi
15;22.9155,39.1240;37008;;Niés
37;22.8358,39.1247;37008;;Kontarólakka
22;23.9239,39.1885;34002;;Áyios Pétros
59;23.9289,39.2016;34002;;Kalamákia
59;23.8509,39.1343;37005;;Marpoúnta
34;22.5994,38.9063;35300;;Vasilikí
14;22.6546,38.8947;35300;;Koútsouro
24;22.6520,38.8982;35300;;Melíssia
36;22.6762,38.8827;35300;;Petarádes
11;22.6500,38.9016;35300;;Plákes
21;24.5223,37.1670;84005;;Ágios Ioánnis Serífou
21;24.4637,37.1374;84005;;Gánema
29;24.5057,37.1991;84005;;Platys Gialós
26;24.4769,37.1951;84005;;Sykamiá
27;24.6765,37.0094;84003;;Trouláki
0;23.2632,39.1365;37013;;Mikro
420;22.0773,38.3809;25009;;Glyfáda
0;20.3865,39.2871;48060;;Chrysogiáli
0;20.7293,39.3477;44009;;Agía Triáda
0;20.7658,38.9744;48100;;Psatháki
11;25.9310,36.8767;84008;;Agios Pávlos
12;25.8802,36.8293;84008;;Kastelópetra
3;25.7786,36.8032;84008;;Mávri Myti
10;25.8052,36.7936;84008;;Rachoúla
51;25.9786,36.9075;84008;;Paralía Tholaríon
58;25.8540,36.8122;84008;;Léfkes
6;25.8586,36.8364;84008;;Nerá
48;25.8707,36.8309;84008;;Péra Rachídi
19;25.8752,36.8283;84008;;Christouláki
17;22.6219,37.5852;21057;;Zógka
49;22.7068,37.6674;21200;;Agía Aikateríni Koutsopodíou
111;22.7073,37.6594;21200;;Aerodrómio
137;22.6874,37.6813;21200;;Panórama
23;22.6779,37.6827;21200;;Synoro
33;22.6626,37.6677;21200;;Chantákia
79;22.6573,37.4870;21057;;Velanidiá
11;22.7198,37.5673;21053;;Almyrós
67;22.6960,37.5766;21053;;Dichália
14;22.5746,37.6443;21058;;Agios Geórgios Karyás
149;22.5961,37.6253;21058;;Agrilítsa
25;22.5802,37.6388;21058;;Galanaíika
43;22.5921,37.6310;21058;;Galáti
39;22.6285,37.6247;21200;;Mpozionelaíika
85;22.6099,37.6173;21200;;Spanaíika
19;22.5887,37.6214;21058;;Straví Ráchi
124;22.6543,37.6324;21200;;Choúni
12;22.6182,37.6064;21057;;Agios Stéfanos Fregkaínis
58;22.5639,37.6089;22005;;Mekoúrio
19;23.0293,37.6001;21052;;Asklipeíio Epidávrou
36;23.0195,37.6169;21052;;Spileiá
13;23.0073,37.5998;21052;;Cháni Merkoúri
28;23.1077,37.5933;21059;;Dimosiá
74;23.1581,37.6162;21059;;Panagía
45;23.1363,37.6305;21059;;Panórama Epivádrou
85;23.0749,37.6847;21054;;Néa Dhímaina
24;23.1469,37.5713;21059;;Eksochí
34;23.1372,37.5547;21059;;Stavrós
135;23.2824,37.4049;21051;;Achladítsa
193;23.2087,37.3436;21051;;Agioi Anárgyroi
81;23.2468,37.3534;21051;;Kouvérta
365;23.1851,37.3393;21300;;Petrothálassa Kranidiou
8;23.2772,37.4618;21051;;Triantafylli
15;23.3633,37.4169;21051;;Agía Aikateríni Thermisías
7;23.3404,37.4162;21051;;Aktí Ydras
20;23.3911,37.4135;18040;;Solinári
8;23.0946,37.3537;21300;;Agios Nikólaos Kranidíou
80;23.1647,37.3926;21300;;Avlóna
26;23.1883,37.3587;21300;;Diskoúria
2;23.1055,37.3944;84301;;Doroúfi Kranidíou
87;23.1958,37.3057;18050;;Kounoúpi
0;23.0754,37.3901;84301;;Thyni
14;23.1058,37.3880;84301;;Lákkes
42;23.1924,37.2981;18050;;Ágios Aimilianós
130;23.1336,37.3352;21300;;Ververoúda
71;23.1640,37.2970;18050;;Kósta
71;23.1403,37.3088;18050;;Chinítsa
9;23.1781,37.5066;84301;;Peleí
1;23.1282,37.4481;84301;;Salánti
8;23.1401,37.4284;84301;;Paralía Foúrnon
34;22.8792,37.5292;21060;;Paralía Asínis
24;22.9101,37.5385;21060;;Néa Marathéa
92;22.8814,37.6441;21000;;Amarianós
130;22.7884,37.6439;21055;;Iraíon
41;22.8914,37.5797;21060;;Aspróvrysi
21;22.8649,37.5835;21060;;Paliochóra
136;22.8131,37.5915;21100;;Kapodístrias
41;22.8483,37.5870;21100;;Panagía
80;22.8718,37.6016;21000;;Profítis Ilías
36;21.6512,39.4097;43060;;Meligós
0;24.4681,36.7287;84801;;Paraspóros
0;20.5633,38.6420;31082;;Lefkas Egremni
17;23.4665,40.0536;63077;;Lefkí Peristéra
31;23.3524,40.0506;63077;;Eláni
0;23.3459,40.0802;63077;;Fylakés Ksenofóntos
0;23.3080,40.1020;63077;;Pyrgos Saní
0;23.3738,40.0975;63077;;Fylakés Karakállou
1;23.4265,39.9693;63077;;Mpoulamátsia
125;23.4559,39.9708;63077;;Móles Kalyves
13;23.4880,40.0356;63077;;Évdos
25;23.4958,40.0308;63077;;Kassándra Pallás
26;23.5455,39.9427;63085;;Fráma
6;23.7376,39.9299;63085;;Ághios Nikólaos Paliouríou
5;23.7311,39.9307;63085;;Ksyná
21;23.5989,39.9824;63085;;Léfkes
10;23.6106,39.9691;63085;;Panórama
82;23.7790,40.6107;57014;;Chysí Aktí
14;23.7979,40.3525;63075;;Pyrgos Chiliadoús
12;23.9247,40.3279;63075;;Limáni Ammoulianís
6;23.9243,40.3640;63075;;Trypití
73;23.8347,40.4409;63075;;Gavrádia
4;23.8950,40.3923;63075;;Limáni Ierissoú
6;23.9113,40.3864;63075;;Niréas
2;23.9352,40.3608;63075;;Metókhi Agíou Pávlou
9;23.9491,40.3547;63075;;Skála
9;23.3556,40.2511;63200;;Papá Alóni
209;23.3267,40.2091;63200;;Pórtes
76;23.2354,40.2516;63200;;Mouriés
63;23.2642,40.2467;63200;;Paralía Portariás
31;23.1803,40.2710;63079;;Paralía Néas Triglías
179;23.1662,40.2775;63079;;Metóchi
118;23.1866,40.4758;57006;;Agía Anastasía
177;23.1642,40.4779;57006;;Kiourktsóglou
38;23.5156,40.2628;63071;;Néa Sermyli
32;23.5312,40.2411;63071;;Nisí
12;23.5545,40.2371;63071;;Paralía Vatopedíou
69;23.6028,40.2531;63088;;Metóchi Metamorfóseos
206;23.4347,40.4418;63100;;Diastávrosi Palaiokástrou
9;23.9831,40.0748;63072;;Platánia
6;23.9865,40.0355;63072;;Pigadáki
77;23.9838,40.0419;63072;;Paralía Sykiás
24;23.8903,39.9962;63072;;Desteníka
3;23.7046,40.3311;63078;;Ágioi Theódoroi
3;23.6930,40.2809;63078;;Elaiónas
2;23.8460,40.0207;63072;;Styladário
26;23.8072,40.0798;63081;;Ímeri Eliá
34;23.8163,40.0240;63081;;Galíni Néou Marmará
5;23.8595,40.0222;63072;;Azápiko
0;23.7623,40.2041;63078;;Fterotí
6;23.7055,40.2615;63078;;Schoiniá
0;23.7021,40.2690;63078;;Pyrgos
31;23.6941,40.2960;63078;;Salonikioú
0;23.7587,40.2225;63078;;Galíni Agíou Nikoláou
2;23.7738,40.2157;63078;;Diáporos
128;26.1473,38.3322;82100;;Lefkoniá
20;25.9297,38.4673;82103;;Koskinás
5;25.8469,38.5239;82103;;Ezoúsa
17;26.1032,38.2870;82102;;Voudótopos
73;26.1154,38.2825;82102;;Monoliá
6;26.0769,38.2069;82102;;Nektá
15;26.1495,38.5130;82300;;Pyrgiá
4;26.0401,38.5891;82300;;Paralía Amádon
6;25.9561,38.1960;82102;;Karynta
1;25.9905,38.3402;82102;;Liménas Lithíou
7;26.1070,38.4210;82200;;Aípos
13;26.0796,38.3750;82100;;Agía Paraskeví
37;26.1105,38.3814;82100;;Ágios Dimítrios
5;26.2570,38.5113;82101;;Aspalathrókampos
7;26.9420,37.7606;83100;;Aghía Markélla
46;27.0068,37.7465;83100;;Aghía Triádha
21;26.9948,37.7158;83100;;Ái Thanásis
106;26.9873,37.7402;83100;;Varélla
69;26.9960,37.7339;83100;;Dhrosiá
6;27.0259,37.7698;83100;;Zoodóchos Pigí
112;26.9737,37.7443;83100;;Koumariónas
30;26.9804,37.7448;83100;;Moraïtochóri
144;26.9914,37.7451;83100;;Nikóla
19;26.9910,37.7531;83100;;Panaītsa
23;26.9717,37.7272;83100;;Plátanos Vathéos
16;26.9893,37.7126;83103;;Tourkomylonás
11;26.9824,37.7788;83100;;Asprochórti
23;26.9977,37.7772;83100;;Galázio
29;26.7788,37.8090;83200;;Petalídes
1;26.8291,37.7910;83104;;Margharhítes
45;27.0042,37.7293;83100;;Argyrós
54;27.0343,37.7291;83100;;Charavgí
26;26.7413,37.8121;83200;;Ágios Nikólaos
82;26.7140,37.7106;83102;;Velanidiá
6;26.6574,37.7057;83102;;Isómata
29;26.6315,37.6938;72058;;Limniónas
13;26.7565,37.6927;83104;;Péfkos
3;26.9239,37.7483;83101;;Kamára Mytilinión
40;26.9709,37.7057;83103;;Potámi Mesokámpou
63;26.9132,37.7216;83101;;Rizovráchos
28;26.8845,37.6707;83103;;Kolóna
29;26.9617,37.6951;83103;;Karpóvoulos
76;26.9206,37.6943;83103;;Néa Póli
123;26.9654,37.7000;83103;;Poúntes
49;26.8590,37.7088;83101;;Giónides
16;26.7857,37.6517;83104;;Avánti
8;26.7944,37.6455;83104;;Apóstolos Pávlos
13;26.7824,37.6587;83104;;Vergí
9;26.7718,37.6739;83104;;Kalogerikó
25;26.7785,37.6651;83104;;Kyrgianni
12;26.8058,37.6401;83104;;Sykiá
0;24.4236,36.7314;84801;;Mikrí Schinopí
0;24.4134,36.7535;84801;;Pláthiena
101;24.3706,40.9378;65403;;Ágios Syllas
48;24.4538,40.9481;65201;;Áspri Ámmos
17;24.5190,41.0031;64006;;Áno Léfki
572;24.3753,40.9857;64012;;Neos Zygos
20;24.6071,40.8919;64011;;Paralía Agiásmatos
13;24.6044,41.0360;64200;;Kryonéri Makrychoríou
11;24.6045,41.0418;64200;;Plataniá
19;24.7219,41.0559;64200;;Damaskiniá
468;24.7070,41.0250;64200;;Néos Xeriás
120;24.5819,40.9832;64006;;Áno Pontolívado
655;24.2418,40.8978;64100;;Panagiá
22;24.2209,40.9141;64100;;Áno Chortokópi
5;24.2825,40.8100;22018;;Agía Marína
13;24.2993,40.8167;64007;;Ágios Athanásios
27;24.2480,40.7946;22018;;Paralía Elaiochoríou
9;24.1821,40.7633;22018;;Paralía Myrtofytou
45;24.3205,40.8509;64007;;Apováthra
9;24.1439,40.7413;22018;;Pyrgos
73;23.9965,40.7342;64008;;Vrysi
50;23.9334,40.7540;62041;;Mégas Aléxandros
1;24.1635,40.8853;64008;;Paliá Avlí
38;23.8503,40.8110;62049;;Néa Amfípoli
49;23.7967,40.7748;57021;;Aktí Néon Kerdylíon
4;23.8666,40.7807;57021;;Limáni
24;23.7710,40.7637;57021;;Logkári
30;23.8246,40.7822;57021;;Sykiá
23;24.0408,41.0358;66034;;Áno Symvolí
282;26.8327,37.1516;85400;;Goúrna
1;24.6723,40.7823;64011;;Glyfáda
4;24.6850,40.7788;64011;;Nistéri
10;24.7213,40.6060;64005;;Thymoniá
1;24.6903,40.6002;64005;;Livádi
2;24.7641,40.6454;64004;;Parádeisos
79;24.6403,40.5836;64002;;Paralía Astrídos
2;24.6208,40.5960;64002;;Rosogkremós
2;24.7279,40.6046;64005;;Skídia
9;24.6308,40.5844;64002;;Psilí Ámmos
1;24.7337,40.7022;64004;;Léfki
11;22.9932,38.7437;35007;;Kalypsó
27;23.5600,41.1671;62121;;Chrysopigí
23;23.1074,41.1807;62053;;Koryfoúdi
499;23.0875,41.2612;62055;;Neochóri Sintikís
95;23.1930,41.2636;62043;;Thrakikó
161;23.1988,41.2634;62043;;Omaló
1;23.2385,41.2762;62043;;Áno Vyróneia
25;23.3456,41.2638;62043;;Stathmós
215;23.0332,38.0542;20300;;Agía Sotíra
91;23.0775,38.0572;20300;;Vamvakés
18;23.0979,38.0577;20300;;Mavrolímni
107;22.7458,37.9663;20002;;Sataíika
110;22.8141,37.9306;20001;;Ayía Marína
15;22.8180,37.8819;20007;;Veliniátika
979;22.8932,37.9306;20007;;Archaío Limáni
83;22.9640,37.9116;20010;;Áyios Kosmás
61;22.9203,37.9083;20007;;Dáfni Examilíon
816;22.9398,37.9075;20100;;Káto Examília
68;22.9759,37.8781;20010;;Ayía Paraskeví
71;22.9693,37.8977;20010;;Áyios Dimítrios
29;22.9783,37.8919;20010;;Thymarióna
61;22.9921,37.8930;20010;;Panórama Xylokerízis
9;22.9800,37.8561;20005;;Thyméli
1005;22.9961,37.8647;20010;;Loutrá Oraías Elénis
24;23.0020,37.8355;20004;;Néa Almyrí
41;22.9763,37.8387;20005;;Ntrássa
77;23.0694,37.8366;20004;;Arakoúkia
128;23.0277,37.8373;20004;;Vlasaíika
31;23.0365,37.8431;20004;;Sideróna
38;23.0755,37.7928;20004;;Áyios Vlássis
48;23.1647,37.8047;20004;;Kiourkáti
204;23.1244,37.8342;20004;;Pefkáli
9;23.1128,37.8413;20004;;Frangolímano
20;23.1589,37.7691;20004;;Áyios Pétros
17;23.1380,37.7712;20004;;Ílios
14;23.1321,37.7599;20004;;Kávos Kórfou
215;22.8442,37.8288;20008;;Koutalás
174;22.8590,37.8436;20008;;Mapsós
148;23.0114,37.9044;20010;;Kávos
78;23.0089,37.9246;20010;;Parádeisos
10;22.9788,38.0688;20300;;Alkyóna
358;23.0027,37.9286;20010;;Géfyra Isthmoú
96;23.0127,37.9547;20300;;Eiríni
48;23.0239,37.9609;20300;;Kallithéa Loutrakíou
7;22.9024,38.0193;20300;;Skáloma
1;22.9424,38.0657;20300;;Skalosiá
67;22.7207,37.7824;20500;;Dervenákia
61;22.3986,38.1056;20009;;Koumariás
4;22.4304,37.9473;20014;;Zíreia
81;22.6965,38.0410;20200;;Oikodomikós Synetairismós Ypallílon DEI
76;22.5158,38.0691;20012;;Nées Vrysoúles
66;22.7220,38.0351;20200;;Paralía
44;22.7227,38.0209;20200;;Kokkiniá
137;22.7394,38.0018;20200;;Dhourvatióna
11;22.3773,37.8661;20014;;Mikrós Machalás
25;22.2734,37.8828;20014;;Loúzio
701;23.8502,38.1021;14578;;Efédron Anagénnisi
5;20.2908,39.3381;48060;;Karavostási
63;20.3009,39.3625;46030;;Vounístra
0;22.3510,40.2949;60100;;Lagorrachi
29;23.5505,37.7495;18010;;Kávos
91;23.4703,37.7010;18010;;Aiginítissa
19;23.2888,35.8730;80100;;Charchalianá
8;22.9612,36.1768;80200;;Poúrko
284;22.9842,36.1822;80200;;Áno Livádhion
14;22.9979,36.2578;80200;;Palaiópolis
11;22.9981,36.2673;80200;;Kámpos Palaiopóleos
0;22.0545,39.5073;43200;;Metamorfosi
0;22.2650,39.3888;43062;;Iperia
0;22.3059,39.3628;10438;;Pirgakia
101;23.4712,37.5234;18020;;Ágios Nektários Pórou
213;23.4713,37.5097;18020;;Kyaní Aktí
152;23.5519,37.9437;18902;;Kynosoúra
136;23.5358,37.9492;18902;;Spithári
96;23.4924,37.9044;18903;;Dimitráni
153;23.4471,37.8798;18903;;Kolónes
141;23.4798,37.8914;18903;;Maroúdi
206;23.4630,37.8851;18903;;Peristéria
58;23.5177,37.9745;18900;;Ellinikó Salamínas
235;23.5023,37.9987;18900;;Mpatsí
198;23.4297,37.9776;19006;;Stenó
4;23.1677,37.2599;18050;;Kouzoúnos
4;23.1391,37.2740;18050;;Ligonéri
46;23.3947,37.6370;21061;;Áyios Geórgios Methánon
8;23.3544,37.6365;21061;;Áyios Nikólaos Methánon
302;23.4232,37.5000;18020;;Ayía Sotíra
1;23.2571,37.5740;21059;;Mylos
1;23.2658,37.5577;18030;;Neratziá
2;23.2421,37.5819;21059;;Nisída
37;23.2475,37.5193;18030;;Chóra
2;23.3828,37.5456;18030;;Aktí Agápis
0;23.4078,37.3108;18040;;Zógeri
1;23.5679,37.3608;18040;;Zogkaíika
1;23.4959,37.3247;18040;;Klimáki
11;23.4819,37.3534;18040;;Mandráki
1;23.4148,37.3248;18040;;Mólos
1;23.4306,37.3294;18040;;Palamidás
2;22.5945,38.6577;35002;;Stathmós Amfíkleias
1;22.5768,38.6214;35002;;Fterólakka
1;22.5723,38.6378;35002;;Pefkóvrysi
1;22.5803,38.6300;35002;;Perdikóvrysi
84;22.4576,38.7041;33057;;Stathmós Mprálou
11;22.8333,38.6054;35004;;Katályma
189;22.3793,39.0293;35010;;Néos Palamás
57;22.4778,38.7986;35014;;Chalvantzaíika
922;22.4902,38.9010;35100;;Agía Paraskeví Lamiéon
134;22.3968,38.8372;35014;;Zakaíika
90;22.3987,38.8547;35100;;Ydrómilos
131;22.3462,38.7351;33063;;Néa Pávliani
22;22.2643,38.9038;35016;;Magoúla
12;22.2678,38.8914;35016;;Néa Ypáti
36;23.0747,38.6656;35007;;Palírroia
10;23.0740,38.6297;35200;;Efkályptos
4;23.1265,38.6319;35001;;Mikróvivos
31;22.9502,38.7473;35006;;Ayía Aikateríni Arkítsas
26;22.9565,38.7466;35006;;Áyios Nikólaos Arkítsas
8;22.9737,38.7330;35007;;Pournára
3;23.2375,38.6501;35001;;Lekoúna
7;23.2130,38.5574;35005;;Metalleíon Tsoúkkas
22;23.2864,38.5718;35012;;Lagonísi
373;23.2992,38.5662;35012;;Metalleía
23;22.0488,38.9370;35011;;Papadéika
66;21.9974,38.8913;35017;;Koutsoúfliani
32;21.9557,38.8421;36076;;Koureléika
10;22.0209,38.8908;35017;;Chánia Kampión
37;22.1125,38.9092;35003;;Anoígmata
43;22.0999,38.9120;35003;;Trifyllia
27;21.9389,38.8509;36076;;Kéthra
87;22.8971,38.7731;35006;;Aktí
30;22.8216,38.7838;35008;;Aspronéri
55;22.8306,38.7755;35006;;Neochóri
79;22.8607,38.7451;35006;;Néa Ágnanti
159;22.7386,38.8063;35008;;Ayía Aikateríni
58;22.7296,38.8134;35008;;Néo Thrónion
2;22.7551,38.8712;35008;;Dhrépano
12;22.7160,38.8845;35300;;Paralía Achinoú
4;22.7298,38.8766;35009;;Plataniás
7;22.7356,38.8748;35009;;Drosiá
39;22.6914,38.8811;35300;;Panórama
21;22.7951,38.8819;35013;;Foúrnoi
20;22.7648,38.8768;35013;;Ftiliá
32;23.0031,38.9743;34012;;Fanós
2;22.9934,38.9584;34012;;Dhrymária
2;22.9512,38.9436;35013;;Pagóni
25;22.9328,38.9428;35013;;Limáni Vathikoílou
40;22.8588,38.9284;35013;;Paralía Pelasgías
40;22.8760,38.9241;35013;;Liasíki
105;21.2890,38.5752;30027;;Stathmós Angelokástrou
15;21.3845,38.5408;30003;;Áyios Yeórgios Kleisorrevmáton
64;21.3641,38.5423;30003;;Brésiakon
327;21.4318,38.5946;30003;;Áyios Ioánnis Riganás
66;21.3951,38.6086;30100;;Veloúchi
447;21.4093,38.5990;30100;;Yiannoúzi
147;21.4252,38.6052;30100;;Elefthería
26;21.4202,38.5871;30003;;Strongilaíika
266;21.2784,38.6239;30027;;Áyios Geórgios Kalyvíon
190;21.4363,38.6223;30100;;Kokkinopylia
129;21.4194,38.7226;30027;;Raīna
97;21.4924,38.5264;30011;;Ayía Marína
3;21.4823,38.4701;30011;;Klíma
59;21.4204,38.5257;30011;;Áno Zevgarákion
22;21.3958,38.5386;30003;;Kamaretsaíika
21;21.4349,38.5273;30011;;Loléika
66;21.4651,38.6597;30100;;Kakavás
12;21.4918,38.6678;30010;;Láspes
20;21.5823,38.5123;30015;;Saránti
44;21.6267,38.4385;30014;;Ayía Triás Makrinoús
38;21.6243,38.4533;30015;;Kypséli
16;21.3502,38.6757;30027;;Alónia
29;21.5214,38.7165;30021;;Xirákia
21;21.4715,38.7006;30027;;Varkoúlia
62;21.4764,38.6938;30027;;Ellinikón
30;21.4694,38.6890;30027;;Zevgaráki Skouterás
58;21.4739,38.6777;30100;;Límni
46;21.5040,38.6216;30010;;Ayía Varvára Paravólas
26;21.6228,38.6214;30008;;Loústra
21;21.6130,38.6854;36074;;Káto Lampíri
136;21.5702,38.6020;30010;;Dhogrí
92;21.5581,38.6167;30010;;Áyios Geórgios Palaiokariás
27;21.5212,38.6487;30010;;Áyios Ioánnis Peristeríou
26;21.6140,38.6378;30010;;Makrá Logká
21;21.6052,38.6349;30010;;Stekoúla
13;21.6175,38.8579;30021;;Lakómata
9;21.6080,38.8758;30021;;Chárama
24;21.5048,38.8154;30021;;Káto Áyios Vlásios
7;21.5101,38.8035;30021;;Lápato
23;21.4973,38.7988;30021;;Skalitína
8;21.4354,38.8236;30021;;Krápsi
16;21.4787,38.8173;30021;;Plátanos Ambelíon
13;21.5074,38.7741;30021;;Ayía Deftéra
7;21.5306,38.7741;30021;;Andhronaíika
5;21.5395,38.7820;30021;;Ayía Paraskeví Pentakórfou
48;21.4033,38.7321;30027;;Ayía Varvára Saryiádhas
31;21.5675,38.8747;30021;;Charavgí
17;21.5494,38.8446;30021;;Kámbos
21;21.5568,38.8552;30021;;Skiadaíika
6;21.5528,38.8503;30021;;Río
19;21.5457,38.8506;30021;;Basdhounaíika
41;21.2873,38.7356;30009;;Langádhi
0;23.2740,38.9434;34200;;SOFos
32;22.6342,38.4768;32004;;Zemenó
141;23.1053,39.3216;37010;;Aghía Triádha
23;23.0738,39.3297;37300;;Dyo Révmata
51;23.1327,39.3149;37010;;Argyraíika
246;23.1379,39.2955;37010;;Korópi
14;23.1494,39.3079;37010;;Stavrodrómi
111;23.1259,39.3154;37010;;Ágios Athanásios
43;23.0214,36.7190;23070;;Porí
5;23.0461,36.7428;23070;;Kremmydi
3;22.9940,36.6508;23070;;Kalyves
11;23.0414,36.6104;23070;;Kastélla
136;23.0284,36.6412;23070;;Ksifías
51;23.0233,36.6541;23070;;Trochalía
20;22.9393,36.6724;23056;;Klironomaíika
25;23.9139,38.3873;34006;;Galázia Nerá
3;23.8681,38.4405;34006;;Paratheristikós Oikodomikós Synetairismós Olympiakís Aeroporías
1966;22.1568,37.0071;24100;;Paralía Vérgas
111;22.1522,37.0273;24020;;Agriómata
16;22.1625,37.0126;24020;;Moúsga
37;22.1666,37.0367;24020;;Páno Galári
76;22.0862,37.0559;24100;;Spitákia
46;22.1134,37.0655;24020;;Profítis Ilías
279;22.1032,37.0608;24020;;Kserokámpi
127;22.0896,37.0433;24100;;Mpourniás
38;22.1320,37.0536;24020;;Kallithéa
36;22.1381,37.0485;24020;;Filothéi
62;22.1205,37.0565;24020;;Ágios Fanoúrios
21;22.1371,37.0431;24020;;Ágioi Pántes
26;22.1465,37.0511;24020;;Gianitsánika
2;21.0442,39.5091;47043;;Roúga
48;20.8253,39.4032;44009;;Mesoúra
127;20.8895,39.5383;44013;;Molyvadiá
98;20.9018,39.5599;45110;;Taksiárchis
16;20.7291,39.5752;45110;;Zoodóchos Pigí Agías Anastasías
129;20.7851,39.5575;45110;;Dodonoúpoli
50;20.8026,39.5339;45110;;Agía Triáda Melingón
25;20.7760,39.4582;44009;;Áno Achladiés
25;20.6898,39.2929;46031;;Sykées
18;20.6277,39.5467;46200;;Paliourí
31;20.7135,39.5009;44009;;Káto Asprochóri
34;20.6300,39.5261;46200;;Profítis Ilías Valanidiás
8;20.6774,39.5274;46200;;Boúlmou
8;20.7576,39.4649;44009;;Análipsi Líppas
21;20.7288,39.5445;45110;;Bagaíoi
34;20.6472,39.4971;46200;;Pilogranítsa
0;22.6857,39.4237;37500;;Agrokípio
0;22.6437,39.2962;37500;;Argithéa
0;22.6105,39.2883;37500;;Ágios Charálampos
2;22.0946,37.5063;22022;;Áno Kalyvia Syrnas
132;21.9213,36.8866;24010;;Episkopí
23;21.9240,36.8767;24010;;Makrá Ámmos
12;21.9238,36.8945;24010;;Mpitsikólaka
12;21.9157,36.9028;24010;;Psilí Ráchi
101;22.6429,39.2842;37500;;Eleftherochóri
0;26.1785,37.6301;83302;;Evdilos
0;21.0833,40.0333;51032;;Vasilitsa
0;21.9353,36.8113;24004;;Agia Triada
118;25.0277,35.3985;71414;;Lygariá
0;25.3829,37.4212;84600;;Agrári
0;25.3587,37.4864;84600;;Ágios Sóstis
0;26.9544,37.6920;83103;;Mykali
176;25.3561,37.0685;84300;;Agía Ánna
0;20.6002,38.1160;28083;;Karavados
0;23.0589,39.3616;37300;;Agios Lavrentios
0;22.8562,38.7580;35006;;Aghios Konstantinos
0;25.2143,37.1295;84401;;Kolibithres
0;25.8984,36.8318;84008;;Chora
0;28.0831,36.4004;85106;;Paradeisi
13;21.0191,39.7542;44014;;Agía Paraskeví
1;20.9595,39.7667;44014;;Ámpelos
38;20.9968,39.7380;44014;;Ágios Geórgios Dematíou
63;20.9966,39.7608;44014;;Liápi
102;20.7492,39.8741;44018;;Vítsa
9;20.6192,39.7598;44003;;Melíssi
5;20.5373,39.7627;44003;;Káto Aetópetra
59;20.5631,39.5648;44017;;Káto Vereníki
28;20.5457,39.5519;46200;;Venteríkos
56;20.5530,39.5507;46200;;Palaiochóra
4;20.5333,39.6533;44017;;Ágios Geórgios Vrosínas
21;20.5923,39.6502;44017;;Petsáli
49;20.6192,39.6026;44017;;Láliza
83;20.7985,39.6929;45333;;Aspróchoma
479;20.8075,39.6656;45333;;Ámmos
3172;20.8196,39.6782;45333;;Kardamítsia
705;20.8282,39.6428;45110;;Káto Mármara
322;20.8019,39.6722;45333;;Olympiáda
717;20.8393,39.6502;45332;;Velissários
593;20.8366,39.6655;45333;;Pentéli
1571;20.8388,39.6562;45332;;Tsiflikópoulo
2975;20.8224,39.6874;45333;;Eksochí
776;20.8409,39.6402;45110;;Káto Neochorópoulo
55;20.8622,39.5855;45110;;Ftéri
223;20.8379,39.5873;45110;;Chioniása
19;20.8358,39.5742;45110;;Filothéi
83;20.9630,39.6067;45110;;Goúlas
18;20.9989,39.6462;45221;;Drískos
170;20.9513,39.5914;45110;;Plátanos
46;20.9568,39.6609;45221;;Kípoi Mázias
176;20.9989,39.6972;44014;;Mpaltoúma
49;21.0410,39.7080;44014;;Bátza
50;21.0923,39.7540;44200;;Néo Gerakári
193;21.0762,39.7518;44014;;Análipsi
17;20.5750,39.8519;44004;;Moschomántsa
0;23.9269,38.6679;34014;;Paralia Chiliadou
0;23.9548,38.6609;34019;;Paralia Metochiou
0;23.9455,38.6257;34014;;Agii Apostoli
0;23.9785,38.3997;34500;;Akti Nireos
93;23.7439,38.4150;34008;;Panórama
582;21.2413,40.5069;52100;;Néa Léfki
31;21.4167,40.5436;52054;;Agía Paraskeví
363;21.2016,40.6240;52055;;Néos Oikismós
109;21.3256,40.4861;52056;;Krepení
112;21.1506,40.5015;52050;;Pallinostoúntes
0;21.2780,40.5549;52100;;Palaió Tsiflíki
0;21.3147,40.4732;52057;;Ámmos
2;21.2034,40.3520;52200;;Kerasóna
6;21.3872,40.4122;52053;;Ágios Nikólaos Vogatsikoú
8;25.6166,36.9462;84302;;Foínikas
391;25.6015,36.9323;84302;;Koufonísi
0;23.4678,37.5091;18020;;Askeli
120;21.5355,40.6489;53078;;Agrapidées
527;21.6831,40.6969;53200;;Análipsi
0;21.2679,40.7712;53076;;Vígla
102;21.6230,40.8645;53071;;Áno Achláda
0;24.4896,36.7505;84801;;Ágios Konstantínos
0;23.0249,38.8845;34300;;Maoúnis
2;23.0630,38.8760;34300;;Paidoúpoli
448;23.0355,38.8776;34300;;Paralía Agíou Nikoláou
94;23.0371,38.9298;34012;;Agiókampos
2;23.0496,38.9044;34300;;Vígla
12;23.0751,38.8821;34300;;Plataniás
8;23.0490,38.9173;34012;;Skepastí
24;22.9766,38.8712;34300;;Ágios Geórgios Giáltron
38;22.9848,38.8489;34300;;Loutrá Giáltron
23;22.9777,38.8866;34300;;Rododáfni
24;22.8515,38.8676;35013;;Vasilína
43;22.8356,38.8304;35008;;Kávos
6;22.9083,38.8362;35006;;Kokkiniás
162;21.2905,38.4273;30001;;Platánia
243;21.7147,38.1866;26333;;Chantziliákon
6;21.8607,37.5696;27062;;Chelidóni Dafnoúlas
21;21.8935,37.4822;27061;;Koufópoulo
58;21.8880,37.5556;27062;;Balaíika
6;21.7098,39.2665;43067;;Agía Paraskeví Karítsis
4;21.7125,39.2574;43069;;Longá
1;21.6802,39.2512;43069;;Petrotó
102;21.6829,39.3306;43067;;Prosília
91;21.6966,39.3467;43067;;Nevrópoli
55;21.8166,39.3590;43067;;Rázia
36;21.7082,39.3477;43067;;Rachovítsa
611;21.5213,38.1444;25200;;Niforeika
0;23.4472,40.0754;63077;;Kalithea
2696;23.6506,38.3495;32011;;Pláka Dílesi
602;23.6137,38.4154;34100;;Paralía Vathéos
52;23.4894,38.4838;34100;;Krónia
129;23.4647,38.4946;34600;;Anthidóna
36;23.3632,38.5037;35012;;Skroponéria
11;23.6990,38.4704;34600;;Gyrísmata
10;22.7651,39.3158;37400;;Polyzaíika
102;22.7487,39.3167;37500;;Kokolaíika
11;22.9344,39.5735;37001;;Kamári
14;22.0051,38.2267;25100;;Eptapítta
22;21.9776,38.2573;25009;;Áno Doukanaíika
4;21.9415,38.1876;25000;;Mikróni
6;22.2380,37.0116;24016;;Déndra
18;22.1795,36.9689;24016;;Kourís
18;22.4016,36.4888;23071;;Vathiá
7;22.4135,36.4779;23071;;Gialiá
23;22.4539,36.4562;23071;;Kápoi
3;22.4233,36.7139;23062;;Avramiánika
4;22.4070,36.5452;23071;;Ágios Geórgios Mínas
663;22.0462,41.0278;58400;;Garéfeion
182;24.3995,35.1895;74000;;Myrthianós Plakiás
70;24.4088,35.1852;74060;;Kámpos
81;24.3681,35.1943;74000;;Soúda
28;24.4080,35.1912;74060;;Foínikas
25;24.4232,35.1870;74060;;Palaiá Tavérna
2;24.4256,35.1721;74060;;Ammoúdi
18;24.4383,35.1840;74060;;Schoinária
0;24.4642,36.7180;84801;;Mavromoúri
0;24.4571,36.7251;84801;;Perivólia
0;24.4677,36.7156;84801;;Kórfos
39;25.3434,36.4543;84702;;Agía Eiríni
5;25.3502,36.4387;84702;;Órmos Kórfou
0;26.4472,39.0906;81106;;Pigadakia
544;25.3616,37.4252;84600;;Plintrí
109;25.3200,37.4841;84600;;Fáros Armenistís
0;25.3311,37.4156;84600;;Ágios Lázaros
0;25.3106,37.4107;84600;;Aleomántra
0;25.3060,37.4353;84600;;Kanália
0;25.3422,37.4305;84600;;Skaládo
0;25.3456,37.4485;84600;;Vóthonas
0;25.3172,37.4124;84600;;Costa Ilios
0;25.3117,37.4083;84600;;Glyfádi
0;25.2807,36.7208;84001;;Ios Chora
117;25.0448,35.3033;71414;;Ágios Geórgios Methystís
92;25.0613,35.3353;71414;;Skafidáras
49;25.0386,35.2987;71414;;Tímios Stavrós
212;25.0401,35.3952;71414;;Ammoúdi
74;25.0344,35.3984;71414;;Madés
18;25.0166,35.4155;71414;;Mononáftis
56;25.0101,35.4079;71414;;Ksirókampos
53;25.0295,35.3559;71414;;Ágios Dimítrios Rodiás
94;25.0290,35.3612;71414;;Plaítis
180;20.7967,38.9178;48100;;Áktio
28;24.1910,38.2071;34015;;Díliso
13;25.3772,35.3168;70014;;Drápanos
8;23.2720,39.3034;37006;;Ágios Dimítrios Neochoríou
61;23.1679,39.2932;37010;;Zervóchia
14;23.2480,39.3192;37010;;Megáli Vrysi
24;23.2396,39.3370;37010;;Pláka
37;25.8413,35.0168;72200;;Ksirokamára
89;22.6204,38.3640;32012;;Ágios Isídoros
112;22.9726,39.3676;38222;;Iolkós
1012;22.9748,39.3811;37011;;Anakasiá
475;22.9713,39.3847;37011;;Ágios Onoúfrios
118;25.9125,35.0310;72055;;Ágios Panteleímon Makry Gialoú
133;21.8940,38.3259;25009;;Káto Rodiní
33;21.8831,38.3249;30300;;Kyaní Aktí
433;21.2965,37.7686;27200;;Kouroútas
23;25.7234,35.2815;72053;;Agía Paraskeví
2;25.6379,35.1476;72051;;Theológos
18;25.5662,35.1473;72051;;Katharón
25;25.5967,35.2600;72400;;Nispítas
3;25.6668,35.2783;72053;;Syrmeso
24;25.6956,35.0507;72200;;Ágios Geórgios Ierápetras
2;25.6990,34.8785;72200;;Chrysí
20;25.7389,35.0228;72200;;Agiasménos
1;25.6005,35.0321;72056;;Orniás
19;25.6269,35.0199;72056;;Gavrílis
8;25.5532,35.0988;72056;;Lakoúdia
284;23.6667,35.4909;73400;;Ágios Antónios Kallergianón
122;23.6729,35.4910;73400;;Kámpos Kallergianón
143;21.3081,37.7576;27200;;Paloúki
122;21.3628,37.7815;27200;;Panagía
0;23.6718,35.4544;73010;;Christós
0;23.6404,35.4221;73010;;Ágios Ioánnis
0;23.6341,35.4713;73400;;Vardiá
0;23.6231,35.4567;73400;;Volikianá
0;23.6244,35.4560;73400;;Papadianá
0;23.6276,35.4571;73400;;Stamatianá
0;23.6293,35.4586;73400;;Livádi
0;23.6392,35.4801;73400;;Lákoi
558;21.1762,37.9202;27068;;Íkaros
0;28.0963,36.3136;85103;;Psinthos
22;25.8277,37.0977;84008;;Mersíni
2;25.8133,37.0975;84008;;Charavgí
29;25.5901,37.0882;84302;;Azálas
14;25.5711,37.0193;84302;;Kanáki
24;25.5589,36.9846;84302;;Kleidó
23;25.5814,37.0553;84302;;Lygarídia
8;25.5390,36.9599;84302;;Pánermos
10;25.4745,36.9373;84302;;Kalantós
11;25.4768,37.0581;84302;;Vourvouriá
32;25.4693,37.0512;84302;;Damalás
48;25.4011,36.9784;84302;;Pyrgáki
31;25.5150,37.1826;84302;;Agiá
55;25.5098,37.1556;84302;;Myrísis
22;25.4807,37.1722;84302;;Taksiárchis
5;25.5437,37.1920;84302;;Farakló
42;25.4729,37.1559;84302;;Chília Vrysi
26;25.5610,37.1191;84302;;Argokoiliótissa
15;25.5626,37.1134;84302;;Atsipápi
80;25.5857,37.1371;84302;;Liónas
1;25.4821,37.0680;84302;;Ráchi
174;25.4713,37.0631;84302;;Zoodóchos Pigí
103;25.3719,37.0626;84300;;Ágioi Pántes
717;25.3914,37.0613;84300;;Ágios Arsénios
5;25.3783,37.0660;84300;;Mastorákis
47;25.4480,37.1384;84300;;Akrotíri
106;25.4207,37.0975;84300;;Ágios Thalélaios
105;25.4425,37.0941;84302;;Kourounochóri
27;25.4460,37.0876;84302;;Myloi
59;25.4436,37.0685;84302;;Mési Potamiá
49;25.4340,37.0468;84302;;Kanakári
0;23.5851,35.4713;73400;;Venoudianá
0;23.5377,35.3096;73012;;Chrysoskalítissa
0;24.2465,38.0968;34015;;Porto Lafia
33;22.4827,39.7418;40006;;Amfithéa
87;20.9897,39.1434;47100;;Moní Genníseos Theotókou
24;20.9605,39.1290;47100;;Syggounéika
25;21.0110,39.4078;47046;;Profítis Ilías Dafnotís
2;20.8642,39.2492;48200;;Ydroilektrikós Stathmós Loúrou
29;20.8794,39.1512;47042;;Dokímia
108;25.3245,35.3320;70014;;Agía Pelagía
140;25.2975,35.3255;70014;;Pelekitá
29;25.2972,35.3189;70008;;Kalivomoúris
130;25.2361,35.3287;71601;;Stavroméno
73;25.2326,35.2891;70008;;Ágios Ioánnis Epáno Vatheiás
325;25.2541,35.3219;70008;;Vrachókipos
21;25.3208,35.2952;70014;;Ágios Geórgios Kóxaris
36;25.0213,41.1140;67064;;Áno Polysito
6;25.0178,41.1593;67100;;Rymi
809;25.0253,41.1377;67064;;Símantra
861;25.0037,41.1389;67064;;Fília
0;23.6618,35.3897;73010;;Michelianá
0;23.7192,35.4254;73010;;Tzortzianá
0;23.7575,35.4451;73002;;Ágios Geórgios
18;23.1991,39.3783;37012;;Mylopótamos
35;24.7576,35.0490;70200;;Afrathiás
15;24.7576,35.1057;74059;;Éllinas
27;24.7632,35.0254;70200;;Néo Kalamáki
94;24.6137,35.3653;74052;;Áno Viranepiskopí
137;24.3385,35.3500;74055;;Pyrgos
363;24.4326,35.3630;43064;;Agná
41;24.5106,35.3308;74100;;Prinédes
0;23.6977,38.3360;32011;;Panténa
0;23.7067,38.3356;32011;;Kamariótes
0;23.7012,38.3286;32011;;Drosiá
0;23.7019,38.3227;32011;;Goúrna
0;23.6932,38.3184;32011;;Madaró
0;23.7013,38.3108;32011;;Toúrla
0;23.7297,38.3178;19015;;Chrysopigí
0;23.8219,38.3080;19015;;Megálo Péfko
0;23.8203,38.3054;19015;;Lákka Leontári
0;23.8161,38.3047;19015;;Kalýviza
0;23.8147,38.3014;19015;;Oikismós Lachnón
0;23.8174,38.2957;19011;;Pigádi
0;23.8174,38.2899;19011;;Psilá Alónia
0;23.7911,38.2929;19011;;Skárpiza
0;23.8122,38.3218;19015;;Skála Markópoulou
0;23.8252,38.3156;19015;;Perigiáli
0;23.8187,38.3113;19015;;Thealós
0;23.8118,38.3100;19015;;Mikrólofos
0;23.9271,38.2897;46032;;Paralía Agkóna
0;23.9224,38.2850;46032;;Agkónas
0;23.9130,38.2844;46032;;Oikismós Anthéon
0;23.9140,38.2939;46032;;Rerá
0;23.9007,38.2905;46032;;Galíni
0;23.8923,38.2917;46032;;Panórama
0;23.8950,38.2878;46032;;Áno Panórama
0;23.8837,38.2963;46032;;Poseidonía
0;23.8792,38.2959;46032;;Kypséli
0;23.8625,38.3063;46032;;Vlastós
0;23.8550,38.3037;46032;;Spiliá Vlastoú
0;23.8530,38.3077;46032;;Fános
0;23.8480,38.3081;46032;;Koiláda
0;23.8414,38.3105;19015;;Metéora
0;23.7712,38.3061;19015;;Sarantári
0;23.7598,38.3054;19015;;Alónia
0;23.7720,38.2993;19015;;Ágios Kosmás Aitolós
0;23.7092,38.3040;32011;;Kantíli
0;23.8854,38.2262;19014;;Kámata
0;23.8999,38.2537;46032;;Metóchi - Ri
0;23.8960,38.2282;19014;;Vréstethi
0;23.9690,38.2683;19014;;Paralía Varnáva
0;23.9962,38.2285;19014;;Katsouliériza
0;24.0150,38.1727;19007;;Pánteios Politeía
0;24.0065,38.1663;19007;;Ágios Geórgios
0;24.0037,38.1519;19007;;Trikórynthos
0;23.9966,38.1556;19007;;Áno Schoiniás
0;23.9738,38.1330;19007;;Mákari
0;24.0404,38.1667;19007;;Sfakóna
0;24.0565,38.1602;19007;;Dikastiká
0;24.0039,38.1303;19007;;Rizári
0;23.9638,38.0831;19005;;Anatolí
0;23.9881,38.0722;19005;;Zoúmperi
0;23.9739,38.0635;19005;;Agía Marína
0;23.9152,38.0263;54124;;Palaiós Mýlos
0;23.9937,38.0083;19009;;Perivolákia
0;23.9810,38.0078;19009;;Vénia
0;23.9967,38.0040;19016;;Drosiá
0;24.0113,38.0056;19016;;Mántra Diákou
0;24.0073,38.0100;19009;;Panórama
0;23.9974,38.0341;19009;;Kókkino Limanáki
0;23.9654,38.0067;54124;;Vounópoli
0;23.9821,37.9857;19016;;Sochória
0;23.9835,37.9795;19016;;Ágios Serafeím
0;23.9786,37.9689;19016;;Velanidéza
0;23.9993,37.9618;19016;;Ágios Kosmás
0;23.9876,37.9462;19016;;Prásinos Lófos
0;23.9918,37.9381;19016;;Petrotó
0;24.0082,37.9421;19016;;Néa Loútsa
0;23.9681,37.8906;19003;;Sýnoro
0;23.9899,37.9035;19003;;Achladiá
0;24.0274,37.8978;19016;;Peratí
0;24.0119,37.8784;19003;;Agía Marína
0;24.0054,37.8727;19003;;Bathísta
0;24.0103,37.8680;19003;;Amfithéa
0;24.0181,37.8634;19001;;Panórama
0;24.0330,37.8579;19001;;Prasiés
0;24.0351,37.8648;19001;;Avláki
0;24.0388,37.8702;19001;;Koróni
0;24.0439,37.8582;19001;;Nátso
0;24.0241,37.8203;19001;;Trépes
0;24.0344,37.8209;19001;;Boúrtzi
0;23.9787,37.7798;19001;;Paní Férizas
0;23.9771,37.7715;19001;;Mókriza
0;24.0476,37.8103;19001;;Koritízes
0;24.0160,37.7712;19001;;Lákiza
0;24.0710,37.7688;19500;;Perogiáli
0;24.0251,37.7544;19500;;Néo Panórama
0;23.9805,37.7419;19013;;Drosiá
0;23.9988,37.6877;19500;;Ágios Nektários
0;24.0244,37.6771;19500;;Argiléza
0;24.0147,37.6748;19500;;Áno Soúnio
0;24.0144,37.6586;19500;;Áspro Lithári
0;23.9166,37.7232;19013;;Ágios Nikólaos
0;23.9071,37.7363;19013;;Mávro Lithári
0;23.9257,37.7324;19013;;Lákka
0;23.8806,37.8139;19010;;Plagiés Lagonisíou
0;23.9012,37.8325;19010;;Ampelónas
0;23.9072,37.8361;19010;;Valomántra
0;23.9396,37.8389;19010;;Gefyráki
0;23.9664,37.8376;19010;;Foúsa
0;23.8675,37.8019;16672;;Galázia Aktí
0;23.8650,37.8156;16672;;Kalí Théa
0;23.8820,37.8378;19010;;Panórama
0;23.8810,37.8447;19010;;Ágios Geórgios
0;23.8768,37.8531;19010;;Parádeisos
0;23.8213,37.8481;16672;;Skárpiza
0;23.8205,37.8570;16672;;Galíni
0;23.8257,37.8766;16672;;Rapsaná
0;23.8136,37.8764;16562;;Áno Ntoúsa
0;23.8212,37.9193;19002;;Víliza
0;23.8446,37.9699;19002;;Prosílio
0;23.8777,37.9558;19002;;Spároza
56;23.1354,37.4075;84301;;Kámpos Koiládos
28;23.1098,37.3968;84301;;Doroúfi Koiládos
0;23.6639,39.1109;37003;;Panormos
0;23.8666,37.9930;15354;;Káto Balána
0;23.8651,38.0007;15351;;Áno Balána
0;23.8841,37.9924;15351;;Loutró Pallínis
0;23.9060,38.0106;54124;;Néa Pallíni
0;23.8577,38.0280;15238;;Gargittós
0;23.8765,38.0599;15236;;Áno Pentéli
0;23.8834,38.1379;14575;;Prokónnisos
0;23.8755,38.1313;14575;;Éfxeinos Póntos
0;23.8925,38.1394;14575;;Amygdaléza
0;23.6228,38.0368;12462;;Neóktista
0;23.5780,38.0471;19300;;Paralía Aspropýrgou
0;23.5691,38.0791;19300;;Gkorítsa
0;23.5533,38.1281;19600;;Paliochóri
0;23.5230,38.0701;19600;;Pátima
0;23.3134,38.1573;19008;;Paliochóri
0;23.2743,38.1438;19012;;Kriemádi
0;23.4093,38.1804;19008;;Therístra
0;23.3855,38.1728;19008;;Ánoixi
0;23.3988,38.1675;19008;;Kastanáva
0;23.4211,38.1365;19600;;Karaoúli
0;23.4150,38.1246;19600;;Víliza
0;23.4245,38.1239;19600;;Fíchthi
0;23.4220,38.1156;19600;;Agía Sotíra
0;23.4208,38.1061;19600;;Paliokoúntoura
0;23.4273,38.0562;19006;;Ágios Melétios
0;23.4508,38.1279;19600;;Sykiés
0;23.4516,38.1596;19600;;Stánes Pépa
0;23.4959,38.0460;19600;;Makrýammos
0;23.4799,38.0309;19600;;Áno Loutrópyrgos
0;23.4408,38.0205;19006;;Neráki
0;23.4069,38.0418;19006;;Kantíli
0;23.4275,38.0140;19006;;Káto Vlycháda
0;23.4129,37.9891;19006;;Pérama
0;23.4051,37.9717;19006;;Íremo Kýma
0;23.2789,37.9934;19100;;Kaveláris
0;23.3171,37.9745;19100;;Panórama
0;23.2166,37.9786;20003;;Maroúla
0;23.2084,38.0213;20003;;Dervéni
0;23.2119,38.0736;19012;;Morfaíika
0;23.1917,38.0770;19012;;Áno Panórama
0;23.1712,38.0713;19012;;Boúri
0;23.1669,38.0688;19012;;Ampélia
0;23.1599,38.0686;19012;;Geráneia
0;23.1536,38.0580;19012;;Néo Mázi
0;23.1640,38.0639;19012;;Délpoura
0;23.1701,38.0559;19012;;Paraskevá
0;23.1715,37.9802;20003;;Ágios Nikólaos
0;23.1770,37.9772;20003;;Venístres
0;23.1842,37.9736;20003;;Galíni
0;23.2039,37.9734;20003;;Agnántia Kiáfas
0;23.1875,37.9555;20003;;Vouliagméni Kinétas
0;23.1390,38.0647;19012;;Ntourákos
0;23.1481,38.0666;19012;;Pefkogiáli
0;23.4292,37.9571;22006;;Iliaktí
0;23.4513,37.9742;22006;;Galíni
0;23.4634,37.9770;22006;;Psilí Ámmos
0;23.4503,37.9652;22006;;Xéno
0;23.4449,37.9550;22006;;Galíni
0;23.4816,37.9627;22006;;Ágios Nikólaos
0;23.4919,37.9919;18900;;Áno Vasiliká
0;23.5124,37.9267;18902;;Panórama Seliníon
0;23.5054,37.9074;18903;;Giália
0;23.5144,37.9057;18902;;Pórto Fíno
0;23.5097,37.8997;18903;;Charoupiá
0;23.4923,37.9019;18903;;Kýriza
0;23.4804,37.9034;18903;;Pýrgos
0;23.4781,37.9291;18903;;Káto Zarmpalá
0;23.4802,37.9241;18903;;Áno Zarmpalá
0;23.7719,37.8509;16673;;Áno Voúla
0;23.7737,37.8454;16673;;Kalymniótika
0;23.7920,37.8351;16672;;Dílofo
0;23.8007,37.8413;16672;;Chéroma
0;23.8167,37.8362;16672;;Miladéza
0;23.8264,37.8423;16672;;Soúriza
0;23.8358,37.8462;16672;;Ánoixi
0;23.8231,37.8315;16672;;Kórmpi
0;23.8082,37.8252;16672;;Asýrmatos
0;23.7962,37.8280;16672;;Lathoúriza
0;23.7936,37.8222;16672;;Kamíni
62;22.0826,38.3761;25009;;Chánia
45;22.0943,38.3739;25009;;Spiliá
278;26.9444,36.9568;85200;;Árgos
245;26.9662,36.9400;85200;;Vothýnoi
86;26.9358,36.9857;85200;;Kamári
2;27.0916,37.0579;85200;;Kalólimnos
2;27.0975,36.9370;85200;;Pláti
0;25.4305,40.9052;69400;;Krioneri
0;23.4408,37.5150;18020;;Megálo Neório
0;23.4707,37.4854;18020;;Alykí
0;23.5171,37.4495;18020;;Bisiaíika
0;23.5160,37.7268;18010;;Giannákides
0;23.5057,37.7045;18010;;Apospórides
0;23.4767,37.6819;18010;;Klíma
0;23.4692,37.6955;18010;;Profítis Ilías
0;23.4553,37.7374;18010;;Pagóni
0;23.4825,37.7717;18010;;Souvála
0;23.3030,35.8740;80100;;Skarianá
0;23.3061,35.8650;80100;;Batoudianá
0;23.3000,35.8658;80100;;Paterianá
0;23.3159,35.8550;80100;;Katsanevianá
0;20.8051,37.8402;29090;;Ammoudi
0;23.1119,37.9573;20003;;Liontári
0;23.1210,37.9455;20003;;Ágios Fílippos
0;23.1472,37.9453;20003;;Beskáki
0;23.1260,37.9408;20003;;Néa Politeía
0;23.1256,37.9305;20003;;Sési
0;23.1231,37.9239;20003;;Kolantzíki
0;23.1173,37.9197;20003;;Paliá Alónia
0;23.1165,37.9267;20003;;Anatolí
0;23.1177,37.9309;20003;;Kalývizes
0;23.1065,37.9412;20003;;Agía Marína
0;23.1027,37.9341;20003;;Kiáfa Béka
0;23.1074,37.9211;20003;;Panórama
0;23.0883,37.9219;20003;;Áno Sousáki
0;23.0299,37.9228;20010;;Ágios Charálampos
0;23.0351,37.9773;20300;;Néa Politeía
0;23.0339,37.9842;20300;;Áno Charváti
0;22.9870,38.0677;20300;;Stravá
0;23.0095,37.9728;20300;;Ávra
0;23.0215,37.9460;20010;;Soúrla
0;23.0259,37.9347;20010;;Óneiro
0;23.0067,37.9151;20010;;Áris
0;22.9449,37.9380;20100;;Evangelístria
0;22.9473,37.9953;20300;;Óasi
0;22.9749,38.0715;20300;;Petrína
0;22.8891,38.0452;20300;;Panórama
0;22.8137,37.9186;20001;;Zachoulítika
0;22.8589,37.9367;20011;;Ágios Gerásimos
0;22.7988,37.9267;20001;;Ágios Nikólaos Vóchas
0;25.2085,35.3316;71601;;Amnissos
0;26.4859,39.0624;81111;;Evriaki
0;22.7938,37.8027;20008;;Chánia
0;22.8915,37.8042;20008;;Kamaréta
0;22.9953,37.8663;20010;;Loutró Elénis
0;23.1546,37.7065;21054;;Galanaíika
0;23.1402,37.5641;21059;;Christokalyvaíika
0;23.4155,37.4083;18040;;Ágios Charálampos
0;23.3420,37.4161;21051;;Pórto Ýdra
0;23.1857,37.3154;18050;;Tzémi
0;23.1544,37.4212;84301;;Vlachopoulaíika
0;23.1068,37.4549;84301;;Ágios Ioánnis Salantíou
0;22.9725,37.5189;21060;;Paralía Kántias
0;22.9470,37.5540;21060;;Ágios Antónios
0;22.9397,37.5602;21060;;Karountzaíika
0;22.8930,37.2003;22300;;Livádi
0;22.9659,37.0732;22300;;Fokianó
0;22.8824,37.0601;22300;;Ráfti
0;22.8936,37.0638;22300;;Troumpaíika
0;22.9001,37.0642;22300;;Káto Geitoniá
0;22.8865,37.0549;22300;;Vretakaíika
0;22.8965,37.0533;22300;;Óchtos
0;22.1384,37.4370;22200;;Néa Ekklisoúla
0;22.1188,37.4742;22022;;Vodíno
0;24.5051,36.7062;84801;;Trypités
0;25.4905,40.8861;69400;;Platanitis
17;26.9646,37.4610;85001;;Mikró Chorió
20;21.9385,38.0545;25000;;Lompokas
28;22.0047,38.0849;25000;;Bosi
253;21.9746,37.8422;25016;;Paleos Paos
0;21.9498,37.8370;22015;;Dechouneika
0;26.0565,37.5188;83301;;Trapálo
0;26.0079,37.5703;83301;;Mavrianós
0;26.0337,37.5983;83301;;Nánouras
0;26.0616,37.6227;83301;;Káto Ráches
0;26.0911,37.6118;83301;;Ágios Polýkarpos
0;26.0825,37.6080;83301;;Ágios Dimítrios
0;26.0808,37.6009;83301;;Chrístos
0;26.0780,37.5895;83301;;Profítis Ilías
0;26.1141,37.6143;83301;;Lapsachádes
0;26.1113,37.6195;83301;;Mandriá
0;26.1385,37.6342;83302;;Avláki
0;26.1375,37.6246;83302;;Stávlos
0;26.1580,37.6263;83302;;Kámpos
0;26.1415,37.6187;83302;;Pigí
0;26.1384,37.6112;83302;;Márathos
0;26.1388,37.6051;83302;;Frantáto
0;26.1930,37.5677;83302;;Plagiá Chrysostomou
0;26.1625,37.5889;83302;;Kosoíkia
0;26.1580,37.5924;83302;;Petropoúli
0;26.1640,37.6028;83302;;Dáfni
0;26.1703,37.6072;83302;;Akamátra
0;26.1870,37.6259;83302;;Kerameío
503;26.2206,37.6300;83302;;Karavóstamo
0;26.1919,37.6039;83302;;Droútsoulas
0;26.2131,37.6129;83302;;Aréthousa
0;26.2211,37.6132;83302;;Péra Aréthousa
0;26.2014,37.5746;83302;;Vardarádes
0;26.2162,37.5769;83302;;Vaóni
0;26.2270,37.5876;83302;;Chysóstomos
0;26.2391,37.5825;83300;;Livádi
0;26.2750,37.6029;83300;;Thérma Lefkádas
0;26.2775,37.6108;83300;;Glarédos
0;26.3045,37.6240;83300;;Thérma
0;26.2919,37.6320;83300;;Tsourédes
0;26.2933,37.6409;83300;;Oxéa
0;26.3048,37.6434;83300;;Katafýgio
0;26.2843,37.6336;83300;;Mavráto
0;26.2462,37.6376;83300;;Mileopó
0;26.2613,37.6406;83300;;Ploúmari
0;26.2684,37.6499;83300;;Monokámpi
0;26.2797,37.6661;83300;;Kióni
348;26.3050,37.6620;83300;;Perdíki
0;22.8842,37.2121;22029;;Petra
0;25.9728,39.2830;81103;;Gavathas
0;26.4983,39.1813;81100;;Thermis Skala
0;26.3422,36.5424;85900;;Livadia
231;23.1588,40.7369;10676;;Drakontio
0;20.4301,38.2314;28200;;Agios Dimitrios
0;26.4109,38.9977;81200;;Milies
0;21.8777,37.6356;22028;;Iamatikes Piges
223;24.8974,37.8118;84500;;Aladino
0;20.4334,39.5225;46200;;Neraida
0;20.4222,39.5288;46200;;Kiparisso
89;24.7785,37.8632;84501;;Damaskinos
0;21.9043,37.8585;22015;;Ano Tripotama
0;21.8900,37.8760;25012;;Ano Psofida
297;21.6777,37.9387;25015;;Stavrodromi
0;21.8768,37.8874;25012;;Vasiliki
0;21.9080,37.8648;25012;;Kato Tripotama
0;21.9462,37.9033;25012;;Selli
0;21.9302,37.9037;25012;;Livadi
0;23.2264,39.1589;37013;;Kydonies
0;23.4361,38.8767;34010;;Agali
0;25.5392,40.4247;68002;;Dafnes
0;21.3997,38.9373;30018;;Varko Kyprio
0;21.3566,38.9156;30018;;Maraneli
0;21.7484,38.5414;30026;;Ano Kampos
0;21.5426,37.7430;27064;;Klidereika
0;26.0709,37.5849;83301;;Kares
0;21.4642,37.6073;27058;;Paralia
0;21.2736,37.7918;27300;;Paralia
0;21.1418,37.8317;27050;;Paralia
0;22.8832,36.6491;23056;;Paralia
0;21.5343,37.7535;27064;;Marmara
0;21.6268,37.7933;27064;;Sitochori
0;25.7758,36.3460;84009;;Klisidi
0;21.5786,37.1919;81113;;Merolithi
0;21.8294,38.5293;30026;;Paleochori
0;23.7450,39.0885;37003;;Stafylos
0;21.3946,39.7847;17676;;Analipsi
0;21.1349,37.9170;27068;;Analipsi
0;23.9475,39.2531;34002;;Vdonéri
0;23.9515,39.2490;34002;;Fakístres
0;23.9483,39.2467;34002;;Merádi
0;23.9330,39.2428;34002;;Diáselo
0;23.9432,39.2196;34002;;Ágios Dimítrios
0;23.1458,37.2715;18050;;Sourmpoúti
0;23.1182,37.2554;18050;;Ágioi Anárgyroi
0;20.1926,39.1843;49082;;Katsimátika
0;20.1790,39.1940;49082;;Antzoulátika
0;20.1898,39.1895;49082;;Agkathátika
0;20.1766,39.2009;49082;;Ríganes
0;20.1620,39.2049;49082;;Megáli Vígla
0;20.1585,39.2170;49082;;Zernátika
0;20.1389,39.2159;49082;;Kastanída
0;25.8747,38.5585;82103;;Agiánnis
0;26.0901,38.4873;82300;;Koíla
0;25.9535,38.2773;82102;;Potamoí
0;21.8561,38.6731;30025;;Kranes
0;21.7676,37.5969;27062;;Skala
0;24.9565,40.9340;67061;;Skala Avdiron
0;26.4419,39.1044;81101;;Skala Sikountos
0;24.8647,41.1194;67150;;Kallithea
0;22.0878,37.8580;25007;;Ágioi Theódoroi
0;22.1548,37.8274;25007;;Sella
0;22.1642,37.8367;25007;;Spilia
0;22.5931,38.3522;32012;;Valtos
0;22.2237,37.9327;25007;;Zarelia
0;21.3294,37.6636;27067;;Kallithea
0;22.1358,37.9078;25007;;Ágios Vlásios
0;22.0741,37.8888;25007;;Kato Drymós
0;21.1553,39.0877;30016;;Elaiofyto
0;21.3293,37.9657;27053;;Ano Kourtési
0;22.1569,37.9264;25007;;Kalamaki
0;23.0611,39.3961;37011;;Chánia
0;22.9747,36.4770;23053;;Léfki
0;21.7022,37.3232;24021;;Vounáki
0;22.8309,37.0256;22020;;Vigla
0;21.3448,37.6645;27067;;Kato Kavouri
0;21.3615,37.6630;27067;;Kavuri
0;21.3212,37.7073;27067;;Patronikolaíika
0;21.4138,37.6951;27100;;Itiá
0;21.3120,37.6848;27067;;Bouka
0;21.3082,37.6689;27067;;Ágios Andréas Korakochríou
0;21.5692,37.7247;27064;;Agios Georgios Lazoiou
0;21.5919,37.0888;24400;;Vatias
0;21.6349,37.0119;37004;;Vrysomilos
0;27.8529,35.9289;85109;;Plimmiri
0;20.8040,38.7674;30012;;Varko
0;22.4720,36.7383;23200;;Gefyráki
0;21.5799,37.0675;24400;;Gefyráki
0;21.8255,40.3257;50100;;Nea Charavgí
0;20.3951,39.6534;46033;;Kokkinolithari
0;28.0371,36.2740;85102;;Agia Eleoúsa
0;20.3687,39.7114;46033;;Platanos
0;22.1102,37.7254;22014;;Olomades
0;22.5622,40.0997;60063;;Plaka Litochorou
0;28.2057,36.4016;85100;;Asgourou
0;21.6524,37.0672;24400;;Livártzi
0;22.5943,40.0026;60065;;Neow Pandeleimon
0;22.5430,40.3086;60062;;Nea Chrani
0;22.1488,40.1946;40002;;Ftéri
0;22.6042,40.4258;60066;;Agiannis
0;22.2485,40.4828;59033;;Poros
0;21.6446,37.0102;37004;;Rikia
0;22.5218,39.4143;41500;;Agiokampos
0;21.5791,37.1109;81113;;Lebestena
0;21.5842,37.0928;24400;;Lagouvardos
0;21.5682,37.1562;81113;;Limenari
0;23.2761,39.1617;37013;;Vodini
0;23.2890,39.1596;37013;;Trochala
0;21.3377,38.8671;30018;;Paliámpela
0;21.8215,38.4534;30300;;Paliámpela
0;25.0432,41.1287;67064;;Sounio
0;21.6405,37.5176;27054;;Kotróni
0;21.5890,37.1241;24300;;Vrýses
0;21.8670,38.4215;30300;;Dáfni
0;23.4973,38.6239;34400;;Dáfni
0;25.0019,37.6726;84201;;Koumelás
0;25.0001,37.6665;84201;;Malí
0;25.0445,37.6149;84201;;Ámmos
0;25.1860,37.5827;84200;;Kathlikáros
0;25.2171,37.5363;84200;;Ái Giánnis o Pórtos
235;21.3912,37.7041;27100;;Keramidhiá
0;21.6984,37.2760;24500;;Memi
4276;21.4150,37.6721;27100;;Tragano
0;25.3839,41.1302;15780;;Ifestos
0;22.2888,39.7550;40100;;Kritiri
565;21.9410,39.3425;43100;;Mavrika
0;22.8290,39.8086;40003;;Paliouria
0;22.8074,39.8198;40003;;Koutsoupia
0;22.7833,39.8405;40003;;Platia Ammos
1405;24.7886,40.9493;67200;;Iliokentima
291;24.8137,40.9348;67200;;Paleo Erasmio
0;22.7193,39.8949;61001;;Alexandrini
0;22.8668,39.7249;40003;;Kato Sotiritsa
0;20.2682,39.5275;46100;;Ethniki Antistasi
0;21.8164,37.2802;24003;;Ágios Dimítrios
0;21.9125,38.4252;33056;;Grigoritika
0;21.8005,37.2921;24003;;Nea Agrilia
0;23.6448,39.1390;37003;;Neo Klima
0;22.1630,38.3455;33058;;Flabourakia
0;22.1392,38.3582;33058;;Klovinos
0;22.2480,38.3629;33058;;Ormos Lemonias
0;22.3982,37.5503;22100;;Chania
0;21.7221,37.8150;27063;;Chania Spartoulia
0;22.2108,38.4905;33053;;Pentapoli
0;22.2147,38.4790;33053;;Paleokastro
0;22.2122,38.4830;33053;;Vela
0;21.9465,38.5067;30023;;Sotiro
0;21.9127,38.5529;30023;;Sellos
0;21.7024,37.3404;24021;;Vlasada
0;25.3302,41.1057;15780;;Scholi Astinomias
0;25.5379,41.0853;69100;;Anthokhori
0;25.1912,41.1925;69200;;Trikorfo
0;22.1273,39.3182;43300;;Nea Zoi
0;25.0611,41.1283;69200;;Ano Amaksades
0;21.6704,39.4254;43060;;Georgios Karaiskakis
0;22.8929,39.2907;37400;;Marathos
0;25.1191,35.2920;71410;;Lofoupolis
0;25.1643,35.2816;71409;;Ayia Irini
0;25.1035,35.3096;71410;;Semeli
0;22.4882,36.9616;23054;;Ayios Christoforos
0;25.1921,35.3276;71601;;Ayios Ioannis
0;21.7876,38.2127;10441;;Karyá
0;25.4976,41.1503;69100;;Sidirades
0;25.5542,41.1449;69100;;Omiriko
0;25.6332,41.1311;69300;;Agra
0;20.2618,39.5227;46100;;Liofyta
0;22.9067,39.2962;37400;;Kritharia
0;25.1095,35.2534;70100;;Kampos
0;25.0832,35.2357;70011;;Ksirolia
0;23.4980,39.1847;37002;;Kalyvia
0;22.0405,39.7668;40005;;Ambelia
0;21.7290,37.3916;27056;;Karyés
0;24.0439,41.1694;66200;;Stavros
0;23.9286,41.0883;62045;;Ayios Minas
318;24.1772,41.1556;66100;;Panorama
0;24.1078,41.1557;66100;;Metamorfosi Sotiros
325;26.0189,41.2993;68010;;Roussa
0;24.8394,40.8927;67200;;Dasokhori
0;25.7164,41.1072;69300;;Kinyra
0;25.5453,40.4325;68002;;Profitis Ilias
0;25.7737,40.8522;68100;;Ennato
0;25.5584,40.9591;69400;;Palea Krovyli
0;24.8709,41.2009;67100;;Eora
0;22.8711,39.2918;37400;;Velanidhia
0;23.0164,39.3302;37300;;Ayios Apostolos o Neos
0;22.2699,39.8295;40010;;Lygaria
0;22.2676,39.6910;40100;;Perichora
0;22.3393,39.8736;40010;;Ano Argyropouli
0;21.4887,39.8019;42034;;Xirokambos
0;23.0260,39.3164;37300;;Ayios Minas
0;23.0696,39.3154;37300;;Malaki
0;23.0281,39.3324;37300;;Vrokhia
0;23.0608,39.3406;37300;;Paleokastro
0;23.0504,39.3428;37300;;Servanates
0;22.8593,39.2889;37400;;Chrysi Akti Panayias
0;22.9775,39.3610;38222;;Goritsa
0;22.8141,39.2522;37400;;Demetrias
0;21.6075,39.6055;42200;;Antallaksima
0;22.0729,39.7744;40005;;Varkos
0;21.9791,39.7193;40005;;Koutsoufliani
0;22.0090,39.7537;40005;;Paliambela
0;22.0341,39.7715;40005;;Paliaskia
0;22.3349,37.4860;22100;;Sanatorio Makris
0;22.3993,37.5915;22005;;Milia Louka
0;22.8860,39.6734;40003;;Kato Polydendri
0;22.4760,39.5121;41500;;Revma
0;22.3360,40.0368;60200;;Vrysopoyles
0;22.3167,40.0141;40010;;Iera Moni Sparmou
0;22.1315,39.9847;40200;;Sykia
0;23.6084,35.2370;73001;;Ayia Kyriaki
0;25.3599,35.3279;70014;;Ayios Ioannis
0;22.3903,37.5805;22005;;Milia Tripoleos
0;25.4572,34.9953;70004;;Nea Arvi
0;25.6302,41.0552;69300;;Tsifliki
0;25.5606,40.9246;69400;;Ano Askites
0;25.2506,41.0776;69200;;Agrotiko Orfanotofio
0;24.5025,35.2187;74053;;Ano Mixorrouma
61;24.5447,35.3500;74100;;Dilofo
0;22.0809,39.3317;43300;;Tavropos
0;22.0058,39.1235;43068;;Therma
0;22.9292,39.4099;19018;;Klima
0;24.9702,35.2340;70001;;Ayia Irini
0;22.6231,36.8058;23051;;Trinisa
0;22.7279,37.0046;23058;;Velota
0;22.5066,36.8956;23057;;Koumani
0;22.5975,36.7940;23200;;Glossa
0;22.5885,36.7944;23200;;Valtaki
0;22.1530,37.4049;22200;;Kato Makrysi
0;25.2274,41.0553;69200;;Palia Kallisti
0;25.1965,40.9442;67063;;Paralia Mesis
0;25.8819,41.2185;69500;;Kerasia
0;24.5100,41.2680;66035;;Kato Tholos
0;24.9933,40.9438;67061;;Lefkippos
0;25.0502,41.0176;67063;;Loutra Potamias
0;24.9451,40.9321;67061;;Erodios
0;25.0371,41.2263;67300;;Temenos
0;24.9178,41.1456;67100;;Panepistimioupolis
0;24.8316,41.2241;67062;;Isaia
0;26.0332,40.8648;68500;;Loutra Traianoupolis
0;25.7154,40.8511;68100;;Kimisi Theotokou
0;25.7291,40.8473;68100;;Panorama
0;25.6836,40.8550;68100;;Paralia Dikellon
0;26.0267,41.2605;68400;;Yeriko
0;25.9191,41.2122;69500;;Petrolofos
0;26.6213,41.3694;68009;;Stathmos
0;25.4865,40.4869;68002;;Potamia
0;21.7085,37.3432;24021;;Palaiovlasada
0;21.7256,37.2880;24500;;Stasi Sidirokastrou
0;21.7044,37.3347;24021;;Pigadoulia
0;21.7434,38.2016;26332;;Demenika
0;21.4771,37.6700;27100;;Kolireikes Parages
0;21.4335,37.7028;27100;;Ayios Georgios
0;21.9945,37.1976;24002;;Stathmos
0;21.4389,38.6088;30003;;Akropotamos
0;21.6971,37.9967;25015;;Avrami
0;21.2529,38.8749;30500;;Megalos Kampos
0;21.8076,38.4106;30300;;Lefka Vomvokous
0;21.3067,37.7445;27200;;Ayia Marina
0;21.5939,38.1438;25200;;Paralia Alissou
0;21.5131,38.0047;25005;;Ayios Nikolaos
0;21.7763,38.2005;26335;;Mavromadila
0;21.8309,38.1883;26500;;Kefalovryso
0;21.1972,37.8607;27050;;Vationas
0;21.2012,37.8654;27050;;Romeika
0;21.1547,37.8313;27050;;Ioniko
0;22.5389,39.2993;10438;;Xilades
0;22.3774,39.2899;40300;;Khaidaria
0;22.4256,39.2081;40300;;Kokkino
38;22.3802,39.3225;10438;;Stathmos
0;22.4385,39.3047;10438;;Serifis
0;21.8181,39.3230;43067;;Panorama
0;21.9329,39.2163;43100;;Ampelakia
0;21.8410,39.6191;42100;;Kokkona
0;21.7109,39.7102;42200;;Ayios Nikolaos
0;22.2676,39.4854;43062;;Ano Vounena
0;22.3327,39.5029;41500;;Kampos
0;21.6114,38.5855;30008;;Paleomylos
0;21.7095,38.6823;36074;;Theotokos
0;21.7340,38.5187;30026;;Pini
0;21.3201,38.5008;30400;;Kefalovrysos Stamnas
0;21.4414,38.3888;30200;;Filothei
0;21.4154,38.3972;30200;;Mesokampos
0;21.4541,38.3929;30200;;Trelangatha
0;21.4887,38.3798;30014;;Zesti
0;21.4570,38.3831;30200;;Arvaniteika
0;21.5448,38.3760;30014;;Kokori
0;21.3552,38.4766;30400;;Khaliki
0;21.3206,38.4280;30400;;Bouza
0;21.3274,38.9738;30017;;Neo Khalkiopoulo
0;21.4840,38.1030;25005;;Vrakhneika
0;21.6790,37.9640;25015;;Kato Mastrantoni
0;21.6503,37.8770;27069;;Karpeta
0;21.7115,37.9644;25015;;Bantzeika
0;21.7578,38.1866;26335;;Ayios Konstantinos
0;21.7628,38.1875;26335;;Kefalovryso Messatidos
0;21.7572,38.1991;26335;;Ayios Stefanos
0;21.7414,38.1938;26333;;Bakari
0;21.8239,38.1813;26500;;Mintzeika
0;21.8241,38.1769;26500;;Panayia
0;21.8452,38.1884;26500;;Profitis Ilias
0;21.7790,38.2102;10441;;Ryaki
0;21.5430,37.7033;27060;;Almyriki
0;21.4022,37.7066;27100;;Glykorizo
35;21.3851,37.7310;27200;;Kapandriti
0;21.4223,37.6851;27100;;Syntriadha
0;21.4377,37.6877;27100;;Anthopyrgos
0;21.4021,37.6870;27100;;Kavasilakia
0;21.3128,37.7195;27067;;Pyrgi
0;21.4003,37.6802;27100;;Tragano Ayiou Ioannou
0;21.3854,37.6563;27100;;Kyani Akti
0;21.3934,37.6762;27100;;Palatas
0;21.5328,37.6811;27060;;Kampos
0;21.5406,37.6913;27060;;Karoutes
0;22.1127,38.0439;25001;;Avlonas
0;21.6257,37.4766;27054;;Ayios Nikolaos
0;21.6704,37.4562;27054;;Kotronaki
0;21.6799,37.4571;27054;;Bourboulas
0;21.6942,37.4995;27054;;Kato Arini
0;21.6583,37.4601;27054;;Kampos
0;21.6165,37.5133;27054;;Marathos
0;21.6211,37.5108;27054;;Panayia
0;21.6287,37.5048;27054;;Neokhori Xirokhoriou
0;21.6625,37.5183;27054;;Panayia Smernas
0;21.7047,37.4007;27056;;Trani Laka
0;21.6453,37.4719;27054;;Panorama
0;21.6676,37.4247;27054;;Kato Taxiarkhes
0;21.6662,37.4199;27054;;Longaki
0;21.7107,37.4355;27056;;Panayies
0;21.6996,37.4317;27056;;Dhrakos
0;21.7062,37.4383;27056;;Skoupas
0;21.7079,37.4323;27056;;Agrapidhia
0;22.1266,38.2132;25100;;Nea Kerinia
0;21.6674,37.6113;27055;;Nea Skillountia
0;21.2718,39.0678;30017;;Thyamos
0;26.1843,37.6283;83302;;Ayia Kyriaki
0;26.3395,37.6835;83300;;Ayia Kyriaki
13;21.3026,40.0925;51032;;Kastro
0;21.1904,38.9169;30500;;Kambos
0;21.3467,38.8912;30018;;Nea Malesiadha
0;20.8014,38.8647;31100;;Ammousa
0;20.8863,38.7550;30012;;Perivolia
0;22.3666,38.1416;25010;;Lambinos
0;21.9476,38.2734;25009;;Neo Salmeniko
0;22.0485,38.2380;25100;;Sotiras
0;22.0526,38.2288;25100;;Ayios Nikolaos
0;22.0241,38.2010;25100;;Ayia Anna
0;21.6704,37.5858;27055;;Khani Gryllou
0;21.6286,37.5937;27055;;Poros
0;21.6122,37.5890;27055;;Moskhoula
0;21.7244,37.6022;27055;;Neo Khorio
0;21.7035,37.6166;27065;;Anemokhoraki
0;21.8449,37.5185;27062;;Kato Amygdalies
0;24.5740,38.9171;34007;;Molos
25822;22.9416,40.6532;56728;;Neapoli
0;21.9877,38.0485;25011;;Neokhori
0;21.2294,38.6890;30009;;Kouvaras
0;22.8638,40.6651;59100;;Ayia Sofia
0;21.7560,40.2754;50004;;Zoni Energou Poleodomias
0;21.6787,37.9067;25015;;Pighadhia
0;23.0310,40.6324;57010;;Kranos
0;25.2645,37.1033;84401;;Ambelas
0;26.4278,39.0850;81101;;Mykhos
0;21.7543,38.5192;30026;;Kato Kampos
0;21.8005,38.5137;30026;;Kambos
0;21.7905,38.5151;30026;;Platanias
0;21.7333,38.1204;25008;;Kydoniés
0;21.7531,38.1151;25008;;Koimisi
0;20.2426,39.6611;46300;;Kótsika
0;21.9036,36.8074;24004;;Potamiá
0;21.7027,37.9831;25015;;Agios Georgios
0;21.4174,38.9610;30017;;Agrapidókampos
0;21.7118,37.9262;25015;;Kato Drosia
0;25.5822,40.4976;68002;;Ano Kariotes
0;22.0019,38.3113;25009;;Pefka
0;22.0101,38.3115;25009;;Bouka
0;22.1716,38.1934;25003;;Metochi
0;21.8282,38.4159;30300;;Marmara
0;21.4459,38.9319;30018;;Pistiana
0;22.5118,36.7959;23200;;Egies
0;21.7204,36.8159;24006;;Kritika
0;21.8227,36.8042;24010;;Loutsa
0;21.8028,36.8149;24006;;Chounakia
0;21.8006,36.8060;24006;;Anemómylos
0;21.7267,36.8219;24006;;Tapia
0;21.8158,36.8179;24006;;Neratzies
0;21.7292,36.8124;24006;;Kokkinia
0;22.2853,38.3701;33058;;Neoi Ágioi Pántes
0;22.5402,38.3372;32012;;Sykiá
0;22.2957,38.3566;33058;;Paralia Agion Panton
0;22.6020,38.3590;32012;;Potamoi
0;22.3309,38.5940;33100;;Monastiri
0;22.5630,38.2918;32012;;Agiow Nikolaos
0;20.9883,38.6702;30019;;Paliovarka
0;21.7482,36.8006;24006;;Lambes
0;22.5118,38.5890;33051;;Alatariés
0;22.5063,38.3786;33050;;Genimakia
0;21.7982,37.0659;24015;;Áyioi Apóstoloi
0;22.3558,38.5964;33100;;Viniani
153;24.9020,37.8186;84500;;Koumani
0;23.6375,35.3672;73012;;Lirantoniana
0;23.6333,35.3714;73012;;Raisiana
0;22.5136,38.4991;33054;;Kroki
0;21.2500,39.3744;47045;;Plátanos
0;21.2091,38.7159;30009;;Agios Stefanos
0;28.0079,36.2814;85102;;Dimilia
0;25.2231,37.5478;84200;;Feró Chorió
0;22.0132,40.1905;50500;;Nea Lava
0;25.3555,39.9643;81401;;Ágios Theódoros
0;21.9788,40.4466;59200;;Ágio Pnévma
0;21.9323,40.4686;13345;;Profítis Ilías
0;26.1280,39.3078;81109;;Ampélia Skoutarou
0;21.5434,37.8463;27069;;Agios Nikolaos
0;20.4832,39.6934;46033;;Agia Varvara
0;20.4419,39.5700;44017;;Gola
0;20.3904,39.5944;46300;;Achladia
0;26.3020,39.1921;81102;;Mésa
0;25.1427,36.6759;84010;;Aloprónoia
0;21.9083,36.8021;24004;;Kotronakia
40;21.3793,38.9239;30018;;Ypapanti
0;22.0091,38.2131;25100;;Ágios Ilías
0;22.2632,38.1712;25006;;Corinthiako Balkoni
25;20.4368,39.3132;48060;;Vrises
4;20.3403,39.2869;48060;;Sarakiniko
0;21.5410,38.1550;25200;;Alykes
0;22.0132,38.1990;25100;;Pelekistra
0;22.0500,38.2116;25100;;Petrovoúni
0;22.1090,38.2163;25100;;Kalanteri
0;22.1725,38.2021;25003;;Terpsithéa
0;21.7999,38.7591;36076;;Áyios Kharálambos
0;22.3452,38.1201;25010;;Paliokatona
0;22.3707,38.1378;25010;;Almyros
0;22.3440,38.1129;25010;;Kasaneva
0;21.7413,37.8507;27063;;Keresova
0;21.6345,38.0624;25018;;Gkanaíika
0;25.7705,36.3443;84009;;Ayios Nikolaos
0;21.4896,37.6563;27058;;Kato Varvasena
0;24.9781,40.9319;67061;;Pedikes Kataskinosis
232;23.0729,40.5271;57001;;Filothei
0;22.5605,40.7752;57100;;Ergatikes Katikies
0;24.5192,37.9574;34001;;Ayii
0;26.5069,37.6281;83400;;Kambi Chrysomilias
0;24.2133,35.3573;73007;;Maza
17;22.9832,36.5224;23053;;Pounta
37;22.9715,36.5070;23053;;Kapari
0;25.0288,36.9775;84007;;Ayios Georgios
0;22.5524,36.7846;23200;;Gyrista
0;25.2006,37.0029;84400;;Aspro Khorio
0;25.1499,37.0985;84400;;Krotiri
0;25.1947,37.1180;84401;;Kamares
0;24.7179,37.9075;84501;;Kato Fellos
96;24.8128,37.8686;84501;;Káto Katákoilos
0;23.5586,38.6567;34400;;Ayios
0;23.5950,38.6127;34400;;Drosia
0;23.8782,38.6584;34014;;Ayia Irini
0;23.5113,38.5883;34400;;Theotokos
45;23.5058,38.5990;34400;;Kakoperato
167;21.7222,40.4866;13345;;Palia Ampelia
633;28.0829,36.3802;85106;;Dhamatria
0;28.0605,36.2660;85102;;Archipoli
643;26.8248,37.1603;85400;;Kamara
399;26.8629,37.1274;85400;;Temenia
15;22.4994,36.6934;23066;;Ayios Vasilios Neochoriou
0;22.5007,36.6861;23066;;Dikhova
0;22.5529,36.7597;23200;;Voutrouvi
0;22.5222,36.7766;23200;;Limni
0;23.7451,40.2301;63078;;Lagonisi
0;24.2713,35.1802;74000;;Lakki
0;24.2114,38.1645;34015;;Lefka
21;23.3238,40.6579;57020;;Spitakia
13;22.6022,39.9014;40007;;Ayios Konstantinos
0;25.5396,41.2157;69500;;Ardia
0;24.3707,37.6226;84002;;Ayia Mavra
0;24.3124,37.5680;84002;;Chavouna
0;24.3400,37.5842;84002;;Ayios Symeon
0;25.1762,37.1090;84400;;Kalami
0;25.1075,37.0251;84007;;Kampos
0;21.7878,38.7747;36076;;Palaiochori
0;21.6810,38.6486;30008;;Misampella
0;21.6499,38.6884;36074;;Dafni
0;21.7302,38.5475;30008;;Dosoula
0;21.7390,38.5090;30026;;Paliouriá
0;22.8972,39.6423;40003;;Rakopotamos
0;21.7064,38.5894;30008;;Rogia
0;23.1133,38.2093;19012;;Paralía Livadóstras
0;21.8435,37.6692;22028;;Nea Dafni
0;25.8485,41.3069;69500;;Kalyvia
0;23.3199,38.4172;32200;;Kastri
0;24.9391,37.4765;84100;;Platy Vouni
0;27.1535,36.6119;85303;;Loutra
0;21.8351,37.6603;22028;;Bertsia
0;21.8109,37.6993;27066;;Elaia
0;21.3785,38.4297;30400;;Mesa Pigadi
0;21.4784,38.3913;30200;;Metochi
0;21.8652,37.8933;25012;;Kalývia Astra
0;21.3790,38.5208;30011;;Giatsaíika
0;21.4821,38.4441;30011;;Chounista
0;21.4840,38.4003;30200;;Paspaliareika
0;21.2997,38.5126;30400;;Stathmos Stamnas
0;21.3255,38.4500;30400;;Nisaki
0;21.4070,38.3700;30200;;Notios Diavlos
0;21.4691,38.4026;30200;;Agraforrachi
0;21.4992,38.4014;30014;;Ágios Symeón
0;25.5697,40.5002;68002;;Kato Kariotes
0;25.6735,40.4655;68002;;Ano Meria
0;25.5180,40.4337;68002;;Makrilies
0;25.5227,40.5034;68002;;Katsabas
0;24.9588,35.0584;70012;;Aghioi Deka
40;22.8443,41.2359;61003;;Kallirrói
12;22.8996,41.0753;61100;;Kalolívadon
46;22.9460,41.1229;61002;;Dívounion
1040;22.8386,41.2638;61003;;Stathmós Mourión
0;21.3132,39.4997;42037;;Gournes
0;21.3204,39.4962;42037;;Gravos
0;21.0513,39.2660;47046;;Agios Konstantinos
0;22.9585,40.7169;56429;;Anthoupoli
0;22.2115,39.4856;43062;;Magoulítsa
0;22.1151,39.5413;42031;;Lykorema
0;21.8523,40.3029;62051;;Tselikas
0;22.0787,40.4373;59033;;Agía Paraskeví
0;21.7907,40.3355;50100;;Nea Kardia
0;21.8365,40.3141;50100;;Moni Analipseos
0;21.8245,40.3109;50100;;Spinaris
0;21.7692,40.2939;50004;;Agia Kiriaki
0;21.7792,40.2889;50004;;Girokomio
0;21.8779,40.2828;62051;;Scholes OAED
0;20.3391,39.7329;46033;;Paliochóri
0;20.4341,39.6419;46033;;Achouria Malouniou
0;20.4332,39.6261;46033;;Veledziana Malouniou
0;20.4433,39.5514;46200;;Donatos
0;20.3951,39.6395;46033;;Dafni
0;20.4437,39.7326;46033;;Kossivatika
0;20.3216,39.6768;46300;;Mavroneri
0;20.4559,39.7109;46033;;Melissa
0;20.4592,39.7031;46033;;Perama
0;20.3647,39.6851;46033;;Sitaina
0;20.3895,39.6030;46300;;Chlomos
0;20.4162,39.6050;46033;;Tsatsouleika
0;20.3840,39.6753;46033;;Neochóri
0;24.3729,37.3143;84006;;Ágios Dimítrios
0;24.4511,37.3892;84006;;Aosa
0;21.9638,37.7884;25004;;Pera Váchlia
0;24.4023,37.3190;84006;;Gantromandra
0;24.4430,37.3565;84006;;Kalo Livadi
0;22.0205,37.6722;22003;;Ágios Nikólaos
0;24.4508,37.3741;84006;;Lefkes
0;24.4489,37.3676;84006;;Liotrivi
0;24.4182,37.3337;84006;;Skylos
0;24.4006,37.3652;84006;;Flampoúria
0;24.3981,37.4129;84006;;Apokrisi
0;21.5559,38.9854;36071;;Tsoukka
0;21.7501,38.5082;30026;;Poros
0;21.2316,40.0342;51032;;Perivolaki
0;26.8178,37.1566;85401;;Kokkali
0;21.1552,40.0851;51032;;Kourouna
0;23.2235,37.3465;21051;;Petrothalassa Ermionis
0;21.5306,39.7983;42034;;Mikani
0;20.9834,38.9400;30002;;Volimi
0;20.7766,38.8050;31100;;Paliá Plagiá
0;22.7152,37.4212;22001;;Vorvogli
0;21.0028,38.8934;30002;;Gourgouvli
0;20.9978,38.9200;30002;;Rouga
0;21.3601,38.8753;30018;;Chamoriki
0;21.3185,38.9770;30017;;Prosília
0;21.1308,39.0238;30016;;Katsouli
26;21.3510,38.9079;30018;;Ano Kampos
0;21.4097,38.9239;30018;;Katsiades
0;21.2278,38.8445;30500;;Ágioi Theódoroi
0;21.2151,38.8649;30500;;Makrichoria
0;21.2660,38.8053;30018;;Knanalos
0;21.1808,39.0119;30016;;Skreiko
0;21.1497,38.8658;30500;;Platos
0;21.1372,38.8925;30500;;Pigadaki
0;24.4783,37.9661;34001;;Bouros
0;21.1092,38.8577;30500;;Tria alonia
0;21.1225,39.0797;30016;;Kastriotissa
0;21.1167,39.0988;47040;;Katharovouni
0;21.1853,39.1182;47048;;Paleokastro
0;21.2027,38.8653;30500;;Falagias
0;21.1768,38.9764;30016;;Mavrorachi
0;21.1942,38.9623;30016;;Psila Alonia
0;21.1787,38.9582;30500;;Petralona
0;24.7706,40.6847;64004;;Paleochori
0;25.3255,41.1286;15780;;Mosynopolis, Maximianopolis, Μαξιμιανούπολις
0;21.4851,38.3931;30200;;Theodotakeika
0;21.4895,38.3949;30014;;Arcea Alicarna
0;21.9213,36.9773;24005;;Tzanes
0;21.9124,36.9664;24005;;Fori
0;21.9286,36.9120;24010;;Chelonaria
0;24.5493,38.0926;34001;;Drymonári
0;24.3358,38.0681;34013;;Diastavrosi
0;24.2984,38.0729;34013;;Paralia Figia
0;24.3241,38.0562;34013;;Ágios Konstantínos
0;20.4462,39.5765;44017;;Rodostiva
0;20.3635,39.7618;46033;;Kamitsani
0;20.3988,39.5155;46200;;Dilofo
0;20.3860,39.5147;46100;;Kato Koritiani
0;20.2693,39.5325;46100;;Pigadi
0;20.4555,39.3201;46030;;Kalodiki
0;20.2601,39.5172;46100;;Ampelia
0;24.0792,38.6148;34019;;Kalliáni
0;24.1642,38.5611;34011;;Mourteri
0;24.1281,38.6635;34003;;Chili
0;25.4595,35.2201;72052;;Ano Kera
0;21.8787,37.1263;24015;;Mavros Logos
0;21.8861,37.1171;24013;;Chilia Spitia
0;21.8857,36.9720;24005;;Agia Sotira
0;21.9816,37.0091;24200;;Paralia Analipsis
0;21.9474,36.9982;24005;;Paralia Velikas
0;21.9505,37.0065;24005;;Agios Avgoustinos
0;21.9945,37.0209;24200;;Ágios Konstantínos
0;22.0055,37.0572;24200;;Xinos
0;21.9879,37.0359;24200;;Milonas
0;24.8522,35.3424;74054;;Makrygiannis
0;24.8488,35.4041;74054;;Kalo Chorafi
0;21.4611,38.3154;30200;;Babakoula
0;22.2688,37.0731;23059;;Agios Vaseilios
0;22.2231,37.0994;23059;;Theotokos
0;22.2565,37.0900;23059;;Skourolakkos
0;27.1322,35.4515;85700;;Agios Ioannis Afiarti
0;27.0707,35.5886;85700;;Kato Lefkos
0;27.1550,35.6308;85700;;Agios Nikolaos
0;27.1422,35.5523;85700;;Kallenes
0;27.1825,35.5758;85700;;Katodio
0;27.1909,35.4747;85700;;Lakki
0;27.1408,35.5754;85700;;Lastos
0;27.1679,35.5811;85700;;Myrtonas
0;27.1406,35.5445;85700;;Stes
0;22.0867,37.1813;24007;;Pelekiti
0;22.0710,37.2166;24007;;Agrilies
0;22.0922,37.2261;24007;;Ano Vromóvrysi
0;25.0582,41.2597;67300;;Akreos
0;24.9190,41.2282;67300;;Rachi
0;25.0018,41.2531;67300;;Kapnoanthos
0;24.9235,41.2298;67300;;Krania
0;24.9051,41.2373;67300;;Koryfi
0;24.8827,41.2146;67100;;Kotino
0;24.8815,41.1955;67100;;Koutsomytis
0;24.8843,41.2249;67300;;Ano Kírra
0;25.1219,41.3143;67300;;Lykotopos
0;25.0960,41.2828;67300;;Drougouti
0;24.8011,41.2512;67062;;Stamati
0;24.8385,41.2576;67300;;Vasilochori
0;24.8954,41.1884;67100;;Stirigma
0;24.8734,41.2252;67300;;Soula
0;24.8617,41.2260;67300;;Prosilio
0;24.8631,41.2342;67300;;Chryso
0;24.8798,41.2384;67300;;Pyrgos
0;21.0757,39.1035;47040;;Ayios Nikolaos
0;21.5468,37.8905;27069;;Kotrona
0;21.6467,37.8174;27064;;Ampelákia
0;21.2057,37.8807;27050;;Agios Panteleimonas
0;21.1377,37.9034;27068;;Karavaki
0;21.4092,37.9649;27052;;Karavoulaiika
0;21.4175,37.9679;27052;;Ágios Athanásios
0;21.1231,37.9074;27068;;Psilí Ráchi
0;21.1112,37.8809;27068;;Kalamia
0;21.2930,37.7985;27200;;Kasidiaris
0;21.2977,37.8106;27200;;Romaiika
0;21.3436,37.7485;27200;;Danika
0;24.3209,38.0392;34013;;Krýa Vrýsi
0;21.7920,37.6943;27066;;Kampos Nemoutas
0;21.6582,37.7287;27064;;Kámpos Neráidas
0;21.7777,37.7926;27063;;Kataniá
0;21.7436,37.6801;27066;;Vília
0;21.7873,37.8033;27063;;Ái Giαnnákis
0;21.6268,37.6553;27065;;Fanarás
0;21.5562,37.6578;27060;;Káto Stréfi
0;21.7708,37.7287;27066;;Koutsouroubas
0;21.5789,37.6850;27060;;Pournári
0;21.9402,38.6470;30025;;Lalika
0;21.8481,40.8203;58002;;Nea Xanthógeia
0;21.7948,40.8334;58002;;Neos Ágios Athanásios
0;22.0620,40.8391;58200;;Palea Sotíra
0;21.5976,37.5392;27055;;Fragoklisia
0;23.5938,38.2050;13671;;Tzigourati
0;25.1966,37.0233;84400;;Lagada
0;21.6014,38.9845;36071;;Agia Triada
0;21.6430,38.9530;36071;;Amiriani
0;21.5725,38.9974;36071;;Skamnia
0;21.6588,38.9513;36071;;Káto Marathiá
0;21.5639,38.9537;36071;;Karakási
0;21.5234,38.9500;36071;;Kaipanáki
0;21.5186,38.9398;36071;;Vrekeika
0;21.5561,38.9310;36071;;Perouleika
0;21.6824,38.9514;36071;;Parkio
0;21.5443,38.9640;36071;;Kapseika
0;23.3696,38.9846;34010;;Psaropouli
0;24.9063,41.3227;67300;;Emonio
0;24.8854,41.1927;67100;;Trigono
0;25.0337,41.2370;67300;;Rematia
0;25.1813,41.2856;69200;;Gidotopos
0;25.0545,41.2496;67300;;Potamochori
0;24.8723,41.2149;67100;;Zoumbouli
0;24.8788,41.2103;67100;;Ano Zoumbouli
0;24.9207,41.2252;67300;;Oasi
0;21.4493,39.1886;36070;;Diaselo
0;22.2823,37.4025;22027;;Kato Aséa
0;21.6011,39.2245;43069;;Ágios Athanásios
0;21.6747,38.9766;36071;;Nea Víniani
0;22.7344,37.4267;22001;;Agios Stefanos
0;22.6954,37.3105;22001;;Agios Panteleímonas
0;22.7458,37.4597;22019;;Lileika
0;22.7190,37.4846;22019;;Plaka
0;22.7273,37.4951;22019;;Metamorfosi
0;22.3141,39.6034;41334;;Greece (historical region)
0;25.8758,41.2433;69500;;Chamiló
0;25.8884,41.1874;69500;;Charádra
0;25.8523,41.2018;69500;;Mikros Kechros
0;25.8103,41.2415;69500;;Vourla
0;25.8168,41.2229;69500;;Tsoukka
0;25.7978,41.2030;69500;;Monastíri
0;23.0913,38.6477;35007;;Paliomagaza
2;25.1149,37.5547;84200;;Vourni
0;21.8120,37.4840;27056;;Agios Vlasis
0;21.8124,37.5048;27062;;Rama
0;21.8197,37.5111;27062;;Klima
0;21.9469,37.5606;22028;;Kato Rizospiliá
0;24.1714,38.5594;34011;;Agios Merkourios
0;24.0332,38.6482;34019;;Kambos Vitalon
0;24.9636,41.1588;67100;;LIvadi
0;21.8570,37.6857;22008;;Dodekametro
0;23.2563,39.0229;34200;;Palaiokastro
0;23.3430,39.0129;34010;;Agios Nikolaos
0;23.1948,38.9978;34200;;Kefales
0;23.2079,38.9294;34200;;Kato Monokarya
0;23.5543,38.6713;34400;;Neos Pagóntas
0;23.5650,38.6411;34400;;Klimaki
0;23.8152,38.5339;34018;;Pyrgos
0;23.4260,38.9379;34010;;Achlαdopotamo
0;26.5200,39.1709;81100;;Niselia
0;23.1879,39.1555;37013;;Agioi Apostoloi
0;20.5918,38.1748;28083;;Ágioi Apóstoloi
0;25.9045,35.1776;72057;;Agio Pnevma
0;24.5657,38.8423;34007;;Kalamitsa
0;24.5678,38.8227;34007;;Nyfi
0;23.1330,39.4434;37001;;Agioi Saranta
0;26.2182,35.0820;72059;;Ágios Georgios
0;20.3906,39.2914;48060;;Ágios Georgios
0;24.8600,36.6641;84011;;Ágios Georgios
0;26.4917,39.1904;81100;;Ágios Georgios
0;26.4470,39.1229;81101;;Ágios Georgios Keramion
0;20.4205,38.2114;28200;;Ágios Vasíleios
0;23.2133,39.1467;37013;;Ágios Andreas
0;25.2152,37.1072;84401;;Ágios Andreas
0;25.9264,39.1413;81105;;Cliara
31;24.7122,37.9461;84501;;Ágios Ioánnis
0;23.0018,39.3960;37011;;Ágios Ioánnis
0;26.4981,37.5414;83400;;Ágios Ioánnis Thermastis
0;25.1842,36.9848;84007;;Ágios Ioánnis Trypitis
0;24.2093,35.2039;73011;;Ágios Nektários
0;21.1916,39.3371;47045;;Ágios Minas
0;25.1461,37.5497;84200;;Ágios Markos
0;22.5762,36.7849;23200;;Ágios Konstantinos
0;25.2682,37.0498;84401;;Ágios Nikolaos
0;23.7512,38.6047;34018;;Eptakonaka
0;25.2820,34.9845;70010;;Ágios Panteleimon
0;26.0937,35.0843;72059;;Ágios Panteleimon
0;26.0962,37.6077;83301;;Ágios Panteleimon
0;25.4589,36.4284;84700;;Exo Yialos
0;23.0307,37.5438;21052;;Ágios Nikolaos
0;24.3020,37.6270;84002;;Ágios Nikolaos
0;26.2405,39.1401;81300;;Ágios Pavlos
0;20.7912,39.2796;48300;;Ágios Sávvas
13;24.8021,37.9462;84501;;Ágios Symeón
0;25.1832,37.5326;84200;;Ágios Fokás
0;24.3802,37.6382;84002;;Ágios Theódoros
0;20.6193,38.1697;28083;;Ágios Eleftherios
0;25.1687,37.0992;84400;;Ágios Charalabos
0;23.7884,35.2972;73009;;Agriles
0;24.9466,34.9928;70012;;Agia Marina
0;28.1152,36.3808;85104;;Aerolimin
0;25.2444,39.9320;81401;;Aerolimin
0;24.1473,35.5245;73200;;Aerodromio
8;24.8868,37.7953;84500;;Alado
0;24.1745,35.5454;73003;;Akropolis
0;20.7699,38.0805;28082;;Alimatas
0;26.0560,38.2050;82102;;Almyros
42;24.7942,37.8471;84501;;Alíkandros
0;21.0677,39.1034;47040;;Alonia Seladon
0;20.7206,39.3271;44009;;Aloni
0;28.2162,36.3657;85105;;Ammoudes
31;23.1070,40.8530;57017;;Mavrorrachi
0;23.2213,39.1327;37013;;Chondri Ammos
0;25.2560,39.9168;81401;;Anemoesa
0;26.1008,35.1943;72300;;Anemomylia
0;23.0191,39.3575;37300;;Anemoutsa
0;26.3854,36.5784;85900;;Analipsi
0;23.2137,39.1545;37013;;Mavri Petra
0;23.1988,39.2013;37006;;Paou
0;23.0726,39.3385;37300;;Strofilos
0;22.8890,39.3886;38445;;Kakavos
0;22.6231,39.9797;60065;;Agios Dimitrios
0;21.9353,40.5880;59200;;Ano Seli
0;26.0955,39.1094;81300;;Apothikes
1008;21.5833,37.5833;27055;;Kallikomo
0;22.7211,39.8729;61001;;Apostolos Pavlos
0;22.4748,36.8021;23061;;Arvanitis
0;21.5924,39.2750;43069;;Argyreika
0;26.1737,37.6211;83302;;Xanthi
0;26.0797,37.6196;83301;;Xinda
0;26.0502,37.6117;83301;;Tsakades
0;26.0476,37.6001;83301;;Prospera
0;26.0927,37.6250;83301;;Lomvardades
0;26.0902,37.6288;83301;;Kato Lomvardades
0;26.2036,37.6191;83302;;Kyparisi Arethousas
0;26.1958,37.6233;83302;;Kyparission
0;21.6215,39.3834;43060;;Arpakia
0;26.1720,37.5643;83302;;Plagiá Dafnis
0;26.1258,37.6329;83302;;Kalamourida
0;26.1812,37.6274;83302;;Dekakia
0;26.1462,37.6321;83302;;Kremasti
0;26.1630,37.6281;83302;;Fytema
0;26.2015,37.6151;83302;;Finikas
0;26.0395,37.5462;83301;;Pezi
0;24.2020,35.4391;73003;;Aspro
0;24.3536,37.6116;84002;;Astras
18;24.8311,37.9031;84501;;Aténi Arná
0;26.2769,39.1536;81102;;Acladeri
0;26.5274,39.1367;81100;;Achlia
0;26.8432,37.1413;85400;;Plakes
0;21.5082,39.2744;43066;;Stavros
0;21.6035,39.2994;43069;;Livadia
0;21.7185,37.9097;25015;;Pteri
0;21.4025,39.3643;43065;;Gravia
0;21.3896,39.3735;42033;;Varka
0;21.6857,39.4000;43060;;Gravia
0;21.6395,39.3924;43060;;Charavgi
0;21.6722,39.3684;43060;;Lakkes
0;21.4410,39.2772;43066;;Márathos III
0;21.6048,39.4094;43060;;Spathes
0;21.5285,39.3496;43065;;Palioroga
0;21.5585,39.2769;43069;;Mantziouraiika
0;21.9672,40.6416;59200;;Pigadia
0;22.1306,40.6210;59035;;Stathmos
2;22.4030,40.5697;59031;;Exoklisi
0;22.3874,40.6551;59300;;Santa
0;21.8279,37.6400;27062;;Livadaki
0;22.1861,40.5388;59033;;Lianovrochi
0;22.1884,40.5190;59033;;Kato Komníneio
0;28.1927,36.3745;85105;;Vrisia
0;27.7840,36.1866;85108;;Lakki
0;28.0612,36.3821;85106;;Kato Kalamónas
0;27.9436,36.2769;85108;;Profítis Ilías
0;27.7734,35.8919;85109;;Macheria
0;28.1979,36.3832;85101;;Tsairi
0;22.2822,40.4943;59033;;Metochi Prodromou
88;25.4403,34.9915;70004;;Kolimbi
76;25.8704,41.1825;69500;;Kambos
60;25.2385,41.0674;69200;;Mikro Palladhio
37;25.1479,41.1449;69200;;Ippiko
15;25.0914,41.1430;69200;;Monakhoi
346;25.3776,41.1441;15780;;Fititikes Esties
48;25.4549,40.9960;69400;;Nea Petra
34;25.3815,40.9131;69400;;Profitis Ilias
14;25.4479,40.9007;69400;;Lefkes
6;25.4412,40.9019;69400;;Alkyona
6;25.3695,40.9298;69400;;Ambelakia
16;25.3976,40.9108;69400;;Almyros
0;25.0621,41.2077;67300;;Ketiki
0;25.0734,41.1812;69200;;Pelekito
0;24.9871,41.1596;67100;;Prioni
0;24.7080,41.3339;67062;;Dasiko Khorio
0;24.8055,41.0797;67150;;Mikro Tympano
0;24.8706,40.9541;67200;;Daphni
0;22.1777,40.5632;59033;;Ayios Nikolaos Patridas
0;22.0474,40.6186;59200;;Agios Nikolaos
0;22.5925,40.0134;60065;;Paralia Panteleimonos
0;22.4604,40.2745;44019;;Ayia Varvara
0;22.5191,40.3056;60100;;Neos Ano Ayios Ioannis
0;22.4830,40.1198;60200;;Moni Ayiou Dionyisou On Olympus
0;22.0082,40.1930;50500;;Nea Kastania
0;25.2913,36.7369;84001;;Bouris
0;25.2912,36.7498;84001;;Epano Kampos
0;25.2599,36.7247;84001;;Koumpara
80;24.7540,37.8815;84501;;Káto Ágios Pétros
0;24.7954,37.8531;84501;;Stivari
47;24.8038,37.8359;84501;;Koutsi
0;25.1215,37.0472;84007;;Sotires
0;21.6572,38.0757;25018;;Galaneika
0;24.0472,38.5708;34016;;Ayios Vlassios
0;24.5014,38.9599;34007;;Trakhi
0;24.5667,38.8774;34007;;Aspous
0;24.5759,38.8647;34007;;Achilli
0;24.5594,38.8498;34007;;Kalikri
0;24.5663,38.8501;34007;;Loutro
0;24.5131,38.8568;34007;;Pefkos
0;24.4694,38.9153;34007;;Atsitsa
0;24.5575,38.9235;34007;;Mela
0;24.4668,38.9300;34007;;Kyra Panayia
0;25.1267,37.0652;84400;;Koukoumavles
0;25.1712,37.0633;84400;;Vounia Parou
0;25.1117,37.0072;84007;;Voutakos Parou
0;25.2712,37.1316;84401;;Laggeri
0;25.2109,37.0044;84400;;Pyrgaki
0;23.5440,38.3404;32009;;Panayia
0;23.5704,38.1795;13671;;Kataskinosi Mitropolis Nikeas
0;22.8897,38.2394;32010;;Paralia
0;22.8484,38.4568;32100;;Tzimeika
0;22.9044,38.4610;32100;;Ayios Nikolaos
0;22.7990,38.2695;32006;;Zelitsa
0;22.2083,38.3443;33058;;Paralia Tolofonos
0;25.1995,39.8915;81401;;Neo Pedino
0;26.2094,39.2450;81107;;Petsofas
4;25.1066,37.5735;84200;;Fsinos
0;25.0505,37.6520;84201;;Ormos Panormou
0;25.0596,37.6470;84201;;Rokharis
0;25.1711,35.2739;70100;;Kera Eleousa
14;25.1302,35.2161;70100;;Karnari
0;25.1041,34.9694;70010;;Platanias
12;25.0362,35.0902;70003;;Vorros
0;25.0890,34.9896;70016;;Ayios Nikolaos Kofina
0;24.9518,35.1200;70017;;Tzaniana
0;24.3026,37.6164;84002;;Ayia Marina
0;24.3212,37.6239;84002;;Zoodokhos Piyi
0;24.2806,37.5645;84002;;Kampi
0;24.2784,37.5816;84002;;Koundouros
0;24.2813,37.5709;84002;;Ligia
0;24.3490,37.6370;84002;;Kastanies
0;24.3839,37.6717;84002;;Kastriani
0;24.2905,37.5623;84002;;Kokkinadha
0;24.3372,37.6378;84002;;Myloi
0;24.3855,37.6104;84002;;Orkos
0;24.2961,37.6072;84002;;Playia
0;24.3269,37.6328;84002;;Rontakadho
0;24.3081,37.5636;84002;;Stavroudhaki
0;24.4328,37.3470;84006;;Kanala
0;20.9945,39.6928;45444;;Mpatza
15;26.4775,37.5703;83400;;Kampi
0;26.5326,37.5992;83400;;Kamari
0;26.4537,37.5749;83400;;Keramidhou
0;26.5058,37.5909;83400;;Bali
0;26.4763,37.5834;83400;;Dhaphnolies
0;26.4953,37.5563;83400;;Playia
0;22.8128,36.7366;23056;;Glyfada
0;22.8907,36.7320;23056;;Krisa
0;23.1185,36.4540;23053;;Valtaki
0;23.1144,36.4358;23053;;Profitis Ilias
0;23.0937,36.4415;23053;;Korakas
0;23.0801,36.4539;23053;;Tsoumala
0;22.9104,36.6024;23056;;Marathias
0;22.2696,36.9045;24022;;Khora Eksokhoras
0;22.4057,37.1153;23100;;Karavas Loggastras
0;22.3421,37.1776;23059;;Kastor
0;22.3242,37.1417;23059;;Epano Chora
0;22.4664,36.9542;23054;;Kydhonitsa
0;22.3378,37.1409;23059;;Soulina
0;22.3452,37.1468;23059;;Kampos
118;22.6134,39.8987;61001;;Perataria
0;22.5596,39.9322;40007;;Mathitikes Kataskinosis Larisas
0;22.7335,39.8612;61001;;Kataskinosis Agiou Dimitriou
0;22.8465,39.8010;40003;;Melιa
0;21.4933,39.4621;42032;;Karyés
0;21.4748,39.4656;42032;;Kallithéa
0;21.3623,39.3643;42033;;Mylótopos
0;21.3243,39.4950;42037;;Fortosi
0;21.3631,39.3864;42033;;Panagía
0;21.3884,39.4111;42033;;Panagioteika
0;21.3797,39.4179;42033;;Zografeika
0;21.4795,39.4538;43065;;Psarro
0;19.9076,39.6188;49100;;Tsavrou
0;20.4526,39.5155;46200;;Vrisopoula
0;20.5463,39.1780;48062;;Paralia Vrachou
0;20.5799,39.1378;48062;;Kato Riza
0;26.9667,37.4583;85001;;Agios Georgios
10;24.8316,37.8071;84500;;Kólympos
25;24.8008,37.8230;84501;;Kalamáki
40;24.8030,37.8418;84501;;Káto Aprovátou
15;24.7249,37.9141;84501;;Epáno Fellós
12;24.7127,37.8882;84501;;Koúrtali
23;24.9307,37.7955;84500;;Éxo Vouní
42;24.9336,37.7806;84500;;Palaiókastro
4;24.9316,37.7661;84500;;Agía Marína
18;24.7118,37.9278;84501;;Mermigkiés
0;27.3472,36.4344;85002;;Eristos
0;26.2788,39.2043;81102;;Kandri
0;25.9882,39.2748;81103;;Kámpos
0;25.9641,39.1105;81105;;Chrousos
0;26.0123,39.1060;81105;;Podaras
0;26.1137,39.3051;81109;;Kechrada
0;26.0627,39.2914;81110;;Balini
0;26.1857,39.3333;81109;;Miradellia
0;26.1340,39.0861;81300;;Nyfida
0;26.1518,39.0938;81300;;Ampélia
0;26.1925,39.1145;81300;;Glaros
0;26.4192,39.3277;81104;;Palios
0;26.1976,39.3190;81109;;Petri
0;26.0420,39.2931;81110;;Kalo Limani
0;26.3383,39.3166;81104;;Taxiarches
0;20.3973,39.2889;48060;;Maras
0;26.2215,39.0840;81300;;Girokomio Lamandriou
0;26.2201,39.1291;81300;;Livadia
0;26.2042,39.1262;81300;;Skamioudi
0;26.3665,39.3410;81104;;Lagada
0;26.3788,39.2702;81104;;Pedi
0;21.9509,38.1419;25000;;Rakita
0;22.1447,38.0522;25001;;Stasi Kerpinis
0;20.4391,38.1880;28200;;Longos
0;20.4981,38.1823;28100;;Drepano
0;26.1223,38.3620;82100;;Monodendri
0;20.2547,39.5793;46300;;Fragma Kalama
0;22.0282,37.5281;22022;;Atsicholos
0;22.4620,37.4210;22012;;Bouzaneika
0;22.2722,36.9138;24022;;Giatreika
0;22.2431,36.8749;24022;;Neo Proástio
0;22.2404,36.8805;24022;;Kalamitsi
0;22.2228,36.8958;24022;;Kampos
0;20.3687,39.7043;46033;;Sokolakatika
0;26.3898,39.0680;81101;;Sanatorio
0;24.7558,37.8987;84501;;Scholi
0;25.2044,37.0028;84400;;Glyfa
0;21.3843,39.2529;47047;;Dilofo
0;25.2307,37.0283;84400;;Tsoukalas
0;25.2321,37.0208;84400;;Tzanes
0;25.0682,39.9042;81400;;Limenaria
0;25.1353,39.9111;81400;;Psylli
0;25.1845,39.8908;81401;;Vounaria
0;25.1012,39.9145;81400;;Gali
0;25.3952,39.9753;81401;;Kortisonas
0;27.7988,35.9480;85109;;Agios Pavlos
0;21.8372,37.5098;27062;;Keramidi
0;22.1309,37.6558;22026;;Pan
0;23.7459,35.4639;73002;;Mourizianá
0;23.9834,35.4781;73300;;Marianá
0;24.1363,35.4618;73003;;Metóchi
0;23.7136,35.4067;73010;;Pýrgos
0;23.7345,35.4474;73010;;Kamára
0;23.7185,38.3279;19015;;Panórama
0;23.7335,38.3220;19015;;Ágios Athanásios
0;23.7439,38.3216;19015;;Platánia
0;23.8764,38.3001;46032;;Agía Varvára
0;23.9361,38.2307;19014;;Agía Paraskeví
0;24.0167,38.2352;19014;;Limniónas
0;24.0554,38.1823;19007;;Agía Marína
0;23.9835,37.9969;19016;;Agía Kyriakí
0;23.9734,37.9616;19016;;Neápoli
0;23.9654,37.8959;19003;;Agía Triáda
0;24.0060,37.8181;19001;;Rountzéri
0;24.0502,37.8187;19001;;Vénio
0;24.0553,37.8160;19001;;Víntzi
0;23.9883,37.8134;19001;;Mýlos
0;24.0708,37.7614;19500;;Agía Marína
0;24.0724,37.7555;19500;;Mikrolímano
0;24.0696,37.7512;19500;;Panórama
0;23.8501,37.8088;16672;;Ágios Dimítrios
0;23.9172,38.0046;54124;;Panórama
0;23.2897,38.1638;19012;;Ágios Nektários
0;23.3376,38.1279;19008;;Ágios Geórgios
0;23.4544,38.0981;19600;;Ágios Charálampos
0;23.4347,38.1536;19600;;Ágios Geórgios
0;23.4171,38.0255;19006;;Néa Zoí
0;23.3966,37.9754;19006;;Agía Triáda
0;23.4689,37.9591;22006;;Spithári
0;23.5178,37.9738;18900;;Ellinikó
0;23.3942,37.6364;21061;;Ágios Geórgios
0;22.9460,36.3551;80200;;Kryonéri
0;22.9205,37.9072;20007;;Dáfni
0;23.1081,37.3963;84301;;Doroúfi
0;26.3953,39.2988;81104;;Agios Stefanos
0;22.9592,40.5931;54655;;Depot
0;22.1963,37.5824;22010;;Libovitsi
