0;22.5797,42.9329;18333;;Zvonce
0;20.0114,44.4390;14210;;Zvizdar
0;22.2143,43.9009;19227;;Zvezdan
5321;20.1643,44.6403;11500;;Zvečka
0;21.7907,42.4436;17520;;Žuželjica
0;20.6577,43.3614;36346;;Žutice
0;21.0278,43.8090;35264;;Županjevac
0;20.2140,44.3447;14225;;Županjac
0;20.3648,42.9798;36320;;Župa
0;20.4939,43.0374;36306;;Žunjeviće
0;21.1512,43.3208;37223;;Žunje
0;22.3013,43.5333;19350;;Žukovac
1284;21.7021,42.3157;17523;;Žujince
0;21.7980,43.6857;18236;;Žučkovac
2001;20.5552,44.6981;11225;;Zuce
0;21.1568,43.2007;18438;;Žuč
0;21.5509,43.4518;37259;;Zubovac
0;22.0939,43.6733;19369;;Zubetinac
79773;20.3819,45.3836;23101;;Zrenjanin
0;22.1111,43.6214;19368;;Zorunovac
0;21.7167,43.0588;16205;;Zorovac
0;21.9861,42.9089;16221;;Zoljevo
0;21.9855,44.0085;19215;;Zlot
0;22.5793,44.0835;19314;;Zlokuće
0;21.9890,43.0605;16201;;Zlokućane
0;22.0251,42.9852;16201;;Zloćudovo
0;22.2550,43.5190;19350;;Žlne
0;22.4476,42.4291;17546;;Zli Dol
0;21.4383,44.2048;12309;;Zlatovo
0;21.9245,42.5168;17501;;Zlatokop
0;21.1581,43.3869;37228;;Zlatari
0;20.6196,43.0100;36309;;Zlatare
0;21.6540,43.0729;18406;;Zlata
0;20.4116,44.2828;14246;;Živkovci
0;21.1038,44.6410;12207;;Živica
0;20.2963,43.7544;32233;;Živica
0;22.1201,42.7049;17530;;Žitorađe
0;21.7131,43.1900;18412;;Žitorađa
810;21.5748,43.0902;18407;;Žitni Potok
0;20.1638,43.2270;36312;;Žitniće
0;21.5752,44.5984;12258;;Žitkovica
0;21.6923,43.5114;18210;;Žitkovac
3060;20.5497,45.4850;23210;;Žitište
0;21.0261,44.1178;34229;;Žirovnica
0;20.3543,43.0277;36321;;Žirča
0;21.0125,43.3785;37220;;Žiljci
0;21.1256,43.3947;37228;;Žilinci
0;21.5648,44.0513;35237;;Židilje
0;20.3249,44.4101;11565;;Zeoke
0;20.2635,43.8506;32243;;Zeoke
155591;20.4012,44.8458;11080;;Zemun
0;22.7338,43.0162;18320;;Željuša
0;22.1493,43.4175;18360;;Željevo
3;20.3751,44.7241;11251;;Železnik
0;21.5644,44.5750;12257;;Zelenik
0;21.1716,43.1295;18433;;Žegrova
0;22.0305,42.7669;17514;;Zebince
0;21.5125,43.4840;37259;;Zebica
0;21.3715,42.9788;31330;;Zebica
0;21.5038,44.2954;12309;;Ždrelo
0;21.4460,43.4982;37203;;Zdravinje
0;21.3921,43.3103;18403;;Zdravinje
0;21.7678,42.9366;16230;;Ždeglovo
0;21.8356,42.4484;17521;;Žbevac
0;22.6500,43.2667;18300;;Zavoj
0;22.2341,43.0444;18246;;Zavidince
0;21.3849,44.7695;12226;;Zatonje
0;22.6148,43.3270;18355;;Zaskovci
0;20.4135,44.7577;11000;;Žarkovo
0;20.5772,43.3810;36346;;Zarevo
0;21.0195,43.2805;18436;;Žarevo
0;21.7958,42.6205;17529;;Zarbince
505;20.4145,42.9094;36309;;Zapadni Mojstir
0;20.5711,43.6619;36341;;Zamčanje
0;21.9239,43.0584;16000;;Zalužje
0;21.2531,43.6893;37257;;Zalogovac
0;21.0253,43.2322;18436;;Žalica
0;20.6607,44.6801;11306;;Zaklopača
0;20.7853,43.6969;36214;;Zaklopača
0;20.0265,43.2272;36310;;Zaječiće
49800;22.2641,43.9036;19000;;Zaječar
0;21.9907,42.9171;16221;;Zagužane
0;21.7884,44.1968;12320;;Žagubica
0;20.4381,44.1690;32314;;Zagrađe
0;22.2606,43.7630;19344;;Zagrađe
0;21.4274,42.9436;18408;;Zagrađe
0;20.7364,44.3083;34312;;Zagorica
0;21.2288,44.9822;26344;;Zagajica
0;20.2025,44.6825;11505;;Zabrežje
0;20.5975,44.2829;34304;;Zabrežje
0;20.2691,43.1920;36314;;Žabren
0;21.4030,44.5802;12313;;Zabrega
0;21.5196,43.9331;35254;;Zabrega
0;21.3685,44.3828;12300;;Zabrđe
0;20.3892,43.1358;36308;;Zabrđe
0;21.8960,42.8780;16203;;Žabljane
0;21.2150,44.3561;12374;;Žabari
0;20.7304,44.2555;34310;;Žabare
0;21.2317,43.5216;37231;;Žabare
8503;20.0639,45.3722;21230;;Žabalj
0;22.2728,42.9151;16211;;Vus
0;20.7902,43.6506;36215;;Vukušica
0;21.5802,44.5671;12257;;Vuković
0;21.7383,44.2590;12318;;Vukovac
0;20.5362,44.2531;34300;;Vukosavci
0;21.1901,43.0376;18440;;Vukojevac
0;21.9602,43.2651;18205;;Vukmanovo
0;21.1591,43.8348;35274;;Vukmanovac
0;20.0034,44.5618;14214;;Vukićevica
0;21.6009,43.6063;18224;;Vukašinovac
0;21.5466,43.4034;37259;;Vukanja
0;20.5458,43.9431;32215;;Vujetinci
0;21.6224,43.0080;16233;;Vujanovo
0;20.2500,43.6833;32235;;Vučkovica
0;21.9105,42.8653;16203;;Vučje
0;20.6795,43.1077;36353;;Vučja Lokva
0;20.3676,43.1554;36307;;Vučiniće
0;22.5522,42.8842;18333;;Vuči Del
0;20.9730,44.2023;34213;;Vučić
0;20.9236,44.6232;11311;;Vučak
0;21.2804,43.5628;37231;;Vučak
0;22.2788,42.6656;17534;;Vučadelce
0;22.4592,43.4035;19353;;Vrtovac
0;21.8049,43.3726;18211;;Vrtište
0;20.1007,44.2743;14242;;Vrtiglav
232;21.3194,43.1829;18432;;Vrševac
0;20.0735,43.2165;36311;;Vrsjenice
36300;21.3036,45.1167;26300;;Vršac
0;20.8781,43.6138;36217;;Vrnjci
10207;20.8963,43.6272;36210;;Vrnjačka Banja
0;20.3666,44.0986;32311;;Vrnčani
0;20.1424,43.9271;31215;;Vrnčani
0;21.8186,43.7137;18236;;Vrmdža
0;20.3515,43.5070;32252;;Vrmbaje
0;21.2500,44.1697;35211;;Vrlane
0;22.2510,43.2392;18313;;Vrgudinac
0;20.2820,44.4434;11560;;Vreoci
0;20.0253,44.5070;14214;;Vrelo
0;21.8867,43.4912;18223;;Vrelo
0;22.0342,43.3775;18207;;Vrelo
0;21.2467,43.0735;18430;;Vrelo
0;22.3467,42.9883;16212;;Vrelo
0;20.5511,43.7051;36205;;Vrdila
9088;20.5933,44.6684;11224;;Vrčin
0;21.6701,43.4312;18221;;Vrćenovica
0;22.0533,42.6270;17512;;Vrbovo
0;20.2787,44.5369;11564;;Vrbovno
0;20.9528,44.5728;11312;;Vrbovac
0;22.0946,43.8127;19343;;Vrbovac
0;21.7504,43.6846;18234;;Vrbovac
0;21.2895,43.3306;18420;;Vrbovac
0;21.2940,44.4738;12315;;Vrbnica
654;20.3133,46.0058;23329;;Vrbica
0;20.5575,44.2914;34300;;Vrbica
0;22.2637,43.7168;19340;;Vrbica
0;21.6739,42.4124;17522;;Vrban
0;21.1210,43.9334;35273;;Gornja Vrba
0;20.7861,43.6904;36214;;Vrba
0;22.3199,43.9618;19312;;Vražogrnac
0;22.3734,44.3763;19304;;Vratna
0;22.3116,43.7912;19344;;Vratarnica
0;21.3097,43.6693;37257;;Vratare
0;21.5441,42.7488;16246;;Vrapce
0;22.6903,42.8934;18326;;Vrapča
0;20.8981,43.4666;37238;;Vranštica
0;20.9945,44.6010;11329;;Vranovo
0;21.1525,44.0225;35203;;Vranovac
0;21.9922,42.5550;17541;;Vranjska Banja
56199;21.9003,42.5514;17501;;Vranje
0;22.4572,43.2570;18304;;Vranište
0;20.3304,43.9409;32205;;Vranići
3044;20.3287,44.6024;11427;;Vranić
0;20.8086,43.6692;36215;;Vraneši
0;20.0812,43.7594;31230;;Vrane
0;22.2484,43.2734;18313;;Vrandol
0;20.6190,44.0417;32315;;Vraćevšnica
0;20.1778,44.2881;14225;;Vračević
0;21.3674,44.8787;26348;;Vračev Gaj
0;20.4749,44.7926;11000;;Vračar
0;21.3142,44.3347;12308;;Vošanovac
0;21.7809,44.5051;12256;;Voluja
0;21.7660,43.1954;18412;;Voljčince
0;21.2260,43.9892;35000;;Voljevče
727;21.3479,45.0156;26338;;Vojvodinci
2032;20.6554,45.6854;23219;;Vojvoda Stepa
0;21.2160,44.0909;35208;;Vojska
0;22.4425,43.1137;18330;;Vojnici
0;20.4790,43.1589;36300;;Vojniće
0;22.6351,43.0752;18322;;Vojnegovac
0;20.7562,43.4126;36345;;Vojmilovići
0;20.6704,44.8473;26101;;Vojlovica
0;20.5668,43.0355;36306;;Vojkoviće
0;20.5072,44.1864;34318;;Vojkovci
4343;20.1524,44.9371;22313;;Vojka
0;21.5948,44.6329;12223;;Vojilovo
0;21.9203,42.3449;17524;;Vogance
0;20.9512,44.3365;11420;;Vodice
289;21.5655,43.2097;18400;;Vodice
0;20.8526,44.6096;11328;;Vodanj
0;22.9166,43.0905;18324;;Vlkovija
0;20.4000,43.7169;32234;;Vlasteljice
226;21.4653,43.0281;18409;;Vlasovo
0;22.1340,42.9670;16210;;Vlasotince
0;22.0727,43.6997;19369;;Vlaško Polje
0;21.2117,44.4845;12370;;Vlaški Do
0;20.9317,44.4686;11407;;Vlaški Do
0;20.6873,44.5003;11406;;Vlaška
0;21.3524,43.9873;35228;;Vlaška
0;22.3698,42.6930;17532;;Vlasina Stojkovićeva
0;22.3219,42.7310;17533;;Vlasina Rid
0;22.3192,42.6656;17532;;Vlasina Okruglica
0;22.6317,42.9973;18326;;Vlasi
0;21.8770,42.9552;16231;;Vlase
0;21.8627,42.6949;17507;;Vlase
0;21.9847,44.2682;19258;;Vlaole
0;20.7130,44.1536;34323;;Vlakča
0;20.9516,43.3379;37225;;Vlajkovci
1356;21.1994,45.0721;26332;;Vlajkovac
0;22.3278,43.4231;18208;;Vlahovo
0;21.6484,43.2074;18412;;Vlahovo
0;21.1831,43.1895;18433;;Vlahinja
5106;20.8657,45.0312;26315;;Vladimirovac
0;22.0633,42.7078;17510;;Vladičin Han
0;21.5154,44.3795;12305;;Vitovnica
0;21.5815,43.7471;37213;;Vitoševac
0;20.9304,43.1778;37226;;Vitoše
0;21.1040,43.4621;37236;;Vitkovo
0;20.5454,42.9732;36309;;Vitkoviće
0;22.3125,43.6753;19340;;Vitkovac
0;21.5531,43.5920;18224;;Vitkovac
0;21.2528,44.2950;12375;;Viteževo
0;20.7994,43.7264;36206;;Vitanovac
0;21.2826,43.4718;37221;;Vitanovac
0;22.3489,43.3538;18315;;Vitanovac
0;21.4009,44.0933;35213;;Vitance
303;21.2844,43.1057;18430;;Visoka
0;22.8107,43.1555;18306;;Visočka Ržana
0;20.5487,44.8310;11215;;Višnjica
0;20.0117,43.8342;31210;;Visibaba
0;22.0164,42.4722;17508;;Viševce
0;20.9236,44.2551;34313;;Viševac
0;21.1930,43.2256;18438;;Više Selo
0;20.1257,43.7814;31230;;Virovo
0;21.4178,44.0333;35227;;Virine
0;20.3542,43.4334;32254;;Vionica
0;21.2286,43.9672;35205;;Vinorača
0;21.6061,44.7110;12229;;Vinci
6580;20.6175,44.7591;11351;;Vinča
0;20.6393,44.2131;34314;;Vinča
0;21.9174,43.0256;16000;;Vinarce
0;22.1458,43.6186;19368;;Vina
0;21.8169,42.8474;16204;;Vina
1089;20.1552,45.2486;21246;;Vilovo
0;21.9621,43.2103;18241;;Vilandrica
0;20.1000,43.7333;31230;;Vigošte
0;22.4912,44.2672;19335;;Vidrovac
0;20.4624,43.1640;36305;;Vidovo
0;22.3347,43.5586;19350;;Vidovac
0;20.2487,43.9083;32205;;Vidova
0;20.2913,43.7402;32233;;Viča
127;21.3923,43.2114;18424;;Viča
0;21.4302,44.2390;12309;;Vezičevo
0;22.1561,43.2327;18313;;Veta
0;20.4565,42.9819;36309;;Veseniće
0;20.0783,44.3115;14223;;Veselinovac
0;22.7694,42.9644;18321;;Verzar
0;20.4678,44.4067;34306;;Venčane
0;21.1065,43.4461;37235;;Venčac
0;21.0966,43.5439;37243;;Veluće
0;22.5978,44.1249;19318;;Veljkovo
0;20.3091,42.9842;36320;;Velje Polje
0;21.0283,43.4975;37230;;Velja Glava
0;20.2194,44.2109;14240;;Veliševac
0;21.9505,42.9284;16221;;Veliko Trnjane
1698;21.4035,45.1792;26334;;Veliko Središte
0;20.5978,44.8110;11215;;Veliko Selo
0;21.2949,44.4909;12315;;Veliko Selo
0;22.6748,43.1067;18307;;Veliko Selo
153;21.3658,43.0489;18440;;Veliko Pupavce
0;20.1840,44.6116;11506;;Veliko Polje
0;21.0879,44.3711;11323;;Veliko Orašje
0;21.4352,44.3173;12306;;Veliko Laole
0;21.5028,43.4554;37259;;Veliko Krušince
0;20.9054,44.1576;34212;;Veliko Krčmare
0;21.5165,44.7633;12220;;Veliko Gradište
0;21.3528,43.5436;37201;;Veliko Golovode
0;21.2825,44.5781;12311;;Veliko Crniće
0;22.2612,43.0133;16212;;Veliko Bonjince
0;22.1727,43.1310;18246;;Veliki Vrtop
423;21.7399,42.4791;17528;;Veliki Trnovac
0;22.5052,43.1785;18309;;Veliki Suvodol
4;21.5297,43.5190;37204;;Veliki Šiljegovac
0;20.7244,44.1068;34322;;Veliki Šenj
0;21.3573,44.1179;35223;;Veliki Popović
0;21.3237,44.4116;12315;;Veliki Popovac
0;20.5261,44.7575;11130;;Veliki Mokri Lug
0;21.2331,43.4552;37222;;Veliki Kupci
0;22.2065,43.0999;18246;;Veliki Krčimir
0;22.6514,43.1112;18307;;Veliki Jovanovac
0;22.4406,44.0517;19209;;Veliki Jasenovac
0;22.3329,43.9184;19206;;Veliki Izvor
1039;21.1706,45.2885;26365;;Veliki Gaj
0;21.7422,43.4120;18222;;Veliki Drenovac
0;20.2907,44.4722;11563;;Veliki Crljeni
0;20.3505,44.5394;11462;;Veliki Borak
3061;20.5929,45.6375;23217;;Aleksandrovo
0;21.1999,43.5320;37251;;Velika Vrbnica
0;22.7135,44.5837;19329;;Velika Vrbica
0;21.0407,43.9499;34206;;Velika Sugubina
0;22.1073,42.9093;16220;;Velika Sejanica
0;21.0768,44.3339;11320;;Velika Plana
0;21.4405,43.3209;18403;;Velika Plana
2751;20.3540,44.6649;11262;;Velika Moštanica
0;22.6805,43.2361;18300;;Velika Lukanja
0;21.3414,43.4957;37209;;Velika Lomnica
0;21.0796,43.8477;35260;;Velika Kruševica
0;21.3032,43.6334;37252;;Velika Kruševica
0;20.8052,44.4784;11408;;Velika Krsna
0;22.0269,42.8889;16220;;Velika Kopašnica
0;22.5063,44.5345;19326;;Velika Kamenica
0;22.3610,44.0831;19235;;Velika Jasikova
1585;20.5803,44.4264;11414;;Velika Ivanča
1585;21.0350,45.2438;26366;;Velika Greda
0;20.9739,43.3917;37220;;Velika Grabovnica
0;22.0114,42.9246;16221;;Velika Grabovnica
4;21.1300,43.6269;37245;;Velika Drenova
0;21.4930,44.5686;12254;;Velika Bresnica
0;21.4106,42.7980;16247;;Velika Braina
0;22.0167,43.0333;16201;;Velika Biljanica
0;22.5522,44.5189;19328;;Velesnica
0;20.4596,44.0585;32300;;Velereč
0;21.8490,43.4478;18223;;Vele Polje
0;22.4610,43.0538;18330;;Vava
417;21.2440,45.2328;26337;;Vatin
0;20.1364,43.3952;32256;;Vasiljevići
0;21.2831,42.9155;18445;;Vasiljevac
0;22.1558,43.5703;19367;;Vasilj
0;21.3624,43.7240;37260;;Varvarin
0;21.5579,43.6840;37215;;Varoš
0;22.0910,43.4841;18366;;Varoš
0;20.4647,44.1879;32313;;Varnice
0;20.5942,43.3236;36350;;Varevo
0;20.4668,43.1335;36300;;Varevo
0;21.4968,42.8418;16244;;Varadin
0;20.0435,43.2947;36310;;Gornja Vapa
0;22.4959,42.9837;18332;;Valniš
0;22.2122,43.6217;19345;;Valevac
0;21.9798,43.8702;19372;;Valakonje
0;21.7177,43.5554;18220;;Vakup
0;22.6260,44.5585;19320;;Vajuga
3885;20.6234,45.2051;26216;;Uzdin
0;21.5997,44.6856;12229;;Usije
0;21.8831,42.6756;17507;;Uševce
0;20.0066,44.6293;11508;;Ušće
0;20.6147,43.4675;36342;;Ušće
0;22.0557,42.7633;17514;;Urvič
0;21.1309,43.8754;35260;;Ursule
0;22.4011,44.4003;19305;;Urovica
0;20.1397,44.6665;11500;;Urovci
5618;20.3047,44.6781;11260;;Umka
0;20.7342,44.5836;11430;;Umčari
4115;21.1539,45.0421;26330;;Uljma
3278;20.1876,44.8764;11277;;Ugrinovci
0;20.3870,44.1737;32314;;Ugrinovci
0;20.9128,43.6697;36216;;Ugljarevo
545;20.0568,43.0501;36313;;Ugao
0;20.8556,44.6405;11328;;Udovice
0;20.0739,44.4561;14210;;Ub
0;20.1203,43.1342;36313;;Tuzinje
4;20.3314,42.9903;36320;;Tutin
0;21.6570,42.9943;16233;;Turjane
1039;21.6395,44.5227;12257;;Turija
0;21.7201,42.4594;17528;;Turija
0;20.2222,43.8007;32230;;Turica
0;21.8816,42.9843;16231;;Turekovac
0;22.0771,42.9129;16220;;Tupalovce
0;21.6063,42.8223;16240;;Tupale
0;21.8891,42.7514;17507;;Tumba
0;21.9874,42.8839;16221;;Tulovo
0;20.4504,44.4226;34306;;Tulež
0;21.0962,43.4937;37236;;Tulez
533;21.3796,43.2280;18424;;Tulare
0;21.4605,42.7942;16247;;Tulare
0;20.1295,43.9057;31215;;Tučkovo
0;21.0888,43.4752;37230;;Tržac
0;21.7936,43.3582;18211;;Trupale
0;20.4177,44.1994;32314;;Trudelj
0;21.3797,44.0775;35223;;Trućevac
0;21.4846,43.6095;37256;;Trubarevo
0;21.7593,43.6684;18234;;Trubarevac
49043;21.0025,43.6169;37240;;Trstenik
0;20.1107,44.5571;11507;;Trstenica
0;21.7716,42.6811;17507;;Trstena
0;21.0477,43.3750;37220;;Tršanovci
0;21.3563,42.9063;18408;;Trpeza
0;21.2880,44.1638;35241;;Troponje
0;22.6200,42.9422;18333;;Trnski Odorovci
157;21.4403,43.1376;18409;;Trnovi Laz
0;22.2615,43.6797;19340;;Trnovac
0;21.2629,44.6119;12000;;Trnjane
0;22.3588,44.2208;19306;;Trnjane
0;21.6335,43.5384;18213;;Trnjane
0;22.6536,43.1210;18307;;Trnjana
0;20.1136,44.4706;14210;;Trnjaci
0;21.1166,43.4295;37235;;Trnavci
0;22.3282,43.9934;19312;;Trnavac
0;21.2510,43.9599;35205;;Trnava
0;20.3557,43.8401;32222;;Trnava
0;20.5344,43.2914;36350;;Trnava
0;20.4389,43.1756;36305;;Trnava
0;20.5626,43.1069;36300;;Trnava
0;21.6463,42.2809;17523;;Trnava
0;21.3839,42.8943;18408;;Trn
0;21.1740,43.1097;18430;;Trmka
0;21.3600,43.5044;37209;;Trmčare
0;21.5221,44.6971;12222;;Tribrode
0;21.8277,43.6880;18236;;Trgovište
0;22.2875,43.5513;19350;;Trgovište
0;22.0825,42.3642;17525;;Trgovište
0;21.3251,43.8700;35248;;Trešnjevica
0;20.1430,43.6794;31236;;Trešnjevica
0;22.4241,43.2509;18304;;Trešnjanci
0;21.8607,42.3956;17524;;Trejak
0;21.0150,43.2611;18436;;Trećak
0;21.2318,43.5310;37231;;Trebotin
0;21.0489,43.1478;18436;;Trebinje
0;20.3549,44.3527;11566;;Trbušnica
0;20.3118,43.9080;32205;;Trbušani
0;21.2607,43.2812;18420;;Trbunje
253;21.4106,43.1081;18409;;Tovrljane
2697;20.4590,45.5842;23214;;Torda
0;21.2688,44.5165;12311;;Toponica
0;22.2049,43.2188;18313;;Toponica
0;21.9239,43.1604;18244;;Toponica
0;21.6880,43.1475;18406;;Toponica
0;21.4423,44.7197;12226;;Topolovnik
0;22.1716,44.3903;19222;;Topolnica
0;20.6825,44.2542;34310;;Topola
0;21.1880,43.8846;35274;;Topola
0;22.3581,42.6064;17537;;Topli Dol
0;22.2989,42.6284;17532;;Topli Do
0;21.9648,42.5411;17541;;Toplac
0;22.1794,44.1426;19234;;Topla
2149;20.6227,45.2685;23262;;Tomaševac
0;21.2050,43.7336;37258;;Toljevac
0;20.4286,43.6174;32234;;Tolišnica
0;20.0645,44.2195;14242;;Tolić
0;21.8555,42.9430;16232;;Togočevce
0;21.8608,42.8753;16204;;Todorovce
0;20.1911,44.2719;14243;;Todorin Do
1099;20.5571,45.6894;23222;;Toba
463;21.3096,43.2211;18426;;Tmava
6227;20.2944,45.2061;21240;;Titel
0;20.0331,43.4630;31322;;Tisovica
0;20.7132,43.2868;36353;;Tioce
0;22.2287,43.4434;18368;;Tijovac
0;21.2469,43.1103;18430;;Tijovac
0;20.2340,43.8324;32243;;Tijanje
0;21.2566,44.4599;12370;;Tićevac
0;21.9674,42.5082;17541;;Tibužde
0;21.9435,42.6178;17511;;Tesovište
0;21.7495,43.4631;18212;;Tešica
0;20.2450,44.0791;32306;;Teočin
0;20.3566,43.2333;36314;;Tenkovo
0;22.5430,43.2611;18355;;Temska
0;22.4084,43.1965;18304;;Telovac
0;22.4143,44.6871;19325;;Tekija
0;21.4239,43.8435;35250;;Tekija
0;21.4027,43.5954;37201;;Tekija
0;22.0727,42.7599;17514;;Tegovište
0;21.1248,43.8344;35260;;Tečić
0;22.5047,43.4664;19353;;Tatrasnica
0;22.0287,43.2402;18240;;Taskovići
1328;20.1987,45.4674;23209;;Taraš
0;22.1472,44.2288;19234;;Tanda
0;22.1983,43.2844;18313;;Tamnjanica
0;22.5081,44.1019;19315;;Tamnič
0;20.0521,44.5029;14210;;Takovo
0;20.3875,44.0428;32304;;Takovo
0;21.1746,43.0502;18430;;Tačevac
0;20.0709,44.2889;14222;;Tabanović
0;21.3847,44.2871;12307;;Tabanovac
0;20.5244,42.9781;36309;;Tabalije
0;22.4340,44.0709;19313;;Tabakovac
0;22.1253,43.5077;19366;;Svrljiška Topla
0;22.1211,43.4133;18360;;Svrljig
0;20.0333,43.7500;31237;;Svračkovo
0;20.5072,44.0730;32300;;Svračkovci
0;21.3063,43.7993;35259;;Svojnovo
0;22.2656,42.9773;16212;;Svođe
0;21.8627,42.9788;16231;;Svirce
0;21.4532,42.9395;18408;;Svinjište
0;21.8007,42.3285;17522;;Svinjište
0;21.6528,42.9487;16233;;Svinjarica
0;21.2734,44.4408;12370;;Svinjarevo
0;21.1967,44.2337;35210;;Svilajnac
0;20.8030,44.1773;34324;;Svetlić
0;20.2276,43.5933;32250;;Sveštica
0;21.7490,43.0365;16205;;Suvo Polje
0;22.1234,42.6597;17530;;Suvojnica
0;20.8751,44.5581;11431;;Suvodol
0;21.7275,44.2086;12322;;Suvodol
0;21.9563,43.2982;18205;;Suvi Do
605;21.3327,43.2583;18425;;Suvi Do
401;20.1216,43.0447;36313;;Suvi Do
0;22.0506,42.6864;17513;;Suva Morava
0;21.5197,44.6671;12253;;Šuvajić
0;21.2784,43.7703;35259;;Suvaja
0;21.2054,43.4212;37222;;Suvaja
0;21.3362,43.3003;18425;;Suvaja
2145;20.6962,45.3831;23244;;Sutjeska
0;20.3570,44.2674;14246;;Šutci
0;20.2465,44.3624;11550;;Šušnjar
0;21.4729,43.5183;37203;;Sušica
0;22.1200,42.7989;16222;;Suševlje
0;20.0214,44.2722;14222;;Šušeoka
0;21.1238,44.9413;26344;;Šušara
0;22.2110,42.3572;17526;;Surlica
406;20.8747,45.3996;23254;;Šurjan
0;21.6487,43.4449;18221;;Šurić
0;22.1708,42.6906;17530;;Surdulica
1332;20.3251,45.0712;22307;;Surduk
12575;20.2803,44.7931;11271;;Surčin
0;22.3936,43.0558;18330;;Suračevo
0;21.3678,43.9748;35228;;Supska
0;21.7585,43.3882;18203;;Supovac
4;20.6219,43.2810;36350;;Supnje
0;22.0305,43.9399;19376;;Sumrakovac
0;20.7772,44.2279;34313;;Šume
0;20.2131,43.6156;32251;;Šume
0;21.9910,42.3285;17525;;Šumata Trnica
0;20.7721,43.7227;36206;;Šumarice
0;21.1397,44.8216;26224;;Šumarak
0;22.1156,43.6003;19368;;Šuman Topla
0;21.7568,42.9037;16230;;Šumane
0;21.1995,43.9159;35272;;Šuljkovac
0;22.6470,43.0499;18322;;Sukovo
0;22.4311,42.7630;17535;;Suvi Dol
0;20.0550,43.3655;36310;;Donja Sugubina
0;22.4710,43.3429;18315;;Šugrin
0;20.9544,43.2434;37226;;Sudimlja
0;21.6935,43.6022;18227;;Subotinac
0;21.3386,44.1712;35224;;Subotica
0;21.1415,43.4373;37235;;Subotica
0;22.1244,43.0843;18246;;Stupnica
0;20.1075,43.7008;31236;;Stupčevići
0;20.1504,43.2876;36311;;Stup
0;20.9375,43.6218;36210;;Štulac
0;21.6687,42.9390;16230;;Štulac
0;21.7170,43.1634;18412;;Studenac
0;22.5081,42.9696;18332;;Studena
0;21.8588,42.7382;17507;;Studena
2898;20.1348,44.5748;11507;;Stubline
0;21.7055,43.4774;18228;;Stublina
0;20.9685,43.5471;37233;;Suvlica
0;20.1336,44.4637;14211;;Stublenica
0;21.7990,43.0677;16206;;Stubla
0;21.4902,42.8842;16248;;Stubla
0;22.3523,44.2922;19303;;Štubik
0;20.2781,44.3567;11550;;Stubica
0;21.4972,43.9410;35233;;Stubica
0;20.8692,43.6935;36220;;Stubal
0;21.0690,43.4381;37230;;Stubal
0;21.2980,43.2781;18420;;Stubal
0;22.0334,42.6330;17512;;Stubal
0;20.1106,44.1883;14244;;Struganik
0;21.9513,42.5999;17511;;Struganica
0;21.8605,42.5319;17501;;Stropsko
0;21.9219,42.9039;16203;;Strojkovce
0;21.1172,43.3671;37224;;Strojinci
0;20.4100,44.4076;11567;;Strmovo
0;20.1140,44.3323;14223;;Strmovo
0;21.5893,44.1034;35215;;Strmosten
0;20.9298,43.4939;37238;;Strmenica
0;21.1085,44.0670;35269;;Strižilo
0;21.4087,43.8303;35250;;Striža
0;21.7371,42.2844;17523;;Strezovce
0;21.9104,42.7039;17507;;Strešak
0;22.4618,42.9842;18332;;Strelac
0;22.2605,43.0898;18246;;Štrbovac
0;22.3193,43.5051;19352;;Štrbac
0;21.3019,44.9751;26345;;Straža
0;20.6613,44.1534;34323;;Stragari
0;21.1384,43.6536;37245;;Stragari
0;20.3666,43.2137;36314;;Stradovo
0;21.1502,43.5802;37242;;Stopanja
0;22.4683,43.0376;18330;;Stol
0;20.4985,44.5131;11453;;Stojnik
0;20.6267,44.3762;34307;;Stojnik
0;20.9735,44.3213;11420;;Stojačak
0;22.1731,43.6331;19368;;Stogazovac
0;21.2230,43.4449;37222;;Štitari
0;20.3336,43.2263;36314;;Štitare
0;22.3102,43.5580;19350;;Štitarac
0;21.4243,43.6507;37212;;Stevanac
2773;20.2950,44.5128;11564;;Stepojevac
0;20.0609,44.3644;14223;;Stepanje
0;21.5363,44.0864;35215;;Stenjevac
0;20.3324,44.1868;32314;;Štavica
0;20.1171,43.2739;36311;;Štavalj
0;20.9724,43.1703;37226;;Štava
0;21.0887,44.2943;11324;;Staro Selo
0;21.0653,43.9461;34206;;Staro Selo
65;21.5521,43.0982;18407;;Staro Selo
0;21.6611,43.1035;18406;;Staro Momčilovo
0;22.3569,43.5409;19352;;Staro Korito
0;21.1256,43.5728;37242;;Stari Trstenik
638;20.2577,45.1425;22329;;Stari Slankamen
1341;20.9643,45.2840;26371;;Stari Lec
0;22.1379,42.4732;17508;;Stari Glog
49;21.5426,43.1072;18407;;Stari Đurevac
3393;20.2838,44.9842;22305;;Stari Banovci
6661;20.7055,44.8073;26232;;Starčevo
331;21.4011,44.4639;12315;;Starčevo
0;20.5015,42.9657;36309;;Starčeviće
16217;20.1608,44.9850;22300;;Stara Pazova
0;21.8717,42.3523;17524;;Starac
0;22.0804,42.4800;17508;;Stara Brezovica
0;21.6632,43.2285;18413;;Stara Božurna
0;21.6194,42.7534;16246;;Stara Banja
0;20.8577,43.1836;37226;;Stanulovići
0;20.8815,43.9995;34203;;Stanovo
0;22.4413,43.3696;19353;;Stanjinac
0;20.8946,43.5324;37238;;Stanišinci
0;22.5090,43.2040;18304;;Staničenje
0;21.5719,42.3154;17523;;Stanevce
0;21.8023,43.5339;18220;;Stanci
0;21.4267,43.5260;37202;;Stanci
0;21.8585,42.6816;17507;;Stance
0;20.4756,43.6859;36205;;Stanča
0;21.5186,44.3550;12305;;Stamnica
4;21.4133,43.6774;37212;;Stalać
0;22.0614,42.9863;16201;;Stajkovce
0;22.1202,42.6347;17531;;Stajkovce
1993;20.4584,45.2949;23204;;Stajićevo
3281;20.7135,45.5671;23233;;Srpski Itebej
5467;20.6901,45.7254;23220;;Srpska Crnja
0;21.5844,44.5534;12257;;Srpce
0;21.2779,43.6302;37252;;Srnje
0;21.9389,42.7154;17507;;Srneći Dol
0;21.4933,43.4335;37259;;Srndalje
0;21.5847,43.5733;18224;;Srezovac
0;20.2805,44.0198;32307;;Srezojevci
0;20.0408,44.8587;22413;;Sremski Mihaljevci
23000;20.3923,44.6765;11253;;Sremčica
0;22.1330,43.0134;16210;;Sredor
96;21.5109,43.0667;18407;;Srednji Statovac
0;22.0326,42.5147;17508;;Srednji Del
0;21.6108,42.9213;16248;;Srednji Bučumet
0;21.4888,44.6456;12253;;Srednjevo
0;20.5083,43.2415;36305;;Srednja Tušimlja
0;20.0637,43.9332;31214;;Srednja Dobrinja
0;22.7030,43.0347;18322;;Srećkovac
0;22.6065,44.2313;19316;;Srbovo
0;21.4670,42.8483;16247;;Sponce
0;20.3445,42.9175;36320;;Špiljani
578;21.8562,42.3626;17524;;Spančevac
0;21.2688,43.1989;18426;;Spance
0;22.2319,43.2580;18313;;Špaj
0;20.0411,44.4658;14210;;Sovljak
0;20.9516,43.3048;37225;;Šošiće
0;22.1359,43.1604;18242;;Sopotnica
0;20.5736,44.5197;11450;;Sopot
0;22.5653,43.2298;18355;;Sopot
0;20.2513,44.4000;11550;;Šopić
0;21.9331,42.6926;17507;;Solačka Sena
0;20.3368,44.4863;11563;;Sokolovo
0;20.3933,43.9394;32303;;Sokolići
0;21.8711,43.6433;18230;;Soko Banja
0;21.2602,43.4769;37222;;Šogolj
0;21.8551,42.5525;17501;;Soderce
340;21.4489,45.0882;26336;;Sočica
0;21.8808,42.5598;17501;;Sobina
0;21.6077,44.5960;12257;;Snegotin
0;21.7241,43.2088;18413;;Smrdić
121;21.4715,43.2250;18423;;Smrdan
0;21.9526,43.1478;18244;;Smrdan
0;21.3472,44.6054;12312;;Smoljinac
0;20.6366,43.0247;36309;;Smilov Laz
0;22.8512,43.0853;18323;;Smilovci
0;21.5835,43.7741;37218;;Smilovac
0;21.9042,42.6632;17507;;Smiljević
0;20.1186,43.4112;32256;;Smiljevac
0;22.5438,44.1231;19318;;Smedovac
27000;20.9589,44.3655;11420;;Smederevska Palanka
62000;20.9276,44.6644;11300;;Smederevo
0;20.0719,44.3412;14223;;Slovac
0;21.0720,43.4084;37239;;Šljivovo
0;22.1279,43.4413;18366;;Šljivovik
0;22.3590,43.1429;18310;;Šljivovik
0;21.2234,44.5406;12372;;Šljivovac
0;20.8338,44.0575;34204;;Šljivovac
0;20.9987,43.7577;35264;;Šljivica
0;22.2427,43.8511;19208;;Šljivar
0;22.7735,42.9777;18321;;Slivnica
0;22.0996,42.5523;17543;;Slivnica
0;21.9990,43.4507;18201;;Slivje
0;21.5937,42.9567;16233;;Slišane
0;21.8208,42.8906;16204;;Slavujevce
0;21.6505,43.0283;16233;;Slavnik
0;20.2458,44.1707;14245;;Slavkovica
0;22.8476,43.1433;18306;;Slavinja
0;20.4480,44.5012;11461;;Slatina
0;22.4544,44.4118;19305;;Slatina
0;22.1597,44.0415;19221;;Slatina
0;21.0889,43.9193;35273;;Slatina
0;21.3744,43.4826;37209;;Slatina
0;20.3952,43.0967;36308;;Slatina
0;20.5719,44.8077;11215;;Slanci
0;21.5970,44.6502;12223;;Sladinac
0;21.5565,44.1232;35215;;Sladaja
0;22.7219,42.9150;18326;;Skrvenica
0;22.0596,43.5736;19366;;Skrobnica
0;22.1047,43.0042;16210;;Skrapež
0;21.5647,43.7891;37218;;Skorica
0;20.9041,44.7650;26228;;Skorenovac
0;21.0331,44.5646;11322;;Skobalj
0;20.2308,44.4459;14211;;Skobalj
4;20.0576,44.6820;11509;;Skela
0;20.1081,43.5558;32251;;Sivčina
0;20.4224,43.1648;36305;;Sitniče
158;21.4357,43.2223;18424;;Šišmanovac
0;21.9181,42.9589;16231;;Šišince
0;21.5965,43.9500;35234;;Sisevac
0;22.1157,42.9902;16210;;Šišava
136;21.4712,43.0987;18409;;Široke Njive
0;22.0336,42.3077;17525;;Široka Planina
0;20.7210,43.7464;36208;;Sirča
0;21.3464,44.6678;12227;;Sirakovo
0;22.4944,44.0305;19209;;Šipikovo
0;20.9606,44.1677;34213;;Sipić
0;20.7403,43.2586;36353;;Šipačina
0;21.1803,43.9771;35203;;Siokovac
0;21.3175,43.8817;35248;;Sinji Vir
0;22.5142,43.0583;18330;;Sinja Glava
0;22.4246,43.2444;18304;;Sinjac
0;21.2107,44.3933;12373;;Simićevo
2376;20.0918,44.8739;22310;;Šimanovci
0;21.7126,42.9046;16230;;Šilovo
0;20.4116,44.1121;32311;;Šilopaj
0;21.3444,43.3098;18425;;Šiljomana
0;21.0369,43.8481;35260;;Siljevica
0;20.3325,44.5653;11462;;Šiljakovac
0;22.3034,44.1772;19225;;Sikole
0;21.9006,42.6460;17507;;Sikirje
0;21.4189,43.7789;35256;;Sikirica
0;21.6037,42.7777;16246;;Sijarinska Banja
0;21.6258,42.7845;16246;;Sijarina
443;21.5986,44.2189;12316;;Sige
0;22.0841,43.3409;18311;;Sićevo
0;20.4533,44.4644;11454;;Sibnica
0;21.2471,44.4038;12373;;Sibnica
0;21.0447,43.7878;35264;;Gornja Sibnica
0;21.2201,43.3040;18420;;Sibnica
0;21.4045,43.4834;37206;;Sezemče
1249;21.7230,44.5088;12255;;Ševica
0;21.7152,44.4721;12242;;Ševica
0;21.4749,44.2728;12309;;Šetonje
0;21.5527,43.7217;37213;;Šetka
0;22.3538,43.4163;19353;;Šesti Gabar
0;21.9775,43.6817;18232;;Sesalac
0;20.7045,44.5414;11433;;Šepšin
0;20.8338,44.2646;34313;;Sepci
0;20.8178,44.6360;11328;;Seone
0;21.0181,43.2083;18436;;Seoce
20302;20.0772,45.9275;24400;;Senta
0;22.9265,43.1446;18324;;Senokos
0;21.5697,43.9958;35234;;Senjski Rudnik
0;21.4836,43.9651;35233;;Senje
0;20.4333,44.7833;11000;;Senjak
0;20.6696,44.5449;11235;;Senaja
409;21.6039,44.5205;12257;;Sena
0;20.7182,43.2966;36353;;Semeteš
0;20.4071,44.0072;32304;;Semedraž
0;22.1827,43.1127;18246;;Semče
0;21.1168,43.2159;18438;;Selova
0;21.7875,44.2569;12321;;Selište
0;21.1478,43.6175;37245;;Selište
0;21.2118,43.1432;18430;;Selište
0;20.8715,44.4978;11407;;Selevac
1765;20.9146,45.1277;26351;;Seleuš
0;22.3225,43.7002;19340;;Selačka
0;21.1843,43.7944;35263;;Sekurič
0;21.4466,42.9016;18408;;Sekirača
0;21.9323,42.3749;17524;;Sejace
2836;20.4826,45.0050;26203;;Sefkerin
0;21.5470,42.3198;17523;;Sefer
0;21.2940,44.1987;35211;;Sedlare
2718;20.7722,45.3667;23240;;Sečanj
0;21.7500,43.3737;18203;;Sečanica
0;21.8222,42.3546;17522;;Sebrat
0;20.4931,43.2848;36305;;Sebimilje
0;22.0686,42.5946;17545;;Sebe Vranje
0;22.1718,43.1425;18242;;Šebet
0;20.4244,43.0992;36308;;Sebečevo
0;21.2231,43.4820;37222;;Sebečevac
0;21.2757,43.4920;37221;;Šavrane
0;20.4689,43.5400;32253;;Savovo
0;22.0423,43.9056;19377;;Savinac
0;21.6703,43.0038;16233;;Savinac
0;21.3600,43.8427;35206;;Šavac
0;21.2114,43.0958;18430;;Šatra
0;21.2351,43.6516;37257;;Šašilovac
0;20.2483,42.9512;36320;;Saš
0;20.4099,43.2261;36305;;Šaronje
231;20.2273,43.0655;36307;;Šaronje
0;21.8433,43.1335;18255;;Šarlince
0;21.7937,43.1956;18410;;Šarlinac
0;22.3534,44.2490;19306;;Šarkamen
0;20.0680,43.6113;31234;;Šarenik
0;20.2399,43.2783;36312;;Šare
0;21.7440,42.8940;16230;;Šarce
0;22.0752,43.9613;19373;;Šarbanovac
0;21.8820,43.7052;18235;;Šarbanovac
0;22.3840,43.6019;19345;;Šarbanovac
0;20.1303,44.4908;14212;;Šarbane
0;21.0816,44.4905;11315;;Saraorci
0;20.8467,44.2285;34313;;Saranovo
0;20.3656,44.0176;32304;;Šarani
0;21.9986,42.3866;17525;;Šaprance
0;21.3674,44.5784;12312;;Šapine
0;21.1662,43.9109;35273;;Šantarovac
0;20.0442,44.2575;14242;;Sanković
1584;20.1082,45.9760;23331;;Sanad
0;21.3503,43.6237;37252;;Šanac
1658;20.7739,45.2026;26350;;Samoš
2852;21.7371,42.3845;17522;;Samoljica
0;21.2754,43.1126;18430;;Samokovo
0;22.1767,42.9369;16210;;Samarnica
0;22.5549,44.2689;19330;;Samarinovac
0;21.7590,43.2277;18413;;Samarinovac
0;21.5492,43.8901;35254;;Šaludovac
0;21.0118,44.6887;11310;;Šalinac
0;22.3167,44.1126;19224;;Salaš
0;21.2731,44.5874;12311;;Salakovac
0;20.3333,44.4167;11565;;Sakulja
2280;20.4862,45.1467;26206;;Sakule
3541;20.0905,45.2732;21244;;Šajkaš
0;21.8067,43.1863;18410;;Šajinovac
0;22.0225,42.3859;17525;;Šajince
1655;20.2782,45.8423;23324;;Sajan
0;21.9381,42.9125;16203;;Šainovac
0;21.1449,43.2283;18438;;Sagonjevo
0;21.0527,43.4856;37230;;Ržanica
0;20.6316,43.3111;36350;;Rvati
0;22.1067,42.7487;17514;;Ružiće
0;21.6111,43.5908;18224;;Rutevac
0;21.8986,43.1938;18417;;Rusna
0;21.9543,42.4122;17524;;Rusce
4769;20.4499,44.6848;11194;;Rušanj
0;22.2255,42.8395;16223;;Ruplje
0;20.1032,44.4014;14224;;Ruklada
0;21.8825,43.3910;18202;;Rujnik
0;21.6388,42.8843;16240;;Rujkovac
0;21.9906,43.7231;18235;;Rujište
0;21.5839,43.6569;37215;;Rujište
0;21.0684,43.6700;37244;;Rujišnik
0;21.7544,43.6983;18234;;Rujevica
0;20.4123,44.3736;11566;;Rudovci
0;20.4739,43.4061;36222;;Rudno
0;20.6954,43.5045;36343;;Rudnjak
1201;20.4940,44.1398;32313;;Rudnik
0;20.6844,43.2368;36353;;Rudnica
0;20.2640,43.0129;36320;;Rudnica
0;22.0869,44.3247;19257;;Rudna Glava
0;22.5407,43.2897;18355;;Rudinje
0;20.9196,43.6213;36210;;Ruđinci
367;21.3122,43.0680;18440;;Rudare
0;21.9643,42.9544;16221;;Rudare
0;20.1285,44.3676;14224;;Rubribreza
0;22.7431,44.5651;19329;;Rtkovo
0;20.2583,43.7370;32233;;Rti
0;20.2480,43.8700;32243;;Rtari
0;21.8894,43.5206;18223;;Rsovac
0;22.7740,43.1726;18306;;Rsovci
0;20.8322,43.6198;36217;;Rsovci
0;21.7030,43.2979;18252;;Rožina
0;21.8397,42.6804;17507;;Roždace
0;20.3845,44.4849;11461;;Rožanci
0;20.1729,43.4514;32256;;Rovine
0;22.8628,43.1674;18324;;Rosomač
0;21.5581,43.4381;37259;;Rosica
0;20.5744,44.5358;11450;;Ropočevo
0;20.2070,43.5331;32255;;Rokci
0;20.8592,43.4242;37237;;Rokci
0;20.7502,44.0348;34244;;Rogojevac
0;22.5640,44.1246;19318;;Rogljevo
0;20.8354,43.5081;37237;;Rogavčina
0;20.5251,44.4617;11453;;Rogača
0;20.2719,43.7950;32230;;Rogača
0;20.4867,43.7078;36205;;Roćevići
0;21.3158,44.2183;35211;;Roćevac
0;21.3781,44.1721;35224;;Roanda
0;21.4758,43.4499;37259;;Rlica
2613;20.6550,44.7385;26233;;Ritopek
954;21.2281,45.0645;26331;;Ritiševo
0;21.8412,42.4665;17521;;Ristovac
11000;20.5214,44.6386;11232;;Ripanj
0;21.0595,43.7249;35264;;Riljac
0;22.4560,42.3954;17546;;Rikačevo
0;21.0639,43.5262;37243;;Riđevštica
0;21.2258,44.0158;35271;;Ribnik
0;21.8934,42.5179;17501;;Ribnice
4;20.6899,43.7132;36000;;Ribnica
0;20.4697,42.9707;36309;;Ribariće
0;20.9858,43.4188;37227;;Veliki Ribari
0;21.6712,44.2347;12317;;Ribare
0;21.2851,44.0101;35220;;Ribare
0;21.5328,43.4545;37259;;Ribare
0;22.1458,43.3925;18360;;Ribare
0;22.5304,42.4234;17546;;Ribarci
0;22.2714,44.0082;19214;;Rgotina
0;22.2066,43.5447;19362;;Rgošte
95;21.4943,43.1008;18409;;Rgaje
0;20.1924,43.0812;36307;;Reževiće
0;21.5200,42.8342;16244;;Maćedonce Retkocersko
0;20.4549,44.7146;11226;;Resnik
0;20.9254,44.1076;34225;;Resnik
0;21.8155,43.6377;18230;;Resnik
0;22.3520,43.1065;18330;;Resnik
0;21.4703,43.2655;18423;;Resinac
0;22.5295,42.4338;17540;;Resen
0;21.5174,44.0695;35237;;Resavica
0;22.4748,43.5028;19353;;Repušnica
0;22.0876,42.8106;16222;;Repište
0;22.0583,42.6993;17510;;Repince
0;20.4232,44.1579;32314;;Reljinci
0;21.5167,43.2995;18404;;Reljinac
0;21.7346,42.3103;17522;;Reljan
0;21.0935,43.8630;35260;;Rekovac
0;22.4265,44.4896;19323;;Reka
0;20.5078,43.4475;36222;;Reka
0;22.4787,44.1464;19313;;Rečka
0;20.0222,43.7850;31237;;Rečice
0;21.3078,44.7741;12209;;Rečica
0;22.5389,44.5668;19321;;Rečica
0;21.6899,43.1873;18412;;Rečica
0;21.6609,43.0253;16233;;Rečica
0;22.0003,42.7644;17514;;Rdovo
0;22.1041,42.6216;17531;;Rđavica
0;21.9550,43.1171;16252;;Razgojna
0;20.0304,43.2172;36310;;Raždaginja
0;21.1659,43.3471;37223;;Razbojna
0;21.5494,43.6722;37215;;Ražanj
0;21.7881,42.5894;17529;;Ravno Bučje
1656;20.5694,45.4608;23212;;Ravni Topolovac
0;21.6342,44.4168;12240;;Ramnište
0;20.8776,43.2651;37225;;Ravnište
0;21.2836,43.0303;18440;;Ravni Šort
0;22.1451,43.2909;18312;;Ravni Do
0;22.2034,42.9612;16211;;Ravni Del
0;21.7736,42.7198;17507;;Ravni Del
0;21.1920,43.3596;37223;;Ravni
0;21.6037,44.0121;35234;;Ravna Reka
0;21.9450,42.6786;17507;;Ravna Reka
0;22.2017,42.9291;16211;;Ravna Gora
0;22.1871,43.0748;18246;;Ravna Dubrava
0;21.6570,42.7465;16246;;Ravna Banja
0;22.2483,43.6358;19345;;Ravna
545;20.8843,43.7477;36220;;Ravanica
0;22.0422,43.2788;18206;;Rautovo
0;21.0356,43.9132;34206;;Ratković
0;20.1000,44.3344;14223;;Ratkovac
4;20.7516,43.7014;36212;;Ratina
0;20.1007,44.6491;11509;;Ratari
0;20.8298,44.3537;11411;;Ratari
0;21.4159,43.8020;35256;;Ratare
0;21.1425,43.4778;37236;;Rataje
0;21.8775,42.4873;17521;;Rataje
0;21.6072,43.1931;18400;;Rastovnica
0;21.1106,43.1416;18438;;Rastelica
0;20.1418,43.1531;36312;;Rasno
0;22.5326,43.1184;18309;;Rasnica
0;20.0253,43.8103;31210;;Rasna
0;20.1711,43.1673;36312;;Raškoviće
0;21.1976,43.2796;18420;;Rašića
0;21.3247,43.8392;35206;;Raševica
0;21.3623,44.4609;12315;;Rašanac
0;21.9532,42.5645;17541;;Ranutovac
0;21.4762,44.4440;12304;;Ranovac
0;20.5168,44.3981;34302;;Ranilović
0;21.5811,42.3775;17523;;Ranatovce
0;20.6683,44.0872;34205;;Ramaća
0;21.3303,44.8128;26324;;Ram
0;22.4842,43.0016;18332;;Raljin
0;20.9700,44.5929;11329;;Ralja
2933;20.5622,44.5722;11233;;Ralja
0;20.4414,44.7419;11226;;Rakovica
0;20.4966,44.7220;11223;;Rakovica
0;22.4191,42.9281;18332;;Rakov Dol
0;20.8032,43.3975;36345;;Rakovac
0;21.7872,42.4708;17520;;Rakovac
0;21.6702,44.5567;12257;;Rakova Bara
0;20.3525,43.9386;32303;;Rakova
0;21.0317,43.4402;37230;;Raklja
0;21.2924,43.9894;35219;;Rakitovo
0;22.5585,42.9137;18333;;Rakita
0;21.0559,44.2659;11324;;Rakinac
0;20.1478,44.2281;14243;;Rakari
0;22.0736,43.0100;16201;;Rajno Polje
0;20.0131,44.2248;14202;;Rajković
0;21.2433,44.0717;35208;;Rajkinac
2020;21.6959,42.3787;17522;;Rajince
0;20.9897,43.7105;35264;;Rajinac
0;20.6169,43.0504;36306;;Rujetiće
0;20.4433,43.1531;36300;;Rajčinoviće
0;22.4739,42.4863;17540;;Rajčilovci
0;22.5571,44.0941;19314;;Rajac
0;22.5015,43.2718;18355;;Ragodeš
0;21.7058,42.8661;16236;;Rafuna
0;20.9460,43.2087;37226;;Radunje
4;22.6679,44.2668;19334;;Radujevac
0;20.4118,43.0393;36321;;Raduhovce
1062;22.2286,42.4336;17561;;Radovnica
0;21.0257,44.2850;11324;;Radovanje
0;22.4029,42.9329;18332;;Radosin
0;21.1958,44.1233;35208;;Radošin
0;21.6026,44.6684;12223;;Radoševac
0;22.4441,43.0903;18330;;Radoševac
0;21.8938,42.8941;16203;;Radonjica
1872;20.7892,45.7462;23221;;Radojevo
0;20.0621,44.2751;14242;;Radobić
0;21.9957,43.5054;18201;;Radmirovac
0;20.9179,43.3126;37225;;Radmanovo
0;20.1906,44.4624;14211;;Radljevo
0;21.6553,42.9027;16230;;Radinovac
0;22.4115,43.0035;18332;;Radinjince
0;20.9680,44.6273;11311;;Radinac
0;22.0047,43.2731;18205;;Radikina Bara
0;22.4828,42.4675;17540;;Radičevci
0;22.4187,43.5840;19345;;Radičevac
493;21.5850,43.4775;37259;;Radevce
0;21.7064,42.7837;16236;;Radevce
0;21.9322,43.5487;18237;;Radenkovac
1541;21.7647,44.5834;12255;;Radenka
0;22.8321,43.0493;18323;;Radejna
0;20.1516,43.6386;32251;;Radaljevo
0;20.9775,44.2271;34213;;Rača
0;21.3211,43.0080;18440;;Rača
0;21.5140,44.5776;12254;;Rabrovo
0;20.7522,44.3601;11412;;Rabrovac
0;21.1400,43.8291;35274;;Rabenovac
307;20.6589,45.1953;26216;;Putnikovo
0;20.4142,43.1949;36305;;Pustovlah
0;21.5578,42.8740;16240;;Pusto Šilovo
0;20.5093,43.2272;36305;;Pusta Tušimlja
0;21.8525,43.1644;18255;;Pukovac
0;20.1981,43.8261;32243;;Puhovo
0;21.0134,43.4853;37233;;Puhovac
0;20.7223,44.6102;11430;;Pudarci
0;20.2553,43.7188;32235;;Pšanik
0;22.1030,42.5100;17508;;Prvonek
0;21.9897,43.2791;18205;;Prva Kutina
0;20.6279,44.4179;11413;;Pružatovac
0;20.2876,43.1527;36307;;Pružanj
0;21.1885,44.5630;12372;;Prugovo
0;21.7860,43.5593;18220;;Prugovac
0;22.3767,43.0877;18330;;Provaljenik
0;22.8726,43.0650;18323;;Protopopinci
0;21.3195,44.2422;35217;;Proštinac
0;22.0540,43.3202;18207;;Prosek
200;21.4112,43.0362;18440;;Prolom
0;22.2729,42.3790;17561;;Prolesje
27673;21.5881,43.2342;18400;;Prokuplje
0;20.4231,44.3368;34305;;Progoreoci
2;20.5703,43.6844;36341;;Progorelica
1428;20.1605,44.7174;11280;;Progar
0;20.1934,44.3181;14225;;Prnjavor
0;21.0250,44.0917;34229;;Prnjavor
0;20.6034,44.0561;32315;;Prnjavor
0;20.9945,43.6588;37240;;Prnjavor
0;22.3443,43.8541;19341;;Prlita
0;20.4255,44.3937;11566;;Prkosava
0;22.5561,43.0785;18322;;Prisjan
0;20.1204,43.8192;32240;;Prilipac
0;20.1521,43.6324;32251;;Prilike
0;20.2982,43.9251;32205;;Prijevor
0;20.0696,43.8646;31210;;Prijanovići
0;20.9024,44.3408;11420;;Pridvorice
0;20.1289,44.3336;14223;;Pridvorica
0;20.2777,43.8660;32243;;Pridvorica
0;21.7498,43.0046;16205;;Pridvorica
0;22.3923,43.4876;19352;;Pričevac
0;21.7738,42.6146;17529;;Pribovce
0;21.9243,43.0607;16252;;Priboj
0;22.0121,42.6057;17511;;Priboj Vranjski
0;20.0083,44.8825;22442;;Prhovo
0;21.2500,42.9777;18445;;Prevetica
0;21.0426,43.7573;35264;;Prevešt
0;22.0255,42.5985;17545;;Prevalac
0;21.5340,43.7613;37216;;Pretrkovac
0;21.3501,43.3438;18425;;Pretrešnja
0;21.3756,43.2572;18424;;Pretežana
0;22.4062,42.8245;17535;;Preslap
0;21.6492,42.3092;17523;;Preševo
0;22.5336,42.9508;18333;;Preseka
0;21.9467,42.9215;16221;;Presečina
0;21.9361,42.4645;17521;;Preobraženje
0;21.3484,42.9452;18408;;Prekorađe
0;21.4180,43.2760;18424;;Prekopuce
0;20.7852,44.0425;34204;;Prekopeča
0;21.6919,42.9445;16230;;Prekopčelica
0;21.8769,43.5453;18230;;Prekonozi
0;22.1030,43.3955;18365;;Prekonoga
0;22.0901,42.7100;17510;;Prekodolce
64;21.4408,43.1947;18424;;Prekašnica
258;21.4449,43.2265;18423;;Prekadin
0;20.7506,43.5093;37237;;Predole
0;22.1291,42.8328;16222;;Predejane
0;21.2498,43.3230;18420;;Prebreza
0;21.6711,43.5163;18210;;Prćilovica
0;20.5106,43.1831;36305;;Prćenova
0;21.5522,43.6272;37215;;Praskovče
0;20.1828,43.9944;32308;;Pranjani
799;22.5831,44.2936;19330;;Prahovo
0;22.7361,42.9747;18320;;Prača
0;21.4837,43.5055;37203;;Pozlata
0;21.5716,44.7579;12220;;Požeženo
0;20.0363,43.8489;31210;;Požega
0;20.4194,43.1535;36308;;Požega
41736;21.1878,44.6213;12000;;Požarevac
0;22.2548,43.6268;19345;;Potrkanje
453;21.2436,45.0226;26344;;Potporanj
324;21.4939,43.2450;18423;;Potočić
0;21.3153,43.8148;35207;;Potočac
0;20.5350,43.1771;36300;;Postenje
0;21.5365,43.6515;37215;;Poslon
0;20.8523,44.0479;34204;;Poskurice
0;21.7966,43.6351;18230;;Poružnica
0;21.7195,42.8704;16236;;Poroštica
0;21.4682,42.7643;16247;;Poroštica
0;21.2210,44.3171;12375;;Porodin
0;21.5850,43.4039;18214;;Porodin
0;21.9515,43.4709;18201;;Popšica
0;21.5083,44.0648;35237;;Popovnjak
0;22.2810,44.2243;19225;;Popovica
0;20.6108,44.5689;11235;;Popović
0;21.7638,42.8610;16236;;Popovce
0;21.3900,44.7158;12221;;Popovac
0;21.5035,43.9095;35254;;Popovac
0;21.8297,43.3336;18260;;Popovac
0;21.2691,43.3334;18420;;Popova
0;20.0070,44.9284;22428;;Popinci
0;20.9499,43.5979;37240;;Popina
0;20.3229,42.9508;36320;;Pope
0;20.1262,44.2210;14243;;Popadić
0;20.0341,43.3797;31322;;Ponorac
0;22.2351,43.4999;19362;;Ponor
0;22.4498,43.1634;18304;;Ponor
0;21.5679,44.6908;12222;;Ponikve
0;20.6128,43.5203;36343;;Polumir
0;20.2266,44.1214;32306;;Polom
0;22.0754,42.6826;17510;;Polom
0;20.4082,43.2505;36314;;Polokce
0;22.6272,43.1273;18307;;Poljska Ržana
0;21.1072,43.7101;37246;;Poljna
0;20.2333,44.5333;14212;;Poljane
0;21.2026,44.5322;12372;;Poljana
0;21.4319,43.4892;37203;;Poljaci
0;21.2476,44.4213;12370;;Polatna
0;20.6953,43.4310;36345;;Pokrvenik
0;20.4045,43.0625;36321;;Pokrvenik
0;22.6173,43.2546;18355;;Pokrevenik
0;21.4555,43.7421;37214;;Pojate
0;20.0722,43.7380;31230;;Pogled
0;22.6668,42.9697;18326;;Poganovo
0;22.4994,44.5852;19321;;Podvrška
0;20.8301,43.6715;36215;;Podunavci
0;21.8643,43.0533;16231;;Podrimce
274;20.2747,46.0175;23329;;Podlokanj
0;21.6739,43.2153;18412;;Podina
0;21.9491,43.9391;19233;;Podgorac
0;21.5995,43.7346;37213;;Podgorac
0;20.6623,43.3132;36346;;Pocesje
0;21.0834,43.5924;37243;;Gornja Počekovina
0;20.6127,43.3965;36346;;Pobrđe
0;20.4685,43.1480;36300;;Pobrđe
0;22.0722,43.4559;18366;;Plužina
0;21.5026,43.7323;34211;;Pločnik
326;21.3592,43.2033;18432;;Pločnik
0;20.8842,44.7203;26229;;Pločica
0;20.8600,43.4484;37237;;Ploča
0;22.2779,42.5531;17538;;Ploča
0;21.2862,43.1758;18430;;Pljakovo
0;20.4384,43.3046;36305;;Plešin
0;20.9181,43.4844;37238;;Pleš
0;21.4112,44.1457;35212;;Plažane
0;22.2598,44.2959;19307;;Plavna
0;20.6696,43.2271;36353;;Plavkovo
0;21.7416,43.0530;16205;;Plavce
0;20.6601,44.1917;34323;;Plaskovac
0;20.1110,44.1546;14244;;Planinica
0;22.1177,43.8363;19343;;Planinica
0;20.9575,43.6859;36216;;Planinica
0;22.6878,43.0108;18326;;Planinica
4122;21.1217,45.2272;26360;;Plandište
0;21.5474,43.8204;35247;;Plana
0;22.1016,43.0504;18246;;Piskupovo
0;20.6563,43.3926;36346;;Piskanja
40678;22.5861,43.1531;18300;;Pirot
0;20.1381,44.5440;11507;;Piroman
0;21.9616,43.4834;18201;;Pirkovac
0;20.4830,44.6954;11226;;Pinosava
0;20.5276,43.2159;36305;;Pilareta
0;22.3311,43.6654;19340;;Petruša
0;22.4326,44.6347;19325;;Petrovo Selo
0;20.1466,44.7937;11279;;Petrovičić
0;21.4192,44.3769;12300;;Petrovac
0;20.8489,44.2694;34313;;Petrovac
0;20.9178,44.0504;34000;;Petrovac
0;21.5809,43.3211;18405;;Petrovac
0;22.6176,43.0779;18322;;Petrovac
0;21.8189,43.0254;16231;;Petrovac
0;21.5653,42.9406;16248;;Petrovac
0;21.9870,42.3481;17525;;Petrovac
0;22.7904,43.0632;18323;;Petrlaš
0;21.5512,42.7889;16246;;Petrilje
0;20.8723,44.6240;11328;;Petrijevo
0;21.1515,44.6895;12207;;Petka
0;20.2351,44.3736;11550;;Petka
0;21.4085,43.4947;37206;;Petina
0;22.6745,42.8808;18333;;Petačinci
123;21.4730,43.1297;18409;;Pestiš
0;21.8971,43.2480;18262;;Perutina
0;21.2176,43.1904;18433;;Perunika
0;21.8381,42.9602;16232;;Pertate
4283;20.3820,45.2081;23260;;Perlez
221;22.3098,43.3743;18208;;Periš
0;20.1537,44.3387;14224;;Pepeljevac
0;21.2555,43.5644;37231;;Pepeljevac
0;20.4645,43.7051;36205;;Pekčanica
0;21.7329,43.2261;18413;;Pejkovac
0;21.5491,42.3506;17523;;Pečeno
0;21.9143,43.0986;16252;;Pečenjevce
0;21.4143,44.6558;12221;;Pečanica
0;20.7983,44.2401;34313;;Pavlovac
0;21.8583,42.4962;17521;;Gornji Pavlovac
0;20.3397,43.1881;36314;;Pavlje
2137;21.2395,45.1057;26333;;Pavliš
0;22.2440,42.8172;16223;;Pavličina
0;20.6495,43.3444;36346;;Pavlica
0;20.0990,44.2235;14242;;Paštrić
0;22.7477,43.0431;18320;;Paskašija
0;20.6219,43.1175;36300;;Pajsi Potok
0;22.0628,43.3578;18311;;Pasjača
0;21.6223,43.1408;18406;;Pasjača
0;22.4937,43.0783;18330;;Pasjač
0;21.8685,43.2957;18209;;Pasipoljana
0;21.5079,43.2781;18404;;Pašinac
4;21.3656,43.5702;37201;;Parunovac
0;20.4531,44.3341;34305;;Darosava
0;21.2577,44.9713;26344;;Parta
0;20.2795,43.8813;32205;;Parmenac
0;21.5856,43.7157;37213;;Pardik
0;21.0884,43.4222;37239;;Parčin
0;20.5267,44.5673;11233;;Parcani
0;21.2124,43.6935;37258;;Parcane
0;20.4817,43.1214;36300;;Paralovo
0;22.4462,42.4898;17540;;Paralovo
0;21.0704,43.1584;18438;;Parada
6000;21.4078,43.8608;35250;;Paraćin
0;22.4165,43.4665;19353;;Papratna
0;20.0970,43.9169;31215;;Papratište
0;20.5877,43.2375;36350;;Panojeviće
0;21.3494,44.3858;12308;;Pankovo
0;21.5267,44.1300;35215;;Panjevac
0;22.0364,42.6042;17511;;Panjevlje
76654;20.6417,44.8718;26101;;Pančevo
0;22.1417,42.8745;16222;;Palojce
0;20.1389,44.4331;14211;;Paljuvi
0;21.8391,43.4125;18202;;Gornja Paljina
0;20.9253,43.3436;37282;;Paljevštica
0;20.3968,43.0149;36321;;Paljevo
0;20.7375,43.3653;36345;;Palještica
0;21.4382,43.9853;35233;;Paljane
0;22.4581,42.7220;17535;;Palja
0;22.1124,43.4902;18366;;Palilula
0;21.9259,42.9320;16231;;Palikuća
0;21.8576,43.4641;18223;;Paligrace
0;20.1716,44.1789;14243;;Paležnica
0;20.2647,43.8955;32205;;Pakovrače
0;22.7404,43.2067;18306;;Pakleštica
0;21.2123,43.7564;37258;;Pajkovac
0;22.3983,43.3410;18315;;Pajež
0;20.7755,44.0979;34325;;Pajazitovo
6367;20.7286,45.1199;26215;;Padina
0;21.2858,43.6632;37257;;Padež
0;22.0272,42.8549;16220;;Padež
3465;20.1628,45.8276;23325;;Padej
0;21.0848,43.2288;18436;;Pačarađa
0;20.3303,44.0944;32305;;Ozrem
0;20.7194,44.1928;34324;;Ovsište
0;22.1488,43.1401;18242;;Ovsinjinac
0;20.1858,43.8981;32242;;Ovčar Banja
2567;20.5334,44.8835;11212;;Ovča
0;20.8007,43.6339;36215;;Otroci
4060;20.3184,44.7277;11251;;Ostružnica
0;22.2290,42.8664;16223;;Ostrozub
0;21.4465,44.7663;12226;;Ostrovo
0;21.1107,44.7138;12207;;Ostrvo
0;22.1245,43.3148;18312;;Ostrovica
0;20.3053,43.0186;36320;;Ostrovica
0;21.9885,42.6235;17511;;Ostrovica
0;21.3029,43.9318;35270;;Ostrikovac
0;22.1593,44.0704;19226;;Oštrelj
0;21.8205,42.7269;17507;;Ostra Glava
3395;20.1664,45.8886;23326;;Ostojićevo
0;22.2777,43.0425;16212;;Ostatovica
0;20.9297,43.4161;37227;;Osredci
0;20.3352,43.5955;32258;;Osonica
0;20.5344,43.1121;36300;;Osoje
0;22.0991,43.8869;19378;;Osnić
0;22.4260,43.2819;18315;;Osmakovo
0;22.3783,43.6517;19340;;Ošljane
0;21.7263,42.4335;17520;;Oslare
0;21.0548,44.5461;11314;;Osipaonica
0;20.0271,44.1877;14244;;Osečenica
0;20.9773,43.6203;37240;;Osaonica
0;20.3181,43.2010;36314;;Osaonica
0;21.6677,44.2813;12317;;Osanica
0;21.7606,42.7376;17507;;Oruglica
0;20.0176,45.8614;24406;;Orom Breg
2159;20.5809,45.2417;23263;;Orlovat
0;21.2700,43.0022;18440;;Orlovac
0;21.3088,44.4425;12315;;Orljevo
0;20.4309,43.0064;36309;;Orlje
0;21.8189,43.2124;18410;;Orljane
0;20.4279,43.5387;32253;;Orlja Glava
0;22.4245,43.3112;18315;;Orlja
0;21.3251,44.3171;12308;;Oreškovica
0;21.2748,44.9586;26345;;Orešac
0;22.0749,43.6282;18232;;Orešac
0;22.1923,43.5295;19362;;Orešac
0;21.2078,44.4269;12370;;Oreovica
0;22.5696,43.2498;18355;;Oreovica
0;22.0694,43.3677;18311;;Oreovac
0;22.3289,43.1853;18310;;Oreovac
0;21.2695,43.7429;37265;;Orašje
0;22.0980,42.9522;16210;;Orašje
0;20.0546,44.5910;11508;;Orašac
0;20.5867,44.3306;34308;;Orašac
0;22.0672,43.0551;16201;;Orašac
0;22.0693,42.8783;16220;;Oraovica
0;21.6621,42.3241;17523;;Oraovica
152;21.6278,42.9863;16233;;Orane
0;20.6049,43.2214;36353;;Orahovo
4769;20.4303,45.0522;26204;;Opovo
0;20.8843,44.0611;34321;;Opornica
0;21.1227,43.7512;35267;;Oparić
0;20.1280,43.5189;32256;;Opaljenik
0;20.7341,44.7589;26230;;Omoljica
0;21.0960,43.5569;37243;;Okruglica
0;22.2243,43.3820;18368;;Okruglica
0;20.3404,43.2041;36314;;Okose
0;22.2722,43.4221;18368;;Okolište
0;20.4939,43.0959;36306;;Oholje
0;21.0360,43.5980;37240;;Odžaci
0;22.8164,43.1025;18323;;Odorovci
0;20.6428,43.1496;36353;;Odojeviće
42;21.5077,43.1606;18409;;Obrtince
0;21.3482,43.7684;37266;;Obrež
16821;20.2002,44.6549;11500;;Obrenovac
0;22.7209,43.0371;18320;;Obrenovac
0;21.5697,42.9888;16233;;Obražda
0;21.9256,42.6207;17511;;Oblička Sena
0;21.6886,43.3075;18252;;Oblačina
0;21.7507,43.0774;16206;;Obilić
0;21.7258,43.4896;18228;;Nozrina
0;21.0891,44.2635;11325;;Novo Selo
0;22.0735,43.8549;19378;;Osnić Bukova
4;20.8734,43.6504;36216;;Novo Selo
0;21.9215,43.5662;18237;;Novo Selo
0;21.8164,43.3179;18250;;Novo Selo
0;20.7071,43.2454;36353;;Novo Selo
0;22.2702,43.2328;18310;;Novo Selo
0;21.6234,43.2338;18400;;Novo Selo
160;21.3274,43.1668;18432;;Novo Selo
0;21.9573,43.1554;18244;;Novo Selo
0;22.1654,42.8743;16222;;Novo Selo
0;22.2440,42.5986;17543;;Novo Selo
0;21.6742,43.0902;18406;;Novo Momčilovo
7805;20.3036,45.7192;23273;;Novo Miloševo
0;21.2384,44.0317;35271;;Novo Lanište
0;22.4446,43.6397;19340;;Novo Korito
0;20.8885,45.0306;26316;;Novi Vladimirovac
3210;20.2391,45.1255;22323;;Novi Slankamen
0;22.5131,44.6714;19325;;Novi Sip
85996;20.5122,43.1367;36300;;Novi Pazar
0;20.9251,44.0781;34225;;Novi Milanovac
1170;20.8638,45.1826;26353;;Kozjak
2668;20.6229,45.7824;23313;;Novi Kozarci
8166;20.1000,46.0500;23330;;Novi Kneževac
3050;20.1795,45.0764;22322;;Novi Karlovci
1553;20.7003,45.5592;23236;;Novi Itebej
0;22.1256,42.4447;17526;;Novi Glog
46;21.5274,43.1021;18407;;Novi Đurevac
209763;20.4242,44.8056;11031;;Novi Beograd
0;20.1356,45.5986;23272;;Novi Bečej
0;21.5047,43.7531;37216;;Novi Bračin
4007;20.2808,44.9569;22304;;Novi Banovci
0;21.7723,42.9858;16205;;Nova Topola
15488;20.2193,44.9437;22330;;Nova Pazova
2739;20.6050,45.6683;23218;;Nova Crnja
0;21.1406,43.4603;37236;;Novaci
0;22.0838,42.4648;17508;;Nova Brezovica
0;21.6352,43.2475;18400;;Nova Božurna
0;20.5622,43.2635;36350;;Nosoljin
0;21.6412,42.2990;17523;;Norča
0;22.0297,42.9761;16201;;Nomanica
0;22.5939,43.2176;18355;;Nišor
0;22.0985,43.4586;18366;;Niševac
250000;21.9033,43.3247;18000;;Niš
1905;21.0669,45.0525;26322;;Nikolinci
0;21.9204,43.6825;18235;;Nikolinac
0;22.2376,43.9609;19311;;Nikolićevo
0;20.4962,44.0468;32300;;Nevade
0;21.1802,43.2173;18438;;Nevada
1657;20.7142,45.3446;23245;;Neuzina
0;22.0434,42.8673;16220;;Nesvrta
0;22.1351,42.5817;17543;;Nesvrta
0;21.7083,42.4188;17520;;Nesalce
0;21.7267,44.4422;12242;;Neresnica
0;20.1069,44.3638;14223;;Nepričava
0;20.6006,44.4958;11450;;Nemenikuće
0;20.1716,43.8422;32240;;Negrišori
0;21.7526,42.3710;17522;;Negovac
17612;22.5308,44.2264;19300;;Negotin
0;22.3566,42.4085;17546;;Nazarica
0;21.9720,43.0407;16201;;Navalin
0;21.3048,43.4817;37221;;Naupara
0;20.8037,44.2529;34313;;Natalinci
0;22.5642,42.9558;18333;;Našuškovica
0;20.1372,44.3125;14225;;Nanomir
189;20.3522,43.0711;36321;;Namga
0;20.3842,44.0953;32311;;Nakučani
0;21.9426,42.8837;16203;;Nakrivanj
2604;20.5671,45.8750;23311;;Nakovo
1203;20.0401,46.0033;24425;;Adorjan
0;21.2501,44.6269;12000;;Nabrđe
0;20.1913,43.0260;36313;;Naboje
0;20.4091,45.3441;23206;;Mužlja
0;21.8532,43.7098;18235;;Mužinac
0;21.1806,43.2639;18438;;Muzaće
0;20.4536,44.1131;32311;;Mutanj
0;22.2577,42.5171;17544;;Musulj
0;21.5384,44.5314;12254;;Mustapić
0;20.5973,43.7433;36203;;Musina Reka
0;20.0022,43.9925;31213;;Mušići
0;20.0775,44.7500;22418;;Murgas
0;20.7012,43.2304;36353;;Mure
0;20.4837,43.1110;36308;;Mur
0;20.2874,43.2634;36312;;Muhovo
0;21.7542,42.5696;17529;;Muhovac
0;21.3392,43.5513;37201;;Mudrakovac
0;22.2775,43.4707;19352;;Mučibaba
0;21.3843,43.6570;37262;;Mrzenica
0;21.7203,42.9738;16205;;Mrveš
0;22.0731,42.7809;17514;;Mrtvica
0;21.9962,42.9957;16201;;Mrštane
0;20.0744,44.0172;31213;;Mršelji
0;21.4467,43.2973;18403;;Mršelj
0;21.1685,43.5275;37251;;Mrmoš
66;21.5335,43.1300;18407;;Mrljak
0;22.1736,42.7954;16222;;Mrkovica
0;21.4867,42.7657;16247;;Mrkonje
0;21.5413,44.6157;12258;;Mrčkovac
0;21.0126,43.1648;18436;;Mrče
0;20.9709,44.8802;26226;;Mramorak
0;20.8946,44.2868;34313;;Mramorac
0;21.7817,43.3155;18251;;Mramor
0;21.6611,43.6589;18229;;Mozgovo
0;21.0744,43.8190;35265;;Motrić
0;21.9699,42.5856;17541;;Moštanica
2483;20.1692,45.3020;21245;;Mošorin
0;22.1756,44.4283;19220;;Mosna
0;21.7551,43.4835;18212;;Moravski Bujmir
0;20.2851,44.2396;14240;;Moravci
0;21.7037,43.5012;18210;;Moravac
198;20.3604,43.0823;36321;;Morani
7950;20.1329,45.7646;24435;;Mol
6567;20.4122,45.9336;23305;;Mokrin
0;22.5442,44.1581;19317;;Mokranje
0;22.2887,43.2074;18310;;Mokra
0;22.2934,43.2563;18310;;Moklište
0;21.4799,43.6309;37215;;Mojsinje
0;22.8947,43.0767;18323;;Mojinci
0;21.3649,43.5199;37202;;Modrica
0;22.3086,43.0037;16212;;Modra Stena
0;22.5167,42.4667;17540;;Mlekominci
0;20.4183,43.5100;32253;;Mlanča
0;20.6992,44.4386;11400;;Mladenovac
0;22.2248,42.7870;16223;;Mlačište
0;20.3581,43.0050;36320;;Mitrova
0;20.2274,44.6275;11506;;Mislođin
0;21.5692,44.5373;12257;;Mišljenovac
0;21.1120,43.9712;35203;;Gornji Mišević
0;20.4972,43.1906;36305;;Miščiće
0;20.5497,44.3580;34301;;Misača
0;21.9164,43.7970;19370;;Mirovo
0;21.8381,42.8655;16204;;Miroševce
0;20.4176,44.4374;11567;;Mirosaljci
0;20.7576,44.0879;34325;;Mironić
0;22.2533,44.4793;19220;;Miroč
0;21.1838,43.1390;18433;;Mirnica
0;22.5064,43.3329;18355;;Mirkovci
0;21.4791,43.8404;35247;;Mirilovac
0;20.5309,44.7972;11215;;Mirijevo
0;21.2714,44.4417;12370;;Mirijevo
2872;21.6646,42.2585;17523;;Miratovac
0;20.9482,44.2023;34213;;Miraševac
0;22.3719,43.3638;19353;;Miranovac
0;20.0817,44.2519;14242;;Mionica
0;20.2567,43.9496;32205;;Miokovci
0;22.2938,43.6863;19340;;Minićevo
4;21.1291,43.6875;37246;;Milutovac
0;22.5733,44.5519;19328;;Milutinovac
0;22.0167,43.6706;18232;;Milušinac
0;22.5288,44.2596;19300;;Miloševo
0;21.1570,44.1042;35268;;Miloševo
0;21.1108,44.4411;11318;;Miloševac
0;22.7396,43.0450;18320;;Milojkovac
192;21.4917,43.1947;18423;;Miljkovica
0;22.1504,43.4821;18366;;Miljkovac
0;21.8588,43.4301;18202;;Miljkovac
0;22.0930,43.1816;18242;;Miljkovac
0;21.5208,44.6429;12253;;Miljević
0;21.8253,42.5337;17501;;Milivojce
0;21.4252,44.1291;35212;;Miliva
0;20.0799,43.7839;31230;;Milićevo Selo
0;20.3406,43.9544;32303;;Milićevci
0;20.4590,43.4995;32253;;Miliće
0;22.4608,42.5379;17540;;Milevci
811;21.0640,45.3051;26373;;Miletićevo
0;20.9822,43.4325;37227;;Milentija
0;20.3633,43.7288;32234;;Milatovići
0;21.7659,44.2599;12318;;Milatovac
0;20.9795,44.0893;34224;;Milatovac
0;20.5687,43.2377;36350;;Milatkoviće
0;21.8694,43.0175;16231;;Milanovo
0;21.5969,44.1962;12316;;Milanovac
0;21.5285,43.3401;18405;;Mikulovac
0;21.8121,42.7428;17507;;Mijovce
0;21.3404,43.9527;35236;;Mijatovac
0;21.8923,42.7311;17507;;Mijakovce
0;21.0498,43.6800;37244;;Mijajlovac
0;21.6531,42.9692;16233;;Mijajlica
1318;20.4151,45.4708;23202;;Mihajlovo
0;20.9732,44.5438;11312;;Mihajlovac
0;22.4982,44.3661;19322;;Mihajlovac
0;21.7831,43.3929;18202;;Mezgraja
0;22.2914,43.0049;16212;;Mezgraja
0;22.3807,44.1402;19224;;Metriš
0;22.1379,43.9609;19204;;Metovnica
0;20.7237,43.6804;36212;;Metikoši
392;21.4003,45.1047;26300;;Mesić
0;21.2549,43.5302;37231;;Meševo
0;21.4536,43.2822;18404;;Merovac
0;21.7204,43.2836;18252;;Merošina
0;22.0897,43.4252;18360;;Merdželat
0;21.2630,42.9291;18445;;Merdare
0;21.0662,43.2378;18436;;Merćez
0;21.7747,42.7693;16236;;Melovo
0;21.5336,44.3921;12305;;Melnica
0;20.6587,43.6156;36221;;Meljanica
0;20.3692,44.6231;11426;;Meljak
7685;20.3196,45.5168;23270;;Melenci
0;20.2605,43.1074;36307;;Melaje
0;21.7951,43.2225;18410;;Mekiš
143;21.3701,43.0200;18440;;Mehane
0;21.5523,44.2202;12316;;Medveđica
0;21.3430,44.1509;35224;;Medveđa
4;21.0757,43.6307;37244;;Medveđa
0;21.5833,42.8431;16240;;Medveđa
0;20.2276,43.5335;32255;;Međurečje
0;20.7071,43.4868;36343;;Međurečje
0;21.1810,43.9599;35203;;Međureč
0;20.6893,44.4092;11405;;Međulužje
0;21.3337,43.3120;18425;;Međuhana
0;20.1693,43.3538;36311;;Medovine
0;20.2979,44.4332;11560;;Medoševac
0;21.8616,43.3261;18209;;Medoševac
0;21.2010,43.8724;35274;;Medojevac
0;21.4506,42.7687;16247;;Medevce
1636;20.8068,45.5382;23234;;Međa
0;21.8351,43.1182;16253;;Međa
0;20.9667,44.0167;34209;;Mečkovac
0;21.9297,42.5761;17501;;Mečkovac
0;22.0548,43.5018;19366;;Meči Do
0;22.9041,43.0665;18323;;Mazgoš
0;21.9984,42.5904;17545;;Mazarač
4;20.6101,43.6882;36201;;Mataruška Banja
0;20.5853,43.6826;36201;;Mataruge
0;21.2555,42.9637;18445;;Matarova
0;22.4305,42.9852;18332;;Masurovci
0;22.1616,42.6708;17530;;Masurica
0;20.6525,44.1782;34323;;Masloševo
0;20.0500,43.5110;31322;;Maskova
0;21.3780,43.6791;37262;;Maskare
0;20.7341,44.3358;11412;;Maskar
0;20.0589,46.1146;24417;;Martonoš
0;20.9777,44.0326;34209;;Maršić
0;21.6833,42.7167;16246;;Marovce
310;21.0337,45.3196;26373;;Markovićevo
0;21.2446,43.1317;18430;;Markoviće
0;20.2151,43.8541;32243;;Markovica
0;20.0867,44.3271;14223;;Markova Crkva
717;21.4724,45.1496;26335;;Markovac
0;20.6470,44.3796;34307;;Markovac
329;21.1071,44.2388;11325;;Markovac
0;22.2108,43.7425;19343;;Marinovac
0;22.0245,43.2002;18240;;Marina Kutina
109;21.3380,43.1376;18432;;Maričiće
1550;21.1753,45.2160;26364;;Margita
0;21.2359,43.6962;37257;;Marenovo
0;20.5588,44.1931;34318;;Manojlovci
0;22.0147,43.0143;16201;;Manojlovce
0;22.3032,43.3978;18208;;Manojlica
0;22.1942,43.6673;19369;;Manjinac
0;22.1321,42.7685;17514;;Manjak
0;20.4323,44.5121;11461;;Manić
0;22.4996,44.6210;19321;;Manastirica
0;21.4801,44.5006;12304;;Manastirica
0;22.0619,43.3205;18311;;Manastir
0;22.0721,42.7454;17514;;Manajle
0;20.2332,43.5194;32255;;Mana
0;21.8368,42.9362;16232;;Malo Vojlovce
223;21.3953,45.1485;26334;;Malo Središte
0;21.8676,43.2399;18415;;Malošište
0;20.7855,44.5651;11432;;Malo Orašje
0;21.4660,44.3212;12300;;Malo Laole
0;21.5261,43.4590;37259;;Malo Krušince
0;20.9269,44.1550;34212;;Malo Krčmare
0;21.4051,44.6195;12312;;Malo Gradište
0;21.3437,43.5599;37201;;Malo Golovode
0;21.2856,44.5561;12311;;Malo Crniće
0;22.2856,43.0180;16212;;Malo Bonjince
0;21.2297,44.6805;12206;;Maljurevac
0;20.1180,44.2649;14242;;Maljević
565;21.3373,45.2098;26334;;Mali Žam
0;22.1642,43.1198;18246;;Mali Vrtop
0;22.4916,43.1812;18309;;Mali Suvodol
0;21.4416,43.5502;37202;;Mali Šiljegovac
0;20.7866,44.1071;34325;;Mali Šenj
1391;20.6543,44.5633;11235;;Mali Požarevac
0;21.2935,44.0535;35220;;Mali Popović
0;20.5283,44.7773;11130;;Mali Mokri Lug
0;22.1982,43.1128;18246;;Mali Krčimir
0;22.6684,43.1062;18307;;Mali Jovanovac
0;22.4492,44.0351;19209;;Mali Jasenovac
0;21.9224,43.8456;19370;;Mali Izvor
0;22.3184,43.7274;19347;;Mali Izvor
0;21.6742,43.4567;18215;;Mali Drenovac
0;20.3787,44.3849;11565;;Mali Crljeni
0;20.2275,44.4784;14211;;Mali Borak
0;21.4976,43.6163;37256;;Maletina
0;21.6076,44.6226;12223;;Maleševo
0;21.0586,43.8069;35265;;Maleševo
0;20.8545,44.0035;34216;;Male Pčelice
0;22.0312,43.3343;18207;;Malča
0;21.2152,43.5284;37251;;Mala Vrbnica
0;22.6851,44.5996;19320;;Mala Vrbica
0;20.7272,44.0904;34205;;Mala Vrbica
0;21.0753,43.6987;37246;;Mala Sugubina
0;21.4987,43.4726;37259;;Mala Reka
0;21.0164,44.3698;11420;;Mala Plana
0;21.4761,43.2535;18423;;Mala Plana
1125;20.3060,44.6383;11261;;Mala Moštanica
0;22.6678,43.2497;18300;;Mala Lukanja
0;21.1486,43.7239;37258;;Mala Kruševica
0;21.0074,44.5862;11313;;Mala Krsna
0;21.2963,42.9777;31330;;Mala Kosanica
0;22.0460,42.9145;16220;;Mala Kopašnica
0;22.4869,44.3484;19322;;Mala Kamenica
0;22.3840,44.2948;19303;;Malajnica
0;22.3094,44.0840;19224;;Mala Jasikova
1222;20.6163,44.5896;11235;;Mala Ivanča
0;21.9967,42.9256;16221;;Mala Grabovnica
0;21.1005,43.6903;37246;;Mala Drenova
0;21.3608,43.2687;18425;;Mala Draguša
0;21.5010,44.5514;12254;;Mala Bresnica
0;21.4167,42.7757;16247;;Mala Braina
0;21.9989,43.0217;16201;;Mala Biljanica
0;21.3719,43.6139;37000;;Makrešane
0;21.4665,44.5770;12254;;Makce
0;21.2923,43.9476;35270;;Majur
0;21.5922,42.9805;16233;;Majkovac
0;21.3620,44.6917;12221;;Majilovac
0;21.2080,43.4357;37222;;Majdevo
10071;21.9460,44.4277;19250;;Majdanpek
0;20.2599,46.0945;23333;;Majdan
0;20.5121,44.1005;32313;;Majdan
0;21.0566,43.2620;18436;;Magovo
0;20.5378,43.6133;36341;;Maglič
342;21.5905,43.0304;16233;;Magaš
0;21.5149,43.6970;37215;;Mađere
0;20.0316,43.9455;31213;;Mađer
0;21.4085,43.2637;18424;;Mađere
0;21.5961,42.3612;17523;;Mađere
0;21.2169,43.5640;37231;;Mačkovac
0;20.9007,43.3875;37282;;Mačkovac
0;21.2871,43.1493;18430;;Mačkovac
0;22.1821,42.7566;17530;;Mačkatica
0;21.3328,42.9263;18408;;Mačja Stena
0;21.6338,43.0853;18407;;Donja Mačina
0;21.4826,43.6775;37215;;Maćja
0;21.2450,44.0996;35208;;Mačevac
0;21.5686,42.8085;16244;;Maćedonce
0;20.8178,44.1072;34325;;Lužnice
0;21.7250,43.4808;18228;;Lužane
0;20.9115,44.5402;11312;;Lunjevac
0;21.8393,43.8029;19371;;Lukovo
0;22.3046,43.4384;18208;;Lukovo
0;21.0450,43.1723;18436;;Lukovo
0;21.9831,42.4889;17508;;Lukovo
0;21.2376,44.2255;35217;;Lukovica
0;21.6693,43.1950;18412;;Lukomir
0;20.4541,43.1260;36308;;Lukocrevo
703;20.4263,45.3024;23224;;Lukino Selo
2186;20.4990,45.3381;23261;;Lukićevo
0;20.2869,43.6175;32258;;Luke
0;20.2977,44.3639;11550;;Lukavica
0;22.7722,42.9989;18320;;Lukavica
0;21.2598,43.5482;37231;;Lukavac
0;20.4628,43.0731;36306;;Lukare
0;21.8181,42.3723;17522;;Lukarce
0;21.1470,43.8894;35273;;Lukar
0;22.1843,44.1697;19234;;Luka
3300;21.0708,44.5231;11321;;Lugavčina
0;21.7895,42.9314;16232;;Lugare
0;21.4448,43.6916;37212;;Lučina
0;21.1792,44.5741;12372;;Lučica
0;20.1381,43.8608;32240;;Lučani
0;21.7040,42.4478;17528;;Lučane
0;22.1972,43.8674;19208;;Lubnica
0;21.1015,44.4673;11317;;Lozovik
0;21.1372,43.9593;35203;;Lozovik
0;20.6444,43.4399;36342;;Lozno
0;20.0545,44.3225;14223;;Loznica
0;20.3188,43.8627;32000;;Loznica
0;21.6027,43.4646;18214;;Loznac
0;20.9351,43.6559;36210;;Lozna
0;20.2872,44.0858;32306;;Lozanj
0;21.6412,42.9912;16233;;Lozane
0;22.2753,43.3682;18208;;Lozan
0;21.1439,44.0658;35269;;Lovci
0;21.4105,43.5165;37202;;Lovci
0;20.0607,43.8982;31215;;Loret
0;20.6266,43.0985;36300;;Lopužnje
0;21.3470,44.3644;12308;;Lopušnik
0;20.5076,43.6938;36205;;Lopatnica
0;20.5487,43.6513;36341;;Lopatnica
0;20.1237,43.7989;31230;;Lopaš
0;21.0785,43.5721;37243;;Lopaš
0;21.7708,42.4950;17528;;Lopardince
0;21.4762,44.1393;35212;;Lomnica
0;21.0994,43.8744;35260;;Lomnica
3511;21.0307,45.1520;26361;;Lokve
0;22.3252,43.5780;19350;;Lokva
1509;20.2122,45.2158;21248;;Lok
0;21.1867,43.8584;35274;;Loćika
0;21.6993,43.4385;18215;;Loćika
0;20.3503,44.0488;32304;;Ločevci
0;20.9595,43.7237;35264;;Loboder
0;20.4330,44.0850;32311;;Ljutovnica
0;21.0938,43.1830;18438;;Ljutova
0;20.0257,44.0256;31213;;Ljutice
0;22.1378,42.7899;17514;;Ljutež
0;21.2857,43.0777;18430;;Ljuša
0;21.5787,43.4253;18214;;Ljupten
0;20.6483,44.0161;32315;;Ljuljaci
1191;20.0274,45.0260;22321;;Ljukovo
0;21.4301,44.6331;12253;;Ljubinje
0;20.0585,44.5416;14214;;Ljubinić
0;21.1010,43.4259;37235;;Ljubinci
0;22.5377,44.4895;19328;;Ljubičevac
0;20.5928,44.1248;34323;;Ljubičevac
0;20.3678,43.9123;32000;;Ljubić
0;22.3847,43.0257;18330;;Ljuberađa
0;21.1812,43.6588;37254;;Ljubava
0;22.4027,43.2543;18315;;Ljubatovica
0;21.8122,42.4349;17521;;Ljiljance
2979;20.2382,44.2301;14240;;Ljig
0;20.3367,44.0731;32305;;Ljevaja
0;21.5895,44.5374;12257;;Lješnica
0;20.0024,43.4452;31322;;Lepojevići
0;21.8180,42.3133;17522;;Ljanik
0;20.9061,43.3211;37225;;Livađe
0;20.4461,44.5499;11467;;Lisović
0;20.1989,44.5434;14212;;Liso Polje
0;20.7548,43.2812;36354;;Lisina
0;20.1883,43.6228;32251;;Lisa
0;20.1822,43.7990;32230;;Lis
0;21.5403,44.1583;35215;;Lipovica
0;21.8988,43.1309;16251;;Lipovica
0;22.1050,43.0252;16210;;Lipovica
0;21.7208,42.7614;16236;;Lipovica
0;20.6382,44.2571;34304;;Lipovac
0;20.6278,44.0482;32315;;Lipovac
0;21.5676,43.6537;37215;;Lipovac
0;21.8121,43.5516;18220;;Lipovac
0;21.3214,43.5326;37221;;Lipovac
0;22.0613,42.5543;17545;;Lipovac
0;20.8650,43.6206;36217;;Lipova
0;20.3060,44.2554;11561;;Liplje
0;20.2521,42.9984;36320;;Lipica
0;20.9963,44.6413;11310;;Lipe
0;22.3425,43.0464;18330;;Linovo
0;22.1642,43.0863;18246;;Ličje
0;22.1391,42.8593;16222;;Ličin Dol
0;21.7421,42.4371;17520;;Levosoje
0;22.0144,42.5131;17508;;Leva Reka
0;20.2478,44.0366;32307;;Leušići
0;22.0453,42.7531;17514;;Letovište
453;21.6925,42.3931;17522;;Letovica
0;20.5757,44.7312;11309;;Leštane
0;21.9449,44.3122;19258;;Leskovo
0;21.8989,43.4054;18204;;Leskovik
0;22.1943,43.2957;18314;;Leskovik
0;21.0114,43.5243;37233;;Leskovica
0;22.3914,42.9663;18332;;Leskovica
0;20.3268,44.5296;11462;;Leskovac
0;21.4462,44.3613;12300;;Leskovac
0;22.1999,43.8115;19343;;Leskovac
94758;21.9461,42.9981;16000;;Leskovac
0;22.1727,42.7307;17530;;Leskova Bara
0;20.1783,43.0616;36313;;Leskova
0;21.5308,43.8517;35255;;Lešje
0;20.8902,43.7311;36220;;Leševo
0;21.0261,43.4316;37227;;Lesenovci
0;21.0688,43.7480;35264;;Lepojević
0;22.0304,42.6696;17513;;Lepenica
0;21.0916,43.3447;37224;;Lepenac
0;22.2099,43.6361;19368;;Lepena
0;21.9878,42.4170;17508;;Lepčince
0;21.6641,43.3023;18252;;Lepaja
0;22.1649,43.8052;19343;;Lenovac
0;21.5252,42.9044;16248;;Lece
0;20.5345,43.0787;36306;;Leča
0;21.4580,43.8272;35250;;Lebina
0;22.2000,42.7750;16223;;Lebed
0;21.7375,42.9239;16230;;Lebane
1180;21.8100,44.2403;12321;;Laznica
0;21.9902,43.2570;18205;;Lazarevo Selo
3480;20.5400,45.3889;23241;;Lazarevo
23551;20.2557,44.3853;11550;;Lazarevac
0;21.1607,43.6729;37246;;Lazarevac
179;21.3616,43.2451;18424;;Lazarevac
0;20.4594,43.7323;36205;;Lazac
0;20.0942,43.7011;31236;;Latvica
0;20.2492,44.2826;11561;;Latković
0;21.0164,43.4824;37233;;Latkovac
0;22.1210,43.7596;19343;;Lasovo
7422;21.0973,44.1842;34220;;Lapovo
0;21.7859,43.0232;16205;;Lapotince
0;22.1751,43.2967;18314;;Lanište
0;20.8867,44.6012;11431;;Landol
0;21.6409,42.9203;16233;;Lalinovac
0;20.2867,44.1606;14245;;Lalinci
0;21.8328,42.7623;17507;;Lalince
0;22.0177,43.4446;18201;;Lalinac
0;21.7866,43.3418;18211;;Lalinac
0;20.1653,44.3694;14224;;Lajkovac
0;22.0656,42.9378;16220;;Ladovica
0;21.1633,43.4980;37271;;Laćisled
0;21.9384,43.5065;18201;;Labukovo
0;20.3746,43.2498;36314;;Kuzmičevo
0;20.7577,44.0479;34205;;Kutlovo
0;21.3255,42.9728;31330;;Kutlovo
0;21.2403,43.2478;18426;;Kutlovac
0;21.8612,43.1409;16253;;Kutleš
1189;21.3799,45.0349;26336;;Kuštilj
0;21.2061,44.2844;35226;;Kušiljevo
0;20.0826,43.4795;32256;;Kušići
0;21.5302,44.7212;12222;;Kusiće
0;21.4792,44.8767;26349;;Kusić
0;22.5636,42.9778;18333;;Kusa Vrana
0;20.8050,44.4002;11425;;Kusadak
0;21.2734,43.1383;18430;;Kuršumlija
0;21.3361,44.7176;12221;;Kurjače
0;20.6699,43.3818;36346;;Kurići
0;21.6081,42.3085;17523;;Kurbalija
0;22.4448,44.4367;19323;;Kupuzište
2002;20.0496,44.7071;22419;;Kupinovo
0;21.3304,44.2084;35211;;Kupinovac
0;21.8995,42.4961;17521;;Kupinince
545;21.1370,45.2925;26368;;Kupinik
0;21.9999,42.7051;17513;;Kunovo
0;22.0965,43.3003;18312;;Kunovica
0;20.5070,44.7409;11223;;Kumodraž
0;21.9979,43.0254;16201;;Kumarevo
0;21.9849,42.5616;17541;;Kumarevo
0;22.5090,43.2323;18304;;Kumanovo
0;20.2245,43.4701;32256;;Kumanica
4321;20.2290,45.5395;23271;;Kumane
0;21.4670,44.7308;12226;;Kumane
0;20.3536,43.8662;32000;;Kulinovci
0;21.6165,43.4265;18214;;Kulina
0;21.3787,44.5117;12313;;Kula
0;21.9000,42.9391;16231;;Kukulovce
4;21.2338,43.6042;37255;;Kukljin
0;20.4683,43.8280;32223;;Kukići
0;22.0876,42.9445;16210;;Kukavica
0;21.9695,42.7534;17510;;Kukavica
0;21.5842,44.6144;12258;;Kudreš
0;21.6700,44.4775;12240;;Kučevo
0;20.6045,43.2501;36350;;Kućane
0;21.6530,44.4493;12240;;Kučajna
0;22.0751,42.7327;17510;;Kržince
0;21.3816,44.3168;12306;;Krvije
0;21.2556,43.6458;37257;;Krvavica
0;21.6022,43.4882;18213;;Krušje
0;20.4447,43.0574;36306;;Kruševo
0;20.3971,44.3489;11566;;Kruševica
4;20.6507,43.6899;36221;;Kruševica
0;20.5310,43.3907;36222;;Kruševica
133;21.4452,43.1271;18409;;Kruševica
0;22.1774,42.9961;16210;;Kruševica
0;21.9070,42.7170;17507;;Kruševa Glava
75256;21.3339,43.5800;37000;;Kruševac
0;21.4737,44.9285;26340;;Kruščica
0;21.7764,43.3261;18251;;Krušce
0;21.3350,44.0176;35227;;Krušar
0;21.5814,44.1725;12316;;Krupaja
0;22.2231,43.2943;18313;;Krupac
0;22.6724,43.1222;18307;;Krupac
0;21.2630,43.0304;18440;;Krtok
0;20.1377,44.6751;11280;;Krtinska
0;20.0927,46.1284;23334;;Krstur
0;22.2918,42.8778;16211;;Krstićevo
0;20.0135,43.3263;36310;;Krstac
0;21.8596,42.4431;17521;;Krševica
0;22.1538,42.8446;16222;;Krpejice
0;21.0529,44.4086;11319;;Krnjevo
0;20.1380,44.8888;22314;;Krnješevci
0;20.4961,44.8379;11000;;Krnjača
0;21.7490,43.8231;19375;;Krivi Vir
0;22.3387,42.9210;16211;;Krivi Del
0;22.0961,44.1294;19219;;Krivelj
0;20.3755,44.1282;32312;;Kriva Reka
0;20.8799,43.3747;37282;;Kriva Reka
0;21.3354,43.2860;18425;;Krivaja
0;21.6813,44.6024;12257;;Krivača
0;20.2719,43.7397;32233;;Krivača
0;21.7174,42.9238;16230;;Krivača
0;21.4459,43.7933;35256;;Krežbinac
0;21.6045,44.2627;12316;;Krepoljin
0;22.2624,43.4802;19352;;Krenta
0;20.6928,43.3495;36346;;Kremiće
0;22.3438,43.2142;18310;;Kremenica
343;21.3148,43.1348;18430;;Krčmare
0;20.6894,44.3009;34312;;Krćevac
2877;20.1331,45.1387;22325;;Krčedin
0;20.0504,43.2200;36310;;Krče
0;21.2377,44.5506;12372;;Kravlji Do
0;21.9091,43.4571;18201;;Kravlje
0;20.6522,43.2464;36353;;Kraviće
0;22.0566,43.1746;18245;;Krastavče
82846;20.6894,43.7258;36000;;Kraljevo
0;21.7003,43.5775;18227;;Kraljevo
0;21.6530,43.3421;18258;;Krajkovac
2495;20.7298,45.4528;23231;;Krajišnik
147473;20.9167,44.0167;34000;;Kragujevac
0;20.9057,43.4470;37237;;Koznica
0;22.1294,42.7271;17530;;Koznica
0;20.4534,43.0202;36309;;Kožlje
0;22.3599,43.3185;18315;;Kozja
0;21.6211,43.1083;18407;;Kožince
0;22.2462,42.9206;16211;;Kozilo
0;21.0362,43.4618;37230;;Kožetin
0;20.3261,44.2141;32314;;Kozelj
0;22.0962,42.9293;16220;;Kozare
0;20.9353,43.2038;37226;;Kovizla
0;21.1476,43.3623;37223;;Kovioci
14250;20.9761,44.7475;26220;;Kovin
0;22.6030,44.1024;19314;;Kovilovo
5279;20.0233,45.2342;21243;;Kovilj
0;20.7056,43.7055;36000;;Kovanluk
0;21.4975,44.0327;35237;;Kovanica
7357;20.6214,45.1117;26210;;Kovačica
0;20.6760,43.6982;36221;;Kovači
0;20.7399,43.4313;36345;;Kovači
0;20.4280,43.2232;36305;;Kovačevo
0;20.7400,44.4400;11409;;Kovačevac
0;22.1165,42.9108;16220;;Kovačeva Bara
0;20.3860,43.0273;36321;;Kovače
0;20.2241,43.7008;32235;;Kotraža
0;20.4694,43.1944;36305;;Kosuriće
0;22.4957,43.1416;18309;;Kostur
0;20.1972,44.0819;32306;;Koštunići
0;22.4503,42.7537;17535;;Kostroševci
0;21.9491,42.7302;17507;;Kostomlatica
0;21.1693,44.7136;12208;;Kostolac
0;22.6467,44.6103;19320;;Kostol
0;21.5482,43.3453;18405;;Kostenica
0;21.6675,43.2440;18413;;Kostadinovac
0;20.2108,43.4928;32256;;Kosovica
0;22.2038,43.1899;18242;;Kosmovac
262;21.3529,43.1156;18430;;Kosmača
0;21.2430,43.5831;37231;;Koševi
0;21.8184,42.4012;17524;;Košarno
0;21.7779,43.0883;16206;;Kosančić
0;20.9928,44.0503;34224;;Korman
0;21.6096,43.5509;18213;;Korman
0;20.6597,43.3731;36346;;Korlaće
0;22.0087,43.2819;18205;;Koritnik
0;20.4092,43.3719;36222;;Koritnik
0;22.1114,42.4836;17508;;Korbul
0;22.7073,44.5237;19329;;Korbovo
0;22.0225,42.5894;17545;;Korbevac
0;20.6200,44.4510;11415;;Koraćica
0;22.1180,42.8459;16222;;Koraćevac
0;22.6205,43.2349;18355;;Koprivštica
0;22.3255,44.0478;19223;;Koprivnica
0;21.7027,43.4211;18219;;Koprivnica
0;22.0671,43.2327;18240;;Koprivnica
0;20.6346,44.3368;34312;;Kopljare
0;22.1066,42.7754;17514;;Kopitarce
0;21.9798,43.4464;18201;;Kopajkošara
0;22.0956,42.9911;16210;;Konopnica
0;21.2187,43.2103;18433;;Konjuva
0;20.6084,44.0082;32315;;Konjuša
0;21.6941,43.1342;18406;;Konjarnik
0;20.2973,43.0591;36307;;Koniče
222;21.4289,43.2404;18424;;Kondželj
0;21.6874,42.4749;17528;;Končulj
0;21.4221,43.2720;18424;;Končić
0;21.3137,43.9751;35219;;Končarevo
0;20.2537,44.5596;11506;;Konatice
4;20.6123,43.7020;36340;;Konarevo
1211;20.9147,45.3158;23253;;Konak
120;21.1757,43.6741;37254;;Komarane
0;22.1521,43.0648;18246;;Komarica
0;21.0861,43.8285;35260;;Komarane
0;20.1145,44.2523;14242;;Komanice
0;20.2572,43.5016;32252;;Komadine
0;22.4262,42.6820;17537;;Kolunica
0;20.8981,44.5836;11431;;Kolari
0;21.2416,43.9012;35242;;Kolare
0;22.0693,42.4275;17508;;Koćura
0;20.9628,43.3692;37220;;Kočine
0;21.2974,44.3989;12373;;Kočetin
0;21.8349,43.1862;18410;;Kočane
4;22.5959,44.1990;19316;;Kobišnica
0;21.4467,44.5236;12313;;Kobilje
0;21.3791,43.5423;37202;;Kobilje
0;21.0174,43.3914;37220;;Kobilje
2226;20.3190,45.1868;23265;;Knićanin
0;22.0006,43.3670;18204;;Knez-Selo
0;21.4231,44.3961;12304;;Knežica
0;21.8787,43.2595;18262;;Knežica
0;20.9008,43.2710;37225;;Kneževo
0;20.4269,44.7327;11194;;Kneževac
0;20.6700,44.0583;34205;;Kneževac
0;22.1796,44.3472;19222;;Klokočevac
0;20.7900,44.2990;34313;;Kloka
0;20.0443,44.2274;14202;;Ključ
0;21.5774,43.3445;18405;;Klisurica
0;22.0918,42.5723;17545;;Klisurica
0;22.3711,43.2182;18310;;Klisura
0;21.8435,43.2141;18410;;Klisura
0;22.4077,42.7575;17535;;Klisura
0;21.8722,42.4192;17524;;Klinovac
0;21.2893,44.7565;12209;;Kličevac
0;21.1862,44.6934;12206;;Klenovnik
0;22.4545,44.1168;19313;;Klenovac
0;21.5306,44.6011;12258;;Klenje
0;22.3640,43.2388;18310;;Klenje
0;21.8889,42.3897;17524;;Klenike
2344;20.4805,45.4225;23211;;Klek
0;20.4142,44.0640;32304;;Klatičevo
0;21.9288,42.5968;17501;;Klašnice
0;20.0192,44.3231;14222;;Klanica
0;21.7313,42.8237;16236;;Klajić
0;22.5719,44.6322;19320;;Kladušnica
0;21.5441,44.4369;12304;;Kladurovo
0;22.6095,44.6115;19320;;Kladovo
0;20.0292,43.3997;31322;;Kladnica
0;21.5819,43.8427;35255;;Klačevica
0;21.4198,44.7372;12226;;Kiseljevo
0;20.7123,44.0413;34205;;Kikojevac
41935;20.4653,45.8297;23300;;Kikinda
0;21.0785,44.1012;34228;;Kijevo
0;20.0852,43.1926;36311;;Kijevci
0;22.4969,43.0172;18332;;Kijevac
0;22.1861,42.7021;17530;;Kijevac
0;21.1833,44.8667;26347;;Keja Lakuluji
0;20.6670,43.2691;36353;;Kaznoviće
0;21.1321,43.8379;35260;;Kavadar
0;21.7855,43.4937;18212;;Katun
0;21.8302,42.5181;17521;;Katun
0;20.0551,43.5695;31234;;Katići
0;21.3014,43.1178;18430;;Kastrat
0;21.8997,43.0733;16252;;Kaštavar
0;21.3236,44.6340;12227;;Kasidol
0;21.2833,43.2500;18426;;Kaševar
0;20.6419,43.0450;36300;;Kašalj
0;20.0450,44.8233;22443;;Karlovčić
0;21.7276,43.1074;18406;;Kare
0;22.4344,44.2223;19306;;Karbulovo
0;21.1755,43.7301;37258;;Karanovac
0;22.3238,42.3513;17547;;Karamanica
0;21.8236,43.0104;16231;;Karađorđevac
0;21.8145,42.4860;17521;;Karadnik
0;20.6772,43.2484;36353;;Karadak
0;21.6161,42.8410;16240;;Kapit
0;21.3875,43.5744;37201;;Kapidžija
0;21.6219,44.4894;12240;;Kaona
0;20.4064,43.7118;32234;;Kaona
10200;20.0500,46.0667;24420;;Kanjiža
0;22.3321,43.5408;19352;;Kandalica
0;22.5695,43.0575;18322;;Kamik
0;21.4741,44.6582;12253;;Kamijevo
0;20.1863,43.2074;36312;;Kamešnica
0;21.4013,44.4094;12315;;Kamenovo
0;20.5727,43.4688;36342;;Kamenjani
0;20.6514,44.0671;32315;;Kamenica
0;20.1739,43.9346;32242;;Kamenica
0;20.7023,43.6152;36221;;Kamenica
0;21.6033,43.4492;18214;;Kamenica
0;21.9411,43.3760;18204;;Kamenica
0;22.8929,43.1343;18324;;Kamenica
0;21.7067,42.9970;16205;;Kamenica
0;20.7506,44.6118;11430;;Kamendol
0;21.2066,43.6684;37254;;Kamenare
0;22.4221,43.0155;18332;;Kambelevac
0;21.0646,43.7678;35264;;Velika Kaludra
149;21.3302,43.2316;18424;;Kaludra
0;21.5504,44.9000;26349;;Kaluđerovo
0;22.4378,43.0690;18330;;Kaluđerovo
0;20.5541,44.7542;11130;;Kaluđerica
0;21.8401,42.8101;16204;;Kaluđerce
0;22.1714,42.3361;17526;;Kalovo
0;22.4063,43.4166;19353;;Kalna
0;22.4363,42.8687;17535;;Kalna
0;21.3137,44.5155;12311;;Kalište
0;20.4062,44.0781;32311;;Kalimanići
0;22.0614,42.7139;17510;;Kalimance
0;22.2250,43.5995;19350;;Kaličina
0;22.1601,43.1566;18242;;Kaletinac
0;21.1357,43.9980;35203;;Kalenovac
0;20.9997,43.7824;35264;;Kalenićki Prnjavor
0;20.2024,44.4926;14211;;Kalenić
0;20.3863,44.2851;14246;;Kalanjevci
0;22.1229,42.6907;17530;;Kalabovce
0;21.2550,44.8764;26329;;Kajtasovo
0;20.2198,44.1939;14245;;Kadina Luka
0;20.6996,44.9672;26212;;Kačarevo
0;22.0073,42.6778;17513;;Kacapun
0;21.3305,43.3254;18420;;Kačapor
0;20.3364,42.9700;36320;;Južni Kočarnik
0;20.3492,44.4496;11562;;Junkovac
0;20.7662,44.2591;34313;;Junkovac
0;21.5388,43.2963;18404;;Jugovac
0;21.6519,43.2629;18252;;Jug-Bogdanovac
39;21.5920,43.1385;18407;;Jovine Livade
0;20.9506,44.0501;34209;;Jovanovac
0;21.3200,43.9040;35248;;Donji Jovac
0;21.9859,42.6371;17512;;Jovac
0;20.6006,43.1608;36300;;Jova
0;21.4886,43.5788;37256;;Jošje
0;20.0884,44.5298;11507;;Joševa
0;20.7505,43.3894;36345;;Jošanička Banja
0;21.7128,44.2786;12318;;Jošanica
0;21.7741,43.7282;18234;;Jošanica
0;20.4785,42.9749;36309;;Jezgroviće
0;20.0292,43.9664;31213;;Ježevica
0;20.4029,43.8205;32222;;Ježevica
0;21.5038,44.0446;35237;;Jezero
0;21.9022,43.5703;18237;;Jezero
0;20.2916,43.8572;32205;;Jezdina
1454;21.0455,45.1863;26363;;Jermenovci
0;20.4553,44.2644;34309;;Jelovik
0;22.8349,43.1970;18306;;Jelovica
0;21.5895,44.0873;35215;;Jelovac
0;20.4303,42.9871;36309;;Jeliće
76;20.1122,43.8949;31215;;Jelen Do
0;20.7041,44.3404;34312;;Jelenac
0;22.3255,44.0327;19223;;Jelašnica
0;22.3019,43.6315;19345;;Jelašnica
0;22.0514,43.2897;18206;;Jelašnica
0;22.0090,43.0445;16201;;Jelašnica
0;22.0883,42.6404;17531;;Jelašnica
0;20.8022,43.4214;36345;;Jelakci
1261;20.2213,45.8988;23327;;Jazovo
0;20.1025,43.4706;32256;;Ravna Gora
0;22.2489,42.9360;16211;;Javorje
0;20.6074,43.0358;36306;;Javor
0;22.0200,43.0671;16201;;Jašunja
0;22.1419,42.9460;16210;;Jastrebac
0;22.0447,42.7733;17514;;Jastrebac
0;21.9427,44.2835;19258;;Jasikovo
0;21.0388,43.5554;37243;;Mala Jasikovica
0;21.2980,43.6147;37252;;Jasika
0;21.3014,44.9359;26346;;Jasenovo
0;21.3077,44.1531;35241;;Jasenovo
0;22.0204,43.3752;18204;;Jasenovik
0;22.6161,42.9173;18333;;Jasenov Del
0;22.4400,44.2475;19306;;Jasenica
0;21.7625,43.1809;18414;;Jasenica
0;20.2411,44.6082;11506;;Jasenak
3625;20.8555,45.4472;23230;;Jaša Tomić
0;22.0867,43.0849;18246;;Jarsenovo
0;20.5462,44.1849;34318;;Jarmenovci
364;20.0271,45.0525;22321;;Jarkovci
2291;20.7608,45.2698;23250;;Jarkovac
0;22.3863,42.4018;17546;;Jarešnik
0;20.6269,43.7433;36203;;Jarčujak
1372;21.0066,45.1714;26362;;Janošik
841;20.4383,45.4750;23202;;Jankov Most
0;22.5189,43.4291;19353;;Janja
0;20.1486,43.9585;32308;;Jančići
0;20.2836,43.2254;36314;;Janča
0;22.3779,43.4089;19353;;Jalovik Izvor
0;22.6374,43.0353;18322;;Jalbotina
4656;20.2601,44.7537;11276;;Jakovo
0;22.2527,42.9502;16212;;Jakovljevo
0;21.5723,43.4609;37259;;Jakovlje
0;22.3057,43.6633;19340;;Jakovac
1105;20.4863,44.7406;11223;;Jajinci
0;20.2569,44.2614;14240;;Jajčić
35589;21.2612,43.9771;35000;;Jagodina
0;20.7294,44.3774;11412;;Jagnjilo
0;21.9633,42.7095;17513;;Jagnjilo
0;22.0783,43.2173;18240;;Jagličje
0;22.3692,42.9056;18332;;Jabukovik
0;22.3822,44.3484;19304;;Jabukovac
0;20.5998,44.9492;26201;;Jabuka
0;20.2016,44.4025;14224;;Jabučje
41;21.5346,43.1442;18407;;Jabučevo
536;21.3907,45.0752;26336;;Jablanka
0;21.8661,43.8364;19371;;Jablanica
0;21.2709,43.4496;37222;;Jablanica
0;20.6028,43.1931;36353;;Jablanica
0;21.9124,42.3420;17524;;Jablanica
0;21.5926,43.8565;35255;;Izvor
0;22.1941,43.4230;18368;;Izvor
0;22.6350,43.1476;18300;;Izvor
0;22.3938,43.0777;18330;;Izvor
0;22.5146,42.5163;17540;;Izvor
243;21.6889,44.2277;12322;;Izvarica
0;22.0355,42.5400;17541;;Izamno
2094;21.1839,45.0225;26343;;Izbište
0;20.5644,43.1324;36300;;Izbice
0;21.2784,43.7597;37265;;Izbenica
0;22.8841,43.1190;18324;;Izatovci
0;20.6978,44.7395;26233;;Ivanovo
0;20.2893,44.2210;14240;;Ivanovci
0;21.3971,42.9578;18408;;Ivan Kula
0;21.4353,43.9734;35233;;Ivankovac
0;20.2311,43.5803;32250;;Ivanjica
0;21.5858,42.9983;16233;;Ivanje
0;20.4421,42.9151;36309;;Istočni Mojstir
0;22.6566,42.9086;18333;;Iskrovci
0;21.3844,44.0250;35227;;Isakovo
0;20.9570,43.2258;37226;;Iričići
0;22.4408,43.4095;19353;;Inovo
24450;20.0816,45.0482;22320;;Inđija
0;21.9483,43.7974;19370;;Ilino
0;21.5962,42.3524;17523;;Ilince
2426;20.9201,45.1690;26352;;Ilandža
0;21.1003,43.3719;37224;;Igroš
0;21.1273,43.1783;18438;;Igrište
0;21.8067,42.8741;16204;;Igrište
1442;20.5144,45.1889;26207;;Idvor
2338;20.3179,45.8265;23323;;Iđoš
0;21.8998,43.3744;18000;;Hum
1139;20.7914,45.6620;23235;;Hetin
0;22.3967,43.9709;19205;;Halovo
1519;20.9602,45.2501;26370;;Hajdučica
0;20.0350,44.3842;14223;;Gvozdenović
0;22.2752,43.3914;18208;;Guševac
0;20.5152,44.1671;34318;;Guriševci
0;20.1625,44.2081;14243;;Gunjica
0;20.0497,44.4402;14210;;Gunjevac
0;22.1490,43.0452;18246;;Gunjetina
0;20.4012,44.5961;11426;;Guncati
0;21.9659,42.6150;17511;;Gumerište
0;22.2516,43.3635;18208;;Gulijan
0;22.8232,43.1039;18323;;Gulenovci
0;20.2442,44.2084;14240;;Gukoš
0;20.0796,43.8748;31215;;Gugalj
1448;21.4426,45.1682;26335;;Gudurica
0;20.2256,43.7790;32230;;Guča
324;21.5122,43.2203;18421;;Gubetin
0;22.0285,42.9480;16221;;Guberevce
0;20.4690,44.5395;11467;;Guberevac
0;20.9500,44.2167;34213;;Guberevac
0;20.3510,43.7516;32232;;Guberevci
0;21.4156,42.7625;16247;;Gubavce
0;22.4928,42.5406;17540;;Grujinci
0;21.7204,43.1484;18414;;Grudaš
0;20.5444,43.0092;36309;;Grubetiće
0;22.4160,42.7902;17535;;Groznatovci
0;20.7165,44.6715;11306;;Grocka
0;22.3438,43.0194;18330;;Grnčar
0;22.2926,43.8595;19341;;Grljan
0;22.2449,43.8130;19342;;Grlište
0;21.2288,43.4347;37222;;Grkljane
0;21.9941,43.2097;18240;;Grkinja
0;20.0077,43.7152;31233;;Grivska
0;21.7636,42.8325;16236;;Grgurovce
0;22.1930,43.5802;19367;;Grezna
0;21.5391,43.4834;37259;;Grevci
0;21.7328,43.4193;18219;;Grejač
0;21.2353,44.9017;26347;;Grebenac
0;22.0705,42.9016;16220;;Grdelica
0;21.9408,43.1289;16252;;Grdanica
0;20.9455,43.4627;37238;;Grčak
0;22.0196,43.4158;18201;;Grbavče
0;21.6402,42.7191;16246;;Grbavce
0;20.9787,43.3525;37220;;Graševci
0;22.7067,42.9875;18326;;Grapa
0;22.1009,42.8428;16222;;Graovo
0;20.7156,44.4466;11400;;Velika Granice
0;21.7108,43.0704;18406;;Granica
0;22.0570,42.6550;17513;;Gramađe
0;21.9966,43.0459;16201;;Grajevce
0;22.3874,44.0210;19205;;Gradskovo
0;22.4031,42.8759;16215;;Gradska
0;21.8889,42.7024;17507;;Gradnja
0;22.3635,43.5226;19352;;Gradište
0;22.1776,43.3205;18314;;Gradisče
0;21.7678,43.2756;18257;;Gradište
0;22.6972,43.0636;18322;;Gradište
0;22.1408,42.9278;16210;;Gradište
0;22.8029,43.0024;18321;;Gradinje
0;22.5995,43.1793;18300;;Gradašnica
0;22.0739,43.0428;16201;;Gradašnica
0;21.0303,44.1462;34227;;Gradac
0;20.5520,43.3661;36346;;Gradac
0;20.3188,43.3829;32259;;Gradac
0;20.9045,43.2163;37226;;Gradac
0;20.9483,43.4447;37227;;Grad
0;20.3762,43.1353;36307;;Gračane
4;20.8123,43.6346;36215;;Gračac
0;21.6314,43.7317;37213;;Grabovo
238;21.3553,43.1494;18432;;Grabovnica
0;22.4914,44.4946;19327;;Grabovica
0;21.4065,44.1755;35212;;Grabovica
0;20.4967,44.0136;32300;;Grabovica
3072;20.0854,44.6005;11508;;Grabovac
0;21.2431,44.2000;35211;;Grabovac
0;20.9905,43.6324;37240;;Grabovac
62;21.4047,43.1731;18432;;Grabovac
0;20.2540,43.8092;32230;;Grab
0;20.6410,43.6857;36221;;Gotovac
0;22.6965,43.2556;18306;;Gostuša
0;21.6255,42.3628;17523;;Gospođince
0;20.4975,43.0697;36306;;Goševo
0;20.7446,44.2306;34313;;Gorovič
0;20.0779,43.8282;31210;;Gorobilje
0;22.0062,42.3471;17525;;Gornovac
0;21.8089,42.5064;17521;;Gornji Vrtogoš
0;20.9872,43.4688;37233;;Gornji Vratari
0;21.1850,43.4727;37234;;Gornji Stupanj
0;22.3899,43.1174;18330;;Gornji Striževac
0;21.2959,43.5066;37221;;Gornji Stepoš
103;21.4937,43.0821;18409;;Gornji Statovac
0;22.1871,42.4066;17526;;Gornji Stajevac
0;22.2965,43.3066;18313;;Gornji Rinj
0;21.0558,43.5971;37243;;Gornji Ribnik
0;21.1590,44.0340;35204;;Gornji Račnik
0;22.2313,43.0600;18246;;Gornji Prisjan
0;21.8727,42.5141;17501;;Gornji Neradovac
0;20.1376,44.2764;14242;;Gornji Mušić
23982;20.4615,44.0260;32300;;Gornji Milanovac
0;21.9679,43.3647;18204;;Gornji Matejevac
0;21.5916,43.5682;18224;;Gornji Ljubeš
0;20.9965,43.3221;37220;;Gornji Lipovac
0;20.0723,44.1612;14244;;Gornji Lajkovac
0;21.8533,43.5288;18223;;Gornji Krupac
0;22.9531,43.1108;18324;;Gornji Krivodol
0;21.1486,43.7563;35267;;Gornji Krčin
0;22.1112,42.3212;17525;;Gornji Kozji Dol
0;21.8930,43.3548;18000;;Gornji Komren
0;21.3757,43.7434;37260;;Gornji Katun
0;21.4840,42.9833;16248;;Gornji Gajtan
0;22.1187,43.1728;18242;;Gornji Dušnik
0;21.0064,43.7383;35264;;Gornji Dubič
0;20.3659,43.6632;32234;;Gornji Dubac
0;21.7878,43.1261;18414;;Gornji Drenovac
0;22.2395,42.9640;16212;;Gornji Dejan
0;22.0167,42.9593;16221;;Gornji Bunibrod
0;21.5998,42.9199;16248;;Gornji Bučumet
2536;20.0177,45.9200;24406;;Gornji Breg
0;20.3207,44.1177;32312;;Gornji Branetići
0;21.9508,43.1997;18241;;Gornji Barbeš
0;20.2680,44.1035;32306;;Gornji Banjani
0;21.6308,43.4981;18213;;Gornji Adrovac
0;22.2806,43.5999;19345;;Gornje Zuniče
0;21.1707,43.4376;37234;;Gornja Zleginja
0;21.9146,42.4481;17521;;Gornje Žapsko
0;21.7606,42.8819;16230;;Gornje Vranovce
0;22.0042,43.1784;18245;;Gornje Vlase
0;21.4083,43.7891;35256;;Gornje Vidovo
280;21.8896,42.9593;16231;;Gornje Trnjane
0;21.9538,42.4791;17508;;Gornje Trebešinje
36;21.3940,43.1780;18432;;Gornje Točane
0;22.3860,42.3518;17547;;Gornje Tlamino
0;21.3767,43.2919;18425;;Gornje Svarče
0;21.6449,43.4737;18221;;Gornje Suhotno
0;21.9070,42.9967;16231;;Gornje Stopanje
0;21.1375,44.0144;35203;;Gornje Štiplje
0;21.8983,42.9680;16231;;Gornje Sinkovce
0;22.2332,42.6658;17534;;Gornje Romanovce
0;21.8146,42.5965;17529;;Novo Selo
0;21.8431,43.2774;18411;;Gornje Međurovo
0;20.9245,43.2770;37225;;Gornje Leviče
0;22.4313,43.1063;18330;;Gornje Krnjino
0;22.0243,42.9875;16201;;Gornje Krajince
0;21.5585,43.3103;18405;;Gornje Kordince
0;21.6807,43.0539;16205;;Gornje Konjuvce
0;21.0410,44.0284;34210;;Gornje Komarice
0;20.8585,44.1487;34212;;Gornje Jarušice
0;22.0172,42.7341;17510;;Gornje Jabukovo
0;20.7894,44.0847;34325;;Gornje Grbice
0;22.0736,43.1597;18242;;Gare
0;22.3327,42.9241;16212;;Gornje Gare
0;22.1246,43.1200;18242;;Gornje Dragovlje
0;21.7570,43.1458;18414;;Gornje Crnatovo
0;21.7972,43.0969;16206;;Gornje Brijanje
0;21.9951,43.3282;18207;;Gornja Vrežina
0;20.5385,44.0431;32300;;Gornja Vrbava
0;20.4964,43.2360;36305;;Gornja Tušimlja
0;22.1488,42.3555;17526;;Gornja Trnica
0;20.7649,44.1848;34324;;Gornja Trnava
0;21.5284,43.2783;18421;;Gornja Trnava
0;20.5296,44.2162;34318;;Gornja Trešnjevica
0;21.8066,43.4018;18202;;Gornja Toponica
116;21.4608,43.2142;18423;;Gornja Toponica
0;22.0966,43.2562;18206;;Gornja Studena
0;21.5890,43.2644;18400;;Gornja Stražava
0;22.3322,43.5239;19352;;Gornja Sokolovica
0;22.0358,43.0322;16201;;Gornja Slatina
0;20.5971,44.2054;34314;;Gornja Šatornja
0;21.0037,43.9419;34206;;Gornja Sabanta
0;22.2776,42.5777;17538;;Gornja Ržana
0;21.4711,43.3180;18403;;Gornja Rečica
0;21.6731,43.2400;18413;;Gornja Rasovača
0;21.5951,43.5218;18213;;Gornja Peščanica
0;21.9381,42.4587;17521;;Gornja Otulja
0;21.1214,43.5397;37251;;Gornja Omašnica
0;22.7423,42.9094;18326;;Gornja Nevlja
0;22.0642,44.2439;19258;;Gornjane
0;21.5718,43.8797;35255;;Gornja Mutnica
0;21.2505,43.1533;18430;;Gornja Mikuljana
0;22.1936,42.8967;16211;;Gornja Lopušnja
0;22.1460,43.0075;16210;;Mala Lomnica
0;22.2900,42.5018;17544;;Gornja Ljubata
0;22.3632,42.5579;17538;;Gornja Lisina
0;21.6707,42.8583;16236;;Gornja Lapaštica
0;21.9871,43.1080;16252;;Gornja Lakošnica
0;22.0614,43.0879;18245;;Gornja Kupinovica
0;22.3248,43.1474;18310;;Gornja Koritnica
134;21.4184,43.1987;18424;;Gornja Konjuša
0;22.3553,43.4738;19352;;Gornja Kamenica
0;21.3649,43.3448;18403;;Gornja Jošanica
0;21.9290,42.9383;16231;;Gornja Jajina
0;20.2887,43.9634;32205;;Gornja Gorevnica
0;22.3682,43.2781;18315;;Gornja Glama
0;22.6597,43.0199;18322;;Gornja Držina
0;21.3603,43.2795;18425;;Gornja Draguša
0;20.0866,43.9543;31214;;Gornja Dobrinja
0;20.5665,44.0758;32315;;Gornja Crnuća
0;21.0055,43.5663;37240;;Gornja Crnišava
0;21.4035,43.3382;18403;;Gornja Bresnica
0;22.2049,43.7796;19343;;Gornja Bela Reka
141;21.4650,43.1742;18409;;Gornja Bejašnica
0;21.8563,42.8489;16204;;Gorina
0;22.3966,43.0401;18330;;Gorčince
0;20.3097,43.7995;32232;;Mačani
0;21.4986,43.8076;35247;;Golubovac
0;21.1296,43.5151;37236;;Golubovac
0;22.2018,44.4976;19220;;Golubinje
4510;20.0634,44.9853;22308;;Golubinci
1655;21.6320,44.6530;12223;;Golubac
0;19.9920,44.1850;14202;;Golubac
0;22.1327,42.4016;17526;;Goločevac
0;21.0041,44.4547;11316;;Golobok
0;21.7265,42.9599;16230;;Goli Rid
0;21.6844,43.3962;18221;;Golešnica
0;22.3322,42.3308;17547;;Goleš
0;21.8623,42.7133;17507;;Golemo Selo
0;21.7363,42.3001;17522;;Golemi Dol
0;20.7252,43.4860;36343;;Gokčanica
0;21.9282,43.4807;18201;;Gojmanovac
0;22.7121,43.0210;18320;;Gojin Dol
0;20.2998,42.9498;36320;;Godovo
0;20.0475,43.7781;31237;;Godovik
0;20.8272,43.5384;36217;;Goč
0;20.6345,43.2520;36350;;Gnjilica
0;22.5562,43.1666;18309;;Gnjilan
0;20.3468,42.9435;36320;;Gnila
0;20.0164,43.8713;31210;;Glumač
265;20.3869,43.0605;36321;;Gluhavica
0;22.3907,42.5114;17544;;Gložje
0;21.1846,44.1686;34220;;Gložane
0;22.0495,42.9662;16221;;Gložane
0;20.3264,43.1050;36307;;Glogovik
0;22.2681,44.1217;19224;;Glogovica
0;21.7402,43.5303;18220;;Glogovica
1000;21.3134,44.0421;35227;;Glogovac
0;22.1946,43.5683;19362;;Glogovac
0;22.2020,43.2547;18313;;Glogovac
0;20.5275,44.9864;26202;;Glogonj
4;21.1739,43.5634;37251;;Globoder
0;21.2344,43.6738;37257;;Globare
0;20.9125,44.3754;11420;;Glibovac
0;20.2301,43.4385;32256;;Gleđica
0;21.2510,43.9248;35261;;Glavinci
0;21.4501,43.8632;35250;;Glavica
382;21.5814,43.1112;18407;;Glasovik
0;21.7154,43.2067;18412;;Glašince
0;21.6743,42.9222;16230;;Geglja
0;21.5716,42.8844;16248;;Gazdare
0;21.3199,43.6235;37252;;Gavez
0;22.1009,42.7919;17514;;Garinje
0;21.3031,43.5423;37221;;Gari
0;21.4458,44.6090;12253;;Garevo
0;21.1805,43.4607;37234;;Garevina
0;21.6287,42.3836;17523;;Gornje Gare
1515;20.1356,45.2036;21247;;Gardinovci
0;20.4631,44.2877;34309;;Garaši
537;22.1751,43.9087;19227;;Gamzigrad
0;22.0092,43.5222;19366;;Galibabinac
0;21.0659,44.7953;26223;;Gaj
0;21.4255,43.5700;37201;;Gaglovo
0;21.8002,42.7784;16236;;Gagince
0;22.0319,43.2228;18240;;Gadžin Han
0;22.4387,43.4473;19353;;Gabrovnica
0;21.9284,43.2798;18262;;Gabrovac
0;20.0804,43.3387;36311;;Fijulje
1662;20.4724,45.1917;23264;;Farkaždin
0;20.1539,43.3760;32256;;Erčege
4998;20.3000,45.4426;23208;;Elemir
5293;20.4429,45.3233;23203;;Ečka
0;21.5605,43.3356;18405;;Džigolj
0;21.2265,43.3356;37223;;Džepnica
0;22.0883,42.7682;17514;;Džep
0;21.6389,44.6249;12223;;Dvorište
0;21.5056,44.0941;35215;;Dvorište
0;21.3158,43.8931;35248;;Dvorica
0;21.4119,43.4978;37206;;Dvorane
282;21.0000,45.2895;26371;;Dužine
0;21.4172,43.1898;18432;;Đušnica
0;21.5515,44.5839;12258;;Dušmanić
0;20.0513,43.9932;31213;;Duškovci
0;21.8433,43.0523;16206;;Dušanovo
0;20.4831,44.7831;11000;;Dušanovac
4;22.5247,44.2935;19335;;Dušanovac
0;20.6248,44.5241;11450;;Đurinci
0;21.3590,44.2343;12307;;Đurinac
0;22.1299,43.3885;18365;;Đurinac
0;21.2517,43.2930;18420;;Đurevac
0;21.6183,43.2619;18400;;Đurevac
4668;20.0653,45.3259;21230;;Đurđevo
0;20.8862,44.2423;34313;;Đurđevo
0;21.4039,44.7066;12226;;Đurakovo
0;22.4588,44.3039;19335;;Dupljane
0;22.0890,42.7500;17514;;Dupljane
0;21.2776,44.9287;26328;;Dupljaja
0;21.7922,42.7381;17507;;Dupeljevo
0;21.1396,43.3440;37223;;Dupci
0;20.0640,43.3171;36311;;Dunišiće
0;21.5108,43.5925;37256;;Đunis
0;21.6577,42.8357;16240;;Đulekare
0;20.3392,42.9569;36320;;Dulebe
0;21.9092,43.1932;18417;;Dukat
0;22.3146,42.4459;17544;;Dukat
0;19.9998,43.2150;36310;;Dujke
0;21.9523,43.6286;18237;;Dugo Polje
0;22.1238,42.6765;17530;;Dlugojnica
0;20.2278,43.2515;36312;;Duga Poljana
0;22.0771,43.1866;18242;;Duga Poljana
0;22.0548,42.5265;17508;;Duga Luka
0;21.7099,43.3652;18258;;Dudulajce
0;20.2631,44.2983;11561;;Dudovica
0;20.4975,44.4864;11453;;Dučina
0;20.1650,44.2518;14243;;Dučić
0;22.4682,43.0210;18332;;Dučevac
0;20.2147,43.8873;32242;;Dučalovići
0;21.0773,44.6964;12207;;Dubravica
0;20.1464,43.6049;32251;;Dubrava
0;21.2614,43.1716;18430;;Dubrava
0;21.6426,43.0579;18407;;Dubrava
0;21.6952,43.1114;18406;;Dubovo
0;20.3338,43.0032;36320;;Dubovo
0;21.2086,44.7955;26224;;Dubovac
988;20.7268,44.5214;11433;;Donja Dubona
1804;21.7599,44.5228;12255;;Duboka
0;21.2753,44.0709;35208;;Duboka
0;21.3720,44.4447;12315;;Dubočka
0;22.2767,44.1073;19224;;Dubočane
0;21.3225,44.2719;12307;;Dubnica
0;20.0038,43.2450;36310;;Dubnica
0;21.8482,42.5339;17501;;Dubnica
0;21.2099,44.2100;35210;;Dublje
0;22.6048,43.1002;18307;;Držina
0;21.7736,43.2279;18413;;Držanovac
0;21.8375,42.9027;16204;;Drvodelja
0;21.6820,42.8135;16236;;Drvodelj
0;22.3982,43.5421;19352;;Drvnik
0;20.1355,44.0236;32308;;Družetići
0;20.8316,44.5461;11432;;Drugovac
0;21.2198,44.7169;12208;;Drmno
0;20.4995,44.4507;11454;;Drlupa
0;21.2049,43.2545;18426;;Drešnica
0;21.4270,43.7637;35257;;Drenovac
0;22.2590,43.6939;19340;;Drenovac
0;21.8832,42.6311;17507;;Drenovac
0;20.3176,44.0249;32305;;Drenova
0;21.0230,43.3503;37220;;Drenova
0;21.0500,44.4658;11315;;Drenča
0;20.0310,44.5955;11508;;Dren
0;20.3032,44.3805;11550;;Dren
0;22.1917,43.6297;19368;;Drečinovac
0;22.0043,43.0840;16252;;Drćevac
0;21.3478,44.0562;35227;;Dražmirovac
0;20.0082,43.9507;31213;;Dražinovići
0;20.5170,43.4220;36222;;Dražiniće
0;22.2759,43.2722;18313;;Draževo
0;20.1992,43.2347;36312;;Draževiće
0;20.2313,44.5758;11506;;Draževac
0;21.7905,43.4498;18223;;Draževac
0;20.6880,44.5840;11235;;Dražanj
0;21.8411,43.1384;18255;;Draškovac
0;20.3925,43.2614;36314;;Dramiće
0;20.5926,43.7373;36340;;Drakčići
0;22.4152,42.7838;17535;;Drajinci
0;22.1479,43.4559;18366;;Drainac
0;20.5511,42.9837;36309;;Vranoviće
0;21.1007,43.7872;35265;;Dragovo
0;22.6625,42.9433;18326;;Dragovita
0;21.1047,44.6173;12000;;Dragovac
0;21.7242,43.0174;16205;;Dragovac
0;20.7321,43.6640;36212;;Dragosinjci
0;21.2259,43.8824;35262;;Dragoševac
0;20.4414,44.2219;14246;;Dragolj
0;20.0912,43.2306;36311;;Dragojloviće
0;20.1339,43.7359;31230;;Dragojevac
0;21.2139,43.9404;35272;;Dragocvet
0;20.5211,42.9930;36309;;Dragočevo
0;21.8215,42.6905;17507;;Dragobužde
0;22.4352,43.0531;18330;;Draginac
175;21.5503,43.0447;18407;;Dragi Deo
0;20.5845,43.2778;36350;;Draganići
0;20.3705,42.9027;36320;;Draga
0;20.8078,44.0326;34204;;Drača
0;21.7764,42.5737;17529;;Đorđevac
0;20.4667,44.8167;11000;;Dorćol
0;21.8212,42.4894;17521;;Donji Vrtogoš
0;21.0088,43.4477;37227;;Donji Vratari
0;21.1902,43.4937;37234;;Donji Stupanj
0;22.3928,43.0900;18330;;Donji Striževac
0;21.3127,43.5213;37221;;Donji Stepoš
178;21.5334,43.0630;18407;;Donji Statovac
0;22.1597,42.4012;17526;;Donji Stajevac
0;22.3022,43.2913;18313;;Donji Rinj
0;21.0675,43.5935;37243;;Donji Ribnik
0;21.1796,44.0564;35204;;Donji Račnik
0;22.2006,43.0538;18246;;Donji Prisjan
0;21.8794,42.5077;17501;;Donji Neradovac
0;20.1181,44.2953;14242;;Donji Mušić
2410;22.1517,44.4659;19220;;Donji Milanovac
0;21.9508,43.3623;18204;;Donji Matejevac
0;21.5702,43.5816;18224;;Donji Ljubeš
0;21.0333,43.3167;37224;;Donji Lipovac
0;20.2033,44.3067;14225;;Donji Lajkovac
0;21.8235,43.4968;18223;;Donji Krupac
0;22.9358,43.1015;18324;;Donji Krivodol
0;21.1836,43.7351;37258;;Donji Krčin
0;22.0846,42.3222;17525;;Donji Kozji Dol
0;21.8801,43.3490;18209;;Donji Komren
0;21.3935,43.7514;35257;;Donji Katun
0;21.5393,42.9398;16248;;Donji Gajtan
0;22.1044,43.1636;18242;;Donji Dušnik
0;21.0133,43.7150;35264;;Donji Dubič
0;20.3431,43.6709;32234;;Donji Dubac
0;21.8053,43.1382;18414;;Donji Drenovac
0;22.2222,42.9750;16212;;Donji Dejan
0;22.0172,42.9656;16221;;Donji Bunibrod
0;21.6190,42.9141;16248;;Donji Bučumet
0;20.3391,44.0876;32305;;Donji Branetići
0;21.9591,43.1746;18241;;Donji Barbeš
0;20.2741,44.1795;14245;;Donji Banjani
0;21.6665,43.5198;18210;;Donji Adrovac
0;22.2768,43.6226;19345;;Donje Zuniče
0;21.8994,42.4589;17521;;Donje Žapsko
0;21.8145,42.9244;16232;;Donje Vranovce
0;21.9040,42.5374;17501;;Donje Vranje
0;21.9117,43.2571;18262;;Donje Vlase
0;21.3681,43.8029;35258;;Donje Vidovo
0;21.8750,42.9734;16231;;Donje Trnjane
0;21.9362,42.4866;17501;;Donje Trebešinje
308;21.3705,43.1850;18432;;Donje Točane
0;22.4348,42.3574;17547;;Donje Tlamino
0;21.3819,43.2844;18425;;Donje Svarče
0;21.6508,43.4864;18210;;Donje Suhotno
0;21.9127,43.0189;16000;;Donje Stopanje
0;21.1688,44.0154;35203;;Donje Štiplje
0;21.9153,42.9800;16231;;Donje Sinkovce
0;22.1821,42.6784;17530;;Donje Romanovce
0;21.7746,42.3794;17522;;Nova Maala
0;21.8233,43.2974;18254;;Donje Međurovo
0;20.9618,43.2726;37226;;Donje Leviće
0;22.4131,43.1055;18330;;Donje Krnjino
0;22.0208,42.9947;16201;;Donje Krajince
0;21.5853,43.2948;18405;;Donje Kordince
0;21.6864,43.0423;16205;;Donje Konjuvce
0;21.0634,44.0515;34210;;Donje Komarice
0;20.8580,44.1872;34212;;Donje Jarušice
0;22.0141,42.7262;17510;;Donje Jabukovo
0;20.7964,44.0648;34325;;Donje Grbice
0;22.2961,42.9396;16212;;Donje Gare
0;22.1116,43.1389;18242;;Donje Dragovlje
0;21.7727,43.1523;18414;;Donje Crnatovo
0;21.8172,43.1005;16206;;Donje Brijanje
0;21.9498,43.3279;18000;;Donja Vrežina
0;20.5592,44.0169;32315;;Donja Vrbava
0;22.0555,42.3812;17525;;Donja Trnica
0;20.7874,44.1944;34324;;Donja Trnava
0;21.5327,43.2541;18421;;Donja Trnava
0;20.5633,44.2224;34318;;Donja Trešnjevica
0;21.7857,43.4142;18202;;Donja Toponica
488;21.4856,43.2255;18423;;Donja Toponica
0;22.0867,43.2627;18206;;Donja Studena
0;21.5974,43.2575;18400;;Donja Stražava
0;22.1809,43.6509;19368;;Donja Sokolovica
0;22.0245,43.0209;16201;;Donja Slatina
0;20.6020,44.1941;34314;;Donja Šatornja
0;22.3258,42.5769;17538;;Donja Ržana
0;21.4938,43.2925;18404;;Donja Rečica
0;21.6863,43.2348;18413;;Donja Rasovača
0;21.2261,43.2828;18420;;Donja Rašica
0;21.0256,44.2242;11325;;Donja Rača
0;21.6040,43.5371;18213;;Donja Peščanica
0;21.9196,42.4795;17521;;Donja Otulja
0;21.1344,43.5333;37251;;Donja Omašnica
0;22.7588,42.9284;18326;;Donja Nevlja
0;21.5613,43.8517;35255;;Donja Mutnica
0;21.2652,43.1511;18430;;Donja Mikuljana
0;22.1760,42.9237;16211;;Donja Lopušnja
0;22.1259,42.9925;16210;;Donja Lomnica
0;22.3408,42.5027;17544;;Donja Ljubata
0;21.1436,44.3544;11323;;Donja Livadica
0;22.4072,42.5389;17538;;Donja Lisina
0;22.1382,42.3340;17525;;Lesnica
0;21.9739,43.0953;16252;;Donja Lakošnica
0;22.0403,43.0566;16201;;Donja Kupinovica
0;21.5257,44.6788;12222;;Donja Kruševica
0;22.3172,43.1561;18310;;Donja Koritnica
508;21.4142,43.2229;18424;;Donja Konjuša
0;22.3263,43.4882;19352;;Donja Kamenica
0;21.3745,43.3015;18425;;Donja Jošanica
0;22.3711,43.2700;18315;;Donja Glama
0;21.3760,43.2640;18425;;Donja Draguša
0;20.0623,43.9227;31214;;Donja Dobrinja
0;20.5893,44.0418;32315;;Donja Crnuća
0;21.0443,43.5817;37243;;Donja Crnišava
0;21.4129,43.3278;18403;;Donja Bresnica
0;22.2054,44.0713;19213;;Donja Bela Reka
59;21.4530,43.1972;18424;;Donja Bejašnica
0;20.9206,43.2098;37226;;Domiševina
0;20.8779,44.8982;26227;;Dolovo
0;20.2261,42.9728;36320;;Dolovo
0;21.8326,43.1982;18410;;Doljevac
0;21.4600,44.5995;12254;;Doljašnica
0;20.3915,43.1272;36308;;Doljani
0;21.2565,43.4904;37221;;Doljane
0;20.0178,43.0906;36313;;Doliće
0;20.5269,43.4649;32253;;Dolac
0;22.1982,43.3190;18314;;Dolac
0;20.5037,43.2023;36305;;Dolac
0;20.4333,43.0500;36306;;Čašić-Dolac
0;22.3241,43.2493;18310;;Dol
0;22.3246,43.0321;16212;;Dol
0;22.7835,43.2272;18306;;Dojkinci
0;20.3778,43.1936;36314;;Dojinoviće
0;22.3241,42.4117;17561;;Doganica
0;21.9841,43.8094;19370;;Dobrujevac
0;21.7969,43.5103;18212;;Dobrujevac
0;21.0623,44.1187;34229;;Dobrovodica
0;22.3569,42.9547;16212;;Dobroviš
0;22.0349,42.9251;16221;;Dobrotin
77;21.5610,43.1897;18400;;Dobrotić
0;21.6357,42.4496;17528;;Dobrošin
0;22.0286,43.7716;19370;;Dobro Polje
0;22.2807,42.8931;16211;;Dobro Polje
0;21.4004,43.5870;37201;;Dobromir
0;21.0992,43.4093;37239;;Dobroljupci
0;21.3468,44.3380;12308;;Dobrnje
0;20.3714,42.9509;36320;;Dobrinja
0;20.3188,43.0640;36307;;Dobri Dub
0;20.9631,44.4903;11316;;Dobri Do
0;20.3432,43.4757;32254;;Dobri Do
0;22.6337,43.2142;18300;;Dobri Do
0;21.3904,42.9260;18408;;Dobri Do
0;21.3556,44.9894;26327;;Dobričevo
2006;20.8499,45.2134;26354;;Dobrica
0;21.8720,42.6628;17507;;Dobrejance
200;21.5433,43.0295;18407;;Dobra Voda
0;20.7113,44.0721;34205;;Dobrača
0;21.9085,44.6357;12224;;Dobra
7592;20.2249,44.8263;11272;;Dobanovci
0;20.1383,43.8872;31215;;Dljin
0;20.8335,44.0229;34204;;Divostin
0;22.3065,43.1759;18310;;Divljana
0;20.1257,43.6791;31236;;Divljaka
0;20.0300,44.3013;14222;;Divci
0;21.7871,43.0079;16205;;Đinđuša
0;22.7756,43.0142;18320;;Dimitrovgrad
0;22.1397,42.7429;17514;;Dikava
0;20.2766,44.1936;14245;;Dići
0;20.4797,43.2037;36305;;Deževa
106;20.1768,43.0761;36313;;Devreč
0;21.5961,43.3257;18405;;Devča
0;20.2792,42.9689;36320;;Detane
0;21.4469,44.0925;35213;;Despotovac
86;21.3123,43.0256;18440;;Dešiška
0;21.4369,44.6722;12253;;Desina
0;20.8802,44.0725;34321;;Desimirovac
0;21.6203,43.2992;18405;;Dešilovo
0;20.1264,43.5011;32256;;Deretin
0;20.9004,43.2624;37226;;Đerekari
0;20.1429,43.0028;36313;;Đerekare
0;21.5556,42.3567;17523;;Depce
0;21.2002,43.9781;35203;;Deonica
445;20.3022,43.1041;36307;;Delimeđe
0;21.5834,43.6173;18224;;Deligrad
0;22.0656,42.6655;17513;;Dekutince
0;22.4047,43.5136;19352;;Dejanovac
0;22.1059,42.3833;17526;;Dejance
0;21.2906,42.9424;18445;;Degrmen
0;20.4569,44.7722;11000;;Dedinje
304;21.3822,43.1334;18409;;Dedinac
0;22.0960,42.8940;16220;;Dedina Bara
4;21.3607,43.5893;37201;;Dedina
0;20.4977,43.7289;36205;;Dedevci
0;20.1139,44.8353;22441;;Deč
6413;20.6015,45.0707;26214;;Debeljača
0;21.9101,44.3672;19250;;Debeli Lug
0;21.6968,43.1609;18412;;Debeli Lug
0;22.2545,43.6640;19340;;Debelica
0;20.4130,44.1422;32311;;Davidovica
0;22.5591,44.6429;19320;;Davidovac
0;21.4740,43.8642;35250;;Davidovac
0;21.9865,43.5106;18201;;Davidovac
0;21.1593,43.4750;37271;;Dašnica
0;21.7164,43.4146;18219;;Dašnica
0;22.3456,42.8795;16215;;Darkovce
0;21.2318,43.1579;18433;;Dankoviće
0;22.1815,42.7393;17530;;Danjino Selo
0;20.1107,46.1516;23334;;Đala
0;21.7194,43.2238;18413;;Đakus
0;20.5129,43.5243;32253;;Đakovo
0;21.4117,42.9773;18408;;Đake
0;20.3125,43.4087;32259;;Dajići
0;22.1240,42.9296;16210;;Dadince
0;21.2077,43.0490;18440;;Dabinovac
0;20.2667,44.4833;11563;;Cvetovac
0;20.9766,44.0691;34224;;Cvetojevac
0;20.2574,44.2470;14240;;Cvetanovac
0;22.5244,43.3620;19353;;Ćuštica
9231;20.0686,45.4722;21238;;Čurug
0;21.8858,43.2600;18262;;Ćurlina
0;22.1930,42.6895;17530;;Ćurkovica
0;21.9908,42.4335;17508;;Konjarci
20585;21.3700,43.9275;35230;;Ćuprija
0;21.3088,43.2461;18426;;Čungula
0;20.7821,44.1476;34322;;Čumić
0;20.4315,42.9405;36309;;Čulije
0;21.6366,43.4345;18214;;Čukurovac
0;21.7368,43.0831;16206;;Čukovac
0;21.9421,42.5181;17501;;Ćukovac
0;20.2731,43.0876;36307;;Čukote
0;20.8362,43.7111;36220;;Čukojevac
0;22.0747,43.2726;18206;;Čukljenik
0;21.9586,42.8706;16203;;Čukljenik
0;20.4203,44.7825;11000;;Čukarica
0;21.2129,43.3241;37223;;Čučale
0;21.5347,43.6675;37215;;Čubura
0;21.6182,43.3316;18405;;Čubura
0;22.4676,44.1900;19300;;Čubra
0;22.2635,43.5279;19350;;Crvenje
0;22.2613,42.4362;17561;;Crveni Grad
0;22.2169,43.2792;18313;;Crveni Breg
0;22.1961,42.8228;16223;;Crveni Breg
0;22.4943,43.2279;18304;;Crvenčevo
0;22.2328,43.2717;18313;;Crvena Reka
0;20.0924,44.5042;14210;;Crvena Jabuka
0;22.4612,42.9088;18332;;Crvena Jabuka
0;21.3653,44.9003;26323;;Crvena Crkva
0;22.0721,42.4129;17525;;Crnovce
0;21.6997,42.3581;17522;;Crnotince
0;22.3628,42.4630;17544;;Crnoštica
0;22.5459,44.0665;19314;;Crnomasnica
0;22.1917,43.3863;18368;;Crnoljevica
0;22.4676,43.2338;18304;;Crnoklište
0;21.6092,42.8669;16240;;Crni Vrh
0;22.1338,42.5187;17543;;Crni Vrh
0;21.8835,42.4717;17521;;Crni Lug
0;21.0358,44.1777;34227;;Crni Kao
0;21.6217,43.6652;18229;;Crni Kao
0;21.1512,43.9907;35203;;Crnče
0;22.1654,43.3085;18314;;Crnče
0;22.2988,42.8099;16215;;Crna Trava
0;22.1528,42.9953;16210;;Crnatovo
0;22.2944,42.4081;17561;;Crna Reka
0;22.1423,44.2871;19222;;Crnajka
0;20.8320,43.3718;37282;;Crna Glava
678;20.2761,45.9733;23328;;Crna Bara
0;21.8043,43.5745;18220;;Crna Bara
0;22.1650,43.0168;16210;;Crna Bara
0;21.3614,44.4951;12315;;Crljenac
0;20.6461,44.3929;34307;;Crkvine
0;20.3879,43.0512;36321;;Crkvine
0;21.4824,43.5369;37256;;Crkvina
0;21.6955,43.0292;16205;;Crkvica
0;21.1865,44.1979;35210;;Crkvenac
0;22.0185,43.1227;18245;;Crkovnica
5369;20.6370,45.0098;26213;;Crepaja
0;21.4482,44.2528;12309;;Ćovdin
1853;20.0185,45.1546;22326;;Čortanovci
0;20.5731,43.1667;36300;;Cokoviće
0;21.8136,43.3053;18254;;Čokot
0;22.3449,44.0273;19223;;Čokonjar
5414;20.1433,45.9425;23320;;Čoka
0;22.0220,43.6441;18232;;Čitluk
4;21.2719,43.5941;37208;;Čitluk
0;21.1913,44.6664;12206;;Ćirikovac
0;22.7171,43.0559;18322;;Činiglavci
0;21.0901,43.8992;35260;;Cikot
0;22.4081,43.2239;18304;;Čiflik
0;21.6459,43.5761;18224;;Ćićina
4;21.4409,43.7188;37210;;Ćićevac
0;20.2414,44.3194;11561;;Čibutkovica
0;20.6256,43.7212;36340;;Čibukovac
0;21.2422,44.3712;12374;;Četereže
0;20.1060,43.1635;36311;;Cetanoviće
0;20.0160,43.9179;31213;;Čestobrodica
1581;20.5319,45.5636;23215;;Čestereg
0;21.6528,43.4308;18221;;Česta
0;21.4877,44.6159;12253;;Češljeva Bara
0;21.3711,44.9487;26327;;Češko Selo
0;21.4877,43.6270;37215;;Cerovo
0;21.6395,44.4617;12240;;Cerovica
0;22.0597,43.6126;18232;;Cerovica
0;20.8669,44.3291;11411;;Cerovac
0;20.8489,44.0956;34321;;Cerovac
0;20.4343,44.1288;32311;;Cerova
0;20.1206,43.7559;31230;;Cerova
0;21.2707,43.5320;37221;;Cerova
0;22.4916,43.3124;18355;;Cerova
0;21.2628,43.7319;37265;;Cernica
0;20.6219,43.5117;36343;;Cerje
0;21.9117,43.4290;18204;;Cerje
0;21.5726,42.3364;17523;;Cerevajka
0;21.6511,44.4037;12242;;Ceremošnja
0;21.3580,43.8267;35258;;Čepure
3192;20.3895,45.1081;23266;;Čenta
0;21.8423,42.9651;16232;;Ćenovac
0;20.1900,44.3582;14224;;Ćelije
0;21.1764,43.4142;37228;;Ćelije
0;22.1017,43.1990;18242;;Ćelije
0;21.9004,43.1067;16251;;Čekmin
0;19.9994,43.3037;36310;;Čedovo
0;20.3911,43.4424;32254;;Čečina
0;21.8698,43.1985;18417;;Čečina
0;20.3205,43.1321;36307;;Čarovina
0;22.5659,43.0118;18322;;Carev Del
0;21.4946,44.6789;12253;;Carevac
0;21.7521,42.5969;17529;;Čar
0;21.8435,43.2498;18411;;Čapljinac
0;21.8470,43.3653;18260;;Čamurlija
0;21.6806,42.2749;17523;;Cakanovac
0;21.0033,43.6072;37240;;Čairi
0;22.0720,43.2065;18240;;Čagrovac
117072;20.3497,43.8914;32000;;Čačak
0;20.4403,43.4328;36222;;Bzovik
0;20.8911,43.4886;37238;;Bzenice
0;21.6899,42.8355;16236;;Buvce
0;21.3854,44.2249;12309;;Busur
0;21.9204,42.4258;17524;;Buštranje
988;21.7541,42.3315;17522;;Buštranje
0;21.4818,43.7973;37216;;Busilovac
141;20.8212,45.4363;23230;;Busenje
0;20.2878,44.4011;11550;;Burovo
0;21.3560,44.2733;12307;;Burovac
0;22.2372,43.4099;18368;;Burdimo
0;21.8769,42.5407;17501;;Bunuševce
0;21.8702,42.8922;16204;;Bunuša
0;21.1470,43.9200;35273;;Bunar
0;21.9242,42.4359;17524;;Buljesovce
0;21.5351,43.8992;35254;;Buljan
0;22.1822,43.6039;19368;;Bulinovac
0;21.5119,43.2673;18421;;Bulatovac
0;22.3413,43.2440;18310;;Bukurovac
0;21.6726,44.4177;12242;;Bukovska
0;20.5174,44.3294;34301;;Bukovik
0;20.5381,43.7292;36205;;Bukovica
0;21.3185,43.4978;37209;;Bukovica
0;22.6008,44.2028;19316;;Bukovče
0;21.2322,44.0063;35271;;Bukovče
0;21.8406,42.8458;16204;;Bukova Glava
0;21.4701,44.1173;35213;;Bukovac
0;21.6484,42.3605;17523;;Bukovac
0;21.0035,43.9874;34206;;Bukorovac
0;21.7093,42.3359;17522;;Bukurevac
25;21.4749,43.1620;18409;;Bukoloram
0;20.3009,42.9928;36320;;Bujkoviće
0;22.0190,42.5611;17541;;Bujkovac
0;21.6034,42.3371;17523;;Bujić
0;21.7667,42.4592;17520;;Bujanovac
0;20.2899,43.5342;32252;;Budoželja
0;20.9910,43.4360;37227;;Budilovina
0;20.0512,43.1451;36313;;Buđevo
0;22.2542,43.4462;18368;;Bučum
0;22.1490,44.1381;19219;;Bučje
0;22.1272,43.6800;19369;;Bučje
0;21.0544,43.5483;37243;;Bučje
67;21.5930,43.1536;18407;;Bučince
0;21.6962,43.2323;18413;;Bučić
0;21.3535,43.4808;37209;;Buci
0;22.4555,42.4642;17540;;Gornje Buceljevo
0;21.2366,44.6664;12206;;Bubušinac
0;21.5997,43.0595;18407;;Bublica
0;21.8381,43.2962;18254;;Bubanj
0;21.2771,44.3667;12374;;Brzohode
0;21.9669,43.3107;18205;;Brzi Brod
0;20.8850,43.3017;37225;;Brzeće
0;22.4468,44.4709;19323;;Brza Palanka
0;21.1151,44.1240;34228;;Brzan
0;21.8872,42.8581;16203;;Brza
0;20.6461,43.3544;36346;;Brvenik
0;21.4267,42.8119;16247;;Brvenik
0;20.5905,43.3500;36346;;Donja Brvenica
0;22.4481,44.1067;19313;;Brusnik
0;20.3516,43.3639;32259;;Brusnik
0;20.4405,44.0128;32300;;Brusnica
0;21.0289,43.3846;37220;;Brus
0;21.8200,44.4899;12256;;Brodica
0;22.2889,42.8533;16215;;Brod
0;21.7687,44.6524;12230;;Brnjica
0;20.1913,43.2826;36312;;Brnjica
0;21.9128,42.3954;17524;;Brnjare
0;22.8073,43.2018;18306;;Brlog
0;22.1298,42.8201;16222;;Bričevlje
0;20.1749,44.5234;14212;;Brgule
1000;20.4144,43.7467;32234;;Brezovica
0;20.9707,43.5661;37240;;Brezovica
1000;22.1787,42.9523;16210;;Brezovica
0;20.5863,44.2529;34304;;Brezovac
0;20.0595,43.5401;31234;;Brezova
0;20.5041,43.4914;32253;;Brezova
0;21.5709,44.2766;12316;;Breznica
0;21.7158,42.5371;17529;;Breznica
0;20.2809,44.0518;32307;;Brezna
0;20.6797,43.5660;36343;;Brezna
0;20.0606,44.1726;14244;;Brežđe
0;21.0762,44.6546;12207;;Brežane
0;21.3273,44.1176;35223;;Brestovo
0;21.9860,42.7097;17513;;Brestovo
0;20.7640,44.6448;11306;;Brestovik
0;22.3077,43.0413;16212;;Brestov Dol
0;22.4054,44.1836;19306;;Brestovac
0;22.0921,44.0392;19216;;Brestovac
0;21.8777,43.1532;16253;;Brestovac
0;21.6350,43.0400;16233;;Brestovac
0;21.7297,43.2794;18252;;Brest
0;21.1710,43.5790;37242;;Bresno Polje
0;20.5414,43.5694;32253;;Bresnik
56;21.4229,43.1560;18409;;Bresnik
0;21.4450,43.2506;18423;;Bresničić
0;21.9586,42.5742;17541;;Bresnica
0;22.4610,42.4408;17540;;Bresnica
0;21.2214,44.1386;35208;;Bresje
0;21.9290,43.3827;18204;;Brenica
0;20.0115,43.6453;31234;;Brekovo
0;21.9377,43.1020;16252;;Brejanovce
154;21.5682,43.0817;18407;;Bregovina
0;22.8919,43.0485;18323;;Brebevnica
0;20.3870,43.9574;32303;;Brđani
0;21.0533,43.3489;37224;;Brđani
0;20.6072,43.0886;36300;;Brđani
0;21.9858,43.0029;16201;;Bratmilovce
0;20.1943,43.4656;32256;;Bratljevo
0;22.3696,43.1026;18330;;Bratiševac
0;21.2526,44.6415;12000;;Bratinac
0;21.0584,43.5024;37230;;Bratići
0;22.4881,42.4122;17546;;Brankovci
653;21.5383,44.7050;12222;;Braničevo
0;20.2730,44.2144;14240;;Brančić
0;21.4815,43.6636;37215;;Braljina
0;21.4666,43.6538;37212;;Braljina
0;20.3421,44.3028;11561;;Brajkovac
0;21.1973,43.6407;37254;;Brajkovac
0;21.1296,43.7788;35263;;Brainovac
0;20.1979,44.0927;32306;;Brajići
0;21.2301,44.6881;12206;;Bradarac
334;21.6464,43.6176;18224;;Bradarac
0;22.5040,44.0697;19315;;Braćevac
0;20.1615,43.0901;36313;;Braćak
0;20.6970,44.2323;34310;;Božurnja
0;21.0456,43.7165;35264;;Božurevac
0;20.8806,43.2482;37226;;Bozoljin
0;22.0491,43.5338;19366;;Božinovac
0;21.7598,42.4326;17520;;Božinjevac
0;22.4035,42.6151;17537;;Božica
0;21.3943,44.5418;12313;;Boževac
0;20.4004,44.5645;11467;;Boždarevac
0;21.7193,43.6346;18227;;Bovan
0;21.4182,43.5420;37202;;Bovan
0;20.4839,43.1789;36305;;Boturovina
0;21.0196,44.0635;34224;;Botunje
0;21.0440,43.4270;37239;;Botunja
2569;20.6351,45.3084;23243;;Botoš
0;20.4668,44.2301;34309;;Bosuta
0;20.2009,44.2624;14240;;Bošnjanović
0;20.9702,44.2570;34213;;Bošnjane
0;21.4762,43.8898;35254;;Bošnjane
4;21.3656,43.6638;37262;;Bošnjane
0;21.3117,44.3728;12308;;Bošnjak
0;21.8271,42.9464;16232;;Bošnjace
0;22.4724,42.5011;17540;;Bosilegrad
0;20.7342,43.4937;36343;;Borovo
0;20.5041,43.3400;36222;;Boroviće
0;20.5481,43.4831;36342;;Borovci
0;22.2920,43.7380;19347;;Borovac
0;21.5783,42.7783;16246;;Borovac
0;21.7477,42.4070;17522;;Borovac
325;20.1057,43.0618;36313;;Boroštica
0;22.2122,42.9866;16212;;Borin Dol
0;21.5674,42.9795;16233;;Borince
1246;20.4541,44.8697;11211;;Borča
0;20.9166,43.1985;37226;;Boranci
39387;22.0959,44.0749;19210;;Bor
0;20.3456,44.1435;32312;;Boljkovci
3990;20.2235,44.7236;11275;;Boljevci
0;21.9531,43.8303;19370;;Boljevac
0;21.5068,43.4104;37259;;Boljevac
0;22.0303,44.5241;19250;;Boljetin
0;22.1667,42.9734;16210;;Boljare
0;20.6038,44.7277;11307;;Boleč
2246;20.8299,45.3554;23252;;Boka
0;21.7210,43.0122;16205;;Bojnik
0;22.1024,42.8848;16220;;Bojišina
0;21.9310,42.6063;17501;;Bojin Del
0;21.5697,43.5308;37204;;Bojince
0;20.6461,43.4322;36342;;Bojanići
0;20.5495,43.6664;36341;;Bogutovac
0;21.5135,42.7811;16247;;Bogunovac
151;21.3593,43.1674;18432;;Bogujevac
36;21.5022,43.0439;18407;;Bogojevac
0;21.9499,43.8930;19372;;Bogovina
0;22.0761,42.6120;17531;;Bogoševo
0;20.0872,43.7197;31230;;Bogojevići
0;21.9624,43.0511;16201;;Bogojevce
0;21.1853,43.3787;37228;;Bogiše
0;21.9845,43.6608;18232;;Bogdinac
0;20.0819,44.4750;14210;;Bogdanovica
0;22.3047,43.0682;18330;;Bogdanovac
0;21.8032,42.4108;17520;;Bogdanovac
0;21.0244,43.6379;37240;;Bogdanje
0;20.1078,44.0456;32308;;Bogdanica
0;21.3255,44.0951;35223;;Bogava
0;21.0330,43.8222;35260;;Bogalinac
0;22.1211,42.8774;16220;;Boćevica
0;20.7675,43.4325;36345;;Boće
2095;20.2839,45.7699;23274;;Bočar
0;21.2751,44.2370;35217;;Bobovo
0;21.6471,43.5624;18213;;Bobovište
0;21.1162,43.4579;37236;;Bobote
0;21.9747,43.0135;16000;;Bobište
0;21.5450,44.1789;35215;;Bliznak
0;21.9186,43.6511;18237;;Blendija
0;20.9086,43.2289;37226;;Blaževo
0;22.4972,43.1512;18309;;Blato
0;21.8564,44.4375;19250;;Blagojev Kamen
0;21.2858,43.2953;18420;;Blace
0;20.0126,43.6148;31234;;Bjeluša
0;22.2692,42.6957;17534;;Bitvrđa
0;20.3410,44.3762;11565;;Bistrica
0;21.5010,44.3351;12300;;Bistrica
0;22.2327,42.8964;16211;;Bistrica
0;22.0722,42.8415;16222;;Bistrica
0;22.4394,42.3744;17546;;Bistar
0;21.3859,44.7386;12226;;Biskuplje
0;20.6412,43.2253;36353;;Biočin
0;22.1106,42.6922;17530;;Binovce
0;20.8706,44.5731;11431;;Binovac
0;20.4908,43.3711;36222;;Biniće
0;22.7475,42.9561;18326;;Bilo
0;21.6772,43.3226;18258;;Biljeg
0;20.6603,43.4083;36346;;Biljanovac
2349;21.7437,42.3543;17522;;Biljača
0;21.5700,44.6635;12223;;Bikinje
0;20.3897,45.6483;23316;;Bikač
0;21.4649,44.0185;35233;;Bigrenica
0;22.3348,43.1234;18330;;Bežište
0;20.4028,44.9976;22306;;Besni Fok
6377;20.0670,45.1309;22324;;Beška
0;20.3130,44.0568;32305;;Beršići
0;22.5842,43.0324;18322;;Berovica
0;20.1484,44.1940;14243;;Berkovac
0;22.5450,42.9331;18333;;Berin Izvor
0;22.6157,43.1585;18300;;Berilovac
0;21.6230,43.2136;18400;;Berilje
0;22.3781,43.0019;18332;;Berduj
0;22.2986,43.5833;19350;;Berčinovac
0;21.9430,43.2570;18262;;Berbatovo
0;21.3405,44.6593;12227;;Beranje
1273651;20.4651,44.8040;11000;;Beograd
0;21.1971,43.8430;35274;;Beočić
0;20.6235,43.3328;36346;;Beoci
0;22.5167,42.4833;17540;;Belut
0;21.1483,43.7829;35263;;Belušić
0;21.8525,43.2651;18411;;Belotinac
0;20.6746,44.3315;34312;;Belosavci
0;20.5901,44.0183;32315;;Belo Polje
0;20.5247,43.2681;36350;;Belo Polje
0;20.9406,43.2305;37226;;Belo Polje
769;21.3967,43.2385;18424;;Beloljin
0;22.1651,43.3907;18360;;Beloinje
0;21.4724,43.2953;18404;;Belogoš
1746;20.3750,45.2728;23205;;Belo Blato
0;20.3883,44.5119;11461;;Beljina
0;20.6646,44.3590;34312;;Beljevac
0;21.4412,44.0601;35213;;Beljajka
0;21.6914,43.4742;18215;;Relja
0;21.9439,42.6623;17513;;Beliševo
0;20.5177,44.7063;11223;;Beli Potok
0;21.8469,43.6703;18230;;Beli Potok
0;22.0833,43.5328;19366;;Beli Potok
0;21.9168,42.8866;16203;;Beli Potok
70;21.5707,43.1494;18407;;Beli Kamen
0;21.1241,43.9444;35273;;Belica
0;21.8180,43.4848;18223;;Beli Breg
0;21.8100,42.5254;17529;;Beli Breg
0;20.2541,43.2306;36312;;Bele Vode
2430;20.3332,45.0192;22306;;Belegiš
0;21.1993,43.6172;37253;;Bela Voda
252;21.5485,43.2213;18400;;Bela Voda
0;20.3243,43.4230;32254;;Bela Stena
0;20.6171,43.3779;36346;;Bela Stena
0;21.4919,43.4865;37203;;Belasica
0;22.3111,43.2183;18310;;Bela Palanka
0;20.3961,44.2495;14246;;Belanovica
0;21.8446,43.0214;16231;;Belanovce
0;21.9542,42.6473;17511;;Belanovce
10675;21.4172,44.8975;26340;;Bela Crkva
0;22.7197,43.2322;18306;;Bela
0;20.4763,43.2596;36305;;Donja Bekova
4289;20.6090,45.5093;23232;;Torak
0;20.6950,44.6336;11308;;Begaljica
0;20.2295,43.5727;32250;;Bedina Varoš
2494;20.2058,44.7798;11279;;Bečmen
25774;20.0333,45.6163;21220;;Bečej
0;20.5576,43.8905;32213;;Becanj
0;22.4475,43.3043;18315;;Bazovik
5082;20.8765,44.8191;26222;;Bavanište
0;21.8228,43.2611;18411;;Batušinac
0;21.3124,44.5303;12311;;Batuša
0;22.0763,42.9743;16210;;Batulovce
0;20.3944,42.9366;36309;;Batrage
0;21.0635,44.6809;12207;;Batovac
0;21.0924,43.2910;37224;;Batote
0;21.0817,44.1536;34227;;Batočina
0;20.5750,43.2149;36305;;Batnjik
0;21.4384,43.9217;35254;;Batinac
3;20.2802,44.9032;22304;;Batajnica
0;20.8528,44.2963;34313;;Bašin
0;22.6778,43.1576;18307;;Basara
3864;20.4143,45.6410;23316;;Bašaid
0;20.3033,44.3317;11561;;Barzilovica
0;20.3689,44.3986;11565;;Baroševac
163;21.3534,43.1815;18432;;Barlovo
0;22.5422,43.1383;18309;;Barje Čiflik
0;22.7188,42.9415;18326;;Barje
0;21.7858,42.8328;16236;;Barje
0;22.2621,42.5442;17543;;Barje
1044;21.0828,45.1819;26367;;Barice
0;21.5564,44.6483;12253;;Barič
5033;20.2594,44.6507;11504;;Barič
0;22.0526,42.4633;17508;;Barelić
0;21.3306,44.6468;12227;;Bare
0;20.6870,44.0439;34205;;Bare
0;20.3106,43.9716;32303;;Bare
0;21.0565,43.8249;35260;;Bare
0;20.6706,43.4446;36342;;Bare
0;20.6375,43.0721;36300;;Bare
0;21.2589,43.2281;18426;;Barbatovac
0;21.9962,42.4740;17508;;Barbarušince
1656;20.4426,45.0846;26205;;Baranda
0;20.4158,44.5789;11467;;Barajevo
0;20.5576,43.7882;32225;;Bapsko Polje
0;22.6806,42.9900;18326;;Banjski Dol
0;22.2392,42.8547;16223;;Bankovci
0;21.7344,43.4396;18219;;Bankovac
0;20.4690,44.7537;11000;;Banjica
0;20.3733,43.8210;32222;;Banjica
0;20.6214,44.2789;34304;;Banja
0;20.5452,43.1577;36300;;Banja
0;20.9296,44.2920;11420;;Baničina
0;22.1120,43.2710;18312;;Bancarevo
458;20.6808,45.4466;23237;;Banatsko Višnjićevo
3332;20.6077,45.8196;23312;;Banatsko Veliko Selo
0;20.7836,44.9894;26314;;Banatsko Novo Selo
2855;20.5642,45.5869;23216;;Banatsko Karađorđevo
0;20.2424,46.0645;23332;;Banatsko Aranđelovo
458;21.0839,45.2651;26366;;Banatski Sokolac
202;20.2792,45.9583;23328;;Banatski Monoštor
6319;21.0180,45.0499;26320;;Banatski Karlovac
1374;20.5115,45.5187;23210;;Banatski Dvor
0;20.5170,45.5285;23215;;Banatski Dušanovac
1993;20.6641,45.3661;23242;;Banatski Despotovac
0;20.8090,44.7274;26234;;Banatski Brestovac
1463;20.4653,45.6725;23315;;Banatska Topola
0;21.3451,44.9833;26327;;Banatska Subotica
0;21.3318,44.8453;26324;;Banatska Palanka
566;20.8283,45.2715;23251;;Banatska Dubica
0;22.4840,43.3936;19353;;Balta Berilovac
0;20.6353,43.3923;36346;;Baljevac
0;22.0548,42.7309;17510;;Balinovce
0;21.6086,43.2861;18400;;Balinovac
0;21.9169,42.5671;17501;;Balinovac
0;22.3978,43.5596;19352;;Balinac
0;20.1360,43.4122;32256;;Gornje Baliće
0;21.6873,43.2885;18252;;Baličevac
60;21.5790,43.1836;18400;;Balčak
0;22.1640,43.5853;19367;;Balanovac
0;21.3645,44.0900;35223;;Balajnac
0;21.7775,43.2744;18257;;Balajinac
0;20.0432,43.8583;31210;;Bakionica
0;22.2538,42.7862;16215;;Bajinci
0;20.4767,43.1021;36308;;Bajevica
0;20.0603,44.3781;14223;;Bajevac
0;21.5436,43.3216;18405;;Bajčince
0;21.1776,44.0676;35204;;Bagrdan
0;20.0613,43.2924;36311;;Bagačiće
0;20.9824,44.1317;34226;;Badnjevac
0;21.7873,43.1714;18414;;Badnjevac
0;20.7856,44.5281;11432;;Badljevica
0;22.0096,42.9735;16201;;Badince
0;20.7006,43.3102;36346;;Badanj
0;22.0208,42.6643;17513;;Bačvište
8959;20.0793,45.7068;21226;;Bačko Petrovo Selo
5764;20.0308,45.5327;21217;;Bačko Gradište
0;20.9164,44.5083;11407;;Bačinac
4;21.2979,43.7261;37265;;Bačina
0;22.1584,42.7194;17530;;Bacijevce
0;20.0406,43.3319;36310;;Bačija
0;20.1978,43.1299;36307;;Bačiće
0;22.8440,43.0121;18321;;Bačevo
0;21.6233,42.9476;16233;;Bačevina
0;22.0841,43.7897;19343;;Bačevica
0;20.3755,44.5856;11467;;Baćevac
509;21.3446,43.2196;18432;;Bace
0;22.4138,43.0641;18330;;Babušnica
0;21.5138,43.3261;18405;;Babotinac
0;21.6294,43.2296;18400;;Babin Potok
0;22.3787,43.2939;18315;;Babin Kal
0;22.0001,43.1380;18245;;Babičko
0;20.9872,43.2336;37226;;Babica
0;20.5302,44.5305;11450;;Babe
0;20.2016,44.2332;14243;;Babajić
0;20.1920,44.1580;14245;;Ba
0;21.6962,43.3573;18258;;Azbresnica
0;20.8797,44.4331;11423;;Azanja
0;20.3393,43.8504;32000;;Atenica
0;21.6449,43.1385;18406;;Asanovac
0;20.0759,44.7564;22418;;Ašanja
0;20.3757,44.4978;11461;;Arnajevo
6762;20.0956,43.7531;31230;;Arilje
166;21.4382,43.0789;18409;;Arbanaška
0;21.6377,43.2740;18400;;Arbanasce
0;20.2544,43.1237;36307;;Arapoviće
0;20.3894,44.4558;11567;;Arapovac
24309;20.5600,44.3069;34300;;Aranđelovac
3825;20.3014,45.3835;23207;;Aradac
0;20.6439,44.4722;11415;;Amerić
0;20.4654,43.2082;36305;;Aluloviće
0;21.4276,44.5072;12313;;Aljudovo
0;21.7291,42.2914;17523;;Aliđerce
3803;20.9658,45.0808;26310;;Alibunar
0;21.7482,43.5140;18225;;Bujmir
14593;21.7078,43.5417;18220;;Aleksinac
0;21.7566,43.2947;18253;;Aleksandrovo
0;21.2131,44.4492;12370;;Aleksandrovac
0;21.0525,43.4586;37230;;Aleksandrovac
0;22.4391,43.0421;18330;;Aleksandrovac
0;22.5146,43.4505;19353;;Aldina Reka
0;22.4470,43.5289;19352;;Aldinac
0;22.1443,42.6943;17530;;Alakince
0;21.3473,43.2941;18425;;Alabana
0;20.9628,44.2332;34213;;Adrovac
0;20.1258,45.8025;24430;;Ada
0;20.2933,42.9705;36320;;Kraljevac
0;20.3885,43.9552;32303;;Slatina
0;20.1034,43.8460;32240;;Markićevic
0;20.0673,43.8278;31210;;Slatina
0;20.0631,43.8006;31210;;Počeča
0;20.0427,43.7296;31230;;Radobuda
0;20.0350,43.6682;31234;;Lanići
0;20.0207,43.5922;31234;;Čepovo
0;20.1285,43.5457;32255;;Planinica
0;20.0890,43.5284;32256;;Milandža
0;20.0717,43.4901;31322;;Vedići
0;20.0746,43.4658;31322;;Zaskok
0;20.1088,43.4259;32256;;Podjavor
0;20.0121,43.4094;31322;;Boroviće
0;20.0547,43.4044;31322;;Erići
0;20.0686,43.3978;31322;;Jevik
0;20.0428,43.4173;31322;;Prašovići
0;20.0128,43.3870;31322;;Papiće
0;20.0250,43.3537;36310;;Kanjevina
0;20.0308,43.3045;36310;;Donja Vapa
0;20.0261,43.2540;36310;;Medare
0;20.1257,43.2615;36311;;Kneževac
0;20.0387,43.4121;31322;;Višnjići
0;20.0944,43.1827;36311;;Čitluk
0;20.1231,43.0458;36313;;Jabuka
0;20.1907,43.1799;36312;;Međugora
0;20.2108,43.2792;36312;;Sušica
0;20.1935,43.3595;32259;;Brestovac
0;20.1395,43.3677;36311;;Čolovići
0;20.2008,43.3764;32259;;Grujovići
0;20.1933,43.3904;32259;;Zaječak
0;20.2440,43.3977;32259;;Jasenovica
0;20.1388,43.4680;32256;;Boškovići
0;20.1482,43.5215;32255;;Botorsko Brdo
0;20.1592,43.5580;32255;;Kaluševici
0;20.1942,43.5817;32250;;Gliječa
0;20.2287,43.6512;32235;;Soldatovići
0;20.1798,43.6429;32251;;Nikolići
0;20.1979,43.6890;32235;;Prtenjaci
0;20.2228,43.7401;32230;;Klik
0;20.1485,43.7722;31230;;Milekići
0;20.2284,43.8066;32230;;Glavica
0;20.1390,43.8448;32240;;Bogićevići
0;20.1469,43.8767;32240;;Rogosevici
0;20.2786,43.7851;32230;;Dragačica
0;20.2529,43.6169;32258;;Ocokoljići
0;20.3866,43.5695;32253;;Debeli Jasen
0;20.4384,43.5585;32253;;Ponori
0;20.4169,43.5313;32253;;Šolač
0;20.4867,43.5136;32253;;Gušterice
0;20.4969,43.4956;32253;;Borika
0;20.3249,43.4683;32254;;Ograđenik
0;20.3551,43.4770;32254;;Golovša
0;20.3802,43.4228;32254;;Devići
0;20.4325,43.4286;36222;;Dragojlovići
0;20.4645,43.4040;36222;;Rašovići
0;20.2816,43.3808;32259;;Bajovići
0;20.3464,43.3819;32259;;Sopulovići
0;20.4236,43.3836;36222;;Rakovac
0;20.3683,43.3429;32259;;Crna Reka
0;20.4772,43.3339;36222;;Ravni
0;20.4904,43.3111;36350;;Tlačina
0;20.3004,43.2767;36314;;Grab
0;20.3219,43.2587;36314;;Radaljica
0;20.4256,43.3014;36314;;Žari
0;20.4710,43.2779;36305;;Paresije
0;20.4311,43.1859;36305;;Baletiće
0;20.4139,43.1610;36305;;Jasenovik
0;20.4370,43.1389;36308;;Šavci
0;20.3925,43.1272;36308;;Odojevići
267;20.3097,43.0969;36307;;Potreb
0;20.2685,43.0953;36307;;Gurdijelje
0;20.3727,43.0611;36321;;Blaca
0;20.4799,43.0201;36309;;Cvrnje
0;20.4381,43.0381;36321;;Golo Brdo
0;20.4122,43.0822;36308;;Ganići
0;20.5535,43.0605;36306;;Cerovik
0;20.5049,43.0540;36306;;Znuša
0;20.5930,43.0839;36300;;Zlatni Kamen
0;20.5392,43.1301;36300;;Pljevljani
0;20.5862,43.1537;36300;;Dragunac
4;20.6153,43.2872;36350;;Raška
0;20.5893,43.3005;36350;;Gornje Vlasovo
0;20.5880,43.3446;36346;;Slatina
0;20.6150,43.3747;36346;;Borovak
0;20.5089,43.3753;36222;;Grabovik
0;20.5406,43.4072;36222;;Donje Gladnice
0;20.5239,43.4628;36222;;Vranjevo
0;20.6200,43.4825;36342;;Kuzmanci
0;20.6094,43.5206;36343;;Luke
0;20.5092,43.5355;32253;;Pačavrići
0;20.5873,43.5388;36343;;Staro Selo
0;20.5256,43.5718;32253;;Jovar
0;20.5800,43.6603;36341;;Zamčanja
0;20.5911,43.7381;36340;;Veskovići
0;20.6186,43.8406;36204;;Prljuše
0;20.6245,43.9114;34242;;Bumbarevo Brdo
0;20.0036,43.3767;31322;;Brežđe
0;20.0020,43.2630;36310;;Međurać
0;20.0065,43.2846;36310;;Peta
0;21.9128,42.6709;17507;;Urmanica
0;21.9376,42.9633;16000;;Kovanluk
0;21.9419,42.9704;16000;;Donja Jajina
0;21.9867,43.2922;18205;;Nikola Tesla
0;21.5707,42.3170;17523;;Lezbalija Mahala
0;21.5706,42.3014;17523;;Grualija Mahala
0;21.5373,42.3388;17523;;Zub
0;21.5368,42.3559;17523;;Ukmemet
0;21.5439,42.3591;17523;;Derviš
0;21.5415,42.3660;17523;;Zegbaš
0;21.5656,42.3413;17523;;Ferize
0;21.5522,42.3514;17523;;Ljafet
0;21.5449,42.2460;17523;;Zlokuḱane
0;21.5913,42.3279;17523;;Tahibra-Mahala
0;21.5751,42.3352;17523;;Isevuk
0;21.5713,42.3518;17523;;Mehaj
0;21.6270,42.3738;17523;;Donje Gare
0;21.6477,42.3891;17523;;Berčevac
0;21.7929,42.3812;17522;;Stara Maala
0;21.4255,42.8257;16247;;Krivo Drvo
0;20.5115,43.0348;36306;;Trnje
0;20.9246,43.2472;37226;;Čokotar
0;20.9153,43.2202;37226;;Šumica
0;20.8626,43.1733;37226;;Trešnjica
0;20.8575,43.1959;37226;;Jelenje
0;20.9702,43.1817;37226;;Željevo
0;20.9851,43.1819;37226;;Trešnjica
0;20.9642,43.1667;37226;;Dobro Brdo
0;20.3522,42.8792;36320;;Vrba
0;20.3522,42.9294;36320;;Krona
0;20.1369,42.9938;36313;;Gornje Đerekare
0;20.1768,42.9876;36313;;Debeljak
0;20.2742,42.9611;36320;;Cikoševina
0;20.3374,42.9409;36320;;Biohane
0;20.3292,42.9840;36320;;Kočarnik
0;20.3238,42.9928;36320;;Lukavica
0;20.2682,42.9866;36320;;Raduša
0;20.3677,42.9668;36320;;Vrujica
0;20.3924,42.9879;36320;;Donji Crniš
0;20.4117,42.8747;36309;;Slomna Gora
0;20.4712,42.9125;36309;;Vranići
0;20.4089,42.9236;36309;;Kelepolje
0;20.4699,42.9494;36309;;Izbeg
0;20.4744,42.9565;36309;;Kleče
0;20.4436,42.9700;36309;;Popiće
0;20.4693,42.9643;36309;;Preslo
0;20.4542,42.9665;36309;;Eleskoviće
0;20.4914,42.9711;36309;;Peroše
0;20.4970,42.9779;36309;;Poda
0;20.5079,42.9858;36309;;Strumce
0;20.4685,42.9937;36309;;Vrapče
0;20.4488,42.9975;36309;;Čmanjke
0;20.4460,42.9931;36309;;Oraše
0;20.4193,42.9795;36309;;Gornji Crniš
0;21.3469,42.9864;31330;;Kupinovo
0;21.5596,42.3681;17523;;Redžman
0;21.5106,42.9322;16248;;Drence
0;21.4986,42.9260;16248;;Brajšor
0;21.5346,42.8843;16248;;Kopran
0;22.0464,42.9614;16221;;Prilepac
0;22.0743,42.8907;16220;;Derven
0;21.4836,42.8139;16247;;Čokotin
0;21.3208,42.9920;31330;;Sastavci
0;21.9693,42.4963;17508;;Rošinci
0;21.9696,42.4707;17508;;Nastavce
0;21.8964,42.4432;17521;;Milanovo
0;21.9619,42.4286;17524;;Kopanjane
0;21.9441,42.3972;17524;;Merdžići
0;21.9690,42.4158;17524;;Stanojska Mahala
0;21.9594,42.3693;17524;;Barbace
0;22.1903,42.4847;17561;;Ornica
0;21.8033,42.9231;16232;;Veliko Vojlovce
0;21.8794,42.8837;16203;;Bunuški Čifluk
0;21.8320,42.4778;17521;;Davidovac
0;21.8871,42.3953;17524;;Petka
0;22.1846,42.7333;17530;;Linguri
0;22.1425,42.5842;17543;;Slaje
0;22.1682,42.5739;17543;;Cauševska Mahala
0;22.1521,42.5146;17543;;Siroka Ornica
0;22.1460,42.5026;17543;;Kruska Mahala
0;22.1028,42.5310;17543;;Jazbine
0;22.0566,42.5386;17541;;Studenac
0;22.0098,42.5283;17541;;Kolarska Mahala
0;22.0336,42.5179;17508;;Padinari
0;20.4300,43.2639;36305;;Todorica
0;20.9517,43.2442;37226;;Gajići
0;20.9578,43.2428;37226;;Krnjci
0;20.9767,43.2367;37226;;Subar
0;20.4557,43.2743;36305;;Kaludra
0;20.4304,43.2770;36305;;Vitos
0;20.4303,43.2856;36305;;Tunovo
0;20.4200,43.2925;36314;;Banjska
0;20.4498,43.2931;36305;;Dvorište
0;20.4481,43.2578;36305;;Bukovce
0;20.4042,43.2689;36314;;Brezovica
0;20.4450,43.3011;36305;;Kučevići
0;22.2371,42.4778;17561;;Ramna Artina
0;20.4554,43.3086;36305;;Majdaci
0;20.4392,43.3100;36222;;Perovići
0;20.0819,43.2796;36311;;Boguti
0;20.4236,43.3136;36314;;Sinožece
0;20.4425,43.3172;36222;;Bušići
0;20.0612,43.2957;36311;;Čipalji
0;20.0769,43.2889;36311;;Rakonjci
0;20.0696,43.3113;36311;;Grbovići
0;20.0772,43.3124;36311;;Voinovići
0;20.4689,43.3223;36222;;Kotiljevac
0;20.4852,43.3225;36222;;Ladovići
0;20.4575,43.3361;36222;;Sase
0;20.4757,43.3424;36222;;Ivanje
0;20.0961,43.4943;32256;;Zečevići
0;20.4917,43.3514;36222;;Jablanovik
0;20.1301,43.4654;32256;;Kovačevići
0;20.0197,43.4719;31322;;Donja Tisovica
0;20.0169,43.4447;31322;;Nešovići
0;21.5996,43.5042;18213;;Gredetin
0;20.1174,43.4568;32256;;Popovići
0;21.5857,43.4915;37204;;Luke
0;21.5396,43.4313;37259;;Vitača
0;20.1271,43.4364;32256;;Stenik
0;20.1322,43.4172;32256;;Gornji Baliće
0;20.1033,43.2781;36311;;Višnjice
0;20.1219,43.2730;36311;;Kaličani
0;20.1270,43.2791;36311;;Radulovići
0;20.1548,43.2742;36311;;Veskoviće
0;21.4829,43.4948;37203;;Vlaško Polje
0;20.1402,43.2608;36311;;Kokošiće
0;21.3882,43.4929;37206;;Donje Sezemče
0;21.4715,43.4896;37203;;Provalija
0;21.5212,43.4401;37259;;Klisurci
0;20.1660,43.2775;36311;;Raspoganče
0;20.1699,43.2828;36311;;Sredojevići
0;20.1368,43.3760;32256;;Sekulići
0;21.5404,43.3385;18405;;Novo Selo
0;20.1358,43.9903;32308;;Gojna Gora
0;20.1361,43.3844;32256;;Zekavice
0;21.3285,43.3392;18420;;Pridvorica
0;21.3429,43.3266;18425;;Brežani
0;21.3567,43.3507;18403;;Elahčane
0;20.1698,43.3803;32256;;Poledice
0;20.9781,44.4908;11316;;Crkvena Mala
0;20.1624,43.3853;32256;;Đokovići
0;20.9584,44.4736;11316;;Milutinovići
0;20.1634,43.3659;32259;;Resimići
0;21.5922,43.2968;18405;;Dubrava
0;20.1968,43.3735;32259;;Didići
0;21.5262,43.3029;18404;;Šumarovac
0;21.4172,43.3066;18403;;Krnjigrad
0;21.4032,43.2986;18403;;Donje Zdravinje
0;21.3493,43.2690;18425;;Plac
0;20.9747,44.4306;11316;;Sinađolica
0;20.9306,44.4422;11423;;Babanići
0;21.5535,43.2531;18421;;Bumburek
0;21.5759,43.2412;18400;;Čerkeška Mala
0;21.5470,43.2424;18421;;Berišane
127;21.4735,43.2412;18423;;Drenovac
0;20.7025,44.4581;11400;;Selo Mladenovac
0;20.8139,44.4339;11425;;Rakovac
87;21.4273,43.2238;18424;;Gojinovac
0;20.1038,43.9754;31214;;Šumljakovina
368;21.5387,43.2229;18421;;Čukovac
0;20.1089,43.9481;31214;;Čarapići
0;20.9614,44.3976;11420;;Medvednjak
22;21.5826,43.1964;18400;;Selište
0;21.5050,43.1989;18423;;Raševica
0;20.1259,43.8909;31215;;Manđelica
0;21.4902,43.1911;18423;;Šarena Bukva
0;21.4850,43.1753;18409;;Manojlovići
0;20.1197,43.9078;31215;;Maćići
0;20.9259,44.4034;11423;;Kamenac
0;20.9067,44.4153;11423;;Stubline
0;21.3547,43.1917;18432;;Mihailovoći
225;21.3198,43.1733;18432;;Belo Polje
0;21.3051,43.1445;18430;;Loznica
318;21.3094,43.1506;18430;;Pepeljevac
0;21.3552,43.1491;18432;;Gornja Grabovnica
0;21.3678,43.1550;18432;;Ložnjak
0;21.3882,43.1489;18432;;Pećanci
0;21.3813,43.1661;18432;;Potočari
0;21.4534,43.1639;18409;;Magarinje
55;21.5577,43.1014;18407;;Ševiš
0;21.4520,43.1270;18409;;Budakovac
0;21.4468,43.1218;18409;;Kačamak
0;21.4435,43.1270;18409;;Bukreš
0;21.4179,43.0925;18409;;Pećanci
0;21.4175,43.1011;18409;;Staro Selo Dedinac
0;21.4017,43.1245;18409;;Galibare
0;21.3889,43.1224;18409;;Kurilovo Brdo
0;21.3608,43.0988;18409;;Sokolovica
0;21.3337,43.1028;18430;;Mala Pupavica
0;21.3355,43.0890;18430;;Kamenica
0;21.3178,43.0583;18440;;Lužani
0;21.3168,43.0474;18440;;Rakići
0;21.3333,43.0476;18440;;Mala Lubnica
0;21.3209,43.0633;18440;;Velika Lubnica
0;21.3496,43.0680;18440;;Krompirište
0;22.2063,42.3427;17526;;Stanojinci
0;22.2218,42.3478;17526;;Stajinci
0;22.2304,42.3394;17526;;Maslarci
0;22.2121,42.3508;17526;;Jankovci
0;21.3600,43.0533;18440;;Ornice
0;22.3038,42.3516;17547;;Kamenska Mahala
0;22.3155,42.3409;17547;;Kragujci
0;22.3163,42.3351;17547;;Preseka
0;22.3113,42.3627;17547;;Padište
0;22.3372,42.3436;17547;;Zlatanovci
0;22.3944,42.3296;17547;;Javorska Mahala
0;22.4359,42.3321;17547;;Crešnevo
0;22.4654,42.3753;17546;;Tanki Rid
0;21.3741,43.0566;18440;;Gornje Selo
0;21.3762,43.0445;18440;;Donje Selo
0;22.4006,42.3701;17547;;Kiselička Mahala
0;22.4274,42.3686;17547;;Prisojska Mahala
0;21.4000,43.0461;18440;;Prolomska Banja
0;21.4092,43.0544;18409;;Aleksino
0;21.4216,43.0545;18409;;Bačije
0;21.4354,43.0416;18409;;Kokanovići
0;21.4497,43.0531;18409;;Bubanj
0;21.4632,43.0762;18409;;Duboka Dolina
0;21.4811,43.0483;18407;;Mala Vlasa
0;21.5125,43.0497;18407;;Šatrica
0;21.5447,43.0808;18407;;Statovac Kod Jezera
0;22.2138,42.3648;17526;;Đordinci
53;21.5389,43.0770;18407;;Rankova Reka
0;22.2243,42.3691;17526;;Kačarci
0;22.2314,42.3704;17526;;Meteževci
0;22.2559,42.3718;17561;;Stojanovci
0;22.2713,42.3733;17561;;Deda Bogdanovci
0;22.3414,42.3650;17547;;Grkunovec
0;22.4675,42.4087;17546;;Graovište
0;22.4136,42.4128;17546;;Šarkinci
0;21.5629,43.0652;18407;;Kruškar
0;22.2540,42.4848;17561;;Šaronjinci
0;22.3023,42.4862;17544;;Mala Lavra
0;22.2911,42.4846;17544;;Lavra
0;22.3210,42.4952;17544;;Donjaljubatski Krivi Dol
0;21.5733,43.0390;18407;;Marino Kale
0;22.3561,42.4923;17544;;Šuglevci
0;22.3666,42.4971;17544;;Klađe
0;21.5865,43.0857;18407;;Simonovci
0;22.3931,42.4974;17544;;Gložje
0;22.4301,42.4745;17540;;Pripor
0;22.3348,42.4805;17544;;Gaštavica
0;22.3105,42.4726;17544;;Ogoreljina
0;22.2744,42.4828;17544;;Javor
0;22.2204,42.4656;17561;;Ramazanci
0;22.2226,42.4596;17561;;Dolarci
0;21.4212,43.0011;18440;;Dake
0;22.2255,42.4569;17561;;Gruinci
0;22.2138,42.4605;17561;;Nova Babina Poljana
0;22.2560,42.4463;17561;;Reka
0;22.2693,42.4466;17561;;Izvor
0;22.2995,42.4582;17544;;Čočinci
0;22.3153,42.4525;17544;;Vadnica
0;22.3141,42.4483;17544;;Kutlinci
0;21.3884,43.0346;18440;;Žuta Bara
0;22.2769,42.4339;17561;;Zabel
0;22.2797,42.4219;17561;;Ivovik
0;22.2576,42.4235;17561;;Petkova Padina
0;22.2397,42.4244;17561;;Proćavci
0;22.2180,42.4400;17561;;Magura
0;22.2092,42.4186;17561;;Čardinci
0;21.3082,43.0176;18440;;Kolaci
0;21.3203,43.0200;18440;;Burince
0;22.2489,42.4122;17561;;Lomje
0;22.2371,42.4122;17561;;Šoinci
0;22.2375,42.3981;17561;;Rid
0;22.2190,42.4050;17561;;Bazovica
0;22.2088,42.3967;17526;;Pržinci
0;21.3129,43.0029;18440;;Đorovići
0;22.4711,42.4553;17540;;Lokva
0;21.3359,43.0196;18440;;Dobričani
0;21.3361,43.0110;18440;;Gvozdenovići
0;22.4156,42.4546;17540;;Rančin Dol
0;22.3380,42.4332;17544;;Konjička Reka
0;22.4765,42.4430;17540;;Gramađe
0;22.4174,42.4265;17546;;Brezovec
0;22.4911,42.4200;17546;;Kopište
0;21.2927,43.2465;18426;;Gornja Congula
0;22.2905,42.3952;17561;;Mijovci
0;21.2712,43.2389;18426;;Poturčaja
0;21.2640,43.2281;18426;;Donji Barbatovac
0;21.2383,43.2349;18426;;Gornji Barbatovac
0;21.2299,43.2415;18426;;Donji Kutovac
0;21.2138,43.2356;18426;;Gornji Grgure
0;21.2331,43.2317;18426;;Donje Grgure
0;21.1776,43.2430;18438;;Manastirci
0;21.1373,43.2360;18438;;Trnovčane
0;20.2065,43.4225;32256;;Oporac
0;20.1951,43.4357;32256;;Podkovilje
0;20.1740,43.4421;32256;;Jerotijevići
0;22.9220,43.1188;18324;;Boljev Dol
0;20.9942,43.2117;18436;;Seoce
0;20.1581,43.4492;32256;;Ruda Gora
0;20.1933,43.4054;32256;;Kolari
0;20.2025,43.3960;32259;;Babići
0;20.1984,43.4519;32256;;Bojovići
0;20.2328,43.4443;32256;;Donja Gleđica
0;20.2409,43.4142;32259;;Gornja Gleđica
0;20.2411,43.4314;32259;;Nešovići
0;20.2185,43.3897;32259;;Disići
0;20.2059,43.3882;32259;;Gizdavići
0;20.2063,43.3804;32259;;Bakovići
0;20.2136,43.3700;32259;;Strane
0;20.1907,43.3463;36311;;Sakovići
0;20.2008,43.3415;32259;;Grujovići
0;20.1339,43.3634;36311;;Cojbašići
0;20.1075,43.3847;32256;;Martinovići
0;20.1100,43.4060;32256;;Cetenovići
0;20.1271,43.4209;32256;;Parezani
0;20.1486,43.3536;36311;;Donji Čerimani
0;20.1462,43.3471;36311;;Jovićevići
0;20.1448,43.3270;36311;;Palibrci
0;20.1831,43.2926;36311;;Vrapci
0;22.1639,43.4112;18360;;Pojate
0;20.9617,43.2311;37226;;Milićevići
0;20.2339,43.2609;36312;;Goluban
0;20.2286,43.2676;36312;;Lazine
0;20.2488,43.2608;36312;;Ljutaje
0;20.8464,44.3837;11411;;Počevica
0;20.2383,43.2895;36312;;Budakovac
0;20.2431,43.2953;36312;;Miliće
0;20.2752,43.2780;36312;;Koznik
0;20.2826,43.3003;36312;;Krće
0;22.0033,43.2944;18205;;Kovanluk
0;20.2642,43.3033;36312;;Berišići
0;22.0057,43.2951;18205;;Niška Banja
0;20.8001,44.3482;11411;;Vatoševo
0;20.2627,43.3110;36312;;Crčevo
0;20.2359,43.2991;36312;;Lijeva Reka
0;20.2428,43.2657;36312;;Petine
0;20.3197,43.2545;36314;;Svilanovo
0;20.7096,44.3813;11412;;Straževica
0;22.0809,43.2757;18206;;Selište
0;20.3677,43.3469;32259;;Neškovići
0;20.3488,43.3516;32259;;Vodice
0;20.3697,43.3541;32254;;Tenjovići
0;20.3615,43.3610;32259;;Munjići
0;20.3606,43.3682;32254;;Karadak
0;20.3587,43.3764;32254;;Dukići
0;20.3865,43.3816;32254;;Ratari
0;20.3818,43.3934;32254;;Pločnik
0;20.7756,44.3672;11412;;Vujića Kraj
0;20.3460,43.3817;32259;;Belčevići
0;20.3274,43.3775;32259;;Papulje
0;20.3543,43.3917;32254;;Rakasi
0;20.9931,44.2692;11324;;Rakinac
0;20.3300,43.3971;32259;;Staro Selo
0;20.3259,43.4054;32259;;Milićevići
0;21.0940,43.2410;18436;;Pavaštica
0;20.9242,43.2369;37226;;Kovačevici
0;21.1035,43.2303;18436;;Oraovac
0;21.1380,43.2290;18438;;Bugare
0;21.1482,43.2258;18438;;Moračane
0;21.0044,43.2169;18436;;Valoge
0;21.0344,43.1900;18436;;Ćerana
0;21.0393,43.2120;18436;;Kalimanći
0;21.0367,43.1850;18436;;Strmali
0;21.0524,43.1825;18436;;Sipovac
0;21.0663,43.2115;18436;;Plavčevo Brdo
0;21.0919,43.2180;18436;;Adžoviće
0;20.3135,43.4017;32259;;Perunići
0;20.2911,43.3885;32259;;Perovići
0;21.1501,43.1760;18438;;Maroš
0;21.1895,43.1973;18433;;Muljeviće
0;21.1576,43.2241;18438;;Jelići
0;20.3306,43.3403;32259;;Čaprići
0;21.1836,43.1894;18433;;Madžunovići
0;20.3231,43.3187;32259;;Kolešnica
0;20.0911,43.0949;36313;;Karajukića Bunari
0;21.2187,43.1936;18433;;Preskoče
0;21.2866,43.1911;18426;;Tmavski Brdani
0;21.2914,43.1993;18426;;Gornja Tmava
0;20.3705,43.4820;32254;;Pridvorica
0;20.3730,43.4963;32254;;Bogičevići
0;21.2435,43.1375;18430;;Baćoglava
0;21.2295,43.1708;18433;;Duga Luka
0;21.2354,43.1642;18433;;Breg
0;21.2406,43.1615;18430;;Srpče
0;21.2175,43.1572;18433;;Ljutena
0;20.3409,43.4773;32254;;Milunovići
0;20.3677,43.4677;32254;;Markovići
0;20.3625,43.4623;32254;;Radojevići
0;21.1588,43.1636;18438;;Pravorada
0;20.3399,43.4609;32254;;Gvozdenovići
0;21.1567,43.1472;18438;;Gornja Mirnica
0;21.0792,43.1426;18438;;Parduse
0;20.3143,43.4740;32254;;Zapotoče
0;21.0621,43.1314;18438;;Bačiće
0;20.3123,43.4594;32254;;Vrletnice
0;20.3291,43.4414;32254;;Jacovići
0;21.0434,43.1267;18436;;Donje Trebinje
0;20.3267,43.4577;32254;;Ilinčići
0;20.3578,43.4339;32254;;Gornji Perišići
0;20.3640,43.4193;32254;;Arbulići
0;20.3374,43.4148;32254;;Novovići
0;20.3437,43.4099;32254;;Grizići
0;20.3780,43.4213;32254;;Mačužići
0;20.3951,43.4089;32254;;Planinica
0;20.3829,43.4298;32254;;Rudine
0;20.3909,43.4375;32254;;Marinkovići
0;20.3792,43.4271;32254;;Čečina
0;20.3817,43.4504;32254;;Asanovo Selo
0;20.3598,43.4487;32254;;Pejovići
0;20.3934,43.3649;32254;;Ostatija
0;20.3906,43.3587;32254;;Paunovići
0;21.1565,43.0881;18430;;Besolica
0;21.1708,43.0819;18430;;Raševac
0;20.2917,43.3809;32259;;Srednja Reka
0;21.2113,43.1129;18430;;Čundrak
0;20.2810,43.4000;32259;;Kulizino Selo
0;21.2404,43.0906;18430;;Crkvište
0;20.2853,43.4061;32259;;Bele Vode
0;20.3060,43.4047;32259;;Vulovići
0;20.2301,43.4574;32256;;Leposavići
0;20.2536,43.4853;32252;;Parezani
0;20.2044,43.4868;32256;;Kolarevići
0;20.4100,43.3753;36222;;Krajevi
0;20.4328,43.3717;36222;;Đerovici
0;20.1803,43.4009;32256;;Varjacići
0;20.4269,43.3775;36222;;Gužvici
0;20.1322,43.4911;32256;;Marčići
0;20.1105,43.4874;32256;;Čirljo
0;20.0861,43.1103;36313;;Hasići
0;20.1591,43.4809;32256;;Staro Selo
0;20.1612,43.4949;32256;;Okrajčane
0;20.1699,43.4763;32256;;Zlatići
0;20.0793,43.1186;36313;;Bioc
0;20.1521,43.4132;32256;;Kolvilje
0;20.0619,43.1356;36313;;Markovići
0;21.2863,43.0584;18440;;Vojnići
0;21.2849,43.0436;18440;;Prevoj
0;21.2902,43.0192;18440;;Pećarani
0;21.2926,43.0104;18440;;Rakovica
0;20.4347,43.3814;36222;;Smiljanići
0;21.2550,43.0206;18440;;Vodice
0;20.4072,43.3947;32254;;Crtenj
0;21.2246,43.0692;18430;;Mala Šatra
0;21.2015,43.0580;18430;;Cerovo
0;21.1791,43.0138;18440;;Vrbica
0;21.1773,43.0068;18445;;Lazići
0;21.1751,43.0359;18440;;Bajovica Lazovi
0;20.4281,43.4111;36222;;Galovići
0;20.4350,43.4084;36222;;Lazi
0;20.4283,43.3972;36222;;Buban
0;20.0772,43.2242;36311;;Slavkovići
0;20.4698,43.3959;36222;;Džode
0;20.0433,43.2448;36310;;Breza
0;22.6200,42.9417;18333;;Cirinci
0;21.0059,43.2592;18436;;Šimbara
0;21.0149,43.2743;18436;;Strugare
0;21.0337,43.2557;18436;;Mala Reka
0;21.0303,43.2707;18436;;Donji Malići
0;21.0361,43.2774;18436;;Gornji Malići
0;21.0851,43.2811;18436;;Dokići
0;21.0869,43.2845;18436;;Stojići
0;21.0850,43.2883;18436;;Milośevići
0;21.0981,43.2652;18436;;Boškovići
0;21.0978,43.2929;37224;;Jośići
0;21.1124,43.2855;18436;;Burgići
0;21.1085,43.2678;18436;;Janići
0;21.1156,43.2638;18436;;Ravna Glava
0;21.0833,43.2655;18436;;Markovići
0;20.4798,43.4059;36222;;Andrići
0;21.1715,43.2559;18438;;Ceruvica
0;22.0409,43.2250;18240;;Prokopova Kutina
0;22.4086,42.8775;16215;;Bisini
0;22.4505,42.8566;17535;;Stranje
0;22.4503,42.8564;17535;;Vidryište
0;20.4307,43.0035;36309;;Mrkonje
0;20.4708,43.4092;36222;;Bunar
0;20.4491,43.0093;36309;;Izrok
151;20.4375,43.0189;36321;;Žuče
0;20.4455,43.0358;36306;;Kneževići
0;20.4529,43.0369;36306;;Murovce
0;21.2668,43.2534;18426;;Donji Kaševar
0;20.4230,43.4186;36222;;Krljani
0;21.2553,43.2649;18426;;Gornji Kaševar
0;20.4872,43.0059;36309;;Jablanica
0;20.4792,43.0319;36306;;Maljevce
0;22.3819,42.7755;17535;;Ćebapovi
0;20.4114,43.4411;32254;;Radovići
0;21.2537,43.3158;18420;;Donja Prebreza
0;21.2506,43.3274;18420;;Gornja Prebreza
0;20.5008,43.0225;36309;;Žunjsko Brdo
0;20.5223,43.0201;36309;;Dedilovo
0;22.3511,42.8596;16215;;Kruščica
0;21.2150,43.3002;18420;;Mala Sibnica
0;22.3592,42.9004;16215;;Lanište
0;20.5219,43.0058;36309;;Keljevići
0;20.5271,43.0030;36309;;Dragočevo
0;21.1643,43.3279;37223;;Arsići
0;20.4458,43.4194;36222;;Žukići
0;21.1556,43.3250;37223;;Virijevići
0;20.5411,43.0203;36309;;Otes
0;21.1533,43.3132;37223;;Krčaći
0;20.5303,43.0354;36306;;Belanska
0;21.1192,43.3177;37224;;Kraguljevčići
0;21.1035,43.3240;37224;;Mikulajanći
0;21.1015,43.3187;37224;;Savići
0;20.4366,43.4397;36222;;Božovići
0;20.4422,43.4292;36222;;Marinkovići
0;20.5447,43.0086;36309;;Krčmare
0;21.0856,43.3123;37224;;Rasje
0;20.0289,43.2411;36310;;Oniće
0;21.0740,43.3020;37224;;Strmačka Mala
0;21.0628,43.3339;37224;;Rakičevići
0;21.0621,43.2860;18436;;Milenkovići
0;21.0585,43.3176;37224;;Košutica
0;21.0411,43.3131;37224;;Šarenica
0;21.0406,43.2975;37224;;Radmanovći
0;22.1851,43.0020;16210;;Crnatovo
0;22.1746,43.0140;16210;;Petrova Niva
0;21.0210,43.2940;18436;;Savići
0;21.0085,43.3264;37220;;Dokići
0;21.0083,43.3042;37224;;Grčaci
0;20.4764,43.4284;36222;;Kamenjska
0;20.4955,43.4464;36222;;Palež
0;22.0464,43.1114;18245;;Golema Njiva
0;22.3363,42.9524;16212;;Stranjevo
0;21.0058,43.3511;37220;;Bučići
0;22.3163,42.9546;16212;;Jezdine
0;21.0533,43.3714;37220;;Vukoslavići
0;22.2153,42.9969;16212;;Bilo
0;21.0555,43.3556;37224;;Dubovći
0;22.2904,42.9779;16212;;Aleksine
0;21.0578,43.3445;37224;;Vućkovići
0;21.0704,43.3502;37224;;Mačkari
0;21.0862,43.3364;37224;;Paradani
0;21.0756,43.3373;37224;;Filimonovići
0;21.0516,43.3672;37220;;Bugarci
0;21.0969,43.3629;37224;;Brdanći
0;21.0956,43.3599;37224;;Radovići
0;22.3075,42.9662;16212;;Przojne
0;22.3181,42.9717;16212;;Lukaćevo
0;21.1199,43.3435;37224;;Mosute
0;20.4063,43.4786;32254;;Dolovi
0;22.2944,42.9565;16212;;Krstićevo
0;21.0781,43.3451;37224;;Lapčevići
0;21.1156,43.3564;37224;;Krivi Brod
0;21.1402,43.3541;37223;;Dubrava
0;21.1276,43.3831;37228;;Bukovci
0;22.2581,42.9587;16212;;Zlatićevo
0;20.4113,43.4934;32253;;Despotovica
0;20.5982,43.0251;36309;;Niš
0;20.6123,43.0112;36309;;Drainoviq
0;22.2078,42.9560;16211;;Gramađe
0;20.4081,43.4893;32253;;Dragičevići
0;21.1504,43.3779;37228;;Turjak
0;20.4249,43.4979;32253;;Rupe
0;20.6336,43.0100;36309;;Lukov Do
0;20.4331,43.4935;32253;;Borkovo
0;22.2333,42.9086;16211;;Dolenja Bistrica
0;20.4243,43.4853;32253;;Paskas
0;21.1763,43.3911;37228;;Albanija
0;22.2785,42.8700;16223;;Sirovičine
0;22.0205,43.1001;16252;;Orahovica
0;22.2969,42.8723;16223;;Karakaši
0;22.3092,42.8658;16215;;Pecari
0;22.2985,42.8546;16215;;Pačukovi
0;21.2038,43.3408;37223;;Jankova Klisura
0;20.5072,43.2514;36305;;Redkaj
0;21.9354,43.0745;16252;;Živkovo
0;22.3291,42.7675;17533;;Polom
0;21.9478,43.1101;16252;;Razgojnski Čifluk
0;22.2853,42.7644;17533;;Pročovalci
0;22.2496,42.7844;16215;;Novkovci
0;22.2900,42.7873;16215;;Lazarćevci
0;22.2865,42.7846;16215;;Jovanovci
0;21.1798,43.4164;37228;;Strelari
0;22.3211,42.7934;16215;;Radovinci
0;22.3137,42.7965;16215;;Pečinovci
0;22.2904,42.8035;16215;;Žutinci
0;22.2831,42.8002;16215;;Crvenkovci
0;21.1720,43.4154;37228;;Vesići
0;22.2832,42.8103;16215;;Samčekinci
0;22.2845,42.8061;16215;;Babićevi
0;21.1543,43.4119;37228;;Sudimći
0;22.2028,42.7744;16223;;Lebet
0;22.2534,42.8048;16215;;Pažar
0;22.2783,42.8230;16215;;Obradovci
0;21.1158,43.4012;37235;;Panjevac
0;22.2778,42.8356;16215;;Slavujevi
0;20.6228,43.0489;36300;;Samčevića
0;22.2791,42.8388;16215;;Miljine
0;22.2413,42.8364;16223;;Rajčetina
0;21.0867,43.3960;37239;;Staro Selo
0;21.0570,43.3850;37220;;Rapčevica
0;22.4123,42.5017;17540;;Koriska Mahala
0;22.3302,42.5050;17544;;Široki Dol
0;21.0454,43.4052;37239;;Mala Vrbnica
0;22.2725,42.5137;17544;;Orniče
0;21.0530,43.3839;37220;;Mala Grabovnica
0;22.2870,42.5178;17544;;Klečovci
0;21.0317,43.3810;37220;;Dertevci
0;22.4317,42.5113;17540;;Gloška Lipa
0;22.4624,42.5140;17540;;Preslap
0;22.2804,42.5331;17544;;Borovski Dol
0;21.0148,43.3847;37220;;Drake
0;22.2816,42.5405;17538;;Pripor
0;22.2106,42.5511;17543;;Kravarnik
0;22.2482,42.5514;17543;;Kula
0;21.0047,43.4302;37227;;Mali Ribari
0;22.3810,42.5503;17538;;Vladičina Ornica
0;20.6081,43.0697;36300;;Kuliziće
0;22.4483,42.5474;17540;;Duga Niva
0;20.5983,43.0517;36306;;Prdonjiće
0;20.6106,43.0453;36306;;Jasike
0;21.0087,43.4640;37230;;Starci
0;21.0240,43.4571;37230;;Popovci
0;20.5861,43.0389;36306;;Grebenova
0;20.5664,43.0494;36306;;Šljivnje
0;22.4008,42.5736;17538;;Ljuti Dol
0;22.2031,42.5760;17543;;Popova Mahala
0;22.3470,42.5824;17538;;Kumičina Mahala
0;20.5563,43.0694;36306;;Koznik
0;20.5564,43.0733;36306;;Borikovac
0;20.5822,43.0653;36306;;Čepelje
0;20.5170,43.0773;36306;;Nikolići
0;20.5226,43.0559;36306;;Jelačiće
0;20.4803,43.0481;36306;;Barkovo
0;22.2396,42.7442;17533;;Kučišnjak
0;20.4809,43.0707;36306;;Gornja Jošanica
0;20.4606,43.0586;36306;;Janičare
0;20.4597,43.0786;36306;;Malo Lukare
0;20.4644,43.0678;36306;;Veliko Lukare
0;22.3808,42.7347;17535;;Draganova Mahala
0;22.3247,42.7285;17533;;Velkova Mahala
0;22.3890,42.7225;17535;;Grandžina Mahala
0;20.4231,43.0731;36306;;Piskopovce
0;22.3768,42.7202;17533;;Dražina Mahala
0;22.3791,42.7140;17533;;Bliznaci
0;22.2973,42.7177;17533;;Karadaci
0;20.4075,43.0808;36308;;Gornje Sebečevo
0;21.0598,43.4397;37230;;Ježevica
0;22.2527,42.7100;17534;;Slančini
0;20.4322,43.0958;36308;;Crnovršam
0;22.2496,42.7042;17534;;Velkovi
0;21.0600,43.4471;37230;;Kruševica
0;22.3041,42.7125;17533;;Mandžina Mahala
0;20.4501,43.0969;36308;;Žirački Dolac
0;22.2191,42.6968;17530;;Kalamci
0;22.2090,42.6980;17530;;Srbinci
0;21.0766,43.4673;37230;;Markovina
0;21.0583,43.4656;37230;;Veliko Borje
0;21.0683,43.4592;37230;;Malo Borje
0;22.2982,42.6805;17532;;Šojina Mahala
0;21.0815,43.4597;37230;;Stanjevo
0;20.4566,43.0860;36306;;Vrbasiće
0;22.2344,42.6830;17534;;Jasen
0;21.0442,43.4644;37230;;Jaruge
0;20.4783,43.0878;36306;;Mekinje
0;22.2575,42.6765;17534;;Mladini
0;20.5053,43.1032;36300;;Zaguljači
0;20.5214,43.0913;36300;;Babrež
0;21.0545,43.4765;37230;;Drenča
0;22.2930,42.6557;17534;;Jelimirovci
0;20.5434,43.0916;36300;;Brežde
0;20.5022,43.4821;32253;;Godović
0;20.5654,43.0857;36300;;Ujniče
0;20.5158,43.4858;32253;;Beli Potok
0;21.0794,43.4955;37230;;Pavlovo Brdo
0;20.5514,43.1053;36300;;Mala Trnava
0;20.5872,43.0975;36300;;Potok Mala
0;20.6025,43.0972;36300;;Vukov Laz
0;21.1434,43.4314;37235;;Vražogrnci
0;21.1074,43.4849;37236;;Gornje Rataje
0;21.1371,43.4754;37236;;Donje Rataje
0;21.1694,43.4516;37234;;Donja Zleginja
0;21.1785,43.4232;37228;;Radojkovići
0;21.1713,43.4305;37235;;Nabrđe
0;21.2004,43.4236;37222;;Bosičane
0;20.6350,43.1036;36300;;Negotinac
0;20.6474,43.0842;36300;;Zminac
0;20.6488,43.1230;36300;;Opave
0;20.6117,43.1258;36300;;Mečja Jama
0;20.6078,43.1286;36300;;Aluge
0;20.5785,43.1103;36300;;Netvrđe
0;20.5214,43.1033;36300;;Cvijetnje
0;20.4873,43.1318;36300;;Barakovići
0;20.4517,43.1101;36308;;Roginje
0;20.4290,43.1210;36308;;Bobovik
0;20.4231,43.1208;36308;;Donje Sebečevo
0;20.4256,43.1264;36308;;Bukovik
0;20.4544,43.1451;36300;;Ivanča
0;20.4564,43.1403;36300;;Dojeviće
0;20.5644,43.1467;36300;;Zlatarevina
0;20.6439,43.1494;36353;;Ackovići
0;20.6539,43.1511;36353;;Todorovići
0;21.2155,43.4945;37234;;Debeljaci
0;21.2216,43.4985;37234;;Makšići
0;21.2245,43.4885;37234;;Kovandžići
0;21.2442,43.4437;37222;;Mali Kupci
0;21.2534,43.4533;37222;;Kočinci
0;21.2753,43.4561;37222;;Erci
0;21.2944,43.4577;37222;;Vija
0;21.8215,43.2443;18411;;Čaplinci
0;22.2832,43.2615;18313;;Ilinci
0;21.6033,43.1252;18407;;Šume
0;21.6203,43.0905;18407;;Gornja Mačina
0;20.5857,43.1869;36300;;Građanoviće
0;20.5561,43.1889;36305;;Trnavci
0;20.5750,43.2675;36350;;Pinjaž Do
0;20.5083,43.1725;36300;;Pnuć
0;20.5031,43.2739;36305;;Vidići
0;20.5620,43.2802;36350;;Vrtine
0;20.4381,43.1817;36305;;Gornja Trnava
0;20.4383,43.1675;36305;;Donja Trnava
0;21.7736,43.0608;16206;;Kacabać
0;21.8275,43.0106;16231;;Karađorđevac
0;20.5608,43.2889;36350;;Brojači
0;20.4071,43.1816;36305;;Crni Vrh
0;20.5147,43.2994;36350;;Stanišići
0;20.5006,43.3056;36350;;Linadica
0;20.4526,43.2183;36305;;Mitrova Reka
0;20.4931,43.2114;36305;;Sudsko Selo
0;20.4812,43.2215;36305;;Rajkoviće
0;20.5469,43.2167;36305;;Požežina
0;21.8215,43.4303;18223;;Gornja Trnava
0;20.5483,43.2078;36305;;Kozarevo
0;21.7795,43.4238;18223;;Donja Trnava
0;20.5631,43.2150;36305;;Glušci
0;20.5912,43.2177;36353;;Mrmonje
0;20.6757,43.2196;36353;;Tusniće
0;20.4956,43.3317;36222;;Križevac
0;20.5036,43.3300;36222;;Orahovo Brdo
0;20.5106,43.3444;36222;;Mašoviči
0;20.5255,43.3375;36350;;Kotraža
0;20.5500,43.3417;36346;;Maleševo
0;20.5856,43.3311;36350;;Stančići
0;20.5833,43.3372;36346;;Stupničani
0;20.5733,43.3433;36346;;Cajiči
0;20.5831,43.3533;36346;;Maksimovići
0;20.6322,43.2315;36353;;Vršak
0;20.6173,43.2261;36353;;Lukovo
0;20.4998,43.3632;36222;;Luke
0;20.5292,43.2314;36305;;Donja Tušimlja
0;20.4997,43.3753;36222;;Vrndići
0;20.5416,43.3696;36222;;Čorbići
0;20.4606,43.2287;36305;;Budiće
0;20.4554,43.2360;36305;;Polazi
0;20.4369,43.2424;36305;;Vranovina
0;21.8436,43.4062;18202;;Donja Paljina
0;21.8215,43.4076;18202;;Berčinac
0;21.6848,43.3453;18258;;Jovanovac
0;20.5049,43.3815;36222;;Bukare
0;21.6635,43.3260;18258;;Kovanluk
0;20.5044,43.3901;36222;;Velenje
0;20.5211,43.3908;36222;;Jokovići
0;20.5400,43.3972;36222;;Pametina
0;20.5444,43.3850;36222;;Kolovići
0;20.5439,43.3950;36222;;Sremče
0;20.5573,43.3817;36222;;Bečvari
0;21.7426,43.3134;18251;;Mramorski Potok
0;20.0043,43.0528;36313;;Poda
0;20.0316,43.0514;36313;;Poljica
0;20.5672,43.3633;36346;;Donji Gradac
0;20.5097,43.3978;36222;;Buče
0;20.4928,43.4081;36222;;Mračanje
0;20.5154,43.4119;36222;;Zackulje
0;20.5250,43.4094;36222;;Gornji Gladnice
0;20.5592,43.4131;36222;;Rovače
0;20.5541,43.4186;36222;;Dugalići
0;20.5737,43.4206;36342;;Doljani
0;20.5628,43.4156;36222;;Tepeče
0;20.5589,43.4364;36342;;Slatina
0;20.5371,43.4282;36222;;Kljunovići
0;20.5403,43.4386;36222;;Zeleznica
0;20.5023,43.4355;36222;;Vučkovići
0;20.5053,43.4516;36222;;Božići
0;20.5655,43.4440;36342;;Kralji
0;20.5523,43.4531;36342;;Kosurići
0;20.5372,43.4581;36342;;Lipovac
0;20.0269,43.0865;36313;;Duga
0;20.4736,43.2717;36305;;Gornja Bekova
0;20.0478,43.0753;36313;;Baljen
0;20.0542,43.1667;36310;;Rukočki Bunari
0;20.4173,43.3837;36222;;Koritnik
0;20.4818,43.4147;36222;;Rudno
0;20.0381,43.2114;36310;;Meinići
0;20.4300,43.4769;32253;;Jaža
0;20.5272,43.4754;32253;;Obarak
0;20.5047,43.4628;36222;;Vrh
0;20.4866,43.3619;36222;;Biniće
0;20.1494,43.2264;36311;;Sehova Mahala
0;20.1678,43.2242;36312;;Bronjska Mahala
0;20.1592,43.2358;36311;;Gornja Mahala
0;20.4801,43.3312;36222;;Boroviće
0;20.1662,43.1173;36307;;Krnja Jela
0;20.1863,43.0385;36313;;Šipče
0;20.1427,43.0705;36313;;Gradac
0;20.2036,43.2039;36312;;Gornja Mahala
0;20.5411,43.3706;36222;;Gornji Gradac
0;20.5542,43.3831;36222;;Zarevo
0;20.1968,43.0073;36320;;Ervenice
0;20.5489,43.4592;36342;;Prčani
0;20.5425,43.4919;32253;;Batina
0;20.5367,43.4976;32253;;Zasad
0;20.5758,43.4581;36342;;Belobraće
0;20.5975,43.4736;36342;;Krdžići
0;20.3196,43.0436;36321;;Plenibabe
0;20.5717,43.4278;36342;;Tadenje
0;20.5953,43.4239;36342;;Priševići
0;20.5719,43.4106;36342;;Mačužići
0;20.5722,43.4028;36222;;Kaonik
0;20.6022,43.4048;36346;;Lukovik
0;20.5901,43.3732;36346;;Gostiradiće
0;20.5919,43.3508;36346;;Gornja Brvenica
0;20.5944,43.3167;36350;;Šumarci
0;20.5994,43.3228;36350;;Varevo
0;20.6428,43.2608;36350;;Končuliće
0;20.6486,43.2728;36350;;Donje Kaznoviće
0;20.3294,43.0933;36307;;Stari Potreb
0;20.2934,43.0870;36307;;Guceviće
0;20.6291,43.4008;36346;;Jarando
0;20.6453,43.4403;36342;;Gornje Lozno
0;20.6138,43.4343;36342;;Tadenje
0;20.6269,43.4428;36342;;Vodično
0;20.6022,43.4594;36342;;Ušće
0;20.6267,43.4767;36342;;Đokovići
0;20.6578,43.4956;36343;;Popova Reka
0;20.6581,43.4922;36343;;Rudnjak
0;20.6835,43.4813;36343;;Zastuplje
0;20.6935,43.4682;36342;;Dobra Bukva
0;20.6424,43.4629;36342;;Gornje Žarče
0;20.6281,43.4650;36342;;Donje Žarče
0;20.6520,43.4589;36342;;Dželep
0;20.6322,43.4558;36342;;Plavci
0;20.6724,43.4272;36342;;Žežena
0;20.6897,43.4317;36345;;Biljanovac
0;20.6928,43.4124;36345;;Zerađe
0;20.6410,43.3664;36346;;Šumnik
0;20.6880,43.3581;36346;;Lučno
0;20.6769,43.3287;36346;;Milovići
0;20.6915,43.3354;36346;;Dragodanje
0;20.6727,43.3023;36350;;Radošiće
0;20.6942,43.2694;36353;;Rojići
0;20.3342,43.2118;36314;;Rakovac
0;20.3455,43.2144;36314;;Batinići
0;20.3513,43.2190;36314;;Goševo
0;20.3184,43.2333;36314;;Troštica
0;20.2919,43.2315;36314;;Janačko Polje
0;20.3496,43.1813;36314;;Senjak
0;20.3320,43.1643;36314;;Živaljiće
0;20.3534,43.1634;36314;;Tvrdoševo
0;20.3282,43.1771;36314;;Praštevina
0;20.3083,43.1880;36314;;Bujca
0;20.3015,43.1968;36314;;Rogatac
0;20.2907,43.2033;36314;;Prisoje
0;20.2756,43.2015;36314;;Dragaljevina
0;20.3411,43.1250;36307;;Baljen
0;20.3702,43.1913;36314;;Kuline
0;20.3769,43.1871;36314;;Vever
0;20.3738,43.2262;36314;;Buče
0;20.3834,43.2438;36314;;Potoci
0;20.7137,43.4972;36343;;Ravni
0;20.3605,43.2476;36314;;Joše
0;20.7176,43.4704;36342;;Crvanj
0;20.3458,43.2471;36314;;Rast
0;20.3303,43.2444;36314;;Torđevo
0;20.3076,43.2430;36314;;Pačevina
0;20.2971,43.2494;36314;;Poljice
0;20.7275,43.4545;36345;;Plana
0;20.7338,43.4289;36345;;Plana
0;20.3965,43.0563;36321;;Nadumce
0;20.3879,43.2024;36314;;Đonlije
0;20.7348,43.4171;36345;;Kovači
0;20.3901,43.1923;36314;;Obuniće
0;20.7185,43.4284;36345;;Koprivnica
0;20.3772,43.0248;36321;;Bare
0;20.3834,43.0371;36321;;Kalunđeri
0;20.7326,43.4212;36345;;Pope
0;20.3619,43.0364;36321;;Ruđa
0;20.7219,43.4064;36345;;Prošivalci
0;20.7004,43.4012;36345;;Priboj
0;20.7416,43.3947;36345;;Đorovići
0;20.7366,43.3909;36345;;Donje Čamage
0;20.7453,43.3832;36345;;Gornje Čamage
0;20.3668,43.0507;36321;;Smoluća
0;20.7418,43.3768;36345;;Velež
0;20.3857,43.1208;36308;;Raška
0;20.3968,43.1131;36308;;Leletiće
0;20.3887,43.1016;36308;;Prvenoviće
0;20.7233,43.3156;36346;;Čomage
0;20.7135,43.3137;36346;;Lakšinovići
0;20.3788,43.2341;36314;;Guberevo
0;20.3927,43.2328;36314;;Đurice
0;20.3902,43.2195;36314;;Ljulac
0;20.7274,43.3093;36354;;Panovići
0;20.7044,43.2600;36353;;Gornja Rudnica
0;20.7246,43.2544;36353;;Beljak
0;20.7592,43.2717;36354;;Čajetina
0;20.8053,43.3671;36345;;Đorđevići
0;20.7814,43.3819;36345;;Šutanovina
0;20.7593,43.3826;36345;;Lužnjani
0;20.7559,43.3977;36345;;Veljkovići
0;20.7814,43.3990;36345;;Drenje
0;20.8036,43.3939;36345;;Rakovac
0;20.7952,43.3937;36345;;Dubovci
0;20.7922,43.3890;36345;;Mečkari
0;20.8066,43.4096;36345;;Ugrinići
0;20.7934,43.4162;36345;;Kneževići
0;20.7628,43.4400;36345;;Lazovići
0;20.8682,43.4798;37237;;Bondžići
0;20.8461,43.4594;37237;;Stanojčići
0;20.8538,43.4557;37237;;Marinkovići
0;20.8544,43.4405;37237;;Rakići
0;20.8722,43.4410;37237;;Milićevići
0;20.8231,43.4290;37237;;Lazarevići
0;20.8358,43.4414;37237;;Stefanovići
0;20.8362,43.4411;37237;;Duboke
0;20.8673,43.4259;37237;;Ivljani
0;20.8411,43.4200;37237;;Lesendrići
0;20.8524,43.4085;37282;;Savkovići
0;20.8547,43.3861;37282;;Bačevci
0;20.8517,43.2599;36354;;Zaplanina
0;20.8834,43.2617;37226;;Šulovići
0;20.8922,43.2776;37225;;Trapići
0;20.8739,43.2794;37225;;Mramor
0;20.8951,43.3087;37225;;Gočmanci
0;20.9068,43.3344;37225;;Miletakovići
0;20.8751,43.3684;37282;;Novići
0;20.8797,43.3614;37282;;Jankovići
0;20.8986,43.3680;37282;;Stajići
0;20.8729,43.4124;37237;;Lapčevići
0;20.9107,43.4081;37282;;Milovančevići
0;20.9269,43.4791;37238;;Džopalići
0;20.9429,43.4806;37238;;Jablanica
0;20.9706,43.4575;37227;;Boturići
0;20.9372,43.4307;37227;;Blažići
0;20.8152,44.3062;11411;;Cučage
0;20.7549,44.3223;11412;;Rajkovac
0;20.7032,44.2678;34310;;Ljube Selo
0;20.7483,44.2942;34313;;Žabare
0;20.9290,43.4067;37227;;Seljani
0;20.9409,43.4044;37227;;Obradovići
0;20.9397,43.3945;37282;;Gornji Đurkovići
0;20.9541,43.3828;37227;;Donji Đurkovići
0;20.9633,43.3631;37220;;Donje Kočine
0;20.9581,43.3765;37220;;Gornje Kočine
0;20.9673,43.3038;37225;;Antići
0;20.9441,43.2766;37225;;Vitanove Njive
0;21.4703,43.0983;18409;;Staro Selo
0;20.3940,43.1862;36314;;Purće
0;20.3792,43.1804;36314;;Pope
0;20.3884,43.1733;36314;;Kukavice
0;20.3795,43.1045;36308;;Crnoče
0;20.3674,43.0875;36321;;Braniševo
0;20.3358,43.0804;36307;;Noćaje
0;20.3150,43.0853;36307;;Klečanka
1022;20.3156,43.2153;36314;;Sokolovica
0;20.1050,43.2396;36311;;Gradac
0;20.2547,43.1933;36312;;Kućevska Mahala
0;20.2456,43.2197;36312;;Gornje Buće
0;20.2469,43.2272;36312;;Donje Buće
0;20.1678,43.1468;36307;;Aliveroviće
0;20.1467,43.1264;36313;;Rastenoviće
0;20.2288,43.0395;36307;;Jarebice
0;20.2092,43.0926;36307;;Ramoševo
0;20.2272,43.1111;36307;;Gujiće
0;20.2339,43.1229;36307;;Točilovo
0;20.1029,43.1469;36313;;Bogućani
0;20.0534,43.4075;31322;;Šabanovići
0;20.0591,43.3753;31322;;Gornja Sugubina
0;20.0764,43.3447;36311;;Fijulj
0;20.1177,43.4826;32256;;Zarići
0;20.1262,43.4697;32256;;Kokanovići
0;20.3073,43.4972;32252;;Tutići
0;20.1356,43.8858;31215;;Boškovići
0;20.3867,43.4828;32254;;Vrmbaje
0;20.1358,43.8797;32240;;Stranjani
0;20.3690,43.4708;32254;;Usilje
0;20.3675,43.4369;32254;;Donji Perišići
0;20.1847,43.8850;32242;;Planinci
0;20.1123,43.4207;32256;;Trča
0;20.1931,43.3961;32259;;Vučak
0;20.2891,43.3677;32259;;Karalići
0;20.2767,43.3591;32259;;Gornji Babići
0;20.2569,43.3548;32259;;Golijska Reka
0;20.1769,43.3406;36311;;Gornji Ćerimani
0;20.1846,43.3364;36311;;Jekići
0;20.2148,43.9227;32242;;Međuvršje
0;20.2019,43.9256;32242;;Ljubičići
0;20.1811,43.9263;32242;;Rošci
0;20.2958,43.2867;36312;;Ravna Gora
0;20.1758,43.9425;32242;;Navosela
0;20.2669,43.2575;36312;;Koškovo
0;20.1536,43.9247;32242;;Odžići
0;20.1428,43.9278;31215;;Donji Karanci
0;20.1275,43.9378;31214;;Gornji Karanci
0;20.1831,43.9958;32308;;Lokva
0;20.2011,43.9563;32308;;Glavaj
0;20.2671,43.8884;32205;;Ridage
0;20.2985,43.8853;32205;;Beljina
0;20.3869,43.9114;32212;;Šebeci
0;20.3828,43.9233;32303;;Donja Rakova
0;20.3578,43.9714;32303;;Radulovići
0;20.3462,43.9755;32303;;Obradovići
0;20.3580,43.9886;32303;;Todorovići
0;20.3809,43.9637;32303;;Tešići
0;20.3836,43.9778;32303;;Savići
0;20.3683,43.9517;32303;;Vujovići
0;20.3525,43.9428;32303;;Filipovići
0;21.1777,43.3480;37223;;Mala Razbojna
0;20.1522,43.7431;31230;;Stojanovići
0;20.1306,43.7119;31236;;Mirosaljici
0;20.1519,43.7272;31230;;Pantići
0;20.1417,43.7181;31236;;Vranići
0;20.1653,43.7267;32235;;Planojevići
5;20.4014,43.5100;32253;;Omar
5;20.4272,43.5221;32253;;Graići
0;21.2608,43.0117;18440;;Vukićevići
5;20.4067,43.5235;32253;;Rudine
0;20.2344,43.7419;32230;;Kostići
0;20.2219,43.7478;32230;;Tomaševići
5;20.4018,43.5305;32253;;Obodine
5;20.4219,43.5269;32253;;Čalja
5;20.4422,43.5228;32253;;Garina
0;20.9517,44.4222;11316;;Grčac
5;20.4077,43.5548;32253;;Strainje
0;20.2580,43.6997;32235;;Bulije
0;20.3164,43.7039;32233;;Kovačevići
0;20.3208,43.7180;32233;;Milekići
0;20.3328,43.7392;32233;;Vujčići
0;20.3581,43.7286;32234;;Žutica
0;20.3711,43.7275;32234;;Vukićenići
0;20.3589,43.7339;32234;;Satare
0;20.3444,43.7353;32233;;Bogicevići
0;20.3767,43.7422;32234;;Ćurćije
0;20.3897,43.7444;32234;;Kaplari
0;20.3917,43.7172;32234;;Vlasteljice
0;20.3675,43.7073;32234;;Gogići
0;20.3606,43.6947;32234;;Tadići
0;20.3911,43.6875;32234;;Livade
0;20.3553,43.6814;32234;;Markovići
0;20.3231,43.6725;32233;;Donji Dubac
0;20.2818,43.6637;32258;;Nikšići
0;20.3261,43.6911;32233;;Karadže
0;20.2917,43.6906;32233;;Mirkovići
0;20.2568,43.6790;32235;;Vučkovica
0;20.2290,43.6771;32235;;Paunovići
0;20.2186,43.6842;32235;;Nikolići
0;20.2192,43.6855;32235;;Beli Kamen
0;20.2150,43.6994;32235;;Jankovići
0;20.1653,43.6886;31236;;Mirkovići
0;20.1856,43.6936;32235;;Bujoši
0;20.1831,43.6817;32235;;Korita
0;20.1211,43.6783;31236;;Divljaka
0;20.1089,43.6569;31236;;Jovanovići
0;20.1414,43.6561;31236;;Đokovići
0;20.1228,43.6275;32251;;Rijeka
0;20.1028,43.6372;31236;;Podmalić
0;20.1606,43.6539;31236;;Brđani
0;20.1667,43.6664;31236;;Žirovanj
0;20.2021,43.6607;32235;;Ajdačići
0;20.2172,43.6625;32235;;Marići
0;20.2153,43.6486;32251;;Lauši
0;20.2443,43.6321;32258;;Jolovići
0;20.2436,43.6331;32258;;Milicevići
0;20.2128,43.6361;32251;;Vratonjići
0;20.2626,43.6546;32258;;Šulubure
0;20.2789,43.6556;32258;;Jankovići
0;20.3075,43.6411;32258;;Krdžići
0;20.3073,43.6581;32258;;Milići
0;20.3531,43.5903;32258;;Boskovići
0;20.3456,43.6155;32258;;Mečke
0;20.3169,43.6177;32258;;Milenkovići
0;20.2706,43.6094;32258;;Kušići
0;20.3117,43.5994;32258;;Jerotijevići
0;20.2881,43.5872;32258;;Zabrde
0;20.6896,44.4698;11406;;Rajkovac
0;20.5053,44.4864;11453;;Rovače
0;20.2736,43.5944;32258;;Obrenovići
5;20.4109,43.6522;32234;;Propljenica
5;20.4133,43.6931;32234;;Pajovići
0;20.5827,45.3862;23255;;Zlatica
0;20.2078,43.6011;32251;;Sađavac
0;20.2386,43.6221;32258;;Raščići
0;20.2203,43.6278;32251;;Drenova
0;20.1841,43.6021;32251;;Mala
0;20.5267,44.3750;34302;;Turija
0;20.1826,43.6139;32251;;Bukovica
0;20.1967,43.6128;32251;;Kolonija
0;20.1714,43.5929;32251;;Grbići
0;20.1293,43.5940;32251;;Senići
0;20.1537,43.6142;32251;;Varjače
0;20.1414,43.5792;32251;;Jevac
0;20.1616,43.5692;32251;;Danilivoći
0;20.1164,43.5617;32251;;Bare
0;20.1805,43.5860;32251;;Popovići
0;20.6781,44.2875;34310;;Blagojevići
0;20.2038,43.5614;32250;;Zarići
0;20.2054,43.5730;32250;;Šljivići
0;20.6678,44.3222;34312;;Četvorski Kraj
0;20.6817,44.3067;34312;;Nedeljkovići
0;20.6750,44.3331;34312;;Sumorina
0;20.2577,43.5764;32250;;Crnjevo
0;20.3041,43.5746;32258;;Donje Rzinje
0;20.3305,43.5714;32258;;Gornje Rzinje
0;20.3494,43.5839;32258;;Dukanci
0;20.5611,44.2606;34300;;Kamenar
0;20.5133,44.2625;34309;;Vrlaja
0;20.3788,43.5497;32252;;Privoje
0;21.7186,43.5289;18220;;Novo Naselje
0;20.3783,43.5486;32252;;Kosovina
0;20.3567,43.5539;32252;;Krasino Brdo
0;21.6914,43.5581;18220;;Aleksinački Rudnici Uglja
0;20.3856,43.5281;32253;;Grdan
0;20.3886,43.4972;32254;;Vrmbaje
0;20.3404,43.5223;32252;;Kojinovići
0;20.3252,43.5054;32252;;Dobri Do
0;20.3253,43.5047;32252;;Sredni Deo
0;20.2789,43.5483;32252;;Đuraši
0;20.2541,43.5355;32255;;Čitluk
0;20.2125,43.5155;32255;;Đokići
0;20.2107,43.5466;32255;;Grbići
0;20.2242,43.5500;32255;;Glavinići
0;20.1800,43.5358;32255;;Stanići
0;20.1853,43.5290;32255;;Milosavljevići
0;20.1958,43.5350;32255;;Ristići
0;20.1004,43.5534;32251;;Baulovići
0;20.1328,43.5237;32255;;Vrlet
0;20.1175,43.5156;32256;;Koprivnica
0;20.1031,43.5022;32256;;Kušići
0;20.1648,43.5016;32256;;Bratljevo
0;20.1830,43.5106;32255;;Marići
0;20.1718,43.5111;32255;;Butkovo
0;20.1453,43.5044;32256;;Bratuljevići
0;20.3761,43.5253;32252;;Mlanča
3657;20.5712,45.7629;23314;;Rusko Selo
434;20.0226,45.8026;24430;;Sterijino
0;20.0300,43.7475;31237;;Donje Selo
0;20.0222,43.7411;31237;;Vraneši
0;20.0381,43.7242;31233;;Radobuđa
0;20.5392,45.6436;23217;;Molin
0;20.0397,43.7064;31233;;Pantovići
0;20.0531,43.7117;31230;;Vojinovići
0;20.0727,43.7072;31236;;Krcevine
0;20.0778,43.7042;31236;;Novakovići
0;20.0764,43.6994;31236;;Dolina
0;20.0802,43.6932;31236;;Mala
0;20.0875,43.6864;31236;;Kućište
0;20.6289,44.3244;34308;;Lipar
0;20.6011,44.2992;34304;;Svabići
0;20.6225,44.2933;34304;;Marinovac
0;20.6414,44.2953;34304;;Katanići
0;20.0480,43.6735;31234;;Kut
0;20.0539,43.6736;31234;;Bokare
0;20.0528,43.6931;31236;;Kaljevići
0;20.0723,43.6650;31236;;Plješivac
0;20.0753,43.6588;31236;;Stakići
0;20.0656,43.6558;31234;;Dobrače
0;20.0803,43.6455;31236;;Miloševići
0;20.0640,43.6347;31234;;Đurđevići
0;20.0370,43.6281;31234;;Lukovići
0;20.0331,43.6364;31234;;Popovići
0;20.0053,43.6300;31234;;Radovići
0;20.6331,44.2683;34304;;Riznica Kraj
0;20.0842,43.6053;31234;;Kruševlje
0;20.0974,43.5951;32251;;Klepani
5;20.7019,43.5100;36343;;Zupanjci
0;20.8944,44.3017;11411;;Jackovići
0;20.0539,43.5921;31234;;Miloradovići
0;20.0978,43.5759;32251;;Maće
0;20.0776,43.5626;32251;;Stišovići
0;20.0775,43.5631;32251;;Radojičići
0;20.0804,43.5478;32251;;Gaj
0;20.0889,43.5619;32251;;Đelkape
0;20.0431,43.5594;31234;;Đurišići
0;20.0508,43.5456;31234;;Kurćube
0;20.0341,43.5322;31322;;Vujaši
0;20.0547,43.5531;31234;;Osredak
0;20.0646,43.5254;31322;;Stragačina
0;20.0911,43.5372;32255;;Jovančevići
0;20.0922,43.5147;32256;;Vidakovići
0;20.0534,43.5025;31322;;Podjavor
5;20.6439,43.5806;36343;;Sošanica
5;20.6511,43.5314;36343;;Gajovići
5;20.7194,43.5892;36343;;Sokolja
0;20.7414,43.6058;36214;;Vlasac
421;20.8774,43.5035;37238;;Bzenice
5;20.8870,43.5078;37238;;Colići
5;20.8645,43.5102;37238;;Paklenik
5;20.8219,43.5219;37237;;Burmazi
5;20.8264,43.5392;36217;;Garešnica
5;20.9351,43.5029;37238;;Strmenica
5;20.9272,43.5081;37238;;Boskovici
5;20.9688,43.4897;37233;;Vrbnica
5;20.9947,43.5236;37233;;Jevtovići
5;20.9006,43.5311;37238;;Čuka
5;20.9161,43.5386;37238;;Iričani
5;20.9003,43.5464;37238;;Miodragoviči
5;20.8419,43.5632;36217;;Biserske Kuće
5;20.9404,43.5435;37233;;Drenovača
5;20.9392,43.5414;37233;;Dumak
5;20.9266,43.5631;36217;;Vladenac
5;20.9064,43.5603;36217;;Ceperkovići
5;20.9705,43.5802;37240;;Mala Popina
0;20.2005,44.3275;14225;;Bogovađa
5;20.9413,43.6111;36210;;Dublje
5;20.9668,43.6284;37240;;Stražba
0;20.1419,44.2842;14242;;Mušić
0;20.1134,44.2862;14242;;Donja Toplica
0;20.2388,44.2613;14240;;Ševići
0;20.8314,43.6411;36215;;Đurovići
5;20.8389,43.6521;36215;;Belobrđani
5;20.8496,43.6575;36216;;Đurđići
5;20.8539,43.6611;36216;;Tominac
5;20.8281,43.6542;36215;;Saovci
0;21.0386,44.8388;26225;;Deliblato
0;21.8065,43.7210;18236;;Vlaško Selo
5;20.7878,43.6811;36214;;Kamenčka Mala
0;21.0211,44.3322;11320;;Bresje
0;20.3889,43.7697;32232;;Grujovići
0;20.3736,43.7878;32232;;Đurovići
0;20.3651,43.7616;32232;;Cendići
0;20.5082,44.6174;11232;;Brđani
0;20.3806,43.7536;32232;;Rakićevići
0;20.3299,43.7682;32232;;Surudžici
0;20.3578,43.7533;32232;;Ječmenice
0;20.3594,43.7658;32232;;Pantovići
0;20.3486,43.7747;32232;;Nikolići
0;20.3494,43.7833;32232;;Stranjanci
0;21.1070,44.4131;11318;;Trnovče
0;20.3367,43.7825;32232;;Kneževići
0;20.3146,43.7960;32232;;Popovići
0;21.0244,44.4450;11316;;Paučina
0;20.2958,43.8031;32232;;Petrovići
0;21.0481,44.3942;11319;;Čagljevo
5;20.7053,43.6350;36221;;Cerovak
0;21.0728,44.4113;11319;;Savanovac
0;20.3178,43.7994;32232;;Rasovac
0;21.0472,44.3621;11323;;Kruševo
0;21.0579,44.3113;11320;;Pokajnica
0;20.3119,43.8058;32232;;Žimonjići
0;21.0031,44.2842;11324;;Neskovici
0;21.0061,44.2619;11324;;Kupusina
0;21.0336,44.2500;11325;;Odzaćki Kraj
0;21.1119,44.3075;11324;;Kovačeva Kruška
0;21.3222,44.2631;12307;;Izvor
0;21.3880,44.2425;12309;;Cerovak
0;21.4167,44.2567;12309;;Mailovići
0;21.4945,44.3954;12305;;Porosanica
0;21.3782,44.3991;12315;;Drobež
0;21.4489,44.4225;12304;;Zgrčoni
5;20.9028,43.6750;36216;;Srmušnjak
0;21.3786,44.4289;12315;;Trnovče
5;20.8792,43.6897;36220;;Lučica
0;21.4459,44.4342;12304;;Trajonji
0;21.4349,44.4355;12304;;Paprikonji
0;21.4285,44.4461;12304;;Jokonji
0;21.4475,44.4472;12304;;Zgrčoni
0;21.4721,44.4613;12304;;Mala Stana
0;21.4545,44.4719;12304;;Velika Stana
0;21.3396,44.4739;12315;;Đorđevići
0;21.3228,44.4794;12315;;Pilonji
0;20.3543,44.9776;22306;;Vrbovski
0;21.5379,44.4506;12304;;Petrže
0;21.5741,44.4763;12304;;Brezovica
0;21.4981,44.4709;12304;;Znamenj
0;20.1118,44.5382;11507;;Lončanik
0;20.1360,44.5344;14212;;Brović
0;20.1042,44.5179;14212;;Milorci
0;20.2832,43.7730;32233;;Milutinovići
0;20.3089,43.7733;32232;;Jevremci
0;20.2655,43.7882;32230;;Rnjaci
0;20.2869,43.7977;32232;;Lužani
0;20.2542,43.7986;32230;;Novakovići
0;20.1155,43.7684;31230;;Nedeljkovići
0;20.1971,43.7565;32230;;Gornja Kravarica
0;20.1764,43.7580;32230;;Mihajlovići
0;20.1891,43.7690;32230;;Ilići
0;20.2044,43.7667;32230;;Baralići
0;20.2124,43.7766;32230;;Rajići
0;20.2203,43.7692;32230;;Prolići
0;20.2332,43.7546;32230;;Dramlići
0;20.2289,43.7639;32230;;Anđelići
5;20.9780,43.7010;35264;;Panjak
0;20.2093,43.7521;32230;;Stanojevići
0;20.2344,43.7932;32230;;Dostanići
0;20.3096,44.6609;11260;;Rucka
0;20.2690,44.5685;11506;;Baljevac
0;20.2058,43.7956;32230;;Pajovići
0;20.1961,44.6445;11500;;Belo Polje
0;20.1600,44.6733;11505;;Trudbenik
0;20.1504,43.8374;32240;;Krstac
0;20.0980,43.8489;32240;;Pilatovići
0;20.1634,44.5098;14212;;Rupljani
0;20.1267,43.8492;32240;;Derad
0;20.2137,44.2441;14240;;Milavac
0;20.3172,43.9450;32205;;Vranicko Selo
0;20.3186,43.9722;32303;;Cukovac
0;20.0761,44.6597;11509;;Vrovi
0;20.3228,43.9611;32303;;Zorački Potok
0;20.1679,44.2230;14243;;Gornja Toplica
0;20.2992,43.9511;32205;;Trsine
0;21.1956,44.7350;12208;;Selo Kostolac
0;21.9460,44.0908;19215;;Beljevina
0;21.9778,44.0884;19215;;Zlača
0;20.2572,43.9633;32308;;Beke
0;20.2475,43.9656;32308;;Kućići
0;20.2678,43.9436;32205;;Topalovići
5;20.9912,43.7234;35264;;Borčanska Mala
0;20.2864,43.9281;32205;;Kraj
5;20.9871,43.7335;35264;;Sudimska Mala
0;20.2267,43.9372;32242;;Caganje
0;20.2062,43.8694;32243;;Sadljike
0;20.2039,43.8758;32243;;Popovići
0;20.1744,43.8600;32240;;Rađenovići
0;20.1794,43.8744;32242;;Tomići
0;21.4953,44.0125;35233;;Bigrenica
0;20.2256,43.8528;32243;;Jovaševići
0;20.1549,43.8476;32240;;Lisice
0;20.3604,44.0243;32304;;Savinac
0;20.1683,43.8428;32240;;Kukići
0;20.0960,44.0301;32308;;Pavlovici
0;20.3365,43.7740;32232;;Goračići
0;20.3392,43.7567;32232;;Donji Plazinići
0;20.3133,43.7506;32233;;Zečevići
0;20.3117,43.7592;32232;;Mikanovići
0;20.1715,43.7768;32230;;Donja Kravarica
0;20.8253,43.7408;36206;;Srdovinska Mala
0;20.1649,43.7702;32230;;Kovačevići
0;20.1642,43.7703;32230;;Vasilići
5;20.7961,43.7422;36206;;Grabovska Mala
0;20.6839,43.7231;36000;;Pančevo
5;20.7111,43.7300;36000;;Magnohrom
5;20.5017,43.5072;32253;;Leskovica
5;20.5250,43.5158;32253;;Selište
5;20.5133,43.5022;32253;;Dolevi
5;20.5208,43.5233;32253;;Barice
0;21.4364,44.0272;35213;;Gornje Medare
5;20.5375,43.5650;32253;;Rakici
5;20.5547,43.5630;32253;;Prisojnica
0;21.4575,44.0075;35233;;Donje Medare
5;20.5224,43.5836;32253;;Vežanj
5;20.5489,43.5850;36341;;Kaludrice
5;20.5842,43.5058;36343;;Odmejie
5;21.6676,44.5248;12240;;Šumeća
0;20.0661,44.1672;14244;;Donji Kovačevići
0;20.0887,44.1521;14244;;Gornji Kovačevići
0;20.4963,44.5155;11453;;Stojnik
0;20.0377,44.2807;14222;;Klašnić
8519;20.4255,44.9429;11213;;Padinska Skela
808;20.4232,44.9079;11213;;Kovilovo
0;20.4795,44.9359;11213;;Glogonjski Rit
5;21.6796,44.4985;12240;;Vrelo
5;20.5833,43.5279;36343;;Dojovi
5;21.6491,44.5428;12257;;Staro Selo
5;21.7003,44.5356;12255;;Cebrišonj
5;21.6919,44.5158;12240;;Marica
0;21.9189,44.1791;12320;;Omanje
0;21.9519,44.2250;19258;;Lipa
5;21.7300,44.5263;12255;;Burgionji
5;21.7275,44.5200;12255;;Plješćicanji
5;21.6643,44.5185;12240;;Tomonj
5;21.6494,44.5158;12240;;Pod Dulom
0;21.7892,44.5000;12256;;Valja Srbaska
5;21.8182,44.5036;12256;;Ciganska Brodica
5;21.7436,44.5686;12255;;Vukosava
5;21.8007,44.5896;12230;;Ključata
5;20.5193,43.6016;36341;;Zapaleže
5;20.5098,43.6118;36341;;Dubočica
5;21.7499,44.6315;12230;;Rakovica
5;20.5411,43.6256;36341;;Tršljice
5;20.5358,43.6392;36341;;Banjanci
5;20.5561,43.6473;36341;;Luke
5;20.5908,43.6581;36341;;Crna Reka
5;20.5364,43.6553;36341;;Banja
5;20.5217,43.6735;36341;;Cudak
0;21.9919,43.6321;18232;;Vrelo
0;21.9578,43.6339;18237;;Pašino Polje
5;20.5382,43.6915;36341;;Petrovac
5;20.5178,43.6983;36205;;Porede
5;20.5281,43.7033;36205;;Capljak
5;20.5125,43.7133;36205;;Roćevici
5;20.5207,43.7226;36205;;Nikolići
5;20.5150,43.7378;36205;;Sajkovac
0;20.0901,44.4195;14210;;Murgaš
0;20.0186,43.9775;31213;;Matovići
0;20.0056,43.9622;31213;;Bogdanovići
0;20.0278,43.9386;31213;;Maslaći
0;20.0808,43.9192;31215;;Tabanovići
5;20.6542,43.6944;36221;;Žiča
0;20.0143,43.9309;31213;;Vučicevići
5;20.6746,43.6845;36221;;Trešnjar
0;20.0541,43.9084;31215;;Ostojići
0;20.0944,43.9150;31215;;Pavlovići
5;20.6469,43.6455;36221;;Gradi
0;20.0105,43.8899;31210;;Miljakovina
0;20.0891,43.7739;31230;;Grdovići
0;20.0628,43.7529;31230;;Grabovik
0;20.0809,43.8172;31210;;Svilaići
0;20.0322,43.7700;31237;;Nikolići
0;20.0147,43.7619;31237;;Gornje Selo
0;20.0312,43.7572;31237;;Stojkovići
0;20.0433,43.7996;31237;;Mićići
0;20.0139,43.8044;31237;;Šengolje
0;20.0197,43.8106;31210;;Ćirjanići
0;20.0008,43.8031;31237;;Rupeljevo
0;20.6839,43.5889;36343;;Došići
5;20.6619,43.6069;36221;;Jelova
0;21.4367,44.1801;35212;;Orašje
5;20.6927,43.6309;36221;;Kamidžora
5;20.6953,43.6617;36221;;Trebićska Mala
5;20.6644,43.7478;36203;;Boljkovac
0;21.5558,44.0706;35215;;Bučar
0;21.5867,44.0603;35215;;Makvište
0;21.5614,44.0400;35237;;Ravna Reka
0;21.5825,44.0261;35234;;Mala Ravna Reka
0;21.4969,44.0172;35233;;Staro Selo
0;21.5625,44.1014;35215;;Vodna
0;21.5867,44.0756;35215;;Novo Selo
0;21.6450,44.5919;12257;;Tumane
5;20.5299,43.7169;36205;;Laz
5;20.5031,43.7067;36205;;Duboki
5;21.6673,44.5739;12257;;Prisoj
5;21.6812,44.5661;12257;;Funjduri
5;21.7085,44.5654;12255;;Ulmu
0;22.0800,43.6556;19369;;Nenadovci
0;20.4608,44.3956;34306;;Udbina
0;20.4814,44.3819;34306;;Kamenica
0;22.0330,43.6142;18232;;Levovik
5;22.5019,44.2422;19300;;Vidrov Grad
5;22.5022,44.2389;19300;;Badnjevo
5;20.4242,43.5039;32253;;Jaćovac
5;20.4464,43.5039;32253;;Miliće
5;20.4602,43.5057;32253;;Šiće
5;20.4646,43.5177;32253;;Ralenovići
5;20.4881,43.5142;32253;;Brezova
0;21.5361,44.3997;12305;;R. Uglja
5;20.4774,43.5364;32253;;Stramošnik
5;20.4873,43.5442;32253;;Rastište
5;21.6124,44.5205;12257;;Smiljana
5;20.4753,43.5529;32253;;Glavo
5;20.4592,43.5570;32253;;Ornice
5;22.5144,44.2019;19300;;Bratujevačke Pionice
0;21.4058,44.3425;12306;;Gradac
0;21.4122,44.3542;12300;;Šipa
0;22.1873,43.5473;19362;;Podvis
0;21.4008,44.3701;12300;;Panarija
0;21.4754,44.3897;12305;;Stanulovac
0;21.3883,44.4378;12315;;R. Uglja
0;21.3992,44.4528;12315;;Bunetić
0;21.3389,44.4546;12315;;Selište
5;21.8898,44.5253;12255;;Trstenik
5;20.4214,43.7362;32234;;Majstoroviči
5;20.4467,43.7443;32234;;Lišani
5;20.4638,43.7259;36205;;Vesovici
0;21.1359,43.9710;35203;;Prnjavor
0;21.1056,43.9612;35273;;Donji Mišević
0;21.0525,43.9604;34206;;Mitrovicka Mala
0;22.2022,43.6867;19369;;Koželj
0;22.1356,43.6567;19369;;Osoje
0;22.1622,43.6383;19368;;Umljane
0;21.0389,43.5553;37243;;Velika Jasikovica
0;22.1497,43.6489;19368;;Rusalnica
0;22.1314,43.6078;19368;;Slatina
0;21.2765,43.9536;35270;;Kolonije
0;21.2573,43.9318;35261;;Bresje
0;21.1960,43.9384;35272;;Kovačevac
0;21.1927,43.9216;35272;;Divljača
0;21.1253,43.9253;35273;;Donja Vrba
0;21.0401,43.9244;34206;;Vučkovac
0;21.0988,43.5958;37243;;Donja Počekovina
0;21.0042,43.5077;37233;;Petkovici
0;21.0086,43.5136;37233;;Stambolici
0;21.0758,43.5015;37230;;Srnjani
0;21.0936,43.5114;37236;;Rudenice
0;21.0797,43.5117;37230;;Ivanovici
0;21.0520,43.5105;37230;;Punoševići
0;21.0940,43.5316;37243;;Pajsak
0;21.0675,43.5372;37243;;Bicani
0;21.1106,43.5574;37242;;Tobolac
0;21.0716,43.5677;37243;;Kamenjaca
0;21.0571,43.6277;37244;;Savran Mala
0;21.2528,43.5317;37231;;Kosovac
0;21.3077,43.5615;37000;;Pakašnica
0;21.3317,43.5583;37000;;Slobođište
0;21.3200,43.5633;37000;;Gornja Pakašnica
0;21.4098,43.5510;37202;;Pasjak
0;21.4622,43.5017;37203;;Cerjanska Mala
0;21.4477,43.5657;37256;;Novo Selo
0;21.4875,43.5885;37256;;Panjkonac
0;20.2714,44.6383;11504;;Barđanski Kraj
0;21.3633,43.6069;37000;;Reka
0;20.2792,44.6181;11261;;Šumadija
0;20.2964,44.5925;11427;;Rašićev Kraj
0;21.4058,43.6728;37212;;Stalać Grad
5;22.5006,44.3614;19322;;Novo Selo
5;22.5542,44.3056;19330;;Kusjak
0;20.1292,43.7464;31230;;Ičelići
0;20.1453,43.7225;31230;;Donji Đukići
0;21.0534,43.6554;37244;;Rataj Mala
0;21.0147,44.0064;34210;;Bukorovac
0;21.0410,44.0115;34210;;Drenak
0;21.1286,43.6635;37246;;Isailova Mala
0;21.1203,43.6706;37246;;Pantićka Mala
0;21.1814,43.6433;37254;;Konjuh
0;21.1178,44.1242;34228;;Đunis-Mala
0;21.2922,44.1069;35241;;Dobra Voda
0;21.0486,44.2293;11325;;Pinosava
0;21.0998,44.0519;35269;;Pišljak
0;21.0893,44.0492;35269;;Kusača
0;21.0600,44.0608;35269;;Potočari
0;21.0019,44.0992;34229;;Niksić
0;21.0125,44.1150;34229;;Grnčarica
0;21.0430,44.1484;34227;;Gornja Batočina
0;21.0534,44.1570;34227;;Batočina
0;21.0733,44.1406;34227;;Loznica
0;20.9997,44.2058;34213;;Vučić
0;20.1278,43.6569;31236;;Donje Radaljevo
0;20.1711,43.6319;32251;;Gornje Radaljevo
0;20.2348,43.6351;32258;;Lisa
0;21.2741,44.0362;35271;;Kočino Selo
0;21.2531,44.0341;35271;;St. Lanište
0;21.3342,43.6689;37262;;Bukovik
0;21.0094,43.8907;34206;;Dubrava
0;20.3483,44.8025;11271;;Ledine
0;21.1393,43.9138;35273;;Osredak
0;21.2336,44.0406;35271;;Z. st Lanište
0;21.6597,43.7961;37218;;Obradova Stolica
0;21.2605,44.0587;35271;;Jakovic
0;20.9895,44.1741;34213;;Trska
0;21.0008,44.1919;34213;;D. Panjirac
0;21.6278,43.8708;35255;;Dečje Letovalište
0;21.6061,43.8550;35255;;Kilsura
0;21.6006,43.8383;35255;;Mala Klačevica
0;21.2731,44.2128;35211;;Starinovići
0;21.0886,43.7439;35267;;Braštčska Mala
0;21.1381,43.7028;37246;;Orlovac
0;21.1436,43.7089;37246;;Rakićka Mala
0;21.7048,43.9698;35234;;Troglan Bara
0;21.0558,43.7747;35264;;Mala Kaludra
0;21.0634,43.7908;35265;;Donja Sibnica
0;21.0956,43.7938;35265;;Gornji Parlog
0;21.0378,43.8352;35260;;Voljevac
4;21.5926,43.5100;18213;;Drenovak
0;21.5727,43.6176;18224;;Jasenje
0;21.5561,43.6650;37215;;Sabazovica
0;21.4544,43.9258;35254;;Bukovica
0;21.3144,43.9106;35270;;Gornji Jovac
0;21.3211,43.9381;35236;;Donji Majur
0;21.3049,43.8724;35248;;Mala Trešnjevica
0;21.3837,43.8344;35250;;Livade
0;21.3771,43.8489;35250;;Jelenje
0;21.4717,43.8147;35256;;Dubrava
0;21.5022,43.7697;37216;;Stari Bračin
0;21.5719,43.9815;35234;;Topolovac
0;21.5439,43.9733;35234;;Crvena Jabuka
0;21.5599,43.7587;37213;;Bojište
0;20.4416,44.8597;11211;;Crvenka
0;20.4056,44.8281;11080;;Tošin Bunar
0;20.4758,44.7783;11000;;Voždovac
0;20.4069,44.7519;11000;;Bele Vode
0;20.4578,44.7561;11000;;Železnička Kolonja
6000;20.4378,44.7567;11000;;Filmski Grad
0;20.3335,44.9595;22304;;Nova Četvorka
0;20.5600,44.9180;11212;;Jalučki Rit
0;20.5017,44.8161;11000;;Karaburma
0;20.5267,44.8181;11215;;Rospi Ćuprija
0;20.5321,44.7747;11130;;Zvezdara
0;20.5236,44.8481;11212;;Reva
0;20.6569,44.8486;26101;;Topola
0;20.7411,44.8727;26232;;Vrana
0;20.6983,44.9000;26101;;Salaši
0;20.1589,44.6747;11505;;Breska
0;20.3306,44.6931;11260;;Pećani
0;20.0881,44.6286;11508;;Donji Kraj
0;20.0868,44.6210;11508;;Lužanski Kraj
0;20.1292,44.6056;11507;;Vidanski Kraj
0;20.0752,44.5994;11508;;Brađanski Kraj
0;20.1114,44.5944;11508;;Todorovića Kraj
0;20.1167,44.5889;11507;;Stublinski Cigani
0;20.0169,44.6317;11508;;Ušće
0;20.0405,44.6083;11508;;Pljoštara
0;20.1998,44.6618;11500;;Rvati
0;20.1833,44.6433;11500;;Bošnjaci
0;20.1761,44.6450;11500;;Gaj
0;20.1611,44.6458;11500;;Donji Kraj
0;20.1639,44.6275;11500;;Gornji Kraj
0;20.1456,44.5950;11507;;Jardanski Kraj
0;20.1761,44.5933;11506;;Srednji Kraj
0;20.1458,44.5844;11507;;Perića Kraj
0;20.1314,44.5842;11507;;Lazarevića Kraj
0;20.2431,44.6136;11506;;Čolakovica Potok
0;20.2217,44.5958;11506;;Draževac
0;20.1164,44.6642;11509;;Brgulice
0;20.3450,44.6281;11426;;Tarajiš
0;20.3681,44.6275;11426;;Smrdan
0;20.3053,44.6392;11261;;Nikolića Kraj
0;20.3150,44.6453;11261;;Drenjanski Kraj
0;20.2944,44.6400;11261;;Šarčevića Kraj
0;20.2600,44.6403;11504;;Jezerski Kraj
0;20.2500,44.5931;11506;;Draževac
0;20.3017,44.6122;11427;;Tarajiš
0;20.3736,44.7300;11251;;Kolonija
0;20.4316,44.7245;11194;;Kijevo
0;20.4661,44.6442;11460;;Šiganski Gaj
0;20.4872,44.6414;11232;;Velika Palanka
0;20.4582,44.6362;11460;;Lipovica
0;20.4381,44.6319;11460;;Ćosine Kolibe
0;20.4089,44.6339;11426;;Lipovićka Mehana
0;20.4411,44.6179;11460;;Nenadovac
0;20.4522,44.6150;11460;;Glumčevo Brdo
0;20.4625,44.6186;11460;;Široki Rt
0;20.4605,44.6165;11460;;Vučenac
0;20.4658,44.6225;11460;;Dražanovac
0;20.4728,44.6006;11460;;Ciganske Kuće
0;20.4625,44.5949;11460;;Stražarija
0;20.4505,44.6004;11460;;Srednji Kraj
0;20.4547,44.6089;11460;;Barajevo
0;20.4485,44.5893;11460;;Karaula
0;20.4709,44.5871;11460;;Vitkovica
0;20.3967,44.6603;11253;;Ciganske Kuće
0;20.6044,44.7289;11307;;Donja Kapija
0;20.6075,44.7208;11307;;Gornja Kapija
0;20.5433,44.7344;11130;;Bubanj Potok
0;20.5447,44.7028;11225;;Brđani
0;20.5561,44.6936;11225;;Repnica
0;20.5111,44.6619;11232;;Stepašinovac
0;20.5244,44.6464;11232;;Erčani
0;20.5375,44.6461;11232;;Smrdan
0;20.5789,44.6806;11224;;Avramovići
0;20.6017,44.6689;11224;;Donja Mala
0;20.5911,44.6664;11224;;Gornja Mala
0;20.5887,44.6527;11224;;Pobrđani
0;20.5894,44.6464;11224;;Malo Polje
0;20.5968,44.6467;11224;;Ravnine
0;20.5847,44.6317;11224;;Pečine
0;20.6009,44.6268;11224;;Kremenac
0;20.5456,44.6350;11232;;Pavićevac
0;20.5129,44.6356;11232;;Ramača
0;20.5014,44.6439;11232;;Palanka
0;20.4972,44.6247;11232;;Ciglanske Kuće
0;20.5728,44.6533;11224;;Ciganska Mala
0;20.5850,44.6611;11224;;Bajića Kraj
0;20.5458,44.6346;11232;;Prnjavor
0;20.6308,44.6742;11224;;Jankoviči
0;20.6819,44.6314;11308;;Brđani
0;20.5629,44.6099;11233;;Bošnjaci
0;20.5881,44.6172;11233;;Drobnjaci
0;20.6078,44.5975;11233;;Ristići
0;20.6042,44.5875;11233;;Božanići
0;20.5925,44.5875;11233;;Vlasi
0;20.5758,44.5859;11233;;Grkova
0;20.5233,44.5919;11233;;Ravan Gaj
0;20.5158,44.5889;11233;;Drenovac
0;20.5108,44.5972;11460;;Crkvine
0;20.5133,44.5722;11233;;Mala Polja
0;20.5200,44.5725;11233;;Šijaški Kraj
0;20.5850,44.5669;11233;;Gaglovo
0;20.6028,44.5647;11233;;Javor
0;20.6086,44.5696;11233;;Žabare
0;20.6122,44.5642;11235;;Mudrovo
0;20.6150,44.5583;11235;;Vodice
0;20.5953,44.5619;11233;;Drumine
0;20.5953,44.5200;11450;;Senja
0;20.5103,44.5356;11453;;Mala Mlaka
0;20.5078,44.5117;11453;;Hajdukovački Kraj
0;20.5794,44.5107;11450;;Ropočevo
0;20.5150,44.5664;11233;;Brđani
0;20.6444,44.5705;11235;;Brestovi
0;20.7239,44.5644;11430;;Reka
0;20.6211,44.5294;11450;;Simic Kraj
0;20.6333,44.5205;11450;;Cigan-Mala
0;20.6686,44.5075;11406;;Šiševica
0;20.7411,44.5247;11433;;Gornja Dubona
0;21.4950,43.5275;37204;;Sušica
0;21.4969,43.5592;37256;;Kaonik
0;21.5091,43.7428;34211;;Jovanovac
0;21.5100,43.7469;34211;;Bračin
0;21.7161,43.5400;18220;;Palilula
0;21.7069,43.5331;18220;;Kukiš
0;21.8269,43.7158;18236;;Gornja Mala
0;21.8261,43.7036;18236;;Selište
0;21.7486,43.6922;18234;;Kalovat
0;21.7711,43.6461;18227;;Ravna Šuma
0;21.8319,43.6397;18230;;Čučunje
0;21.9594,43.7450;18235;;Golemo Rujište
0;21.8872,43.6364;18230;;Lepterija
0;21.9408,43.6294;18237;;Pavlovska Mala
0;21.9517,43.6272;18237;;Matinci
0;21.9603,43.6294;18237;;Kamenjarci
0;22.0250,43.6450;18232;;Čitluk
0;22.0403,43.6436;18232;;Ravanci
0;21.5567,43.3992;18214;;Vukanja
0;21.5008,43.4839;37259;;Obrež
0;21.5728,43.3919;18214;;Klisura
0;21.6078,43.3486;18405;;Pavlovići
0;21.6076,43.3413;18405;;Gornja Devča
0;21.5869,43.3344;18405;;Roganci
0;21.5697,43.3281;18405;;Gornji Petrovac
0;21.6035,43.3222;18405;;Donja Devča
0;21.6086,43.3175;18405;;Grčka Mala
0;21.6003,43.3125;18405;;Lipovica
0;21.4964,43.2903;18404;;Donja Rečica
0;21.5481,43.2519;18421;;Rangina Mala
0;21.5168,43.2610;18421;;Bosance
0;22.2275,43.7267;19340;;Marinovac
0;22.2314,43.7323;19347;;Duga Rudina
0;22.2364,43.7297;19347;;Čičkovac
0;22.2261,43.7158;19340;;Stubal
0;22.2150,43.7007;19340;;Vučijići
0;22.2150,43.6964;19340;;Trenići
0;22.2100,43.6942;19340;;Gradine
0;22.2046,43.5892;19367;;Sastavci
0;22.2175,43.5033;19362;;Raskrsje
0;22.3164,43.7418;19347;;Nenedica
0;22.3161,43.7339;19347;;Krčeta
0;22.2772,43.7338;19347;;Albanija
0;22.3694,43.6611;19340;;Ošljane
0;22.2875,43.5590;19350;;Dubrava
0;22.3748,43.6765;19340;;Staro
0;22.4030,43.6541;19340;;Belbradić
0;22.3887,43.6720;19340;;Konjski Del
0;22.4211,43.5008;19352;;Gornji Dejanovac
0;21.5783,42.3297;17523;;Isevuk Mahala
0;21.5972,42.3150;17523;;Zimerska Mahala
0;21.5937,42.3123;17523;;Asmanska Mahala
0;21.7028,42.5000;17528;;Mali Trnovac
0;21.8622,42.4003;17524;;Prekoriđanci
0;21.8594,42.3964;17524;;Polomarci
0;21.8189,42.4014;17524;;Srednja Mahala
0;21.8206,42.4069;17524;;Donja Mahala
0;21.8206,42.3992;17524;;Gornja Mahala
0;21.8011,42.4158;17520;;Grujinci
0;21.8539,42.3761;17524;;Davolci
0;21.8678,42.3814;17524;;Karajanci
0;21.5602,42.3362;17523;;Ahmote
0;21.5719,42.3581;17523;;Džin
0;21.5902,42.3304;17523;;Stanevce Mahala
0;21.5356,42.3456;17523;;Adżt
0;21.6756,42.4686;17528;;Muadžiri
0;21.6938,42.4601;17528;;Brisić
0;21.7457,42.4901;17528;;Nova Kolonija
0;21.8097,42.4725;17521;;Srpska Kuća
0;21.8042,42.4694;17521;;Kraljeva Kuća
0;21.8535,42.4916;17521;;Donji Pavlovac
0;21.8977,42.4844;17521;;Aleksandrovac
0;21.8956,42.4439;17521;;Žbevačka Mahala
0;21.8869,42.4419;17521;;Đoganci
0;21.8636,42.4375;17521;;Popovci
0;21.8686,42.4369;17521;;Dunđerska Mahala
0;21.8650,42.4336;17521;;Nikolinska Mahala
0;21.8609,42.4627;17521;;Gornji Ristovac
0;21.8350,42.4339;17521;;Cincar Mahala
0;21.6975,42.4525;17528;;Sejace
0;21.6912,42.4557;17528;;Muadžiri
0;21.8403,42.4219;17521;;Rumenci
0;21.8472,42.4261;17521;;Linča Mahala
0;21.8556,42.4099;17524;;Zajkini
0;21.8456,42.4089;17524;;Krstinci
0;21.8774,42.4184;17524;;Đakovska Mahala
0;21.8814,42.4241;17524;;Mutavdžići
0;21.8707,42.4244;17524;;Kovačevci
0;21.8859,42.4031;17524;;Drežnica
0;21.8971,42.3840;17524;;Prisojska Mahala
0;21.8956,42.3796;17524;;Baraljevac
0;21.8718,42.3861;17524;;Bojadžici
0;21.8372,42.4062;17524;;Jastrebac
0;21.7839,42.3770;17522;;Novo Selo
0;21.7406,42.3803;17522;;Maala Šimšir
0;21.7435,42.3867;17522;;Korbska Maala
0;21.7437,42.3900;17522;;Trnovksa Maala
0;21.7296,42.3885;17522;;Donja Maala
0;21.6928,42.4022;17522;;Gramada
0;21.6191,42.3548;17523;;Loše Bukurovce
0;21.6693,42.3664;17523;;Gornja Šušaja
0;21.6896,42.3483;17522;;Donja Šušaja
0;21.6942,42.3715;17522;;Male Rajince
0;21.6801,42.3403;17523;;Kišinske Trle
0;21.7475,42.3419;17522;;Bratoselce
0;21.7554,42.3746;17522;;Hajdarska Mahala
0;21.7593,42.3529;17522;;Gornja Mahala
0;21.7961,42.3425;17522;;Kitanova Koliba
0;21.8105,42.3494;17522;;Obrušce
0;21.8411,42.3437;17524;;Jovanova Trla
0;21.8484,42.3660;17524;;Dodolarci
0;21.8525,42.3670;17524;;Gočobici
0;21.8555,42.3673;17524;;Bekrici
0;21.8484,42.3643;17524;;Leščarci
0;21.8551,42.3499;17524;;Pretina
0;21.8501,42.3532;17524;;Srednji Rid
0;21.8456,42.3601;17524;;Pikavci
0;21.8490,42.3696;17524;;Kačarci
0;21.8445,42.3761;17524;;Šopci
0;21.8656,42.3773;17524;;Kuštica
0;21.8779,42.3710;17524;;Meandžici
0;21.8754,42.3635;17524;;Bašejci
0;21.8736,42.3586;17524;;Cerovac
0;21.8789,42.3645;17524;;Donji Starac
0;21.8845,42.3531;17524;;Bostajnci
0;21.8802,42.3531;17524;;Popovci
0;21.8630,42.3326;17524;;Aritonova Mahala
0;21.8678,42.3303;17524;;Liskarce
0;21.8646,42.3275;17524;;Gornji Starac
0;21.8320,42.3308;17522;;Uzovo
0;21.8246,42.3256;17522;;Pikavske Trle
0;21.8179,42.3068;17522;;Rosulja
0;21.8033,42.3336;17522;;Marcanska Mahala
0;21.7942,42.3239;17522;;Sedmačka Mahala
0;21.7596,42.3266;17522;;Mahadžirska Mahala
0;21.7485,42.3116;17522;;Brezovčani
0;21.6077,42.3068;17523;;Nuiska Mahala
0;21.7677,42.2749;17522;;Karadačka Maala
0;21.7650,42.2717;17522;;Slavujevac
0;21.7638,42.2678;17522;;Garska Maala
0;21.7584,42.2745;17522;;Dolinci
0;21.7508,42.2892;17522;;Šatkin Vir
0;21.7442,42.2807;17522;;Čavadarci
0;21.7328,42.2737;17523;;Ašani
0;21.7158,42.2729;17523;;Mamince
0;21.6999,42.2837;17523;;Čukarka
0;21.6994,42.2922;17523;;Donja Mala
0;21.6819,42.2850;17523;;Trnavska Reka
0;21.6434,42.2850;17523;;Gornja Mala
0;21.6428,42.2886;17523;;Duška Mala
0;21.7111,42.2628;17523;;Cer
0;21.8902,42.4590;17521;;Donja Mahala
0;21.8899,42.4390;17521;;Dubci
0;21.8790,42.4456;17521;;Došljaci
0;21.7529,42.4102;17520;;Krajmirovac
0;21.8858,42.3863;17524;;Mezdraja
0;21.8497,42.3822;17524;;Marinci
0;21.8558,42.3832;17524;;Kovačevska Mahala
0;21.8520,42.3907;17524;;Veselinci
0;21.8529,42.3978;17524;;Isarci
0;21.7889,42.3756;17522;;Srednja Mahala
0;21.9325,42.5065;17501;;Brestovac
0;21.9454,42.5026;17501;;Dolinarci
0;21.9555,42.5059;17541;;Mladenovac
0;21.9418,42.5098;17501;;Jerinci
0;21.9478,42.5149;17501;;Šamin Do
0;21.9678,42.5252;17541;;Dulan
0;21.9618,42.5290;17541;;Đurinci
0;21.9319,42.5524;17501;;Suvi Dol
0;21.9484,42.5389;17541;;Jovanovci
0;21.9701,42.5351;17541;;Terzinci
0;21.9259,42.5731;17501;;Levorečani
0;21.9739,42.5564;17541;;Mečkari
0;21.9944,42.5373;17541;;Katalenac
0;21.9879,42.5531;17541;;Jovinci
0;21.9555,42.5455;17541;;Bara
0;21.9810,42.5106;17541;;Šopovi
0;21.9368,42.5574;17501;;Ćivlak
0;21.9033,42.5897;17501;;Pljačkovica
0;21.9563,42.5837;17541;;Osatica
0;21.9621,42.6067;17511;;Konopljarci
0;21.9700,42.6102;17511;;Vrla Strana
0;21.9583,42.6126;17511;;Malci
0;21.9906,42.6221;17511;;Kovačevci
0;21.9830,42.6247;17511;;Terzinci
0;21.9779,42.6418;17512;;Derenćani
0;21.9750,42.6352;17511;;Deda-Đorinci
0;21.9908,42.6392;17512;;Kačarci
0;21.9886,42.6477;17512;;Radošljavci
0;21.9594,42.6405;17511;;Cekarci
0;21.9684,42.6463;17512;;Paitljivci
0;21.9885,42.6612;17513;;Široka Padina
0;21.9551,42.6593;17513;;Bačevište
0;21.9358,42.6697;17507;;Slanište
0;21.9271,42.6534;17507;;Bukarci
0;21.9368,42.6624;17507;;Slaništari
0;21.9641,42.6745;17513;;Japanci
0;21.9635,42.6652;17513;;Rid
0;21.9687,42.6685;17513;;Karadince
0;21.9822,42.6695;17513;;Deda-Ilinci
0;21.9775,42.6763;17513;;Sadane
0;21.9004,42.6899;17507;;Dujkina Padina
0;21.8994,42.6958;17507;;Lanište
0;21.9931,42.7489;17510;;Jabukovo
0;21.9647,42.7467;17510;;Kukavica
0;21.9051,42.7462;17507;;Gornja Mahala
0;22.0525,42.4557;17508;;Anđelinkovci
0;21.9505,42.6389;17511;;Korijaska Mahala
0;21.9303,42.6308;17511;;Gola Čuka
0;21.9760,42.6203;17511;;Ristinska Mahala
0;21.9675,42.5448;17541;;Đordinska Mahala
0;21.9458,42.5347;17501;;Ategan Mahala
0;21.9469,42.5260;17501;;Donja Mahala
0;21.9683,42.5103;17541;;Anđelkovska Mahala
0;21.9812,42.4794;17508;;Drnosoje
0;22.0077,42.5098;17508;;Prekodolska Mahala
0;22.0113,42.5073;17508;;Donja Mahala
0;22.0404,42.5039;17508;;Čukarci
0;22.0282,42.5071;17508;;Musinci
0;22.0533,42.5126;17508;;Kitarci
0;21.9631,42.4715;17508;;Dedkovska Mahala
0;22.0089,42.5247;17541;;Barica
0;22.0258,42.5348;17541;;Blagun
0;22.0670,42.5353;17541;;Kušinci
0;22.0565,42.5478;17541;;Risteninci
0;22.0434,42.5489;17541;;Padalište
0;21.9131,42.4653;17521;;Crnotravci
0;22.0305,42.5538;17541;;Jovinčiki
0;22.0296,42.5614;17541;;Jasen
0;21.9816,42.4597;17508;;Konik
0;21.9878,42.4429;17508;;Preslapska Mahala
0;22.0659,42.5129;17508;;Barje
0;22.0893,42.5140;17508;;Konji -Rid
0;22.0920,42.5177;17508;;Garčinci
0;22.1120,42.5136;17508;;Gornja Mahala
0;22.1025,42.5050;17508;;Dubrava
0;22.1422,42.5170;17543;;Jurucka Mahala
0;21.9911,42.4229;17508;;Vučinci
0;21.9370,42.4237;17524;;Lukovci
0;21.9350,42.4196;17524;;Krnovac
0;21.9226,42.4183;17524;;Pločarci
0;21.9158,42.4209;17524;;Babatrenci
0;21.9164,42.4161;17524;;Bojnik
0;21.9022,42.4281;17524;;Ljubanci
0;21.9335,42.4266;17524;;Simonovac
0;21.9187,42.4058;17524;;Curčići
0;21.9252,42.4054;17524;;Pepelarci
0;21.9380,42.4079;17524;;Uzunce
0;22.1791,42.4737;17561;;Babina Poljana
0;22.1868,42.5432;17543;;Gornja Mahala
0;22.1602,42.5560;17543;;Cakina Bara
0;22.1812,42.5750;17543;;Stanimirovska Mahala
0;22.1101,42.5693;17543;;Sokolovac
0;22.1041,42.5660;17543;;Gornja Mahala
0;22.0881,42.5623;17545;;Gornja Sandija
0;22.1092,42.5558;17543;;Delinci
0;22.1048,42.5485;17543;;Drislja
0;22.1012,42.5421;17543;;Rudinje
0;22.0817,42.5470;17545;;Kičerci
0;22.0727,42.5734;17545;;Babin Dol
0;21.9628,42.3862;17524;;Vladovce
0;21.9620,42.3939;17524;;Gornja Mahala
0;21.9501,42.3975;17524;;Mlašinska Mahala
0;21.9508,42.4127;17524;;Nastavačka Mahala
0;21.9734,42.3965;17524;;Mezdraja
0;21.9692,42.3928;17524;;Despotovačka Mahala
0;21.9767,42.3820;17524;;Vukanska Mahala
0;21.9894,42.3834;17525;;Donja Mahala
0;21.9561,42.4210;17524;;Ristinci
0;21.9521,42.4313;17524;;Uroševci
0;21.9771,42.4124;17524;;Mišinska Mahala
0;21.9910,42.4089;17508;;Rošci
0;21.9753,42.4009;17524;;Markovska Mahala
0;21.9499,42.4161;17524;;Veljkovska Mahala
0;21.9087,42.3957;17524;;Totinci
0;21.9339,42.3979;17524;;Kalčinska Mahala
0;21.9252,42.3739;17524;;Gočobici
0;21.9217,42.3715;17524;;Kočevci
0;21.9432,42.3670;17524;;Zapađe
0;21.9603,42.3802;17524;;Dudinjska Mahala
0;21.9791,42.3727;17525;;Novo Selo
0;21.9396,42.3884;17524;;Bulutanska Mahala
0;21.9693,42.3655;17524;;Mišinska Mahala
0;21.9527,42.3585;17524;;Gavranska Mahala
0;21.9623,42.3453;17524;;Rajčevce
0;21.9082,42.3341;17524;;Kadiška Mahala
0;21.9087,42.3172;17524;;Delinovica
0;21.9656,42.3392;17525;;Garejska Mahala
0;22.0738,42.3731;17525;;Žabljak
0;22.0769,42.3818;17525;;Dunđerci
0;22.0648,42.3788;17525;;Đorinci
0;22.0746,42.3877;17525;;Čivčići
0;22.0960,42.3629;17525;;Grujinci
0;22.1081,42.3688;17525;;Đerekarce
0;22.1286,42.3608;17526;;Prisoje
0;22.1278,42.3664;17526;;Mirčinci
0;22.1317,42.3686;17526;;Pavunkovci
0;22.1450,42.3675;17526;;Gornja Padina
0;22.1556,42.3605;17526;;Gramađe
0;22.1287,42.3505;17525;;Vučinica
0;22.1392,42.3492;17526;;Ivje
0;22.1153,42.3901;17526;;Zladovce
0;22.1249,42.4075;17526;;Kolibje
0;22.1531,42.4292;17526;;Šarkovci
0;22.1409,42.4100;17526;;Donja Mahala
0;22.1647,42.4172;17526;;Angelince
0;22.1586,42.4058;17526;;Kucul
0;22.1336,42.4173;17526;;Đorđinci
0;22.1333,42.4219;17526;;Vrteška
0;22.1562,42.4383;17526;;Pekedanci
0;22.0161,42.5412;17541;;Petkovčiki
0;22.1256,42.4314;17526;;Jankovci
0;22.0286,42.5470;17541;;Puljinci
0;22.1269,42.4381;17526;;Mirdžinci
0;22.0510,42.5531;17545;;Paestorci
0;22.1225,42.4353;17526;;Albanci
0;22.0975,42.4336;17526;;Krstinska Mahala
0;22.0760,42.4445;17508;;Deda Stojkovci
0;22.0564,42.4494;17508;;Kućište
0;22.0017,42.5565;17541;;Džavarci
0;22.0021,42.5710;17541;;Čivlak
0;22.1767,42.4947;17543;;Šoinci
0;22.1677,42.4881;17561;;Donji Ramni Del
0;22.1977,42.4926;17561;;Karakondica
0;22.1762,42.4818;17561;;Stara Babina Poljana
0;22.1548,42.4791;17561;;Zaguzje
0;22.1686,42.4689;17561;;Stamirovac
0;22.1817,42.4658;17561;;Grnčarska Mahala
0;22.1739,42.4778;17561;;Valok
0;22.1833,42.4756;17561;;Postalica
0;22.1981,42.4700;17561;;Barica
0;22.1956,42.4825;17561;;Čičkovica
0;22.0120,42.5637;17541;;Cerovac
0;22.0258,42.5709;17545;;Zrzinci
0;22.1944,42.4786;17561;;Musinci
0;22.1486,42.4938;17543;;Kitka
0;22.1414,42.4739;17508;;Srpska Ornica
0;22.1425,42.4694;17526;;Šopci
0;22.1347,42.4632;17526;;Viti Bor
0;22.0454,42.5737;17545;;Mečkarnik
0;22.0553,42.5670;17545;;Jankerovci
0;22.0632,42.5632;17545;;Lingurci
0;22.1192,42.4881;17508;;Čukar
0;22.1261,42.4767;17508;;Reka
0;22.1161,42.4781;17508;;Đokinica
0;22.0975,42.4994;17508;;Cerak
0;22.1019,42.4952;17508;;Čorda
0;22.0868,42.5794;17545;;Pišuklinci
0;22.1092,42.5829;17543;;Prozorak
0;22.0608,42.5857;17545;;Donja Mahala
0;22.1142,42.4889;17508;;Donja Mahala
0;22.1122,42.4856;17508;;Bumbule
0;22.0900,42.4786;17508;;Jasikovac
0;22.0702,42.4939;17508;;Partljevica
0;22.0670,42.5986;17545;;Gornja Mahala
0;22.0775,42.4900;17508;;Trlište
0;22.0106,42.6024;17511;;Karadačka Mahala
0;22.0199,42.6178;17511;;Garvanica
0;22.0253,42.6228;17512;;Ristinska Mahala
0;21.9960,42.6300;17511;;Baba Karinci
0;21.9897,42.6364;17512;;Nikolinci
0;22.0331,42.6408;17512;;Donja Mahala
0;22.0769,42.4853;17508;;Prisoje
0;22.0063,42.6555;17513;;Kijevska Mahala
0;22.0156,42.6604;17513;;Grujinci
0;22.0161,42.6756;17513;;Markovci
0;22.1376,42.5889;17543;;Vratnište
0;22.0475,42.4897;17508;;Gornja Mahala
0;22.0603,42.4892;17508;;Ćosinci
0;22.1990,42.5990;17543;;Klinčarska Mahala
0;22.1704,42.6090;17543;;Dorđeviska Mahala
0;22.1867,42.6075;17543;;Marinkovska Mahala
0;22.1977,42.6776;17530;;Lokva
0;22.2061,42.6833;17530;;Deda Krstinci
0;22.1245,42.6686;17530;;Pepelarci
0;22.1303,42.6612;17530;;Kozoder
0;22.0502,42.6707;17513;;Drenovo
0;22.0499,42.6914;17510;;Paunkovci
0;22.0716,42.6897;17510;;Civlak
0;22.0736,42.6972;17510;;Oslarci
0;22.0135,42.7018;17513;;Marinkovci
0;22.0083,42.6954;17513;;Klinčari
0;22.0045,42.7013;17513;;Ljubinci
0;22.0127,42.7080;17510;;Rumenkinci
0;22.0167,42.7113;17510;;Kovačevci
0;22.0038,42.7149;17510;;Stojkovci
0;22.0303,42.7348;17510;;Selište
0;22.0318,42.7298;17510;;Ivkovci
0;22.0420,42.7283;17510;;Kun
0;22.0012,42.7423;17510;;Breza
0;22.0035,42.7323;17510;;Milenkovčani
0;22.0645,42.7426;17514;;Donja Mahala
0;22.0929,42.7317;17510;;Bigla
0;22.1481,42.7379;17530;;Padina
0;22.1599,42.7306;17530;;Čelište
0;22.0489,42.4997;17508;;Selčani
0;22.0242,42.4917;17508;;Obršina
0;22.0068,42.4952;17508;;Ristinci
0;22.1538,42.7023;17530;;Bijelo Polje
0;22.1369,42.7093;17530;;Zagužane
0;21.9900,42.4797;17508;;Drenje
0;22.1498,42.7094;17530;;Dugi Del
0;22.0042,42.4919;17508;;Stojkovci
0;22.1925,42.6975;17530;;Džukeline
0;22.1810,42.7075;17530;;Bogdanovci
0;22.1112,42.7109;17510;;Simidžiska Mahala
0;22.1205,42.7087;17530;;Čengovska Mahala
0;22.0961,42.7401;17514;;Donja Mahala
0;21.9996,42.4762;17508;;Pavlovci
0;22.0102,42.4734;17508;;Stanimirovci
0;22.0156,42.4783;17508;;Bunjčevi
0;22.0297,42.4794;17508;;Carci
0;22.1564,42.7220;17530;;Lipovnik
0;22.0186,42.4736;17508;;Rašince
0;22.1648,42.7177;17530;;Diminci
0;22.1739,42.7108;17530;;Krstinci
0;22.0219,42.4658;17508;;Markovska Mahala
0;22.1820,42.7223;17530;;Rdavac
0;22.1990,42.7217;17530;;Filipovci
0;22.1925,42.7151;17530;;Padina
0;22.0015,42.4515;17508;;Trnjivornica
0;22.0185,42.4539;17508;;Motina
0;22.0387,42.4418;17508;;Simonovci
0;22.0620,42.4451;17508;;Bogdanska Mahala
0;22.0236,42.4310;17508;;Puniševce
0;22.0247,42.4344;17508;;Dolinarska Mahala
0;22.0525,42.4281;17508;;Donja Mahala
0;22.0650,42.4369;17508;;Šundari
0;22.0539,42.4389;17508;;Kukicarci
0;22.0392,42.4325;17508;;Selište
0;22.0381,42.4256;17508;;Bara
0;22.0508,42.4614;17508;;Jovinci
0;22.0082,42.4044;17525;;Donje Selo
0;22.0228,42.4130;17508;;Čukinska Mahala
0;22.0267,42.4180;17508;;Đorinci
0;22.0008,42.4212;17508;;Margance
0;22.0063,42.4077;17525;;Milkovce
0;22.0074,42.4235;17508;;Bara
0;21.9955,42.3970;17525;;Satanska Mahala
0;22.0378,42.3804;17525;;Rapavica
0;22.0571,42.3661;17525;;Drasinica
0;22.0755,42.3542;17525;;Kitinci
0;22.0658,42.3489;17525;;Sastanci
0;22.0440,42.3643;17525;;Markov Rid
0;22.0217,42.3547;17525;;Lazarevo Dublje
0;22.0247,42.3567;17525;;Dumbija
0;21.9928,42.3748;17525;;Markovska Mahala
0;22.0169,42.3214;17525;;Srednja Mala
0;22.0460,42.3207;17525;;Mijajlince
0;22.0786,42.3133;17525;;Selište
0;22.1123,42.3131;17525;;Ilijinska Mala
0;22.0995,42.3098;17525;;Dodinska Mala
0;22.1248,42.3419;17525;;Gojanovac
0;22.1247,42.3379;17525;;Gojanova Maala
0;22.1836,42.4536;17561;;Vučkovci
0;22.1868,42.4517;17561;;Selište
0;22.1675,42.4578;17561;;Gabrika
0;22.1841,42.4432;17561;;Bosačka Mahala
0;22.1678,42.4297;17526;;Ribna
0;22.1717,42.4306;17526;;Zdravkovci
0;22.1747,42.4256;17526;;Milenovci
0;22.1711,42.4228;17526;;Trajkovci
0;22.1733,42.4156;17526;;Ivanovci
0;22.1886,42.4117;17526;;Šaranci
0;22.1969,42.4086;17526;;Trnjarci
0;22.1797,42.4053;17526;;Padine
0;22.1942,42.4000;17526;;Popovci
0;22.1853,42.3942;17526;;Dolina
0;22.1350,42.4375;17526;;Bobajaninci
0;22.1303,42.4489;17526;;Đorinci
0;22.1413,42.4276;17526;;Opančarci
0;22.0450,42.4744;17508;;Sveti Ilija
0;22.0457,42.4719;17508;;Bizaci
0;22.0483,42.4672;17508;;Ušinci
0;22.0768,42.4677;17508;;Mirdžinci
0;22.0650,42.4694;17508;;Čivlaci
0;22.0362,42.4606;17508;;Pavlovci
0;22.0395,42.4586;17508;;Stamenkovci
0;22.0485,42.4498;17508;;Doninci
0;22.0108,42.4361;17508;;Bulimačevska Mahala
0;22.0000,42.4365;17508;;Ćurkovica
0;22.0129,42.4234;17508;;Stanoinci
0;22.0461,42.4233;17508;;Punderci
0;22.0508,42.4214;17508;;Deda Mladenovci
0;22.0509,42.4108;17525;;Čokljanci
0;22.0595,42.4148;17508;;Stojkova Bara
0;22.0555,42.4086;17525;;Deljanice
0;22.0624,42.4027;17525;;Šarkovce
0;22.0778,42.4039;17525;;Kovačevska Mahala
0;22.0619,42.4264;17508;;Dininci
0;22.1317,42.3922;17526;;Pročovci
0;22.1550,42.3921;17526;;Barje
0;22.1783,42.3864;17526;;Rid
0;22.1598,42.3820;17526;;Kozal
0;22.1817,42.3767;17526;;Toškinci
0;22.1959,42.3780;17526;;Trajkovci
0;22.1728,42.3991;17526;;Padište
0;22.1691,42.4052;17526;;Valjavica
0;22.1833,42.3650;17526;;Deda Stojanovci
0;22.0775,42.4336;17508;;Borovac
0;22.1722,42.3575;17526;;Gornja Mahala
0;22.1934,42.3503;17526;;Biglar
0;22.1727,42.3354;17526;;Pešetinovci
0;22.1788,42.3275;17526;;Jovičina Maala
0;22.1471,42.3410;17526;;Driskulje
0;22.1455,42.3360;17525;;Orniče
0;22.1350,42.3214;17525;;Gornja Lesnica
0;22.1554,42.3232;17525;;Prisoje
0;22.0806,42.3426;17525;;Kuranovica
0;22.0669,42.3315;17525;;Padište
0;22.0622,42.3528;17525;;Trgovište
0;21.9372,42.3496;17524;;Mala Reka
0;21.9532,42.3461;17524;;Plačkovska Mahala
0;22.0391,42.3140;17525;;Široka Planina
0;22.1117,42.4067;17526;;Ivkovci
0;22.0881,42.4628;17508;;Maćanci
0;22.0658,42.4314;17508;;Jaudici
0;22.0840,42.5677;17545;;Donja Sandija
0;22.0998,42.3420;17525;;Kozji Dol
0;22.0686,42.3406;17525;;Đulaci
0;22.0509,42.3412;17525;;Virovi
0;22.0708,42.3498;17525;;Tikva
0;22.0378,42.3541;17525;;Strmni Rid
0;22.1867,42.3547;17526;;Mišinci
0;22.0297,42.3569;17525;;Gaber
0;22.0855,42.3569;17525;;Dubak
0;22.0689,42.3589;17525;;Golema Padina
0;22.0808,42.3618;17525;;Kovačevci
0;22.0906,42.5029;17508;;Temkarci
0;22.0210,42.3672;17525;;Neši Rid
0;21.9883,42.3690;17525;;Rosci
0;22.0214,42.3694;17525;;Kajstorci
0;22.0518,42.3710;17525;;Golak
0;21.9863,42.4534;17508;;Surdul
0;22.4433,42.4749;17540;;Dabje
0;22.4425,42.4793;17540;;Ivankovci
0;22.4422,42.4890;17540;;Livada Mahala
0;22.4433,42.4836;17540;;Selo
0;22.4260,42.4851;17540;;Trnci
0;22.3732,42.4837;17544;;Klisura
0;22.3934,42.4656;17544;;Ćurčijska Mahala
0;22.3425,42.4892;17544;;Donja Ljubata
0;22.3459,42.4825;17544;;Šipkovica
0;22.3536,42.4719;17544;;Golema Reka
0;22.3700,42.4605;17544;;Petkovci
0;22.3290,42.4980;17544;;Stanbolinci
0;22.3058,42.4910;17544;;Gornjoljubatski Krivi Dol
0;22.3097,42.4692;17544;;Ušinovci
0;22.3225,42.4661;17544;;Dudina Mahala
0;22.2914,42.4652;17544;;Dukatski Javor
0;22.2681,42.4667;17561;;Kajčinci
0;22.2492,42.4912;17561;;Debeli Rid
0;22.2517,42.4989;17561;;Domozetov Dol Mahala
0;22.2578,42.4989;17544;;Glogov Dol Mahala
0;22.2421,42.4847;17561;;Kolčina Garina
0;22.2177,42.4462;17561;;Ilinci
0;22.2174,42.4524;17561;;Kostinska Mahala
0;22.2371,42.4487;17561;;Katrandžići
0;22.2436,42.4385;17561;;Veličkovci
0;22.2488,42.4431;17561;;Rajkovica
0;22.2472,42.7317;17533;;Troskač
0;22.2421,42.4356;17561;;Mejatica
0;22.2652,42.4375;17561;;Orniče
0;22.2353,42.7268;17530;;Malikina Mahala
0;22.2763,42.4591;17561;;Grnčari
0;22.3179,42.7482;17533;;Prestojčeva Mahala
0;22.3196,42.4561;17544;;Ružina Mahala
0;22.3032,42.7412;17533;;Gadžina Mahala
0;22.3256,42.4567;17544;;Crepinova Mahala
0;22.3067,42.4381;17544;;Gornja Mahala
0;22.3169,42.4542;17544;;Medjak
0;22.3498,42.4586;17544;;Vertevica
0;22.3651,42.4524;17544;;Kačareva Mahala
0;22.3850,42.4514;17544;;Zanoška Mahala
0;22.3804,42.4425;17544;;Pridolska Mahala
0;22.3751,42.4377;17544;;Karadžinova Mahala
0;22.4099,42.4530;17544;;Široko Prisoje
0;22.4360,42.4449;17540;;Pridol Mahala
0;22.4361,42.4533;17540;;Ravna Buka Mahala
0;22.4559,42.4530;17540;;Kovačevska Mahala
0;22.3278,42.7366;17533;;Lujinci
0;22.4523,42.4474;17540;;Vlaška Mahala
0;22.3264,42.7419;17533;;Šerdanova Mahala
0;22.4406,42.4483;17540;;Bojinska Mahala
0;22.4758,42.4553;17540;;Donje Buceljevo
0;22.3160,42.7309;17533;;Mandžina Mahala
0;22.3265,42.7257;17533;;Rid
0;22.4938,42.4407;17540;;Kostenec
0;22.4925,42.4406;17540;;Sveti Ilija
0;22.4845,42.4290;17546;;Šoinci
0;22.4733,42.4378;17540;;Bliznačka Mahala
0;22.4693,42.4394;17540;;Graovska Mahala
0;22.3829,42.7448;17535;;Lalina Mahala
0;22.4663,42.4234;17546;;Gumniška Mahala
0;22.3899,42.7402;17535;;Vukadinova Mahala
0;22.4517,42.4235;17546;;Ezerina Mahala
0;22.4034,42.7435;17535;;Pejina Mahala
0;22.4071,42.7372;17535;;Skubina Mahala
0;22.3972,42.7360;17535;;Tutuničeva Mahala
0;22.4209,42.7267;17535;;Grubina Mahala
0;22.4157,42.7335;17535;;Gornji Bliznaci
0;22.4237,42.7312;17535;;Donji Bliznaci
0;22.4653,42.7473;17535;;Stalčiceva Mahala
0;22.4451,42.7251;17535;;Šarčeva Mahala
0;22.4419,42.7322;17535;;Gornja Musilova Mahala
0;22.4419,42.7401;17535;;Radonjina Mahala
0;22.4511,42.7475;17535;;Donja Musilova Mahala
0;22.4424,42.4249;17546;;Sugarčevica
0;22.4319,42.4305;17546;;Stari Zli Dol
0;22.3553,42.4202;17544;;Lazarova Mahala
0;22.2960,42.4221;17561;;Dukat Mahala
0;22.2158,42.4228;17561;;Vučkovci
0;22.2037,42.4475;17561;;Lukovci
0;22.2317,42.4147;17561;;Petkova Pad
0;22.2097,42.4056;17561;;Leskova Rtina
0;22.2172,42.4200;17561;;Kočanska Mahala
0;22.2232,42.4142;17561;;Rupice
0;22.2580,42.3990;17561;;Karadžina Mahala
0;22.2836,42.4054;17561;;Krstinci
0;22.2967,42.4142;17561;;Kalovska Mahala
0;22.2954,42.4085;17561;;Cvetanovci
0;22.3656,42.7148;17533;;Kovačka Mahala
0;22.2934,42.4032;17561;;Bainovska Mahala
0;22.2944,42.4064;17561;;Bričko
0;22.4023,42.7186;17535;;Vlajkova Mahala
0;22.3322,42.4100;17544;;Gornja Mala
0;22.3966,42.7124;17535;;Stanišina Mahala
0;22.3318,42.4021;17547;;Ridarci
0;22.4143,42.7148;17535;;Velkova Mahala
0;22.3176,42.7218;17533;;Stevanovci
0;22.3257,42.7153;17533;;Đošini
0;22.3418,42.4004;17547;;Dugo Prisoje
0;22.3156,42.7067;17533;;Velicovi
0;22.3603,42.4077;17546;;Lazarovci
0;22.3571,42.4040;17547;;Borička Mahala
0;22.2932,42.7109;17533;;Begovi
0;22.3716,42.4100;17546;;Kalovska Mahala
0;22.3808,42.4086;17546;;Karađinska Mahala
0;22.3994,42.4059;17546;;Košarska Mahala
0;22.2798,42.7092;17533;;Zanogarci
0;22.3706,42.4006;17546;;Selište
0;22.3981,42.4100;17546;;Prisojska Mahala
0;22.4431,42.4078;17546;;Rakov Dol
0;22.4527,42.4096;17546;;Čukarci
0;22.4598,42.4152;17546;;Ćurčijska Mahala
0;22.4804,42.4135;17546;;Sangovci
0;22.4806,42.4044;17546;;Kumica
0;22.4705,42.3940;17546;;Boris Novkov
0;22.4461,42.4044;17546;;Branjovica
0;22.4969,42.4057;17546;;Kozarska Mahala
0;22.4947,42.4019;17546;;Stupina Mahala
0;22.4678,42.4008;17546;;Kopanici
0;22.4860,42.4154;17546;;Reka
0;22.4300,42.3785;17546;;Košarska Mahala
0;22.4617,42.3900;17546;;Široki Dol
0;22.2117,42.7165;17530;;Golema Glava
0;22.2351,42.7140;17530;;Deda Ilijina Mahala
0;22.2343,42.7042;17530;;Baltijance
0;22.2607,42.7018;17534;;Božilovi
0;22.2546,42.7009;17534;;Cvalikari
0;22.2712,42.6939;17534;;Radojčini
0;22.2743,42.6904;17534;;Stojanovci
0;22.2804,42.7015;17534;;Bliznaci
0;22.2842,42.6973;17534;;Vitanci
0;22.3037,42.7060;17533;;Sokolova Mahala
0;22.3060,42.7017;17533;;Raninci
0;22.3100,42.6950;17532;;Pršini
0;22.3102,42.6911;17532;;Pepeljaci
0;22.3608,42.6923;17532;;Stankovci
0;22.3823,42.7025;17533;;Skela
0;22.3844,42.6929;17532;;Savina Mahala
0;22.4345,42.6952;17535;;Konjari
0;22.4260,42.6949;17535;;Cvejina Mahala
0;22.4260,42.6909;17535;;Stanboliska Mahala
0;22.4231,42.6832;17537;;Skrivenica
0;22.4200,42.6758;17537;;Donja Mahala
0;22.4348,42.3923;17546;;Svinjarska Mahala
0;22.3696,42.6800;17532;;Milovanska Mahala
0;22.4372,42.3877;17546;;Gradište Mahala
0;22.3627,42.6732;17532;;Vučina Mahala
0;22.3549,42.6686;17532;;Krajina Mahala
0;22.3294,42.6696;17532;;Okruglica
0;22.3156,42.6684;17532;;Bogdanova Mahala
0;22.4324,42.3726;17546;;Rupe
0;22.3066,42.6859;17532;;Krajini
0;22.2976,42.6690;17532;;Cipaci
0;22.2802,42.6804;17534;;Đurinci
0;22.3814,42.3708;17547;;Milčovska Mahala
0;22.2474,42.6806;17534;;Novoselci
0;22.2153,42.6767;17530;;Mašinci
0;22.2044,42.6828;17530;;Deda Krstinci
0;22.2338,42.6697;17534;;Bojkova Mahala
0;22.2391,42.6649;17534;;Spaskova Mahala
0;22.3544,42.3938;17547;;Elenica
0;22.3044,42.6558;17532;;Mitina Mahala
0;22.3246,42.3865;17547;;Meteževci
0;22.3115,42.6582;17532;;Jankova Mahala
0;22.3342,42.3974;17547;;Tanka Rtina
0;22.3410,42.6641;17532;;Simonova Mahala
0;22.3493,42.6602;17532;;Šundina Mahala
0;22.3776,42.6690;17532;;Mladini
0;22.3893,42.6602;17537;;Mančina Mahala
0;22.4063,42.6559;17537;;Zlatanova Mahala
0;22.4165,42.6503;17537;;Miladinova Mahala
0;22.3834,42.3751;17547;;Pločarska Mahala
0;22.4498,42.6630;17537;;Lisac
0;22.3315,42.3691;17547;;Popovska Mahala
0;22.3419,42.3947;17547;;Jasikarnik
0;22.4372,42.6422;17537;;Gojkova Mahala
0;22.2581,42.3845;17561;;Deda Ilinci
0;22.2493,42.3894;17561;;Ličevac
0;22.2374,42.3881;17561;;Bukova Padina
0;22.2131,42.3894;17526;;Gornji Stajevac
0;22.2184,42.3815;17526;;Lanište
0;22.2247,42.3583;17526;;Rupice
0;22.3266,42.3459;17547;;Deda Ristinci
0;22.3427,42.3511;17547;;Deda Stanojkovci
0;22.3485,42.3467;17547;;Softarci
0;22.3442,42.3569;17547;;Marjanica
0;22.3562,42.3561;17547;;Svinjurište
0;22.3558,42.3484;17547;;Garinarci
0;22.3656,42.3464;17547;;Baratarci
0;22.3664,42.3392;17547;;Omatica
0;22.4471,42.6373;17537;;Carica
0;22.4239,42.6446;17537;;Bajinova Mahala
0;22.4266,42.6296;17537;;Denčina Mahala
0;22.4071,42.6393;17537;;Pećini
0;22.3863,42.6362;17537;;Živina Mahala
0;22.3852,42.6465;17537;;Dejanova Mahala
0;22.3956,42.6497;17537;;Čorbanova Mahala
0;22.3650,42.6374;17537;;Mišina
0;22.3689,42.6476;17532;;Valačevi
0;22.3576,42.6463;17532;;Amarevi
0;22.3788,42.3445;17547;;Baratarska Mahala
0;22.3818,42.3374;17547;;Kršeljska Mahala
0;22.3859,42.3425;17547;;Lučani
0;22.3940,42.3508;17547;;Rakitska Mahala
0;22.4005,42.3547;17547;;Dedovska Mahala
0;22.4314,42.6493;17537;;Cakinci Mahala
0;22.3738,42.3571;17547;;Kuklica
0;22.3822,42.3603;17547;;Borovec
0;22.3896,42.3642;17547;;Gnojiška Mahala
0;22.4000,42.3615;17547;;Rečanska Mahala
0;22.4053,42.3412;17547;;Erovska Mahala
0;22.4122,42.3491;17547;;Tatarska Mahala
0;22.3458,42.6542;17532;;Cakina Mahala
0;22.4327,42.3588;17547;;Manovska Mahala
0;22.4385,42.3569;17547;;Terzijska Mahala
0;22.4343,42.3546;17547;;Selište
0;22.4375,42.3481;17547;;Klinčarska Mahala
0;22.3229,42.6457;17532;;Idrina Mahala
0;22.3048,42.6428;17532;;Medari
0;22.2971,42.6410;17534;;Vodeničari
0;22.3016,42.6517;17532;;Staničina Mahala
0;22.2997,42.6367;17532;;Krstari
0;22.2950,42.6331;17534;;Kitanova Mahala
0;22.3568,42.3247;17547;;Žeravino
0;22.2972,42.6306;17534;;Karadžičkova Mahala
0;22.3038,42.6210;17532;;Debeli Rid
0;22.3330,42.6208;17532;;Stambolijska Mahala
0;22.3505,42.6174;17537;;Kardanova Mahala
0;22.3506,42.6241;17537;;Čepilova Mahala
0;22.3811,42.6297;17537;;Popovci
0;22.3742,42.6249;17537;;Kurtina Mahala
0;22.3807,42.6159;17537;;Marićeva Mahala
0;22.4150,42.6032;17537;;Mogila
0;22.4234,42.6065;17537;;Velkićeva Mahala
0;22.4356,42.6035;17537;;Brzina Mahala
0;22.4188,42.5917;17537;;Karaviljina Mahala
0;22.4207,42.5888;17537;;Glošanska Mahala
0;22.4139,42.5795;17537;;Romanova Mahala
0;22.4002,42.5832;17537;;Bročare Mahala
0;22.3965,42.5983;17537;;Drajčina Mahala
0;22.3868,42.6030;17537;;Makina Mahala
0;22.3869,42.6084;17537;;Ćurčiska Mahala
0;22.3762,42.6029;17537;;Mutavina Mahala
0;22.3638,42.6136;17537;;Samardžiska Mahala
0;22.3458,42.6019;17537;;Nikolčina Mahala
0;22.3446,42.6103;17537;;Doganovci
0;22.3059,42.6151;17532;;Gramadarska Mahala
0;22.2462,42.6074;17534;;Vojinov Rid
0;22.2338,42.6076;17534;;Kajnici
0;22.2239,42.6059;17543;;Dolarska Mahala
0;22.2280,42.5938;17543;;Ravna Reka
0;22.2822,42.5913;17538;;Dolinska Mahala
0;22.3077,42.5816;17538;;Mišaljkina Mahala
0;22.3166,42.5832;17538;;Guzobiska Mahala
0;22.3391,42.5872;17538;;Lazarova Mahala
0;22.3632,42.5868;17538;;Musina Mahala
0;22.3618,42.5803;17538;;Dančina Mahala
0;22.4271,42.5738;17537;;Prekoplanska Mahala
0;22.3904,42.5791;17538;;Potresje
0;22.3839,42.5755;17538;;Tarabanje
0;22.3868,42.5706;17538;;Ciklanje
0;22.3960,42.5601;17538;;Dragojčeve Košare
0;22.3663,42.5650;17538;;Jabuče
0;22.3540,42.5801;17538;;Kumičini
0;22.3344,42.5835;17538;;Orlovica
0;22.3406,42.5581;17538;;Rascepenica
0;22.3192,42.5700;17538;;Išor
0;22.2806,42.5815;17538;;Momčilova Mahala
0;22.2777,42.5727;17538;;Piperkova Mahala
0;22.2818,42.5646;17538;;Valog
0;22.2749,42.5666;17538;;Vidim
0;22.2779,42.5627;17538;;Ćosina Mahala
0;22.2051,42.5660;17543;;Gnojište
0;22.2593,42.5510;17543;;Jankova Mahala
0;22.2771,42.5566;17538;;Surleva Mahala
0;22.3552,42.5516;17538;;Kolište
0;22.3670,42.5501;17538;;Gloškoplaninska Mahala
0;22.4017,42.5417;17538;;Leska
0;22.4072,42.5477;17538;;Selište
0;22.4427,42.5441;17540;;Garina
0;22.4483,42.5370;17540;;Arnautska Mahala
0;22.4575,42.5347;17540;;Livada
0;22.4611,42.5560;17540;;Rekarci
0;22.4805,42.5479;17540;;Kovačeva Mahala
0;22.4856,42.5354;17540;;Kostadinovska Mahala
0;22.4751,42.5181;17540;;Dobri Dol
0;22.4878,42.5248;17540;;Popov Dol
0;22.4854,42.5294;17540;;Milenovci
0;22.4922,42.5314;17540;;Bumbarska Mahala
0;22.4947,42.5096;17540;;Ramni Del
0;22.4128,42.5080;17540;;Gnilište
0;22.4214,42.5248;17540;;Bela Voda
0;22.4165,42.5272;17540;;Panjevica
0;22.4074,42.5354;17538;;Gabriče
0;22.3625,42.5206;17544;;Dolinci
0;22.3583,42.5227;17538;;Duljinci
0;22.3528,42.5097;17544;;Petkovska Mahala
0;22.3851,42.5026;17544;;Martinica
0;22.3887,42.5078;17544;;Grčka Mahala
0;22.3860,42.5136;17544;;Ličarova Mahala
0;22.3940,42.5178;17538;;Bobarina Buka
0;22.4363,42.5024;17540;;Bogoslovtrad
0;22.4376,42.5114;17540;;Golema Livada
0;22.3574,42.5314;17538;;Carkovica
0;22.3242,42.5328;17538;;Brzaci
0;22.2790,42.5467;17538;;Preslap
0;22.2636,42.5409;17543;;Došinci
0;22.2590,42.5439;17543;;Skok
0;22.2572,42.5367;17543;;Marinkovci
0;22.2491,42.5133;17543;;Kekerinci
0;22.2590,42.5190;17544;;Rupa
0;22.2567,42.5221;17543;;Mečka
0;22.2679,42.5030;17544;;Glogovečki Dol
0;22.3044,42.5095;17544;;Slivlje
0;22.3179,42.5114;17544;;Duljaci
0;22.3134,42.5247;17544;;Strugalnica
0;22.3259,42.5180;17544;;Jabukov Dol
0;22.3430,42.5151;17544;;Bela Voda
0;22.3443,42.5173;17544;;Bubevci
0;22.2660,42.5151;17544;;Šarenica Mala
0;22.2677,42.5270;17544;;Vunevci
0;22.2649,42.5739;17543;;Plavilo
0;22.2769,42.5681;17538;;Bondžačka Mahala
0;22.3696,42.5948;17537;;Dunđerci
0;22.2132,42.5982;17543;;Novo Selo
0;22.4389,42.6277;17537;;Garina Mahala
0;22.3114,42.6367;17532;;Biljanica
0;22.4244,42.6375;17537;;Popova Mahala
0;22.4377,42.6386;17537;;Đonkovci
0;22.4160,42.6454;17537;;Lenci
0;22.2396,42.6562;17534;;Ćosina Mahala
0;22.2375,42.6603;17534;;Daničina Mahala
0;22.3405,42.6612;17532;;Jarčeva Mahala
0;22.3552,42.6965;17532;;Damnjaničovi
0;20.4118,43.7524;32234;;Milekići
0;20.4250,43.7783;32222;;Premeća
0;20.4436,43.7595;32224;;Petnica
0;20.4586,43.7664;32224;;Ćirova Mehana
0;20.4580,43.7825;32224;;Zaočani
0;20.4823,43.7626;32224;;Smudinoge
0;20.4875,43.7742;32224;;Kačulice
0;20.5167,43.7500;36202;;Gornja Mala
0;20.5169,43.7553;36202;;Randžići
0;20.5468,43.7623;36202;;Samaila
0;20.5675,43.7517;36202;;Lukavac
0;20.5722,43.7587;36202;;Grabak
0;20.5703,43.7758;36202;;Gornje Selo
0;20.5824,43.7763;36202;;Mrsać
0;20.6014,43.7731;36203;;Donje Selo
0;20.5936,43.7539;36203;;Čkuljevići
0;20.6157,43.7698;36203;;Tonjska Mala
0;20.6058,43.7694;36203;;Donja Mala
0;20.6244,43.7611;36203;;Gornja Mala
0;20.6347,43.7626;36203;;Adrani
0;20.6457,43.7641;36203;;Sinđelići
0;20.6347,43.7508;36203;;Gornji Adrani
0;20.6597,43.7528;36203;;Marinkovići
0;20.6442,43.7886;36203;;Peškopeja
0;20.6594,43.7883;36203;;Odaje
0;20.6608,43.7825;36203;;Matovići
0;20.6647,43.7794;36203;;Popovići
0;20.6779,43.7753;36203;;Kovačani
0;20.6833,43.7686;36208;;Podgorci
0;20.6881,43.7607;36208;;Oplatnići
0;20.6538,43.8179;36204;;Cerjani
0;20.6639,43.7961;36203;;Kruševica
0;20.6463,43.7954;36203;;Miločaji
0;20.6292,43.8072;36204;;Divljački Kraj
0;20.6268,43.8130;36204;;Cvetke
0;20.5988,43.7939;36204;;Obrva
0;20.5300,43.7939;32225;;Goričani
0;20.5053,43.8006;32224;;Selište
0;20.4835,43.8002;32224;;Mršinci
0;20.4757,43.8117;32224;;Slatina
0;20.4454,43.7952;32224;;Slatinska Banja
0;20.4465,43.8124;32224;;Lipnica
0;20.4333,43.8298;32223;;Donja Ježevica
0;20.4208,43.8506;32223;;Vapa
0;20.4469,43.8456;32223;;Zablaće
0;20.3892,43.8389;32222;;Viljuša
0;20.4486,43.8511;32223;;Erići
0;20.5228,43.8403;32210;;Dragutinovići
0;20.5162,43.8422;32210;;Gušavac
0;20.5115,43.8482;32210;;Rajičići
0;20.5312,43.8454;32210;;Krajine
0;20.5417,43.8375;32210;;Gornja Katrga
0;20.5501,43.8393;32210;;Katrga
0;20.5664,43.8197;36204;;Donja Katrga
0;20.5966,43.8310;36204;;Tavnik
0;20.5950,43.8331;36204;;Tavnik
0;20.6099,43.8172;36204;;Lađevci
0;20.6533,43.8256;36204;;Gajčani
0;20.6673,43.8357;36204;;Simovići
0;20.6655,43.8489;36204;;Dokovići
0;20.5926,43.8663;32213;;Donja Bresnica
0;20.5901,43.8745;32213;;Bresnica
0;20.5406,43.8636;32210;;Gusta Međa
0;20.5269,43.8680;32210;;Mrčajevci
0;20.4141,43.8612;32223;;Baluga Trnavska
0;20.3917,43.9007;32212;;Konjevići
0;20.4194,43.8907;32212;;Baluga Ljubićka
0;20.4387,43.9106;32212;;Ševarlići
0;20.4428,43.8845;32212;;Stančići
0;20.4669,43.8867;32212;;Bent
0;20.4725,43.8890;32212;;Mojsinje
0;20.4664,43.8919;32212;;Banja
0;20.4553,43.9080;32212;;Bojovići
0;20.4833,43.9017;32215;;Kotarno
0;20.5115,43.8949;32210;;Staro Selo
0;20.5291,43.8963;32210;;Ilijak
0;20.5353,43.8863;32210;;Korićani
0;20.5567,43.8928;32213;;Živkovići
0;20.5833,43.9074;34242;;Gornja Bresnica
0;20.5871,43.8834;32213;;Mala Bresnica
0;20.5712,43.8822;32213;;Katanići
0;20.6089,43.8883;32213;;Dačevići
0;20.6062,43.8712;32213;;Voljavča
0;20.5914,43.9114;34242;;Đokići
0;20.6642,43.8850;34242;;Guncati
0;20.6849,43.9061;34240;;Žune
0;20.6029,43.9409;34242;;Pretoke
0;20.5733,43.9175;34242;;Lečići
0;20.5447,43.9239;32215;;Mali Vujetinci
0;20.5456,43.9426;32215;;Gornji Vujetinci
0;20.4579,43.9178;32212;;Donja Trepča
0;20.4233,43.9142;32212;;Topalovića Kraj
1840;20.4068,43.9145;32212;;Preljina
0;20.4291,43.9135;32212;;Preljina
0;20.4403,43.9281;32212;;Božovići
0;20.4333,43.9371;32212;;Mutapovići
0;20.4478,43.9411;32215;;Vasovići
1735;20.4352,43.9522;32303;;Prislonica
0;20.4597,43.9508;32215;;Rakičevići
0;20.4475,43.9619;32215;;Bojovići
0;20.4833,43.9410;32215;;Gornja Trepča
0;20.4863,43.9518;32215;;Banja
0;20.5864,43.9510;34242;;Popovići
0;20.6065,43.9602;34243;;Borač
0;20.6305,43.9631;34243;;Pačarizi
0;20.6331,43.9370;34242;;Radmilovići
0;20.6680,43.9602;34243;;Kusovac
0;20.6737,43.9700;34243;;Toponica
0;20.6950,43.9645;34243;;Dragušica
0;20.6785,43.9863;34243;;Oplanić
0;20.6902,43.9908;34243;;Staro Selo
0;20.6476,43.9752;34243;;Kokića Kraj
0;20.6327,43.9940;34243;;Bečevica
0;20.6189,44.0022;32315;;Brestovac
0;20.5909,43.9783;34243;;Čairovići
0;20.5111,43.9902;32300;;Jablanica
0;20.4762,43.9940;32300;;Lunjevica
0;20.4306,43.9761;32303;;Repište
0;20.4319,43.9706;32303;;Božovići
0;20.7189,43.7500;36208;;Bačevište
0;20.7231,43.7625;36208;;Gajčani
0;20.7467,43.7500;36208;;Donja Sirča
0;20.7433,43.7557;36208;;Gornja Sirča
0;20.7900,43.7594;36206;;Milavčići
0;20.7832,43.7800;36207;;Pečenog
0;20.8088,43.7835;36207;;Milakovac
0;20.8450,43.7690;36207;;Donja Reka
0;20.8744,43.7702;36220;;Staro Selo
0;20.8547,43.7816;36207;;Godačica
0;20.8644,43.7750;36207;;Godačica
0;20.8791,43.7519;36220;;Mirkovac
0;20.8659,43.7938;36207;;Zimovnik
0;20.9935,43.7726;35264;;Prnjavor
0;20.9518,43.8091;35264;;Nadrlje
0;20.9492,43.8108;35264;;Cerovik
0;20.8919,43.8020;36207;;Kruševica
0;20.8867,43.8062;36207;;Kolenac
0;20.8760,43.8281;34232;;Gledić
0;20.8306,43.8033;36207;;Drlupa
0;20.7836,43.7948;36207;;Vitkovac
0;20.7518,43.8069;36207;;Krunići
0;20.7054,43.8042;34232;;Trgovište
0;20.7388,43.8276;34232;;Vučije Polje
0;20.7730,43.8321;34232;;Guberevac
0;20.7446,43.8474;34232;;Leskovac
0;20.8091,43.8207;34232;;Petropolje
0;20.8124,43.8377;34232;;Zakuta
0;20.7955,43.8422;34232;;Sibnica
0;20.9897,43.8289;35264;;Minića Kraj
0;20.9678,43.8369;35260;;Dobroselica
0;20.9497,43.8704;34206;;Dulene
34;20.8932,43.8532;34232;;Bajčetina
0;20.8622,43.8572;34232;;Riznići
0;20.8541,43.8789;34230;;Jelovak
0;20.8322,43.8789;34230;;Stanovište
0;20.8061,43.8681;34230;;Rankovići
0;20.8083,43.8597;34232;;Đorđevići
0;20.8063,43.8641;34232;;Vrbeta
0;20.7919,43.8696;34230;;Balosave
0;20.7353,43.8776;34230;;Pajsijević
0;20.7383,43.8547;34232;;Selište
0;20.7466,43.8971;34230;;Grabovac
0;20.7694,43.8990;34230;;Gruža
0;20.8138,43.9173;34230;;Lipnica
0;20.8174,43.8893;34230;;Čestin
0;20.8148,43.8838;34230;;Dobroš
0;20.8364,43.9092;34230;;Ilića Mala
0;20.8511,43.8978;34230;;Jošovići
0;20.8736,43.8969;34202;;Adžine Livade
0;20.8801,43.8917;34202;;Perovića Mala
0;20.9095,43.9093;34202;;Trešnjevak
0;20.9740,43.9033;34206;;Velike Pčelice
0;20.9722,43.9272;34206;;Orašje
0;20.9631,43.9433;34206;;Džepare
0;20.8797,43.9322;34202;;Gornja Mala
0;20.8319,43.9189;34202;;Majstorovića Mala
0;20.8203,43.9350;34231;;Vulovića Mala
0;20.7958,43.9367;34230;;Plješevci
0;20.7874,43.9290;34230;;Ljubić
0;20.7786,43.9347;34230;;Ravni Gaj
0;20.7347,43.9211;34240;;Ribeški Kraj
0;20.7189,43.9269;34240;;Knić
0;20.7241,43.9422;34240;;Raškovići
0;20.7350,43.9703;34244;;Donji Kraj
0;20.7906,43.9440;34231;;Vučkovica
0;20.8026,43.9792;34231;;Đuriselo
0;20.8136,43.9594;34231;;Minića Mala
0;20.8083,43.9390;34231;;Goločelo
0;20.8158,43.9503;34231;;Urakovića Mala
0;20.8382,43.9677;34231;;Dragobraća
0;20.8459,43.9570;34231;;Vinjište
0;20.8999,43.9714;34207;;Erdeč
0;20.9193,43.9645;34207;;Baljkovac
0;20.9420,43.9794;34207;;Ždraljica
0;20.9642,43.9539;34206;;Donja Sabanta
0;20.9808,43.9650;34206;;Mamutovac
0;20.9634,43.9848;34000;;Trmbas
0;20.9570,43.9952;34000;;Teferić
0;20.9280,43.9850;34207;;Beloševac
0;20.8433,43.9875;34216;;Korićani
0;20.7938,43.9990;34244;;Drenovac
0;20.7547,43.9935;34244;;Zabojnica
0;20.7629,43.9851;34244;;Sumorovac
0;20.7339,43.9929;34244;;Dubrava
0;20.7146,43.9978;34244;;Grivac
0;20.8760,43.9540;34202;;Grošnica
981;20.5000,43.8770;32210;;Donja Gorevnica
0;20.4822,43.9099;32215;;Ostra
0;22.0372,44.1547;19219;;Mali Krivelj
0;22.5967,44.1358;19318;;Visočke Pivnice
0;22.5872,44.1669;19317;;Balej Pivnica
0;22.5519,44.1669;19317;;Rušan Pivnica
0;22.0960,44.2550;19258;;Miloševići
0;22.1728,44.2584;19307;;Bućanji
0;22.1716,44.2925;19222;;Šutonji
0;21.3250,43.0053;18440;;Zuvići
0;21.3186,43.0186;18440;;Aleksići
0;21.3117,43.0244;18440;;Mijačići
0;21.3175,43.0306;18440;;Ivanjci
0;21.3319,43.0278;18440;;Dolovići
0;21.4303,43.0553;18409;;Čaprići
0;21.4308,43.0606;18409;;Radovici
0;21.3850,43.0478;18440;;Vukovići
0;21.3419,43.0347;18440;;Sretenovići
0;21.3319,43.0406;18440;;Petronijevići
0;21.3136,43.0761;18440;;Pekovići
0;21.4578,43.1036;18409;;Novo Selo
0;21.4222,43.1064;18409;;Petrovići
0;21.4111,43.1089;18409;;Krasići
0;21.4211,43.1117;18409;;Drobnjaci
0;21.4369,43.1125;18409;;Krasići
0;21.4206,43.1258;18409;;Perovići
0;21.4242,43.1283;18409;;Maslaci
0;21.4725,43.1292;18409;;Donja Mala
0;21.4786,43.1347;18409;;Gornja Mala
0;21.4878,43.1500;18409;;Obrtince
0;21.4381,43.1428;18409;;Macan
0;21.4381,43.1356;18409;;Radovići
0;21.4158,43.1375;18409;;Staro Selo
0;21.3527,43.1573;18432;;Donja Grabovnica
0;21.3794,43.1344;18409;;Staro Selo
0;21.3250,43.1492;18432;;Donje Krčmare
0;21.3172,43.1456;18430;;Gornje Krčmare
0;21.3350,43.1531;18432;;Ćosići
0;21.3014,43.1364;18430;;Klepačići
0;21.3047,43.1631;18430;;Kolaci
0;21.3086,43.1750;18432;;Radovanovići
0;21.3197,43.1728;18432;;Savići
0;21.3703,43.1794;18432;;Gornja Mala
0;21.4325,43.1650;18409;;Drenjak
0;21.4494,43.1764;18409;;Kostići
0;21.4647,43.1736;18409;;Stevanići
0;21.4669,43.1714;18409;;Spasovići
97;21.4220,43.1767;18432;;Piskalj
0;21.3897,43.1911;18432;;Antići
0;21.3706,43.1889;18432;;Donja Mala
0;21.3342,43.1811;18432;;Potočari
0;21.3411,43.2053;18432;;Paljevo
0;21.3189,43.1828;18432;;Đurići
0;21.3256,43.2092;18432;;Ugljarci
0;21.3411,43.2181;18432;;Đurići
0;21.3614,43.2128;18432;;Lukići
0;21.3708,43.2311;18424;;Vukajlovići
0;21.4031,43.2206;18424;;Pećanci
0;21.4064,43.2119;18424;;Popovići
0;21.4172,43.2153;18424;;Kaličani
0;21.4269,43.2475;18424;;Šutlukovići
0;21.4206,43.2458;18424;;Mazići
0;21.3592,43.2428;18424;;Lekići
0;21.3519,43.2461;18424;;Labovići
0;21.3411,43.2492;18425;;Seničani
0;21.3289,43.2494;18425;;Srbijanci
0;21.3072,43.2464;18426;;Donja Čungula
0;21.5731,43.0128;16233;;Radovići
0;21.5856,43.0150;16233;;Đuraškovići
0;21.5803,43.0200;16233;;Marjanci
0;21.5894,43.0783;18407;;Ogrenja
0;21.5981,43.1806;18400;;Popovići
85;21.5581,43.1564;18407;;Vidovača
0;21.5381,43.1675;18400;;Koprivice
0;21.5247,43.1697;18409;;Blagojevići
0;21.5050,43.2083;18423;;Rez
0;21.5896,43.2011;18400;;Simonovac
0;21.5633,43.2167;18400;;Ograde
0;20.2150,45.9981;23328;;Obilićevi Salaši
0;20.3902,45.8040;23323;;Vodica
0;20.2984,45.7401;23273;;Novo Naselje
0;20.1886,45.1553;22325;;Slankamenački Vinogradi
224;21.1719,45.1606;26364;;Vršački Ritovi
78;21.1457,45.1794;26364;;Laudanovac
0;20.3210,44.8740;11080;;Zemun Polje
0;20.3803,44.8742;11080;;Vojna Bašta
0;21.6486,43.1250;18406;;Zladovac
0;21.4839,43.1751;18409;;Kruškar
0;20.4180,44.5062;11461;;Mečak
0;20.4060,44.5153;11461;;Beljina
0;20.4584,44.5599;11467;;Grabovac
0;20.5263,44.6351;11232;;Bela Zemlja
0;20.4908,44.7595;11130;;Miloševac
0;20.4539,44.7792;11000;;Savski Venac
0;20.4198,44.7990;11031;;Mala Ciganti
0;20.5161,44.8117;11000;;Palilula
0;20.1117,44.5192;14212;;Dormovica
0;20.4619,44.8179;11000;;Stari Grad
0;20.1964,44.5086;14212;;Kalenic
0;20.3810,44.5597;11467;;Boždarevac
0;20.3499,44.6042;11427;;Visić
0;19.5489,43.3556;31306;;Donji Zvijezd
0;19.8702,44.6511;15215;;Zvezd
0;19.8527,44.4722;15220;;Zukve
1536;19.4707,44.7571;15352;;Zminjak
4547;19.6905,45.4541;21213;;Zmajevo
0;19.6729,43.9338;31253;;Zlodol
0;19.8270,44.2831;14251;;Zlatarić
0;19.9577,43.7919;31237;;Zlakusa
0;19.9833,46.0333;24425;;Zimonjić
0;19.8880,43.6559;31207;;Željine
2381;19.6714,45.9412;24223;;Novi Žednik
0;19.9541,43.8514;31205;;Zdravčići
0;19.8518,43.7961;31311;;Zbojštica
0;19.4835,44.4565;15312;;Zavlaka
0;19.5062,43.9504;31250;;Zaugline
0;19.9674,43.9258;31203;;Zaselje
924;19.4894,44.9545;22201;;Zasavica Prva
0;19.6928,44.1075;31263;;Zarožje
0;19.9359,45.0034;22404;;Žarkovac
0;19.9500,44.2167;14203;;Žari
0;19.3486,43.8615;31251;;Zaovine
0;19.2444,44.4568;15315;;Zajača
0;19.8245,43.1321;36315;;Zahumsko
0;19.7164,43.9416;31253;;Zaglavak
0;19.5128,43.4743;31306;;Zabrdnji Toci
0;19.9317,44.3322;14201;;Zabrdica
0;19.6143,43.4777;31325;;Zabrđe
0;19.6849,44.6366;15232;;Zablaće
0;19.7650,44.6977;15224;;Žabar
0;19.7167,44.6540;15224;;Vukošić
0;19.9464,44.5703;14214;;Vukona
0;19.7086,44.1803;14206;;Vujinovača
0;19.7001,43.8550;31241;;Vrutci
0;19.4408,44.1452;15324;;Vrhpolje
3704;19.7923,45.1217;22408;;Vrdnik
0;19.4733,43.4482;31306;;Vrbovo
0;19.4547,44.3471;15313;;Vrbić
25907;19.6408,45.5714;21460;;Vrbas
0;19.9885,43.8772;31203;;Vranjani
0;19.8032,43.4992;31318;;Vraneša
0;19.6925,44.2890;14255;;Vragočanica
0;19.5894,44.6019;15233;;Volujac
0;19.2277,44.2874;15322;;Voljevci
0;19.7561,45.0032;22429;;Voganj
0;19.2513,44.5042;15303;;Voćnjak
0;19.8708,44.6068;15214;;Vlasenica
0;19.7726,44.4277;15220;;Vlaščić
1857;19.7853,44.6147;15225;;Vladimirci
0;19.4543,45.1713;22255;;Vizić
0;19.8167,44.7902;22423;;Vitojevci
0;19.5702,43.8298;31242;;Vitasi
0;19.9320,43.6274;31209;;Visoka
2030;19.2899,44.9673;22246;;Višnjićevo
0;19.8866,43.1489;36315;;Višnjeva
0;19.5853,43.9798;31250;;Višesava
0;19.6362,43.3170;31300;;Vinicka
0;19.8591,43.4510;31320;;Vilovi
10226;19.7588,45.2545;21203;;Veternik
0;19.6747,45.0452;22211;;Veliki Radinci
0;19.9394,46.0073;24426;;Velebit
0;19.1861,45.0950;22241;;Vašica
1549;19.6515,44.6791;15232;;Varna
0;19.7513,44.0436;31263;;Varda
61035;19.8982,44.2751;14000;;Valjevo
4;19.1119,45.4108;21426;;Vajska
1263;19.6036,44.8786;15211;;Uzveće
0;19.3524,44.2693;15319;;Uzovnica
0;19.9616,43.8151;31205;;Uzići
63577;19.8488,43.8586;31000;;Užice
0;19.9713,43.2890;36310;;Uvac
0;19.9000,45.8120;24437;;Utrine
0;19.9847,43.3862;31322;;Ursule
0;19.9981,44.4289;14213;;Tvrdojevac
0;19.9479,43.8642;31203;;Tvrdići
0;19.8564,45.5386;21215;;Turija
0;19.9217,44.5281;14214;;Tulari
0;19.6765,44.3670;14252;;Tuđin
0;19.7409,44.1973;14206;;Tubravić
0;19.9439,43.9744;31260;;Tubići
0;19.9702,43.4908;31322;;Trudovo
1214;19.2649,44.4950;15303;;Tršić
0;19.9125,43.9515;31260;;Trnava
0;19.8470,43.6893;31208;;Trnava
0;19.9730,44.4611;14213;;Trlić
0;19.7555,43.8233;31311;;Tripkova
0;19.9291,43.2115;36310;;Trijebina
0;19.1945,44.5111;15316;;Trbušnica
0;19.8406,44.6696;15215;;Trbušac
476;19.5097,44.5681;15234;;Trbosilje
4;19.3243,45.3550;21424;;Tovariševo
0;19.8352,45.8769;24352;;Tornjoš
0;19.5307,44.1923;15323;;Tornik
0;19.3682,44.3511;15314;;Tomanj
0;19.4350,44.3529;15313;;Tolisavac
0;19.8892,45.4086;21235;;Temerin
0;19.3818,45.7950;25222;;Telečka
616;19.5297,44.5573;15234;;Tekeriš
0;19.4872,46.0484;24214;;Tavankut
0;19.6683,43.3897;31300;;Taševo
1286;19.6413,44.8202;15211;;Tabanović
0;19.5861,45.1752;21315;;Sviloš
0;19.0664,45.6490;25265;;Svilojevo
0;19.8279,44.5215;15221;;Svileuva
0;19.2058,45.8522;25211;;Svetozar Miletić
0;19.8363,45.8049;24437;;Svetićevo
0;19.9360,44.5785;15214;;Suvo Selo
0;19.6741,44.2415;14255;;Suvodanje
0;19.9074,43.2738;36310;;Šušure
0;19.7881,44.1979;14206;;Sušica
0;19.5335,45.2228;21313;;Susek
0;19.8129,46.1128;24418;;Šupljak
0;19.6736,45.0895;22212;;Šuljam
0;19.9598,44.8451;22414;;Subotište
100000;19.6667,46.1000;24000;;Subotica
0;19.7732,44.4749;15220;;Subotica
0;19.9705,43.9953;31260;;Subjel
0;19.3656,44.4862;15309;;Stupnica
0;19.7589,44.2283;14206;;Stubo
0;19.6422,43.6381;31317;;Stublo
0;19.5425,44.0898;31258;;Strmovo
0;19.8377,44.2477;14205;;Strmna Gora
0;19.2972,44.6311;15307;;Straža
0;19.9021,44.0590;31265;;Stojići
0;19.9813,43.4823;31322;;Štitkovo
2183;19.5953,44.7942;15354;;Štitar
1999;19.7000,45.4137;21212;;Stepanovićevo
0;19.7241,45.0564;22405;;Stejanovci
0;19.4834,44.3482;15313;;Stave
0;19.6916,44.2588;14255;;Stave
0;19.4672,45.8695;24340;;Stara Moravica
0;19.4849,45.1444;22232;;Stara Bingula
0;19.2006,45.6643;25240;;Stapar
0;19.7397,44.3218;14252;;Stapar
5476;19.1671,45.9389;25284;;Stanišić
0;19.6727,44.2722;14255;;Stanina Reka
0;19.2038,45.5594;25244;;Srpski Miletić
8839;19.9337,45.2028;21205;;Sremski Karlovci
942;19.2858,44.9208;22247;;Sremska Rača
39084;19.6122,44.9764;22000;;Sremska Mitrovica
14205;19.8426,45.2233;21208;;Sremska Kamenica
0;19.4784,45.7503;25224;;Srednji Salaš
0;19.8028,45.5539;21480;;Srbobran
0;19.4339,44.8657;15355;;Sovljak
0;19.7118,44.2247;14206;;Sovač
679;19.3178,45.1608;22243;;Sot
0;19.7331,43.3062;31305;;Sopotnica
5991;19.0972,45.5943;25264;;Sonta
48454;19.1122,45.7742;25101;;Sombor
0;19.5972,43.9149;31253;;Solotuša
0;19.6573,43.7947;31244;;Šljivovica
0;19.4372,44.3247;15314;;Šljivova
0;19.5669,44.7524;15354;;Slepčević
0;19.6481,44.6506;15232;;Slatina
0;19.9141,44.4010;14213;;Slatina
0;19.6824,43.2049;31305;;Slatina
0;19.8726,43.7623;31204;;Skržuti
484;19.4864,44.7537;15352;;Skrađani
0;19.6031,43.3306;31300;;Skokuće
0;19.9804,44.0524;31265;;Skakavci
0;19.5515,44.2716;14207;;Skadar
0;19.9994,43.2731;36310;;Sjenica
6950;19.3827,45.7045;25223;;Sivac
0;19.5505,45.1233;22207;;Šišatovac
643;19.8875,43.6890;31207;;Sirogojno
0;19.8104,45.4403;21214;;Sirig
1246;19.6360,44.6150;15233;;Sinošević
4;19.4611,45.3938;21433;;Silbaš
0;19.6475,44.0179;31255;;Sijerač
0;19.2264,45.1283;22239;;Šid
0;19.9334,44.9060;22440;;Sibač
0;19.9452,44.0099;31260;;Ševrljuge
0;19.9108,43.8496;31205;;Sevojno
0;19.9595,43.7384;31233;;Severovo
1458;19.6601,44.8670;15211;;Ševarice
0;19.9863,45.9789;24426;;Trešnjevac
0;19.5874,43.7526;31244;;Semegnjevo
0;19.5938,43.3723;31300;;Seljašnica
0;19.5678,43.3811;31306;;Seljane
0;19.7533,45.6802;24323;;Selište
4;19.3002,45.4096;21425;;Selenča
0;19.3235,44.2959;15319;;Selanac
0;19.6943,43.3909;31300;;Sedobro
0;19.8568,44.2594;14000;;Sedlari
0;19.8361,44.0104;31262;;Seča Reka
0;19.5469,44.1825;15324;;Savković
0;19.5223,45.5066;21467;;Savino Selo
0;19.9225,45.0625;22328;;Šatrinci
1983;19.7415,44.9651;22425;;Šašinci
0;19.8173,44.2493;14205;;Sandalj
1876;19.5861,44.9472;22204;;Salaš Noćajski
1538;19.3944,44.8284;15357;;Salaš Crnobarski
0;19.1394,44.3644;15318;;Sakar
55114;19.6900,44.7467;15000;;Šabac
0;19.7022,43.5235;31325;;Rutoši
4585;19.4200,45.5639;25233;;Ruski Krstur
0;19.2579,44.5630;15341;;Runjani
4367;19.7431,45.2940;21201;;Rumenka
32229;19.8222,45.0081;22400;;Ruma
0;19.3407,44.3079;15319;;Rujevac
0;19.7731,43.7275;31208;;Rudine
0;19.7782,44.0296;31263;;Ruda Bukva
0;19.8384,43.7153;31208;;Rožanstvo
0;19.7475,44.2454;14206;;Rovni
0;19.9538,44.0716;31265;;Rosići
0;19.9986,43.7691;31237;;Roge
0;19.6324,44.0372;31255;;Rogačica
0;19.9776,44.2178;14202;;Robaje
0;19.8324,45.0915;22406;;Rivica
3186;19.1063,45.9909;25280;;Riđica
470;19.7482,44.6628;15224;;Riđake
0;19.6477,43.6784;31315;;Ribnica
0;19.8511,43.9557;31262;;Ribaševina
0;19.4600,44.5566;15234;;Ribarice
2206;19.4247,44.7096;15310;;Ribari
0;19.5407,44.2932;14207;;Pecka
0;19.6932,44.1984;14206;;Rebelj
0;19.9186,44.0684;31265;;Ražana
3574;19.6210,45.4497;21471;;Ravno Selo
1692;19.4228,44.9433;22205;;Ravnje
0;19.9026,44.2031;14203;;Ravnje
0;19.8980,43.7397;31206;;Ravni
0;19.5106,44.4275;14254;;Ravnaja
0;19.9891,43.5576;31319;;Ravna Gora
3411;19.3373,45.4557;25253;;Ratkovo
0;19.3547,43.9449;31251;;Rastište
0;19.0354,45.9601;25283;;Rastina
0;19.6513,43.4115;31300;;Rasno
0;19.7893,43.6596;31314;;Rakovica
0;19.7679,45.2078;21299;;Rakovac
0;19.8801,44.4222;14213;;Raduša
0;19.9701,43.8355;31205;;Radovci
0;19.5194,44.6542;15305;;Gornja Mala
0;19.9397,43.6742;31233;;Radoševo
0;19.7458,43.5148;31318;;Radoinja
0;19.8764,43.3978;31307;;Radijevići
0;19.8600,44.2903;14000;;Rađevo Selo
1040;19.4954,44.9219;15362;;Radenković
0;19.8454,44.0847;31265;;Radanovci
0;19.1832,44.4040;15321;;Radalj
0;19.5407,43.9209;31250;;Rača
0;19.8377,44.3479;14201;;Rabas
3075;19.9710,44.9926;22404;;Putinci
0;19.9104,44.6696;15215;;Provo
4892;19.3869,44.7006;15306;;Prnjavor
0;19.2958,45.1419;22257;;Privina Glava
0;19.9346,44.1968;14203;;Prijezdić
3;19.6487,43.3900;31300;;Prijepolje
5026;19.0881,45.6764;25263;;Prigrevica
0;19.6285,43.9780;31250;;Pridoli
0;19.7689,44.2797;14251;;Pričević
0;20.0155,43.5343;31322;;Presjeka
0;19.8045,44.6889;15213;;Predvorica
0;19.7933,43.3741;31307;;Pravoševo
0;19.9322,43.8005;31205;;Potpeće
0;19.9082,43.8199;31205;;Potočanje
0;19.7008,43.2578;31305;;Potkrš
0;19.3876,44.2804;15319;;Postenje
0;19.9542,44.2928;14221;;Popučke
0;19.9262,43.8817;31203;;Ponikovica
0;19.5854,44.4086;14254;;Plužac
0;19.1269,45.3491;21428;;Plavna
2812;19.7949,44.8221;22420;;Platičevo
0;19.2574,44.3276;15322;;Planina
4;19.4553,45.4704;21469;;Pivnice
0;19.6345,43.9420;31253;;Pilica
13917;19.8794,45.2467;21131;;Petrovaradin
0;19.9305,44.2469;14000;;Petnica
0;19.4467,44.7222;15304;;Petlovača
1227;19.4392,44.6663;15310;;Petkovica
0;19.4353,43.9545;31256;;Perućac
388;19.6842,44.5781;15233;;Pejinović
2232;19.9664,44.9089;22410;;Pećinci
0;19.7858,45.0522;22406;;Pavlovci
0;19.9649,44.2427;14202;;Paune
0;19.2389,44.4754;15315;;Paskovac
0;19.4031,45.4147;21434;;Parage
0;19.4838,43.7487;31243;;Panjak
0;19.9231,44.4409;14213;;Pambukovica
5476;19.7565,46.1065;24413;;Palić
0;19.7759,44.2454;14251;;Paklje
0;19.4417,45.9002;24342;;Pačir
0;19.6294,44.0701;31255;;Ovčinja
0;20.0035,43.8942;31203;;Otanj
0;19.5728,44.3494;14253;;Ostružanj
0;19.4288,43.8132;31243;;Oštrelj
0;19.5949,43.3699;31300;;Osoje
0;19.6983,44.3528;14252;;Osladić
3422;19.6014,44.3731;14253;;Osečina
0;19.7997,44.7103;15213;;Orid
0;19.5594,45.8269;24344;;Orešković
454;19.7895,44.7321;15213;;Orašac
0;19.5796,44.0860;31258;;Okletac
0;19.8900,43.5278;31319;;Ojkovica
0;19.7547,44.3942;14252;;Oglađenovac
0;19.9477,44.7923;22416;;Ogar
0;19.2611,45.5067;25250;;Odžaci
3177;19.3505,45.3211;21423;;Obrovac
0;19.9741,44.7367;22417;;Obrež
0;19.8691,45.7728;24312;;Obornjača
0;19.5954,43.9502;31250;;Obajgora
1452;19.3450,44.6704;15307;;Novo Selo
0;19.9289,44.6305;15214;;Novo Selo
0;19.7740,45.8482;24351;;Novo Orahovo
215400;19.8369,45.2517;21102;;Novi Sad
0;19.8114,43.4606;31320;;Nova Varoš
0;19.4361,45.3309;21431;;Nova Gajdobra
0;19.4877,45.6956;25224;;Nova Crvenka
0;19.9054,44.4789;14213;;Novaci
0;19.5504,44.9268;22203;;Noćaj
0;19.7535,45.7623;24311;;Njegoševo
0;19.8649,43.7376;31204;;Nikojevići
2425;19.8232,44.8502;22422;;Nikinci
0;19.0667,45.1167;22250;;Neradin
0;19.7907,43.5418;31318;;Negbina
749;19.6672,44.6014;15233;;Nakučani
0;19.9236,45.5086;21216;;Nadalj
0;19.8286,43.3577;31307;;Muškovina
715;19.6750,44.5428;15233;;Mrovska
0;19.8060,44.7334;15213;;Mrđenovac
0;19.7720,43.2316;31305;;Mrčkovina
0;19.9161,44.0761;31265;;Donji Mrčići
0;19.9490,44.1824;14203;;Mratišić
0;19.2151,45.0099;22245;;Morović
0;19.3121,45.1829;22256;;Molovin
605;19.5003,43.7885;31243;;Mokra Gora
0;19.4793,44.4308;15312;;Mojković
4;19.2617,45.3034;21422;;Mladenovo
0;19.8906,43.3552;31307;;Miševići
0;19.7547,44.7346;15213;;Mišar
0;19.8270,44.7041;15213;;Miokus
0;19.7888,43.3244;31307;;Milošev Do
0;19.5370,44.6058;15234;;Miloševac
408;19.4644,44.5852;15234;;Milina
0;19.7101,44.4270;15222;;Miličinica
0;19.8213,45.7346;21227;;Mileševo
0;19.8222,43.2156;36315;;Milakovići
0;19.6306,43.3482;31300;;Mioska
0;19.6299,44.5731;15233;;Metlić
1419;19.5465,44.8562;15356;;Metković
0;19.5996,44.6556;15232;;Pocerski Metković
0;19.9317,44.6174;15214;;Mesarci
0;19.7668,44.6439;15225;;Mehovine
0;19.8119,43.3505;31307;;Međani
0;19.5672,43.5017;31325;;Mažići
0;19.6661,44.5969;15233;;Matijevac
0;19.4597,45.0112;22222;;Martinci
0;19.9928,45.1014;22327;;Maradik
0;19.6253,44.6955;15232;;Maovi
0;19.5976,45.0837;22208;;Manđelos
4;19.1065,44.3734;15318;;Mali Zvornik
0;19.9039,45.0224;22411;;Mali Radinci
0;19.9744,46.0805;24416;;Mali Pesak
0;19.6653,45.7083;24321;;Mali Iđoš
0;19.7578,44.5047;15226;;Mali Bošnjak
0;19.6353,45.8847;24309;;Mali Beograd
0;19.9217,46.0674;24416;;Male Pijace
0;19.7338,44.6951;15224;;Mala Vranjska
0;19.7456,45.1064;22408;;Mala Remeta
0;19.5725,46.0395;24217;;Mala Bosna
0;19.7336,44.1053;31263;;Makovište
5000;19.6551,44.7711;15353;;Majur
0;19.7193,44.2855;14255;;Majinović
2733;19.5321,45.3625;21473;;Maglić
0;19.6311,44.8497;15211;;Pričinović
3661;19.5931,44.9674;22202;;Mačvanska Mitrovica
0;19.7820,43.7918;31312;;Mačkat
0;19.9970,44.3132;14222;;Lukavac
0;19.5452,45.1822;21315;;Lug
19515;19.2427,44.5312;15300;;Loznica
3161;19.6920,45.6816;24322;;Lovćenac
0;19.5961,44.3181;14207;;Lopatanj
0;19.3524,44.2231;15320;;Lonjin
0;19.7379,44.6303;15225;;Lojanice
0;19.7504,44.4586;15222;;Ljutice
2717;19.3767,44.1894;15320;;Ljubovija
0;19.8565,43.6167;31209;;Ljubiš
0;19.8264,43.8197;31311;;Ljubanje
3212;19.5010,44.6978;15305;;Lipolist
2240;19.2657,44.5806;15341;;Lipnički Šor
0;19.2817,44.5590;15341;;Lipnica
0;19.3742,44.3758;15314;;Lipenović
0;19.5542,45.7062;25224;;Lipar
0;19.4320,44.3973;15313;;Likodra
0;19.5707,45.1232;22207;;Ležimir
4678;19.3100,44.6525;15307;;Lešnica
0;19.4825,44.1867;15323;;Leović
0;19.9269,43.9151;31203;;Gornji Lelići
0;19.8293,44.2303;14205;;Lelić
1912;19.8055,45.1870;21207;;Ledinci
0;19.3658,45.5193;25234;;Lalić
0;19.5699,44.9970;22221;;Laćarak
0;19.4046,45.0223;22223;;Kuzmin
2694;19.0108,45.7376;25262;;Kupusina
0;19.7265,44.2309;14206;;Kunice
3207;19.5881,45.4024;21472;;Kulpin
0;19.5264,45.6089;25230;;Kula
0;19.3407,45.0697;22224;;Kukujevci
0;19.8037,44.6804;15213;;Kujavica
0;19.5887,45.5205;21466;;Kucura
0;19.8543,43.5460;31319;;Kućani
0;19.3461,44.3538;15314;;Kržava
0;19.9221,43.8169;31205;;Krvavci
0;19.6869,43.2912;31305;;Kruševo
0;19.1005,45.9331;25282;;Kruševlje
234;19.9363,45.1194;22328;;Krušedol Prnjavor
340;19.9471,45.1134;22328;;Krušedol
0;19.9759,43.7217;31233;;Kruščica
0;19.3692,45.6139;25225;;Kruščić
3779;19.3619,44.3656;15314;;Krupanj
0;19.9619,44.3758;14201;;Kršna Glava
0;19.4471,43.8004;31243;;Kršanje
0;19.7536,44.5858;15225;;Krnule
0;19.3961,43.4206;31306;;Krnjača
0;19.8623,44.5894;15214;;Krnić
0;19.8093,43.7766;31312;;Kriva Reka
1296;19.5915,44.5502;15233;;Krivaja
727;19.5743,43.8381;31242;;Kremna
0;19.9819,44.1639;14244;;Krčmar
0;19.6335,43.5483;31317;;Kratovo
0;19.4231,44.4215;15313;;Krasava
0;19.8833,44.9774;22411;;Kraljevci
0;19.8702,43.1785;36315;;Krajinoviće
0;19.9222,44.5484;14214;;Kožuar
0;19.8689,44.3447;14201;;Kozličić
1201;19.2841,44.5873;15341;;Kozjak
0;19.7047,44.5089;15222;;Kozarica
0;19.8809,44.2106;14203;;Kovačice
0;19.8537,44.3477;14201;;Kotešica
0;19.6872,44.0075;31254;;Kostojevići
0;19.2994,44.4326;15315;;Kostajnik
0;19.9069,43.9961;31260;;Kosjerić
0;19.6573,43.3664;31300;;Koševine
0;19.7392,43.4179;31325;;Gornja Kosatica
0;19.7685,44.7050;15213;;Korman
0;19.3212,44.4803;15309;;Korenita
0;19.8176,43.2461;31305;;Koprivna
0;19.5722,44.4379;14254;;Konjuša
0;19.4013,43.8999;31251;;Konjska Reka
0;19.5415,44.4123;14254;;Komirić
0;19.8761,43.4369;31320;;Komarani
1886;18.9276,45.8929;25274;;Kolut
4;19.8014,43.5144;31318;;Kokin Brod
0;19.6914,45.8597;24309;;Kočićevo
0;19.8117,44.4736;15220;;Koceljeva
0;19.2770,45.7704;25221;;Kljajićevo
0;19.9531,44.2500;14221;;Klinci
3653;19.4351,44.8079;15357;;Klenje
3388;19.7100,44.7885;22424;;Klenak
0;19.9626,43.5682;31319;;Klekova
1545;19.7297,45.3542;21211;;Kisač
0;19.8803,45.8503;24407;;Kevi
0;19.5760,43.3356;31306;;Karoševina
4;19.1942,45.4983;25255;;Karavukovo
0;19.8402,43.3150;31307;;Karaula
0;19.8948,43.9181;31203;;Karan
0;19.5910,45.8582;24308;;Karađorđevo
0;19.6860,44.5450;15233;;Kaona
0;19.4393,44.5834;15308;;Kamenica
1371;19.7233,44.3430;14252;;Kamenica
0;19.9228,43.8900;31203;;Kamenica
0;19.5546,43.2870;31306;;Kamena Gora
0;19.9544,44.5016;14214;;Kalinovac
0;19.9764,43.9308;31213;;Kalenići
0;19.7457,43.3422;31307;;Kačevo
0;19.7465,43.8153;31312;;Kačer
11067;19.9430,45.3041;21241;;Kać
1228;19.4097,44.5877;15308;;Joševa
0;19.8436,44.3622;14201;;Joševa
1940;19.6636,44.7217;15000;;Jevremovac
0;19.7332,43.9954;31254;;Jelovik
1950;19.7350,44.7270;15000;;Jelenča
0;19.8712,44.5640;15221;;Jazovnik
0;19.7669,45.1044;22408;;Jazak
0;19.9593,44.3168;14221;;Jasenica
1549;19.4242,44.5399;15311;;Jarebice
2092;19.7548,44.9184;22426;;Jarak
0;19.0638,44.8840;22248;;Jamena
0;19.8184,44.5966;15225;;Jalovik
0;19.7456,44.0237;31263;;Jakalj
0;19.2767,43.9659;31256;;Jagoštica
2355;19.3470,44.5862;15308;;Jadranska Lešnica
0;19.4892,43.3400;31306;;Jabuka
0;19.6214,43.4169;31300;;Izbičanj
0;19.6453,43.3487;31300;;Ivanje
0;19.8583,45.1011;22406;;Irig
0;19.1239,45.1135;22250;;Ilinci
2855;19.7637,44.8815;22427;;Hrtkovci
0;19.6093,43.2869;31306;;Hrta
0;19.9677,46.1539;24410;;Horgoš
0;19.7225,43.3603;31300;;Hisardžik
0;19.6149,44.0894;31255;;Gvozdac
0;19.4842,44.3141;14207;;Gunjaci
0;19.8278,45.7603;24312;;Gunaroš
0;19.5653,44.6360;15235;;Grušić
0;19.7210,43.2387;31305;;Grobnice
608;19.2997,44.5352;15302;;Grnčara
0;19.6464,45.1043;22213;;Grgurevci
23;19.9037,45.1338;22328;;Grgeteg
0;19.5561,44.1194;31258;;Grčić
0;19.6283,44.5027;15227;;Gradojević
0;19.3764,44.2372;15319;;Gračanica
0;19.6859,43.3081;31305;;Gračanica
0;19.6136,45.1738;21312;;Grabovo
1480;19.8449,44.7650;22423;;Grabovci
0;19.7571,43.1889;36315;;Gostun
0;19.8524,43.9146;31000;;Gostinica
0;19.8298,43.6529;31313;;Gostilje
0;19.9881,45.4038;21237;;Gospođinci
0;19.9044,43.1277;36315;;Goševo
884;19.3086,44.5829;15341;;Gornji Dobrić
0;19.9575,43.5130;31319;;Gornje Trudovo
811;19.3392,44.5164;15309;;Gornje Nedeljice
0;19.9467,43.3486;31307;;Gornje Lopiže
0;19.8594,44.1733;14203;;Gornje Leskovice
0;19.5694,44.1536;15324;;Gornje Košlje
0;19.8740,43.3053;31307;;Gornje Goračiće
0;19.6360,44.4221;15227;;Gornje Crniljevo
0;19.6933,44.6911;15232;;Gornja Vranjska
0;19.4890,44.1195;15324;;Gornja Trešnjica
0;19.4686,45.8064;25222;;Gornja Rogatica
0;19.5308,44.2163;15323;;Gornja Orovica
0;19.4517,44.2422;15323;;Gornja Ljuboviđa
0;19.5776,43.6593;31315;;Gornja Jablanica
0;19.8997,44.3169;14201;;Gornja Grabovica
1541;19.7865,44.3423;14252;;Gornja Bukovica
0;19.2436,44.4319;15315;;Gornja Borina
0;19.8703,43.5868;31209;;Gornja Bela Reka
0;19.4880,44.5330;15234;;Gornja Badanja
0;19.9395,43.8242;31205;;Gorjani
0;19.9314,44.2895;14221;;Gorić
0;19.6863,44.4872;15222;;Goločelo
0;19.8594,44.3958;14201;;Gola Glava
0;19.8382,44.0297;31262;;Godljevo
0;19.7262,44.0645;31263;;Godečevo
2512;19.5491,44.8902;15356;;Glušci
2487;19.5684,45.2795;21412;;Gložan
998;19.4153,44.8634;15355;;Glogovac
0;19.2637,45.1039;22258;;Gibarac
0;19.8803,44.0155;31260;;Galovići
0;19.5997,44.4793;15227;;Galović
2122;19.0614,45.9008;25282;;Gakovo
4;19.4458,45.3506;21432;;Gajdobra
18018;19.7142,45.2387;21410;;Futog
3980;19.6997,45.6643;24323;;Feketić
2736;19.4088,45.1172;22230;;Erdevik
0;19.6061,43.4629;31325;;Džurovo
0;19.3785,44.4370;15314;;Dvorska
357;19.5800,44.6143;15233;;Dvorište
0;19.5239,44.7411;15352;;Duvanište
0;19.6247,43.3930;31300;;Dušmanići
0;19.7837,45.9077;24104;;Bačko Dušanovo
0;19.5943,43.4207;31300;;Đurašići
0;19.9791,44.3403;14221;;Dupljaj
0;19.8672,43.8939;31000;;Duboko
0;19.8695,44.0590;31265;;Dubnica
3558;19.5090,44.8012;15359;;Dublje
0;19.6738,43.9543;31253;;Dub
0;19.9913,43.3505;36310;;Družiniće
0;19.8582,44.4241;14213;;Družetić
0;19.8427,43.4153;31320;;Drmanovići
0;19.4889,44.1432;15324;;Drlače
0;19.7863,43.8325;31311;;Drijetanj
0;19.9136,43.7783;31204;;Drežnik
0;19.8770,44.0790;31265;;Drenovci
2629;19.7094,44.8665;15212;;Drenovac
0;19.8392,43.6477;31313;;Drenova
0;19.6426,43.4245;31300;;Drenova
0;19.7669,43.4503;31320;;Draževići
0;19.6982,43.9904;31254;;Draksin
0;19.8501,44.6861;15213;;Dragojevac
0;19.6003,44.2600;14207;;Dragodol
0;19.7445,43.5766;31317;;Draglica
1888;19.7625,44.5330;15226;;Draginje
315;19.4173,44.5111;15311;;Draginac
0;19.6411,44.3225;14253;;Dragijevica
0;19.9003,44.2157;14203;;Dračić
2131;19.1887,45.6070;25243;;Doroslovo
0;19.9437,44.8130;22416;;Donji Tovarnik
0;19.9746,44.9646;22404;;Donji Petrovci
1695;19.3311,44.6118;15308;;Donji Dobrić
0;19.3250,44.5286;15309;;Donje Nedeljice
0;19.9497,43.3160;36310;;Donje Lopiže
0;19.8042,44.1820;14205;;Donje Leskovice
0;19.8908,43.3386;31307;;Donje Goračiće
0;19.1730,44.3442;15321;;Donja Trešnjica
0;19.5125,44.5046;15312;;Donja Sipulja
0;19.4729,44.2200;15323;;Donja Orovica
0;19.4102,44.2222;15320;;Donja Ljuboviđa
0;19.5622,43.6929;31243;;Donja Jablanica
0;19.9061,44.3002;14000;;Gornja Grabovica
0;19.8166,44.3106;14251;;Donja Bukovica
0;19.4153,44.1907;15320;;Donja Bukovica
0;19.1556,44.4333;15317;;Donja Borina
0;19.8956,43.5777;31319;;Donja Bela Reka
756;19.4754,44.5056;15311;;Donja Badanja
0;19.9719,44.3980;14213;;Dokmir
0;19.6600,43.9936;31254;;Dobrotin
0;19.7026,43.6160;31317;;Dobroselica
0;19.9532,43.8875;31203;;Dobrodo
0;19.9266,44.9537;22412;;Dobrinci
1375;19.5793,44.7022;15235;;Dobrić
0;19.5098,45.1109;22232;;Divoš
86;19.9925,44.1060;14204;;Divčibare
0;19.6767,43.3153;31300;;Divci
2077;19.5265,45.4598;21468;;Despotovo
409;19.5224,44.6223;15234;;Desić
4;19.2203,45.4554;25254;;Deronje
0;19.9125,43.6399;31209;;Đedovac
0;19.9027,44.6227;15214;;Debrc
0;19.9551,43.4708;31322;;Debelja
0;19.5539,44.4656;15312;;Cvetulja
840;19.5456,44.6660;15235;;Culjković
0;19.1892,44.3002;15322;;Culine
0;19.9758,44.4078;14213;;Čučuge
0;19.6078,44.0060;31255;;Donja Crvica
8532;19.4544,45.6610;25220;;Crvenka
0;19.2836,44.2854;15322;;Crnča
2606;19.3948,44.8737;15355;;Crna Bara
0;19.5563,43.4531;31300;;Crkveni Toci
0;19.2513,45.8113;25210;;Čonoplja
1262;19.3902,44.6532;15306;;Čokešina
0;19.1606,44.3117;15322;;Čitluk
0;19.3727,44.2141;15320;;Čitluk
0;19.8549,44.0076;31262;;Cikote
0;19.4049,44.4820;15311;;Cikote
445;19.7514,44.6771;15224;;Cerovac
0;19.3780,44.4008;15314;;Cerova
0;19.6625,45.2201;21311;;Čerević
2125;19.8042,45.3683;21233;;Čenej
0;19.6500,43.5000;31325;;Pribojske Čelice
5017;19.5248,45.2700;21413;;Čelarevo
0;19.4872,44.2681;14207;;Carina
0;19.8716,43.2347;36310;;Caričina
0;19.7661,45.9210;24220;;Čantavir
0;19.5070,45.0795;22231;;Čalma
3162;19.7127,43.7498;31310;;Čajetina
0;19.8276,43.5187;31318;;Burađa
0;19.9974,43.4267;31322;;Bukovik
0;19.6768,43.2658;31305;;Bukovik
0;19.8952,45.1897;21209;;Bukovac
0;19.9688,44.1826;14202;;Bukovac
1167;19.5712,44.4952;15227;;Bukor
0;19.9131,44.2575;14000;;Bujačić
0;19.1458,44.3411;15318;;Budišić
0;19.9939,45.2814;21242;;Budisava
1999;19.8634,44.8939;22421;;Buđanovci
0;19.4141,43.4599;31306;;Bučje
0;19.8145,43.8836;31000;;Buar
0;19.6756,43.2142;31305;;Brvine
0;19.3349,44.3950;15314;;Brštica
0;19.7196,43.2290;31305;;Brodarevo
0;19.3679,44.5483;15309;;Brnjac
0;19.4495,44.4572;15312;;Brezovice
0;19.7699,44.1825;14206;;Brezovice
0;19.9650,44.4898;14214;;Brezovica
0;19.6726,43.5563;31317;;Brezna
0;19.3413,44.5097;15309;;Brezjak
0;19.9045,44.8608;22414;;Brestač
0;19.7778,44.4439;15220;;Bresnica
1690;19.7715,44.5538;15226;;Brdarica
0;19.5386,44.3501;14253;;Donji Bratačić
1479;19.1567,44.4652;15317;;Brasina
0;19.8984,44.3466;14201;;Brankovina
0;19.8694,44.2175;14203;;Brangović
0;19.7021,43.7710;31310;;Branešci
0;19.9119,44.0275;31260;;Brajkovići
0;19.3391,44.5498;15309;;Bradić
0;19.9722,43.4484;31322;;Božetići
1311;19.3609,44.9298;22217;;Bosut
0;19.8439,43.1044;36315;;Borišiće
0;19.9891,43.0721;36313;;Boljare
461;19.6326,44.6258;15233;;Bojić
0;19.4043,44.3287;15314;;Bogoštica
1191;19.5953,44.7180;15235;;Bogosavac
2312;19.1302,45.5301;25245;;Bogojevo
7225;19.4806,44.8375;15350;;Bogatić
0;19.1066,45.3896;21427;;Bođani
0;19.7978,44.6235;15225;;Bobovik
0;19.7130,44.2556;14255;;Bobova
0;19.9230,44.3641;14201;;Blizonje
0;19.9469,43.9003;31203;;Bjelotići
0;19.9694,43.9766;31213;;Bjeloperica
0;19.7833,43.3658;31307;;Biskupići
0;19.6629,43.8718;31241;;Bioska
0;19.4486,45.0995;22253;;Bingula
0;19.7598,46.0217;24206;;Bikovo
4;18.9240,45.8494;25270;;Bezdan
0;19.4706,43.9509;31256;;Beserovina
841;19.7041,45.0836;22212;;Bešenovo
0;19.2527,45.1459;22242;;Berkasovo
0;19.7559,44.3059;14251;;Beomužević
0;19.7206,45.2083;21300;;Beočin
1801;19.5480,44.8178;15359;;Belotić
784;19.7193,44.5810;15226;;Belotić
0;19.5242,44.3817;14254;;Belotić
0;19.9453,44.2639;14221;;Beloševac
0;19.8680,44.2675;14000;;Belo Polje
0;19.9617,44.6271;15214;;Beljin
0;19.8909,44.2256;14203;;Belić
0;19.7949,43.8115;31311;;Bela Zemlja
0;19.4884,44.6479;15305;;Bela Reka
0;19.4796,44.3955;15313;;Bela Crkva
0;19.6231,45.2367;21411;;Begeč
0;19.1323,45.0528;22251;;Batrovci
0;19.5256,44.3640;15313;;Bastav
0;19.7509,43.1742;36315;;Bare
0;19.8519,43.1215;36315;;Bare
1732;19.4492,44.9104;15362;;Banovo Polje
0;19.6118,45.2126;21312;;Banoštor
0;19.3886,44.3528;15314;;Banjevac
0;19.9803,44.5377;14214;;Banjani
4;19.1528,44.5146;15316;;Banja Koviljača
0;19.7581,44.2601;14251;;Balinović
0;19.6881,43.2276;31305;;Balići
0;19.5851,45.7799;24330;;Bajša
0;19.4225,45.9714;24210;;Bajmok
8533;19.5675,43.9708;31250;;Bajina Bašta
0;19.8124,45.7442;21227;;Bagremovo
5879;19.3715,44.7853;15358;;Badovinci
0;19.1411,45.2934;21429;;Bačko Novo Selo
0;19.6898,45.5015;21465;;Bačko Dobro Polje
0;19.8559,46.1230;24415;;Bački Vinogradi
0;19.5402,45.8496;24343;;Bački Sokolac
7229;19.5917,45.3606;21470;;Bački Petrovac
4;18.9340,45.7944;25272;;Bački Monoštor
0;19.8751,45.3700;21234;;Bački Jarak
0;19.3235,45.5545;25252;;Bački Gračac
0;19.2709,45.6182;25242;;Bački Brestovac
1770;18.9294,45.9203;25275;;Bački Breg
16154;19.6318,45.8152;24300;;Bačka Topola
29449;19.3966,45.2497;21400;;Bačka Palanka
0;19.3070,45.0816;22225;;Bačinci
0;19.9130,44.1747;14203;;Bačevci
0;19.5119,44.0882;31258;;Bačevci
0;19.2367,45.3919;21420;;Bač
0;19.9603,44.3592;14201;;Babina Luka
18320;18.9780,45.6726;25260;;Apatin
0;19.8441,43.4962;31318;;Amzići
0;19.8487,43.3376;31307;;Aljinovići
0;19.7854,43.7009;31314;;Alin Potok
0;19.3325,45.9284;25212;;Aleksa Šantić
0;19.8718,43.4278;31320;;Akmačići
0;19.2213,45.0793;22244;;Adaševci
0;19.2233,44.2838;15322;;Podrebelj
0;19.2218,44.2969;15322;;Čikarići
0;19.2281,44.2700;15322;;Velika Reka
0;19.3883,44.1938;15320;;Gledeće
0;19.4258,44.1517;15324;;Rogota
0;19.4542,45.2231;21314;;Neštin
0;19.3890,45.1578;22255;;Ljuba
0;19.4792,45.1336;22232;;Pištinac
0;19.4635,45.1898;21314;;Sinkerek
0;19.4813,45.1644;21315;;Đipša
0;19.3791,45.0836;22224;;Novi Dvor
0;19.4019,45.0687;22224;;Emilijin Dvor
83;19.7061,45.1131;22212;;Bešenovački Prnjavor
0;19.7662,45.1173;22408;;Prnjavor Jazački
0;19.6914,45.1956;21300;;Šakotinac
0;19.7786,45.2417;21203;;Pasuljište
0;19.7806,45.1592;21207;;Zmajevac
0;19.9396,45.0407;22404;;Dobrodol
0;19.9701,45.0264;22404;;Novi Stan
0;19.8814,45.3922;21235;;Staro Durđevo
0;19.8103,45.3692;21233;;Mali Sarak
0;19.7272,45.3689;21211;;Novi Kisač
0;19.3689,45.2817;21400;;Novi Majur
0;19.3594,45.2894;21423;;Novi Majur
0;19.2907,45.2752;21421;;Donji Majur
0;19.3043,45.2921;21421;;Karađorđevo
0;19.3136,45.3046;21421;;Gornji Majur
0;19.2392,45.2628;21422;;Petkovac
0;19.2386,45.2517;21422;;Donji Panjik
0;19.2509,45.2664;21422;;Selište
0;19.1987,45.3993;21420;;Bač
0;19.0399,45.4486;21426;;Labudnjača
0;19.9515,45.7019;21226;;Starobečejski Šor
0;19.8089,45.7436;21227;;Brazilija
0;19.8252,45.7193;21227;;Drljan
0;19.2634,45.7191;25221;;Radojevići
0;19.2653,45.7322;25221;;Kovačići
0;19.2365,45.7039;25240;;Matarići
0;19.1999,45.7029;25240;;Žarkovac
0;19.2078,45.7469;25221;;Gradina
0;19.1787,45.7420;25101;;Bošnjaci
0;19.0976,45.7281;25101;;Bukovac
0;19.1547,45.7233;25101;;Lugomerci
0;19.1256,45.7185;25263;;Čičovi
0;19.1564,45.7000;25240;;Rajići
0;19.1696,45.7116;25240;;Šiđani
0;19.0924,45.8284;25101;;Nanadići
0;19.1166,45.8780;25282;;Rančevo
0;19.1222,45.8499;25211;;Bilići
0;19.2123,45.8137;25210;;Šaponje Salaši
0;19.1525,45.8497;25211;;Pujgeri
0;19.1748,45.8343;25211;;Milčić
0;19.1448,45.8269;25211;;Obzir
0;19.1981,45.7575;25221;;Pekanovići
0;19.4119,45.9869;24210;;Novo Selo
0;19.4900,45.9952;24211;;Mišićevo
0;19.5393,45.9461;24211;;Đurđin
0;19.5681,45.8558;24308;;Jagodnjak
0;19.6676,45.8321;24300;;Mićunovo
0;19.7314,45.8931;24104;;Mali Jaraš
1947;19.6303,45.9486;24224;;Stari Žednik
0;19.7525,45.7864;24311;;Kinštaršor
0;19.8346,45.9771;24207;;Orom
0;19.7427,45.9515;24222;;Višnjevac
0;19.8051,45.7769;24313;;Bogaraš
0;19.6136,44.0011;31255;;Donji Vukovići
0;19.7287,44.0391;31263;;Bajići
0;19.8449,44.0161;31262;;Rajić Brdo
0;19.8844,44.0128;31260;;Beli Gaj
0;19.7930,44.0433;31263;;Gornja Pološnica
0;19.7647,44.0511;31263;;Borovac
0;19.7399,44.0445;31263;;Kruščica
0;19.6855,44.0360;31254;;Leštansko
0;19.6410,44.0327;31255;;Narančići
0;19.6368,44.0449;31255;;Svojdrug
0;19.6445,44.0564;31255;;Ćeranići
0;19.9761,44.0624;31265;;Gornji Skakavci
0;19.9161,44.0856;31265;;Gajčani
0;19.8971,44.0931;31265;;Mrčići
0;19.8764,44.1400;14203;;Šipovica
0;19.8575,44.0864;31265;;Radanovci
0;19.8800,44.0994;31265;;Kandići
0;19.7481,44.0750;31263;;Šepci
0;19.8044,44.0969;31263;;Taor
0;19.7715,44.1031;31263;;Crveni Breg
0;19.7816,44.1322;14206;;Mravinci
0;19.8056,44.1325;14206;;Ostreš
0;19.8493,44.1367;31265;;Pali
0;19.6428,44.0790;31255;;Vasiljevići
0;19.7088,44.0889;31263;;Vasići
0;19.7336,44.0868;31263;;Ploska
0;19.7401,44.0907;31263;;Ćebići
0;19.6985,44.1206;31263;;Lazarevići
0;19.7176,44.1124;31263;;Kosići
0;19.6552,44.1461;14206;;Prokići
0;19.6680,44.0955;31255;;Jagodići
0;19.6247,44.0917;31255;;Vrnjača
0;19.6076,44.1272;31258;;Ružići
0;19.5726,44.1343;15324;;Trutinac
0;19.5556,44.1120;31258;;Jezdinovac
0;19.5894,44.1472;15324;;Vodice
0;19.6478,44.1503;14206;;Matići
0;19.5644,44.1039;31258;;Jasikovac
0;19.5031,44.1187;15324;;Donje Košlje
0;19.9187,45.0816;22328;;Bankovci
0;19.9797,44.1933;14202;;Srećkovići
0;19.9940,44.2388;14202;;Kotline
0;19.8789,44.1903;14203;;Stojanovici
0;19.9362,44.2208;14203;;Zarube
0;19.9324,44.2294;14203;;Žabari
0;19.9761,44.2400;14202;;Goštak
0;19.9608,44.2453;14202;;Žuberice
0;19.9381,44.2424;14203;;Rogljevići
0;19.8985,44.1688;14203;;Donji Bačevci
0;19.8808,44.1763;14203;;Miškovići
0;19.8417,44.1939;14205;;Savići
0;19.7836,44.1811;14206;;Selaci
0;19.7443,44.2216;14206;;Gračanica
0;19.7714,44.1800;14206;;Brlog
0;19.7289,44.1580;14206;;Tošići
0;19.7087,44.2421;14255;;Sitarice
0;19.6899,44.2187;14206;;Kneževići
0;19.6572,44.2300;14255;;Bucure
0;19.5434,44.1623;15324;;Provalija
0;19.6133,44.1662;15324;;Razbojište
0;19.5036,44.1603;15324;;Ozorci
0;19.5158,44.1961;15323;;Stajčići
0;19.5658,44.1816;15324;;Gornji Savkovići
0;19.5394,44.1719;15324;;Donji Savkovići
0;19.5008,44.1789;15324;;Valjeć
0;19.4553,44.1897;15323;;Jovičići
0;19.4122,44.1883;15320;;Erakovići
0;19.3957,44.1998;15320;;Bubnjava
0;19.4250,44.2056;15323;;Poljane
0;19.4671,44.2064;15323;;Sarići
0;19.4044,44.2460;15319;;Aluga
0;19.8885,44.2397;14203;;Degurić
0;19.8789,44.2619;14000;;Popare
0;19.8989,44.2858;14000;;Kličevak
0;19.9784,44.3203;14221;;Dublje
0;19.9028,44.3154;14201;;Pošare
0;19.8205,44.2669;14205;;Ćosići
0;19.7863,44.2714;14251;;Boškovići
0;19.7482,44.2696;14251;;Tupanci
0;19.8247,44.2828;14251;;Kotarci
0;19.8475,44.3169;14201;;Đurđevići
0;19.8770,44.3248;14201;;Jazavnik
0;19.7622,44.3208;14252;;Gornji Kraj
0;19.6494,44.2581;14255;;Drenajić
0;19.6113,44.2888;14207;;Đorđići
0;19.7029,44.2825;14255;;Madžari
0;19.7075,44.3103;14252;;Orašće
0;19.6630,44.3265;14252;;Dumani
0;19.6119,44.2661;14255;;Marjanovići
0;19.5394,44.2844;14207;;Brajići
0;19.5297,44.2808;14207;;Leleci
0;19.5273,44.2909;14207;;Gornji Puljezi
0;19.5789,44.3011;14207;;Jalovik
0;19.5953,44.3283;14253;;Birčani
0;19.5357,44.3292;14207;;Donja Kokorava
0;19.4311,44.2594;15323;;Turski Atar
0;19.4078,44.2554;15319;;Zakućani
0;19.4222,44.2731;15319;;Laze
0;19.4111,44.2814;15319;;Gorice
0;19.3627,44.2751;15319;;Veleš
0;19.4275,44.2875;15319;;Vis
0;19.4213,44.3002;15319;;Miletina
0;19.4072,44.3089;15319;;Rupavci
0;19.4658,44.3145;14207;;Čivljani
0;19.4106,44.3236;15314;;Sklop
0;19.4286,44.3313;15314;;Sredica
0;19.3294,44.3098;15319;;Mitrovići
0;19.3094,44.2905;15319;;Krupina
0;19.2890,44.2895;15322;;Koralica
0;19.3373,44.2704;15319;;Tepavac
0;19.2588,44.2699;15322;;Vrnčić
0;19.2353,44.3006;15322;;Ropović
0;19.2165,44.3069;15322;;Vujkovići
0;19.2073,44.3121;15322;;Brđani
0;19.9896,44.3696;14223;;Slovac
0;19.9042,44.3700;14201;;Dubrava
0;19.9572,44.4228;14213;;Bara
0;19.8791,44.3902;14201;;Balačka
0;19.8138,44.3955;14201;;Mitrovići
0;19.7486,44.3753;14252;;Brazda
0;19.7581,44.3781;14252;;Dubljani
0;19.8453,44.4196;15220;;Donja Mala
0;19.8064,44.4208;15220;;Koren
0;19.6951,44.3336;14252;;Marinovac
0;19.6489,44.3456;14253;;Staro Selo
0;19.7061,44.3639;14252;;Markovići
0;19.7297,44.3758;14252;;Živanovići
0;19.6979,44.3909;14252;;Andrići
0;19.7197,44.3953;14252;;Kacapa
0;19.6159,44.3470;14253;;Janjčići
0;19.5925,44.3922;14253;;Donja Lukića Mala
0;19.4725,44.4047;15313;;Gornja Mahala
0;19.5864,44.3392;14253;;Krivo Brdo
0;19.4431,44.3396;15313;;Gornji Popovići
0;19.4314,44.3275;15314;;Pavitnjaci
0;19.4163,44.3671;15314;;Đuričici
0;19.3794,44.4079;15314;;Jaksići
0;19.2944,44.4182;15315;;Ćirkovići
0;19.3711,44.4192;15314;;Despići
0;19.3434,44.4176;15314;;Kikanovići
0;19.2273,44.3979;15321;;Leskova Ravan
0;19.3375,44.3864;15314;;Branjevac
0;19.2364,44.3581;15321;;Mijatovići
0;19.2484,44.3483;15321;;Delci
0;19.2508,44.3378;15322;;Samardžići
0;19.1849,44.3479;15321;;Petrovići
0;19.1500,44.3517;15318;;Strovljević
0;19.2245,44.3627;15321;;Gornji Radići
0;19.2228,44.3827;15321;;Lipovo Brdo
0;19.1460,44.3881;15321;;Žarkovići
0;19.2168,44.4095;15321;;Rogulja
0;19.9289,44.4258;14213;;Avala
0;19.9593,44.4406;14213;;Bukovica
0;19.9180,44.4594;14213;;Bukovica
0;19.9219,44.4949;14213;;Tomilice
0;19.9071,44.4975;14213;;Suva Jaruga
0;19.8162,44.4503;15220;;Prnjavor
0;19.7778,44.4444;15220;;Rasnica
0;19.7772,44.4574;15220;;Brđani
0;19.8328,44.4767;15220;;Donji Kraj
0;19.7672,44.4830;15220;;Lukići
0;19.8072,44.4937;15220;;Marković
0;19.7208,44.4926;15222;;Sevarica
0;19.7053,44.4861;15222;;Jasikovac
0;19.7220,44.4733;15222;;Kamenica
0;19.6766,44.4311;15227;;Donji Ružići
0;19.6723,44.4892;15222;;Brda
0;19.6257,44.4677;15227;;Donje Crniljevo
0;19.4916,44.4464;15312;;Mojković
0;19.5119,44.4611;15312;;Grujića Mahala
0;19.5124,44.4704;15312;;Zavlaka
0;19.3799,44.4921;15311;;Gračanica
0;19.3956,44.4923;15311;;Šurice
0;19.4305,44.4765;15311;;Krivajica
0;19.3900,44.4680;15311;;Savići
0;19.3710,44.4606;15309;;Perići
0;19.3664,44.4530;15309;;Pajići
0;19.3478,44.4939;15309;;Rejinovac Mala
0;19.3487,44.4788;15309;;Gornja Mala
0;19.3392,44.4805;15309;;Suvaja
0;19.2462,44.4831;15303;;Poljane
0;19.3084,44.4686;15303;;Prekorečka Mala
0;19.2903,44.4618;15315;;Prnjavor
0;19.3472,44.4539;15309;;Lipovača
0;19.3093,44.4323;15315;;Donji Kostajnik
0;19.1619,44.4689;15317;;Simići
0;19.1964,44.4544;15317;;Baranje
0;19.1731,44.4444;15317;;Brasma
0;19.1919,44.4478;15317;;Gučevo
0;19.1839,44.4334;15317;;Andrača
0;19.1790,44.4352;15317;;Donja Borina
0;19.9108,44.5076;14214;;Lipik
0;19.9114,44.5100;14214;;Zbegovina
0;19.9936,44.5808;14214;;Ciganska Mala
0;19.8778,44.5744;15214;;Ševarice
0;19.9081,44.5586;14214;;Gajić
0;19.8539,44.5279;15221;;Grabljanska Mala
0;19.8687,44.5025;15221;;Tamnavska Mala
0;19.8445,44.5097;15221;;Gunjaćka Mala
0;19.7312,44.5144;15226;;Gornja Mala
0;19.6981,44.5014;15222;;Cerje
0;19.8456,44.5561;15221;;Lipovica
0;19.8296,44.5378;15221;;Lazica Mala
0;19.8640,44.5227;15221;;Batalage
0;19.7895,44.5281;15226;;Colićka Mala
0;19.7685,44.5193;15226;;Mala Preseka
0;19.8196,44.5830;15225;;Prnjavor
0;19.8421,44.6038;15225;;Velika Bara
0;19.6537,44.5664;15233;;Radučića Mala
0;19.6393,44.5651;15233;;Carić
0;19.7301,44.5355;15226;;Tavtić Mala
0;19.6382,44.5214;15233;;Bobija
0;19.6721,44.5078;15222;;Ćukovine
0;19.6124,44.5498;15233;;Borkovac
0;19.6236,44.5713;15233;;Brđani
0;19.6067,44.5404;15233;;Rakita
0;19.5879,44.5333;15234;;Bučje
0;19.5934,44.5215;15233;;Bukovik
0;19.5498,44.5297;15234;;Pomijača
0;19.4486,44.5024;15311;;Filipovići
0;19.4389,44.5468;15311;;Adžići
0;19.3853,44.5509;15311;;Veliko Selo
0;19.4178,44.5756;15308;;Majur
0;19.2940,44.5046;15302;;Terzići
0;19.3514,44.4995;15309;;Donja Mala
4;19.2455,44.5385;15300;;Klupci
0;19.3173,44.5585;15341;;Čitluk
0;19.2859,44.5738;15341;;Obrež
0;19.1429,44.5071;15316;;Gornja Koviljača
0;19.2274,44.5158;15300;;Baščeluci
0;19.9464,44.6511;15215;;Duboka Mala
0;19.8982,44.6634;15215;;Točak
0;19.8839,44.6574;15215;;Ciganska Mala
0;19.8600,44.6294;15214;;Bukovica
0;19.8080,44.6515;15225;;Skupljen
0;19.7730,44.6717;15224;;Vučevica
0;19.7056,44.6208;15225;;Đunarina Mala
0;19.5822,44.6813;15235;;Prekorečka Mala
0;19.5053,44.6340;15305;;Kopljević
0;19.5850,44.6920;15235;;Milačka Mala
0;19.3700,44.6083;15308;;Vratačka Mala
0;19.3377,44.6172;15308;;Slatina
0;19.7626,44.7242;15213;;Glogovac
0;19.7343,44.7375;15000;;Dumača
4018;19.7072,44.7222;15000;;Pocerski Pričinović
0;19.5311,44.9705;22201;;Zasavica Druga
0;19.9275,45.9344;24408;;Bogaroš
0;19.8967,45.1166;22328;;Neradin
0;19.8506,44.2065;14205;;Bogatić
0;19.2699,44.4962;15303;;Vukanovac
0;19.2832,44.4925;15303;;Bajir
0;19.2992,44.4879;15302;;Mali Prnjavor
0;19.3180,44.4881;15309;;Srednja Mala
0;19.3612,44.4947;15309;;Slatina
0;19.3514,44.4992;15309;;Tešići
0;19.3406,44.4947;15309;;Rejinovac
0;19.3392,44.4871;15309;;Donja Mala
0;19.4070,44.4913;15311;;Mitrovići
0;19.4778,44.4931;15312;;Mitrići
0;19.4731,44.4853;15312;;Donja Badanja
0;19.4628,44.4891;15312;;Donja Badanja
0;19.4774,44.4839;15312;;Banja
0;19.4830,44.4727;15312;;Krstići
0;19.4804,44.4656;15312;;Jezdimirovići
0;19.4836,44.4538;15312;;Donja Zavlaka
0;19.4906,44.4318;15312;;Marići
0;19.4948,44.4253;15313;;Matići
0;19.4863,44.4156;15313;;Skorići
0;19.4725,44.4042;15313;;Đurići
0;19.4628,44.4108;15313;;Majstorovići
0;19.4624,44.4252;15313;;Đakovići
0;19.4398,44.3944;15313;;Despići
0;19.4322,44.3892;15313;;Badišići
0;19.4493,44.3628;15313;;Kovačevac
0;19.4303,44.3629;15313;;Jovići
0;19.4291,44.3790;15313;;Kaldrmići
0;19.4601,44.3831;15313;;Kneževići
0;19.4780,44.3776;15313;;Jovići
0;19.4949,44.3867;15313;;Trikovići
0;19.4954,44.3592;15313;;Maksimovići
0;19.4917,44.3641;15313;;Mirkovići
0;19.4567,44.3536;15313;;Donji Popovići
0;19.4245,44.3487;15314;;Gligorići
0;19.4329,44.3511;15314;;Nikolići
0;19.4761,44.3478;15313;;Vlajkovići
0;19.4752,44.3426;15313;;Đurići
0;19.4628,44.3464;15313;;Vasići
0;19.4818,44.3419;15313;;Pantelići
0;19.4728,44.3633;15313;;Belovodić
0;19.4875,44.3314;14207;;Stara Sudnica
0;19.4644,44.3267;14207;;Donjani
0;19.4473,44.3208;14207;;Đurići
0;19.4461,44.3185;14207;;Lice
0;19.4505,44.3310;15313;;Aćimovići
0;19.4500,44.3308;15313;;Rajkovići
0;19.4445,44.3131;14207;;Grčani
0;19.4875,44.2910;14207;;Topalovići
0;19.4056,44.2692;15319;;Adžići
0;19.4005,44.2739;15319;;Tisiće
0;19.3853,44.2550;15319;;Simići
0;19.3969,44.2628;15319;;Tašići
0;19.3906,44.2610;15319;;Sred
0;19.3995,44.2576;15319;;Vazica
0;19.4303,44.2650;15323;;Sokolac
0;19.4397,44.2675;15323;;Šip
0;19.4319,44.2606;15323;;Šilja
0;19.4435,44.2618;15323;;Tadići
0;19.4808,44.2642;15323;;Erići
0;19.4060,44.3362;15314;;Nikolići
0;19.3868,44.3363;15314;;Šumec
0;19.3364,44.2566;15319;;Polići
0;19.3524,44.2661;15319;;Cvijanovići
0;19.3631,44.2556;15319;;Jelav
0;19.3782,44.2646;15319;;Đokići
0;19.3631,44.2611;15319;;Vasarići
0;19.3825,44.2734;15319;;Ramići
0;19.3179,44.3202;15314;;Mitrina Mehanna
0;19.3101,44.3103;15319;;Mićići
0;19.3052,44.3105;15319;;Potočani
0;19.3066,44.2963;15319;;Kojići
0;19.3248,44.3039;15319;;Subotići
0;19.3225,44.2898;15319;;Veliki Majdan
0;19.3315,44.2998;15319;;Popovići
0;19.3190,44.2812;15319;;Panovići
0;19.3494,44.2792;15319;;Mejići
0;19.3278,44.2803;15319;;Đurići
0;19.3546,44.2914;15319;;Đurići
0;19.3608,44.2917;15319;;Celovci
0;19.3838,44.2824;15319;;Mihajlovići
0;19.3830,44.2883;15319;;Živanovići
0;19.3745,44.2948;15319;;Ibrići
0;19.3711,44.2999;15319;;Rakići
0;19.3597,44.3078;15319;;Kržavci
0;19.3425,44.3047;15319;;Panići
0;19.3399,44.2998;15319;;Pavlovići
0;19.3472,44.2945;15319;;Ilići
0;19.3511,44.3139;15319;;Podrid
0;19.3369,44.2872;15319;;Staro Selo
0;19.3342,44.3144;15319;;Mitrići
0;19.3479,44.3484;15314;;Marinkovići
0;19.3356,44.3538;15314;;Galjići
0;19.3969,44.3635;15314;;Grujičića Mala
0;19.4050,44.3639;15314;;Dimitrijevići
0;19.4029,44.3614;15314;;Banjevac
0;19.4000,44.3487;15314;;Lukići
0;19.4108,44.3764;15314;;Stojkanići
0;19.3092,44.3384;15314;;Rankovići
0;19.3201,44.3455;15314;;Redžepovići
0;19.3200,44.3541;15314;;Divljakovići
0;19.3277,44.3629;15314;;Terzići
0;19.2644,44.3153;15322;;Selični Do
0;19.2521,44.3079;15322;;Velika Reka
0;19.2497,44.2941;15322;;Podgaj
0;19.2693,44.2973;15322;;Vujinovići
0;19.2808,44.2964;15322;;Lipnik
0;19.2692,44.2905;15322;;Podlipnik
0;19.2483,44.2844;15322;;Donja Vranjača
0;19.2625,44.2892;15322;;Gornja Vranjača
0;19.2741,44.2820;15322;;Savići
0;19.2426,44.2671;15322;;Vranić
0;19.2889,44.2779;15322;;Nadpolje
0;19.2735,44.3414;15314;;Grujići
0;19.2384,44.3619;15321;;Planina
0;19.2911,44.4322;15315;;Radičevići
0;19.2547,44.3592;15321;;Grujičići
0;19.2736,44.3478;15314;;Živanovići
0;19.3124,44.3672;15314;;Srednje
0;19.3510,44.3814;15314;;Rečani
0;19.3716,44.3798;15314;;Mitrići
0;19.3331,44.3803;15314;;Sredojevići
0;19.3139,44.3781;15314;;Crkvine
0;19.2989,44.3975;15314;;Gajići
0;19.3142,44.3969;15314;;Jovičići
0;19.3043,44.4105;15314;;Gornja Mala
0;19.3647,44.3837;15314;;Maleševići
0;19.3788,44.3965;15314;;Markovići
0;19.4015,44.3922;15314;;Petrovići
0;19.3931,44.3837;15314;;Gošići
0;19.4099,44.3905;15314;;Zeljići
0;19.4264,44.3988;15313;;Tadići
0;19.4099,44.4060;15313;;Đurići
0;19.4362,44.4104;15313;;Nenadovići
0;19.4400,44.4167;15313;;Matići
0;19.4118,44.4170;15313;;Despotovići
0;19.4098,44.4273;15313;;Mihajlovići
0;19.3954,44.4094;15314;;Grbići
0;19.3578,44.4128;15314;;Petkovići
0;19.3524,44.4110;15314;;Jelići
0;19.3240,44.4096;15314;;Vučetići
0;19.3284,44.4183;15314;;Jeremići
0;19.3121,44.4300;15315;;Petrići
0;19.2424,44.4174;15315;;Mičići
0;19.2572,44.4456;15315;;Radevci
0;19.3245,44.4416;15315;;Jovanovići
0;19.3216,44.4523;15315;;Dugonjići
0;19.3303,44.4322;15315;;Blagojevići
0;19.3423,44.4266;15314;;Vasići
0;19.3555,44.4315;15314;;Obradovići
0;19.3904,44.4241;15314;;Đukići
0;19.3865,44.4421;15311;;Obradovići
0;19.4042,44.4367;15312;;Andrići
0;19.4381,44.4317;15312;;Jevtići
0;19.4254,44.4373;15312;;Reljići
0;19.4554,44.4436;15312;;Gligorići
0;19.4437,44.4461;15312;;Pekmezovići
0;19.4571,44.4518;15312;;Popovići
0;19.4472,44.4653;15312;;Božića Mala
0;19.4332,44.4626;15312;;Vasilići
0;19.4437,44.4549;15312;;Mićanovići
0;19.4068,44.4481;15312;;Burmazi
0;19.4311,44.4658;15312;;Gornja Mala
0;19.4356,44.4764;15311;;Donja Mala
0;19.3933,44.4622;15311;;Markovići
0;19.4207,44.4775;15311;;Kikanovići
0;19.3778,44.4552;15311;;Nikolići
0;19.3386,44.4433;15309;;Pantići
0;19.3373,44.4696;15309;;Radinkovača
0;19.3207,44.4664;15309;;Gornja Mala
0;19.3901,44.4806;15311;;Teržići
0;19.3522,44.2437;15319;;Uzovnica
0;19.3600,44.1993;15320;;Stara Ljubovija
0;19.3654,44.2432;15319;;Đerići
0;19.3749,44.3824;15314;;Plavanja
0;19.4869,44.1572;15324;;Živkovići
0;19.4789,44.1609;15324;;Jelovac
0;19.4926,44.1628;15324;;Lukići
0;19.4805,44.1692;15324;;Jelovci
0;19.4580,44.1556;15324;;Latkovići
0;19.4487,44.1574;15324;;Simici
0;19.4417,44.1628;15324;;Delići
0;19.4206,44.1611;15320;;Grabovica
0;19.4430,44.1749;15324;;Sapari
0;19.4596,44.1694;15324;;Caparić
0;19.4626,44.1783;15324;;Vršić
0;19.4897,44.1787;15324;;Valetići
0;19.4466,44.1420;15324;;Kamenjače
0;19.4268,44.1748;15320;;Podnemić
0;19.3986,44.1836;15320;;Duboko
0;19.3980,44.1941;15320;;Javor
0;19.4178,44.2041;15320;;Berlovine
0;19.4336,44.2114;15323;;Skrajnik
0;19.4398,44.1951;15323;;Obarak
0;19.4712,44.1959;15323;;Dubrave
0;19.4858,44.2021;15323;;Gornja Bukovica
0;19.4567,44.2398;15323;;Tatići
0;19.4466,44.2344;15323;;Milutinovići
0;19.4372,44.2297;15323;;Živanovići
0;19.4462,44.2097;15323;;Drmnik
0;19.4115,44.2318;15323;;Boljavina
0;19.3935,44.2180;15320;;Brđani
0;19.3984,44.2217;15320;;Stanisići
0;19.3947,44.4060;15314;;Pešići
0;19.3651,44.4021;15314;;Obradovići
0;19.3394,44.4089;15314;;Gornja Mala
0;19.3785,44.4174;15314;;Bojići
0;19.4033,44.4152;15314;;Bijelina
0;19.3643,44.4299;15314;;Vasiljići
0;19.3948,44.4455;15312;;Jovičići
0;19.3919,44.4551;15311;;Kovačevići
0;19.4033,44.4768;15311;;Rakovica
0;19.4126,44.4828;15311;;Terzića Mala
0;19.2413,44.2894;15322;;Sklop
0;19.2038,44.3304;15322;;Dubrava
0;19.2371,44.3281;15322;;Palež
0;19.2286,44.3499;15321;;Donji Radići
0;19.2410,44.3670;15321;;Đukanovići
0;19.2111,44.3639;15321;;Todorovići
0;19.2239,44.3697;15321;;Nikolići
0;19.2090,44.3683;15321;;Vasići
0;19.2367,44.3694;15321;;Lukići
0;19.2369,44.3786;15321;;Nestorovići
0;19.2078,44.3936;15321;;Radići
0;19.3885,44.2473;15319;;Vajnovići
0;19.3914,44.2425;15319;;Stankovići
0;19.3807,44.1967;15320;;Vladičica
0;19.4171,44.1826;15320;;Valje
0;19.4061,44.1802;15320;;Duboko Selo
0;19.4090,44.1775;15320;;Emrići
0;19.4127,44.1692;15320;;Ostojići
0;19.2208,44.3978;15321;;Radaljska Banja
0;19.4875,44.1348;15324;;Kovačevići
0;19.4797,44.1315;15324;;Tadići
0;19.4851,44.1456;15324;;Kostići
0;19.2204,44.4136;15321;;Koljibabići
0;19.2047,44.4119;15321;;Popovići
0;19.2151,44.4188;15317;;Kojići
0;19.2242,44.4336;15315;;Vasići
0;19.4694,44.1866;15323;;Vršići
0;19.2483,44.4389;15315;;Tadići
0;19.2448,44.4431;15315;;Zavorje
0;19.2369,44.4600;15315;;Avramovići
0;19.2346,44.4660;15315;;Đukanovići
0;19.2300,44.4728;15315;;Nikolići
0;19.2181,44.4793;15315;;Antonići
0;19.2208,44.4903;15303;;Budimlija
0;19.1956,44.4961;15316;;Trbušnica
0;19.4550,44.1728;15324;;Gornji Caparić
0;19.4159,44.2232;15323;;Đurići
0;19.1907,44.9271;22247;;Domuskela
0;19.0933,44.8874;22248;;Lipac
0;19.1956,44.5130;15316;;Radovanovići
0;19.1606,44.5025;15316;;Berlovci
0;19.1914,44.5667;15300;;Čajići
0;19.1986,44.5192;15316;;Vranić
0;19.1735,44.5045;15316;;Donja Mala
0;19.3596,44.7382;15306;;Jovanovići
0;19.4297,44.7500;15352;;Đalamići
0;19.4266,44.7452;15304;;Čolići
0;19.4081,44.7414;15304;;Jokići
0;19.4344,44.7326;15304;;Lackovići
0;19.4568,44.7460;15352;;Dovraski Šor
0;19.4651,44.7400;15352;;Žujača
0;19.4501,44.7281;15304;;Zasavica
0;19.4203,44.7180;15310;;Bela Klada
0;19.4320,44.7180;15310;;Đinovića Sokak
0;19.4176,44.7075;15310;;Đedića Sokak
0;19.4425,44.7175;15304;;Jereska Mala
0;19.3687,44.7039;15306;;Novo Naselje
0;19.3837,44.7077;15306;;Preki Šor
0;19.3962,44.7032;15306;;Kladuše
0;19.3913,44.6953;15306;;Jereska Mala
0;19.4248,44.7030;15310;;Pavlovića Sokak
0;19.4325,44.7037;15310;;Cvejića Sokak
0;19.3051,44.6761;15307;;Šipulja
0;19.3712,44.6898;15306;;Tufegdžića Šor
0;19.4210,44.6749;15310;;Donja Mala
0;19.4903,44.6950;15305;;Belića Šor
0;19.4917,44.6889;15305;;Dugi Šor
0;19.4499,44.6853;15310;;Jadrani
0;19.4431,44.6725;15310;;Sujića Mala
0;19.3148,44.6693;15307;;Malo Polje
0;19.3800,44.6594;15306;;Stojinovići
0;19.3786,44.6529;15306;;Radanovići
0;19.3926,44.6582;15306;;Radikovac
0;19.3877,44.6496;15306;;Rakići
0;19.2667,44.6204;15341;;Jelav
0;19.3207,44.6113;15308;;Srednja Mala
0;19.3226,44.6213;15308;;Donja Mala
0;19.3783,44.6370;15308;;Bukvička Mala
0;19.2392,44.6031;15341;;Luke
0;19.2525,44.6085;15341;;Tešanovića Mala
0;19.2962,44.6061;15341;;Kovačevići
0;19.3034,44.5969;15341;;Mitrovići
0;19.3135,44.6016;15308;;Nikolići
0;19.3391,44.5979;15308;;Bajića Mala
0;19.3326,44.6032;15308;;Starčevica Mala
0;19.3636,44.6071;15308;;Srednja Mala
0;19.3765,44.6069;15308;;Uvala
0;19.3986,44.5926;15308;;Uroševići
0;19.5096,44.6420;15305;;Radovašnica
0;19.4602,44.5968;15234;;Jankovići
0;19.3495,44.5877;15308;;Lukića Mala
0;19.2016,44.5636;15300;;Jovići
0;19.2279,44.5722;15341;;Đorđevići
0;19.2311,44.5664;15341;;Krsmanovići
0;19.2396,44.5612;15341;;Bojići
0;19.2157,44.5574;15300;;Lozničko Polje
0;19.2488,44.5738;15341;;Stakići
0;19.2703,44.5783;15341;;Veselinović Mala
0;19.2736,44.5647;15341;;Kostići
0;19.2519,44.5662;15341;;Đokići
0;19.2723,44.5538;15341;;Donji Runjani
0;19.2707,44.5500;15300;;Donjaka
0;19.2747,44.5508;15300;;Lukića Mala
0;19.2206,44.5208;15300;;Krajišnići
0;19.2031,44.5022;15316;;Mitrovići
0;19.2374,44.5255;15300;;Ploča
0;19.2574,44.5339;15300;;Lukin Sokak
0;19.2639,44.5302;15300;;Jerinića Mala
0;19.2843,44.5304;15302;;Mijailovići
0;19.2890,44.5121;15302;;Korenita
0;19.2630,44.5128;15303;;Dragićevići
0;19.2761,44.5061;15302;;Dobrilovići
0;19.2995,44.5140;15302;;Aničići
0;19.3017,44.5078;15302;;Tomanići
0;19.2870,44.5670;15341;;Ćirkovići
0;19.2969,44.5629;15341;;Panići
0;19.3019,44.5582;15341;;Brkići
0;19.2956,44.5537;15341;;Ignjatovići
0;19.3023,44.5561;15341;;Priljevska Crkva
0;19.3069,44.5461;15302;;Dejanovići
0;19.3028,44.5408;15302;;Donja Mala
0;19.2976,44.5361;15302;;Krstića Mala
0;19.2986,44.5244;15302;;Maksimovići
0;19.3033,44.5196;15302;;Jeftići
0;19.3183,44.5363;15309;;Vujića Mala
0;19.3234,44.5321;15309;;Antonića Mala
0;19.3408,44.5268;15309;;Dimići
0;19.3456,44.5220;15309;;Donja Mala
0;19.3292,44.5156;15309;;Gornja Mala
0;19.3602,44.5141;15309;;Tomići
0;19.3225,44.5231;15309;;Grabik
0;19.3112,44.5061;15302;;Mitrovića Mala
0;19.3858,44.5045;15311;;Pobrdalj
0;19.3092,44.5800;15341;;Srednja Mala
0;19.3247,44.5813;15308;;Trnovača
0;19.3143,44.5738;15341;;Kovačevica Mala
0;19.3364,44.5552;15308;;Srednja Mala
0;19.3469,44.5534;15309;;Colića Mala
0;19.3551,44.5539;15308;;Lazići
0;19.3859,44.5904;15308;;Potočarska Mala
0;19.3762,44.5860;15308;;Katanići
0;19.3877,44.5831;15308;;Rečanska Mala
0;19.4158,44.5913;15308;;Kovačevići
0;19.4103,44.5892;15308;;Brđanska Mala
0;19.4236,44.5797;15308;;Lug
0;19.4106,44.5790;15308;;Lazarevići
0;19.4851,44.5843;15234;;Petrovići
0;19.4784,44.5776;15234;;Đuknići
0;19.4927,44.5785;15234;;Jovići
0;19.3948,44.5592;15308;;Gornja Mala
0;19.4050,44.5591;15311;;Reljići
0;19.4317,44.5563;15311;;Radivojevići
0;19.3769,44.5464;15309;;Grobljanska Mala
0;19.4232,44.5455;15311;;Lukići
0;19.3903,44.5423;15311;;Đurđevići
0;19.4142,44.5410;15311;;Čugurovska Mala
0;19.3925,44.5350;15311;;Donja Mala
0;19.4116,44.5282;15311;;Lazići
0;19.4115,44.5226;15311;;Živanovići
0;19.4722,44.5483;15234;;Ravnjanska Mala
0;19.4886,44.5457;15234;;Vasića Mala
0;19.4830,44.5440;15234;;Tošića Mala
0;19.4822,44.5386;15234;;Popovići
0;19.4911,44.5343;15234;;Markovići
0;19.4836,44.5303;15234;;Josipovići
0;19.4598,44.5393;15311;;Milinkovići
0;19.4500,44.5498;15311;;Matići
0;19.4388,44.5385;15311;;Avramovića Mala
0;19.4436,44.5267;15311;;Baštovanska Mala
0;19.4696,44.7624;15352;;Moravčevića Šor
0;19.4747,44.7830;15352;;Mašići
0;19.4753,44.7972;15359;;Murinci
0;19.4557,44.8021;15357;;Stanojčići
0;19.4341,44.7973;15357;;Ciganlija
0;19.4232,44.7919;15357;;Kojića Šor
0;19.4105,44.7993;15357;;Koprića Kolibe
0;19.3737,44.7989;15358;;Kamičak
0;19.3781,44.7941;15358;;Pavlovića Šor
0;19.3906,44.7895;15358;;Garibovića Šor
0;19.3912,44.7778;15358;;Rosića Šor
0;19.3773,44.7761;15358;;Škorića Skokak
0;19.3879,44.8201;15357;;Ostojića Šor
0;19.4216,44.5241;15311;;Donja Mala
0;19.3990,44.8376;15355;;Duga Mala
0;19.4281,44.8142;15357;;Popov Šor
0;19.4372,44.8180;15357;;Bacaklija
0;19.4363,44.5150;15311;;Rakići
0;19.4552,44.8172;15357;;Jokića Kolibe
0;19.4752,44.8134;15350;;Jadrani
0;19.6480,44.7730;15353;;Majur
0;19.4857,44.5235;15234;;Ilići
0;19.3946,44.9585;22205;;Klještevica
0;19.4791,44.5210;15311;;Arsenovići
0;19.4786,44.5136;15311;;Gornja Mala
0;19.2781,44.9876;22246;;Dobajić
0;19.4168,44.7615;15352;;Kojići
0;19.4169,44.7686;15358;;Grujići
0;19.4116,44.7522;15304;;Očage
0;19.4376,44.5032;15311;;Lekići
0;19.4482,44.5080;15311;;Petkovići
0;19.4850,44.5041;15312;;Srednja Mala
0;19.2243,44.9915;22245;;Šanac
0;19.4936,44.8011;15359;;Bojčići
0;19.4921,44.7776;15352;;Gajići
0;19.1858,44.2901;15322;;Topalovići
0;19.1828,44.2937;15322;;Matići
0;19.1986,44.2994;15322;;Simići
0;19.1903,44.3014;15322;;Bušnica
0;19.1773,44.3016;15322;;Gojsalica
0;19.1654,44.2986;15322;;Donji Čitluk
0;19.1732,44.3217;15322;;Pajići
0;19.1693,44.3257;15318;;Petrovići
0;19.1498,44.3188;15318;;Amajić
0;19.1353,44.3230;15318;;Jevac
0;19.1627,44.3242;15318;;Spasenovići
0;19.1615,44.3278;15318;;Raupići
0;19.1934,44.3306;15322;;Zverovići
0;19.1830,44.3370;15321;;Miškovci
0;19.1706,44.3339;15318;;Donji Erići
0;19.1551,44.3334;15318;;Brđani
0;19.1479,44.3402;15318;;Lukići
0;19.1598,44.3444;15318;;Gornji Erići
0;19.1640,44.3480;15318;;Maksimovići
0;19.1359,44.3428;15318;;Tezga
0;19.5064,44.4803;15312;;Puljezi
0;19.1222,44.3619;15318;;Potokovići
0;19.1317,44.3556;15318;;Gornji Sakar
0;19.1382,44.3529;15318;;Pantelići
0;19.1215,44.3490;15318;;Jevtići
0;19.6744,44.4759;15222;;Useljine
0;19.7145,44.4659;15222;;Rečane
0;19.7376,44.4561;15222;;Jelići
0;19.6445,44.3696;14253;;Sirdija
0;19.7821,44.4102;15220;;Donja Erakovina
0;19.7721,44.3924;14252;;Gornja Erakovina
0;19.5123,44.3509;15313;;Soldatovići
0;19.5714,44.3100;14207;;Mirići
0;19.1969,44.3734;15321;;Ambarište
0;19.5132,44.3106;14207;;Đurići
0;19.5198,44.3068;14207;;Gunjaci
0;19.6993,44.3550;14252;;Plečići
0;19.7504,44.3600;14252;;Milinkovići
0;19.7400,44.3536;14252;;Bojčići
0;19.1684,44.3896;15321;;Slavuče
0;19.1867,44.3944;15321;;Ambarište
0;19.7834,44.3248;14251;;Purići
0;19.7576,44.3129;14251;;Miloševići
0;19.7883,44.3147;14251;;Mićići
0;19.7714,44.3019;14251;;Andrići
0;19.7045,44.3311;14252;;Vidakovići
0;19.5573,44.2869;14207;;Konjic
0;19.5590,44.2749;14207;;Savatići
0;19.5786,44.2822;14207;;Pogarevac
0;19.5790,44.2634;14207;;Poljane
0;19.5825,44.2549;14207;;Plavšići
0;19.6128,44.2737;14207;;Anđelići
0;19.1409,44.3944;15321;;Erići
0;19.1477,44.3970;15321;;Jovanovići
0;19.1700,44.3986;15321;;Pavlovići
0;19.1431,44.4075;15321;;Zeljići
0;19.1537,44.4173;15317;;Petkovići
0;19.1680,44.4151;15321;;Despotovići
0;19.1756,44.4109;15321;;Ševar
0;19.1867,44.4107;15321;;Jokići
0;19.1978,44.4201;15317;;Mitrovići
0;19.1811,44.4200;15317;;Despotovići
0;19.1868,44.4271;15317;;Đokići
0;19.1619,44.4267;15317;;Krstići
0;19.1698,44.4305;15317;;Lepenica
0;19.1573,44.4413;15317;;Batar
0;19.1553,44.4482;15317;;Gaj Polje
0;19.1683,44.4517;15317;;Gaj
0;19.1737,44.4486;15317;;Ristanovići
0;19.1915,44.4515;15317;;Simeunovići
0;19.1796,44.4534;15317;;Sekulići
0;19.1624,44.4542;15317;;Potočare
0;19.1671,44.4585;15317;;Arsenovići
0;19.1806,44.4589;15317;;Tadići
0;19.1677,44.4663;15317;;Veselinovići
0;19.1659,44.4674;15317;;Rečani
0;19.1942,44.4650;15317;;Ćetenište
0;19.1697,44.4977;15316;;Rupavci
0;19.1475,44.4883;15316;;Lazarevići
0;19.1528,44.4781;15316;;Mitrovića Mala
0;19.5108,44.2422;15323;;Gornja Ljuboviđa
0;19.5147,44.2291;15323;;Donja Orovica
0;19.5202,44.2296;15323;;Margetići
0;19.5078,44.2194;15323;;Tomići
0;19.5051,44.1025;31258;;Dona
0;19.5167,44.1183;31258;;Nemčevići
0;19.5278,44.0918;31258;;Jakovac
0;19.5384,44.0842;31258;;Bare
0;19.5860,44.0811;31258;;Ravan
0;19.5668,44.0722;31258;;Cvetkovac
0;19.5754,44.0587;31255;;Okletačko Polje
0;19.5911,44.0919;31258;;Delići
0;19.5796,44.0987;31258;;Okrugla
0;19.5687,44.1051;31258;;Jasik
0;19.5327,44.1018;31258;;Zabrdo
0;19.5978,44.0990;31258;;Severnja
0;19.6137,44.0972;31255;;Bakići
0;19.6150,44.0848;31255;;Trubalo
0;19.6056,44.0809;31255;;Lozanj
0;19.6056,44.0577;31255;;Gvozdačko Polje
0;19.5985,44.0022;31257;;Markovići
0;19.6219,44.0017;31255;;Duginja
0;19.6352,44.0202;31255;;Miloševići
0;19.6362,44.0080;31255;;Simići
0;19.6547,44.0011;31254;;Vojići
0;19.6565,44.0222;31255;;Adimovci
0;19.6464,44.0178;31255;;Matići
0;19.6429,44.0257;31255;;Štibići
0;19.6670,44.0093;31254;;Novakovići
0;19.6669,44.0166;31254;;Galina Reka
0;19.6614,44.0223;31254;;Božići
0;19.6241,44.0241;31255;;Milatovići
0;19.6819,44.0150;31254;;Babići
0;19.7026,44.0122;31254;;Mitrovići
0;19.7083,44.0179;31254;;Bogdanovići
0;19.7267,44.0072;31254;;Bajnovače
0;19.7373,44.0093;31263;;Stjepanovići
0;19.7419,44.0159;31263;;Tomići
0;19.7228,44.0141;31254;;Đurđići
0;19.7272,44.0158;31254;;Mandići
0;19.7418,44.0266;31263;;Kuzmići
0;19.7364,44.0261;31263;;Milanovići
0;19.7026,44.0234;31254;;Knježevići
0;19.7022,44.0233;31254;;Lipovac
0;19.6869,44.0173;31254;;Kuzmanci
0;19.6830,44.0234;31254;;Šapari
0;19.6867,44.0342;31254;;Bratičevići
0;19.6605,44.0410;31255;;Kovačevići
0;19.6328,44.0520;31255;;Bare
0;19.6369,44.0453;31255;;Ilići
0;19.6506,44.0522;31255;;Sekulići
0;19.6504,44.0449;31255;;Glavačići
0;19.6708,44.0486;31255;;Pajići
0;19.7103,44.0378;31263;;Petrovići
0;19.7042,44.0331;31254;;Draževac
0;19.7197,44.0364;31263;;Markovići
0;19.7319,44.0548;31263;;Selište
0;19.7317,44.0621;31263;;Gladovići
0;19.7176,44.0645;31263;;Matići
0;19.7025,44.0543;31263;;Blagojevići
0;19.7069,44.0483;31263;;Milutinovići
0;19.6343,44.0594;31255;;Kozjak
0;19.6342,44.0592;31255;;Kraljevac
0;19.6059,44.0525;31255;;Ovčinjsko Polje
0;19.6385,44.0731;31255;;Grubetići
0;19.6478,44.0849;31255;;Aleksići
0;19.6586,44.0784;31255;;Todorovići
0;19.6958,44.0770;31263;;Vujetići
0;19.7067,44.0675;31263;;Ranići
0;19.7235,44.0710;31263;;Potočari
0;19.7410,44.0789;31263;;Grujići
0;19.7044,44.1042;31263;;Lazice
0;19.6802,44.1130;31255;;Tejići
0;19.6915,44.1102;31263;;Barati
0;19.6808,44.0911;31255;;Ćarkovići
0;19.6327,44.0779;31255;;Obodnja
0;19.6259,44.0848;31255;;Karanovići
0;19.6271,44.0926;31255;;Pestenje
0;19.6328,44.1208;31255;;Perušići
0;19.5058,44.1319;15324;;Gornja Trešnjica
0;19.5179,44.1367;15324;;Gornja Trešnjica
0;19.5328,44.1389;15324;;Rekljača
0;19.5294,44.1297;15324;;Potočari
0;19.5317,44.1360;15324;;Rubežića
0;19.5014,44.1464;15324;;Kovačić
0;19.5152,44.1461;15324;;Zabrđe
0;19.5267,44.1444;15324;;Bijela
0;19.5042,44.1517;15324;;Drlače
0;19.5481,44.1488;15324;;Miroš
0;19.5512,44.1552;15324;;Ravna
0;19.5618,44.1404;15324;;Postenje
0;19.6028,44.1513;15324;;Vrelo
0;19.6257,44.1442;15324;;Jevtići
0;19.7434,44.1722;14206;;Mojići
0;19.7296,44.1820;14206;;Krstići
0;19.7154,44.1820;14206;;Vujići
0;19.6259,44.1611;14206;;Zmajevac
0;19.5069,44.1647;15324;;Miličići
0;19.5137,44.1995;15323;;Leović
0;19.4992,44.1964;15323;;Jevtići
0;19.5144,44.1969;15323;;Gornja Bukovica
0;19.5246,44.2019;15323;;Novakovići
0;19.5819,44.2033;15323;;Orovička Planina
0;19.5011,44.2261;15323;;Gijići
0;19.5431,44.2122;15323;;Petakovići
0;19.6031,44.2550;14207;;Stojanovići
0;19.6108,44.1867;14206;;Rebeljske Njive
0;19.6372,44.2453;14255;;Drenović
0;19.6639,44.2461;14255;;Savići
0;19.6758,44.2486;14255;;Mladenovići
0;19.6811,44.2461;14255;;Birčani
0;19.6669,44.2347;14255;;Pod Velež
0;19.6694,44.2289;14255;;Kucine
0;19.6594,44.1967;14206;;Markovići
0;19.6717,44.2081;14206;;Lažani
0;19.6924,44.1888;14206;;Bebići
0;19.7069,44.2050;14206;;Lukarići
0;19.7091,44.2137;14206;;Mijači
0;19.7132,44.2319;14206;;Adžići
0;19.7167,44.2425;14255;;Jakovljevići
0;19.7327,44.2106;14206;;Poćuta
0;19.7333,44.1992;14206;;Džaveri
0;19.5911,44.2469;14207;;Bobići
0;19.6497,44.2481;14255;;Čavina
0;19.7039,44.1961;14206;;Begovići
0;19.6942,44.1800;14206;;Arsići
0;19.5341,44.1874;15323;;Garevine
0;19.5281,44.1842;15324;;Janjići
0;19.5323,44.1710;15324;;Radojcići
0;19.7189,44.1750;14206;;Petkovići
0;19.6321,44.1330;31255;;Gredine
0;19.5128,44.1325;15324;;Ljubača
0;19.5086,44.1211;15324;;Jelašine
0;19.5358,44.1308;15324;;Popovići
0;19.5461,44.1247;31258;;Kovačevići
0;19.5464,44.1158;31258;;Đorđevići
0;19.5114,44.1042;31258;;Križevac
0;19.5094,44.0981;31258;;Obradovići
0;19.7067,44.0853;31263;;Nikšići
0;19.6809,44.0534;31255;;Josipovići
0;19.7381,43.9975;31254;;Nikolići
0;19.6564,44.0728;31255;;Vinčići
0;19.6311,44.0831;31255;;Krstići
0;19.6342,44.0867;31255;;Đukići
0;19.5803,44.0739;31258;;Drenovac
0;19.5950,44.0722;31255;;Bobovac
0;19.5922,44.0992;31258;;Silja
0;19.5903,44.0964;31258;;Dolovi
0;19.5283,44.0875;31258;;Lještanci
0;19.5206,44.0844;31258;;Mitrovići
0;19.5669,44.0625;31258;;Vratna
0;19.6258,44.0747;31255;;Luka
0;19.6472,43.9973;31254;;Kojići
0;19.6886,44.0033;31254;;Obodnik
0;19.7322,44.0222;31263;;Vučak
0;19.7461,44.2278;14206;;Sušica
0;19.7539,44.2042;14206;;Petrovići
0;19.7464,44.1981;14206;;Đuričići
0;19.7469,44.1894;14206;;Dželati
0;19.7467,44.1828;14206;;Maričići
0;19.7686,44.1906;14206;;Milovac
0;19.7476,44.1585;14206;;Mitrovići
0;19.7939,44.1031;31263;;Jevtovići
0;19.7822,44.0881;31263;;Delići
0;19.7778,44.0992;31263;;Objanovica
0;19.7622,44.0839;31263;;Gornji Drajići
0;19.7856,44.0683;31263;;Donji Drajići
0;19.7647,44.0656;31263;;Popovina
0;19.7603,44.0694;31263;;Matići
0;19.7750,44.0578;31263;;Janići
0;19.7817,44.0544;31263;;Ljutača
0;19.7869,44.0486;31263;;Pantići
0;19.7728,44.0453;31263;;Veselinovići
0;19.7569,44.0572;31263;;Minići
0;19.7669,44.0411;31263;;Zekanovići
0;19.7936,44.0447;31263;;Zekići
0;19.7881,44.0394;31263;;Purići
0;19.7775,44.0350;31263;;Rekovac
0;19.7806,44.0333;31263;;Nikolići
0;19.7950,44.0342;31263;;Đokići
0;19.7836,44.0258;31263;;Tripkovići
0;19.7958,44.0233;31262;;Pindžići
0;19.7829,43.9965;31262;;Stankići
0;19.7775,44.0178;31263;;Jastrebovac
0;19.7519,44.0175;31263;;Katići
0;19.7569,44.0297;31263;;Arsići
0;19.7642,44.0138;31263;;Teofilevići
0;19.7647,44.0108;31263;;Mačkovac
0;19.7706,44.0079;31263;;Bjelik
0;19.7933,44.0058;31262;;Bašići
0;19.1223,44.3576;15318;;Donji Sakar
0;19.1744,44.3067;15322;;Gornji Čitluk
0;19.5887,43.9979;31257;;Gornja Crvica
0;19.5331,44.1008;31258;;Vranovina
0;19.8271,44.0136;31262;;Donja Pološnica
0;19.5294,44.3008;14207;;Donji Puljezi
0;19.4062,43.9622;31256;;Gaočići
0;19.2606,43.9766;31256;;Knezovi
0;19.2734,43.9739;31256;;Kovačevići
0;19.2690,43.9597;31251;;Matići
0;19.2854,43.9624;31251;;Cosići
0;19.2974,43.9561;31251;;Galine
0;19.3378,43.9542;31251;;Požar
0;19.3500,43.9559;31256;;Kozla
0;19.3562,43.9488;31251;;Sedaljka
0;19.3678,43.9511;31256;;Aluga
0;19.3426,43.9440;31251;;Križevac
0;19.3312,43.9392;31251;;Andrići
0;19.3355,43.9278;31251;;Jokići
0;19.3534,43.9303;31251;;Kremići
0;19.3563,43.9269;31251;;Petrovići
0;19.3728,43.9382;31251;;Kamenjača
0;19.4254,43.9579;31256;;Perućac
0;19.4490,43.9526;31256;;Simići
0;19.4685,43.9492;31256;;Ljuboš
0;19.4968,43.9489;31256;;Zaugline
0;19.3814,43.8986;31251;;Kruščica
0;19.4125,43.8724;31251;;Jevtići
0;19.3834,43.8909;31251;;Bjeluša
0;19.4017,43.8869;31251;;Milekići
0;19.3937,43.8792;31251;;Vežanja
0;19.4112,43.8618;31251;;Lazići
0;19.4123,43.8585;31251;;Popovići
10;19.4237,43.9215;31251;;Mitrovac
0;19.3425,43.8867;31251;;Donje Karaklije
0;19.3297,43.8827;31251;;Gornje Karaklije
0;19.3425,43.8762;31251;;Pečenice
0;19.3402,43.8629;31251;;Rajaci
0;19.3492,43.8591;31251;;Nikolići
0;19.3651,43.8585;31251;;Marići
0;19.3660,43.8676;31251;;Vasilići
0;19.3864,43.8642;31251;;Mandići
0;19.3857,43.8532;31251;;Filipovići
0;19.3693,43.8548;31251;;Stanišići
0;19.3707,43.8475;31251;;Bare
0;19.3689,43.8722;31251;;Jezdići
0;19.3806,43.8301;31243;;Rujevice
0;19.3963,43.8363;31251;;Trifkovići
1081;19.4093,43.8468;31251;;Đurići
0;19.4904,43.8269;31243;;Milekići
0;19.4727,43.8234;31243;;Timotijevići
0;19.4903,43.8226;31243;;Podstenje
0;19.3822,43.8184;31243;;Tetrebica
0;19.4588,43.8039;31243;;Jezdimirovići
0;19.4617,43.8014;31243;;Tošići
0;19.4148,43.7947;31243;;Spasojevići
0;19.4377,43.7958;31243;;Podstolac
0;19.4525,43.7899;31243;;Vujići
0;19.4805,43.7987;31243;;Filipovići
0;19.4881,43.8053;31243;;Manteše
0;19.4764,43.7797;31243;;Suvi Potok
0;19.4823,43.7777;31243;;Popovo Brdo
0;19.4706,43.7677;31243;;Kotroman
0;19.4782,43.7598;31243;;Kalabići
0;19.2772,44.5378;15300;;Gornji Runjani
0;19.5278,43.7464;31243;;Paijka
0;19.5708,43.9947;31257;;Križevac
0;19.5755,43.9855;31257;;Venzovići
0;19.5515,43.9719;31250;;Lug
0;19.5678,43.9625;31250;;Plijeskovo
0;19.5657,43.7420;31243;;Malo Polje
0;19.6272,43.2712;31305;;Mataruge
0;19.5535,43.9502;31250;;Maćevine
0;19.5328,43.9532;31250;;Lukovo
0;19.6345,43.7433;31315;;Trčinoga
2344;19.7003,43.7290;31315;;Zlatibor
0;19.7499,43.7436;31310;;Mušvete
0;19.7702,43.7361;31310;;Čumići
0;19.7758,43.7306;31208;;Velanjci
0;19.7883,43.7397;31208;;Acimija
0;19.7961,43.7308;31208;;Prodica
0;19.7918,43.7181;31208;;Terzići
0;19.7872,43.7014;31314;;Dabići
0;19.7558,43.7211;31315;;Glišići
0;19.6094,43.9679;31250;;Đurići
0;19.6305,43.9733;31250;;Nedići
0;19.6376,43.9592;31253;;Drajići
0;19.6589,43.9562;31253;;Pejići
0;19.6538,43.9418;31253;;Nikolići
0;19.6589,43.9625;31253;;Matići
0;19.6589,43.9746;31254;;Burmazi
0;19.6625,43.9867;31254;;Vojcići
0;19.6714,43.9942;31254;;Čolići
0;19.6469,43.9972;31254;;Mala
0;19.6744,43.9783;31254;;Pantelići
0;19.6944,43.9862;31254;;Kuzmanovići
0;19.6861,43.9889;31254;;Vojići
0;19.6947,44.0000;31254;;Kostojevići
0;19.7090,43.9950;31254;;Đozići
0;19.6830,43.9778;31254;;Kokošica
0;19.6885,43.9719;31254;;Lazići
0;19.6786,43.9664;31253;;Petronijevići
0;19.7313,43.9725;31254;;Ignjatovići
0;19.7086,43.9867;31254;;Mednik
0;19.7300,43.9864;31254;;Mladenovići
0;19.5296,43.6829;31243;;Brezovac
0;19.7443,43.9772;31254;;Cerje
0;19.7581,43.9528;31253;;Konder
0;19.5908,43.6883;31315;;Vučjak
0;19.7387,43.9495;31253;;Potočari
0;19.7064,43.9464;31253;;Blagojevići
0;19.7373,43.9417;31253;;Jankovići
0;19.7462,43.9322;31253;;Paunovići
0;19.7191,43.9327;31253;;Lukići
0;19.7303,43.9298;31253;;Lekići
0;19.7597,43.9278;31253;;Čamići
0;19.5431,43.6573;31243;;Strmečica
0;19.7911,43.9234;31000;;Rasadnik
0;19.7126,43.9204;31253;;Grujčići
0;19.7287,43.9171;31253;;Rakići
0;19.7727,43.9176;31253;;Jeftovići
0;19.6975,43.9239;31253;;Panići
0;19.6984,43.9280;31253;;Joksići
0;19.6823,43.9361;31253;;Lukići
0;19.6715,43.9453;31253;;Dukanići
0;19.6807,43.9611;31253;;Čitluk
0;19.6518,43.9363;31253;;Miljevina
0;19.6543,43.9284;31253;;Plošćari
0;19.6467,43.9233;31253;;Jankovići
0;19.6414,43.9453;31253;;Veliko Pacadžije
0;19.6261,43.6567;31315;;Tornik
0;19.6206,43.6494;31315;;Penezi
0;19.6259,43.9405;31253;;Jojći
0;19.6339,43.9338;31253;;Potočari
0;19.6228,43.9344;31253;;Donji Stuparevići
0;19.6114,43.9331;31253;;Jarevići
0;19.5968,43.9332;31250;;Stamenići
0;19.6004,43.9217;31253;;Dračinovci
0;19.5965,43.9414;31250;;Prlo
0;19.5840,43.9335;31250;;Dugandžije
0;19.5772,43.9474;31250;;Kolari
0;19.5689,43.9417;31250;;Mala Reka
0;19.6339,43.6356;31317;;Ograđenica
0;19.6422,43.6233;31317;;Omar
0;19.6664,43.6256;31317;;Dućići
0;19.6975,43.6278;31317;;Točkovica
0;19.7190,43.6343;31314;;Vodice
0;19.7989,43.6247;31313;;Dacovici
0;19.7350,43.6081;31317;;Suljagići
0;19.6831,43.6056;31317;;Donje Selo
0;19.6031,43.6108;31317;;Ziokovici
0;19.7270,43.5837;31317;;Velika Rasnica
0;19.7167,43.5928;31317;;Tusto Brdo
0;19.5688,43.9275;31250;;Bambaci
0;19.5508,43.9281;31250;;Osredak
0;19.5692,43.9026;31242;;Jasikovice
0;19.5724,43.9169;31250;;Vrba
0;19.5511,43.9190;31250;;Ilijaševići
0;19.5275,43.9250;31250;;Donja Koprivna
0;19.5578,43.8981;31242;;Bare
0;19.5950,43.9093;31253;;Ravan
0;19.6010,43.9038;31241;;Podgrad
0;19.6124,43.9011;31241;;Lipa
0;19.6087,43.9014;31241;;Kulina
0;19.6089,43.9107;31253;;Oblik
0;19.6252,43.9094;31253;;Pakline
0;19.6409,43.9134;31253;;Pepelj
0;19.6834,43.9178;31253;;Grašlovići
0;19.7608,43.9134;31253;;Ćosići
0;19.7772,43.9057;31000;;Štitari
0;19.7839,43.8978;31000;;Kneževići
0;19.7862,43.8859;31000;;Dubci
0;19.7850,43.8839;31000;;Bakračlići
0;19.7543,43.8816;31241;;Podstenjica
0;19.7575,43.8887;31241;;Ševarija
0;19.5593,43.5883;31317;;Luniće
0;19.7727,43.8731;31000;;Vrela
0;19.7555,43.8705;31311;;Utrina
0;19.7622,43.5878;31317;;Gruicici
0;19.7715,43.8593;31311;;Kula
0;19.7727,43.5697;31317;;Perišići
0;19.7511,43.8601;31311;;Perišići
0;19.7563,43.8485;31311;;Trnava
0;19.7294,43.8688;31241;;Tupaje
0;19.7596,43.8960;31253;;Starčevići
0;19.7640,43.9002;31253;;Grab
0;19.7433,43.5781;31317;;Mala Rasnica
0;19.7227,43.9008;31253;;Grebačevići
0;19.7213,43.9038;31253;;Gloginjići
0;19.7203,43.8897;31241;;Bukvića Mehana
0;19.7275,43.8880;31241;;Dolovi
0;19.7323,43.8740;31241;;Kuvelići
0;19.5635,43.5711;31317;;Kutlovac
0;19.7224,43.8616;31241;;Mitrašinovići
0;19.5803,43.5744;31317;;Jabuke
0;19.6131,43.5689;31317;;Dubrava
0;19.7212,43.8588;31241;;Krstonjevići
0;19.6056,43.5678;31317;;Pešići
0;19.6050,43.5722;31317;;Sloniči
0;19.7256,43.8581;31241;;Stamenići
0;19.5833,43.5664;31317;;Vucyinice
0;19.5692,43.5630;31317;;Đuričići
0;19.7052,43.8815;31241;;Kljajići
0;19.5589,43.5667;31317;;Kialovac
0;19.7013,43.8784;31241;;Đurići
0;19.6916,43.8853;31241;;Rogići
0;19.8011,43.3531;31307;;Međani
0;19.6839,43.8641;31241;;Ročnjak
0;19.6869,43.8734;31241;;Delići
0;19.6834,43.8763;31241;;Ćosići
0;19.6690,43.8817;31241;;Kostići
0;19.6464,43.8813;31241;;Pear
0;19.6628,43.8806;31241;;Jelisavčići
0;19.6561,43.8828;31241;;Acimovići
0;19.6403,43.8847;31241;;Stanojčići
0;19.6758,43.8694;31241;;Keserovina
0;19.6694,43.8983;31241;;Markovići
0;19.6608,43.8473;31241;;Omar
0;19.6763,43.8512;31241;;Banja
0;19.6520,43.8629;31241;;Lazići
0;19.6099,43.8832;31241;;Ljubičići
0;19.6188,43.8924;31241;;Šanik
0;19.5856,43.5536;31317;;Učljivica
0;19.6225,43.8875;31241;;Filipovići
0;19.5692,43.5526;31317;;Cikote
0;19.5686,43.5462;31325;;Pribojska Banja
0;19.5989,43.8642;31242;;Moljkovići
0;19.5940,43.5569;31317;;Gračanica
0;19.6230,43.5550;31317;;Jelača
0;19.7289,43.3836;31300;;Donja Kosatica
0;19.6569,43.5472;31317;;Krstače
0;19.6446,43.5397;31317;;Trešnjica
0;19.6722,43.5547;31317;;Lovnica
0;19.6919,43.5303;31317;;Osoje
0;19.7175,43.5497;31317;;Klak
0;19.7507,43.5425;31317;;Seništa
0;19.7447,43.5497;31317;;Ljubojevići
0;19.7671,43.5420;31318;;Selaci
0;19.7423,43.5381;31317;;Mutandžići
0;19.7896,43.5347;31318;;Volijak
0;19.5839,43.8600;31242;;Stanići
0;19.5983,43.8503;31242;;Tomiće
0;19.6058,43.8475;31242;;Popovići
0;19.5683,43.8303;31242;;Resimići
0;19.7745,43.5173;31318;;Zapolje
0;19.7700,43.5053;31318;;Bakalovina
0;19.5756,43.8431;31242;;Durdići
0;19.5903,43.8328;31242;;Stamenići
0;19.7579,43.5211;31318;;Čolovino
0;19.7419,43.5069;31318;;Podkraj
0;19.7128,43.5131;31325;;Ravnava
0;19.7042,43.5067;31325;;Gordići
0;19.6649,43.5160;31325;;Kula
0;19.6436,43.5170;31325;;Vitkovac
0;19.6814,43.5100;31325;;Glavonjići
0;19.6316,43.5278;31325;;Saračevina
0;19.6116,43.5084;31325;;Druglići
0;19.6325,43.5175;31325;;Đurovac
0;19.6244,43.5128;31325;;Pribojskecelice
0;19.6585,43.5317;31325;;Pod
0;19.5794,43.5342;31325;;Suvo Polje
0;19.5745,43.5068;31325;;Košnice
0;19.5687,43.5204;31325;;Kalafati
0;19.5592,43.5131;31325;;Smrekovac
0;19.5412,43.2772;31306;;Gluščevići
0;19.5631,43.2831;31306;;Kijanovići
0;19.5658,43.2811;31306;;Kleče
0;19.5609,43.3071;31306;;Duge Njive
0;19.5950,43.5222;31325;;Potpeć
0;19.8331,43.7243;31208;;Glumci
0;19.5667,43.2992;31306;;Koritnica
0;19.9133,43.7487;31206;;Vrane
0;19.8953,43.7450;31206;;Koliševica
0;19.9542,43.7346;31233;;Brđani
0;19.5551,43.3214;31306;;Goločevina
0;19.9772,43.7479;31237;;Proplanci
0;19.5085,43.3362;31306;;Vlaka
0;19.9936,43.7107;31233;;Sadovine
0;19.5519,43.3400;31306;;Polakovina
0;19.9767,43.7026;31233;;Gornja Kruščica
0;19.9517,43.7038;31233;;Mala
0;19.9297,43.6951;31207;;Gureši
0;19.9212,43.6892;31207;;Mitrići
0;19.8079,43.6904;31314;;Čumići
0;19.5169,43.3482;31306;;Junčevići
0;19.8344,43.6826;31313;;Obradovići
0;19.5386,43.3528;31306;;Dolina
0;19.5514,43.3485;31306;;Kula
0;19.9030,43.6756;31207;;Brdo
0;19.9249,43.6800;31207;;Velimiri
0;19.5625,43.3647;31306;;Rikavce
0;19.9826,43.6867;31233;;Vranovina
0;19.9647,43.6660;31233;;Moravča
0;19.5807,43.3722;31300;;Čauševići
0;19.9733,43.6768;31233;;Lukići
0;19.9527,43.6722;31233;;Razložina
0;19.9515,43.6599;31234;;Miletići
0;19.9345,43.6501;31207;;Kovačevići
0;19.9220,43.6606;31207;;Gordići
0;19.8453,43.6630;31313;;Vladaje
0;19.8575,43.6555;31313;;Krejovići
0;19.8610,43.6319;31209;;Smiljanići
0;19.9300,43.6339;31209;;Zborište
0;19.9485,43.6340;31234;;Nikolići
0;19.8943,43.6170;31209;;Čubraci
0;19.8418,43.6131;31209;;Žunići
0;19.8460,43.5965;31209;;Straža
0;19.8819,43.6050;31209;;Lazovići
0;19.9408,43.6114;31209;;Sarići
0;19.5343,43.9345;31250;;Živanovići
0;19.5435,43.9474;31250;;Boranja
0;19.5125,43.9019;31251;;Šljivovica
0;19.5819,43.8983;31242;;Iglići
0;19.5908,43.8983;31241;;Omar
0;19.5689,43.8692;31242;;Tarabići
0;19.5903,43.8744;31242;;Jankovići
0;19.5733,43.8625;31242;;Milosavljevići
0;19.5631,43.8467;31242;;Bešlići
0;19.5536,43.8431;31242;;Čulići
0;19.5508,43.8394;31242;;Panići
0;19.5467,43.8364;31242;;Đokici
0;19.5529,43.3884;31306;;Zasok
0;19.4824,43.4327;31306;;Gornje Babine
0;19.5455,43.4061;31306;;Donje Babine
0;19.5844,43.8281;31242;;Erići
0;19.5642,43.4075;31300;;Rogušje
0;19.5925,43.8222;31242;;Bogdanovići
0;19.5961,43.8286;31242;;Selaći
0;19.5287,43.4242;31306;;Prljci
0;19.5517,43.4197;31306;;Dosudovići
0;19.5661,43.4272;31300;;Tovarnica
0;19.5089,43.4394;31306;;Gradina
0;19.5308,43.4328;31306;;Šerbetovac
0;19.5489,43.4439;31300;;Kukavice
0;19.8394,43.5917;31209;;Popovići
0;19.8963,43.5757;31319;;Vitorovići
0;19.9448,43.5746;31319;;Cukavci
0;19.9478,43.5664;31319;;Markovići
0;19.8164,43.5467;31318;;Nedići
0;19.8247,43.5453;31318;;Gojgići
0;19.8889,43.5550;31319;;Jasenovo
0;19.6275,43.8489;31241;;Vračarići
0;19.6289,43.8303;31242;;Neševići
0;19.6483,43.8228;31244;;Lokva
0;19.6815,43.8275;31244;;Pantelići
0;19.9607,43.5455;31319;;Močioci
0;19.9559,43.5285;31319;;Draškovići
0;19.9086,43.5335;31319;;Brđani
0;19.5767,43.4436;31300;;Ledinke
0;19.5222,43.4606;31306;;Zajednica
0;19.6722,43.8403;31241;;Simići
0;19.5725,43.4531;31300;;Dužani
0;19.5325,43.4683;31300;;Rakita
0;19.5255,43.4729;31306;;Prisoje
0;19.9428,43.5011;31322;;Dževerija
0;19.5183,43.4772;31306;;Brkat
0;19.6788,43.8357;31241;;Anžići
0;19.5596,43.4710;31300;;Podborak
0;19.6958,43.8364;31241;;Andići
0;19.5680,43.4642;31300;;Murići
0;19.9059,43.5135;31319;;Rogovići
0;19.7178,43.8340;31241;;Cvetići
0;19.8825,43.5225;31319;;Čolanići
0;19.8912,43.5181;31319;;Goronjići
0;19.7317,43.8394;31311;;Jeremići
0;19.5531,43.4994;31325;;Rudina
0;19.5727,43.4837;31325;;Gradina
0;19.8498,43.5224;31318;;Leševići
0;19.8719,43.5033;31318;;Vasilići
0;19.7669,43.8358;31311;;Tanaskovići
0;19.7508,43.8302;31311;;Ristanovići
0;19.7597,43.8259;31311;;Gardići
0;19.7089,43.8186;31244;;Mrarovac
0;19.7259,43.8109;31312;;Žigale
0;19.5986,43.2684;31305;;Raičeviće
0;19.7567,43.8053;31312;;Zarići
0;19.5933,43.2483;31305;;Brajkovac
0;19.7856,43.8039;31311;;Ševkovići
0;19.5856,43.2906;31306;;Kašice
0;19.6039,43.2764;31305;;Dolovi
0;19.6219,43.2869;31305;;Nikolići
0;19.6377,43.2831;31305;;Bačilovina
0;19.7370,43.7919;31312;;Rosići
0;19.7282,43.8002;31312;;Bjeliš
0;19.7395,43.7988;31312;;Radišići
0;19.7076,43.8007;31244;;Voinovići
0;19.6988,43.8016;31244;;Lekići
0;19.5936,43.3008;31306;;Plavce
0;19.5822,43.2808;31306;;Podjevac
0;19.6754,43.2485;31305;;Kotline
0;19.6870,43.2442;31305;;Rakuša
0;19.6675,43.8169;31244;;Kovacevići
0;19.6828,43.8244;31244;;Tomanići
0;19.6498,43.2567;31305;;Mijačinovići
0;19.6742,43.2531;31305;;Kukoljane
0;19.6831,43.8021;31244;;Sainovina
0;19.6658,43.2667;31305;;Orašac
0;19.6772,43.2584;31305;;Alavandići
0;19.6772,43.2539;31305;;Miševići
0;19.6900,43.2543;31305;;Đurovo Brdo
0;19.6728,43.7925;31244;;Rudine
0;19.6524,43.8021;31244;;Rosulje
0;19.6489,43.8064;31244;;Jacimluk
0;19.6542,43.7801;31244;;Novoselo
0;19.6467,43.2723;31305;;Erakovići
0;19.6823,43.7754;31244;;Podgorica
0;19.7278,43.7864;31310;;Brezak
0;19.7417,43.7820;31312;;Kneževići
0;19.7411,43.7875;31312;;Rajevći
0;19.6883,43.2621;31305;;Komaran
0;19.6993,43.2577;31305;;Podkrš
0;19.7534,43.7749;31312;;Ćorovići
0;19.7739,43.7703;31312;;Barjaktarevići
0;19.7745,43.7587;31312;;Mušvete
0;19.7281,43.7670;31310;;Jevremovići
0;19.5003,43.7717;31243;;Dragućinovići
0;19.5025,43.7807;31243;;Krsmanovići
0;19.5011,43.7764;31243;;Kojadinovići
0;19.5108,43.7874;31243;;Presedo
0;19.6617,43.2837;31305;;Bojra
0;19.6842,43.3228;31300;;Bare
0;19.7475,43.2625;31305;;Donji Stranjani
0;19.7744,43.2537;31305;;Gornji Stranjani
0;19.7426,43.2791;31305;;Vodice
0;19.7059,43.8068;31244;;Branešca
0;19.7397,43.2997;31305;;Podstene
0;19.7078,43.7917;31244;;Donji Branešci
0;19.7188,43.3117;31305;;Rašće
0;19.7048,43.3176;31300;;Dečevo
0;19.7020,43.3088;31305;;Lučice
0;19.7265,43.3205;31300;;Bare
0;19.6044,43.9864;31250;;Vojići
0;19.4920,43.3530;31306;;Mostište
0;19.7117,43.3363;31300;;Brančići
0;19.4736,43.3898;31306;;Žarvine
0;19.4637,43.3797;31306;;Ljeljenica
0;19.6292,43.9783;31250;;Stefanovići
0;19.7416,43.3956;31300;;Turska Mala
0;19.4228,43.4054;31306;;Zamišalj
0;19.4823,43.4001;31306;;Ramovina
0;19.4788,43.4103;31306;;Mrkića Ograda
0;19.6722,43.5366;31317;;Ševarovi
0;19.4070,43.4377;31306;;Bukovik
0;19.3774,43.4204;31306;;Granica
0;19.3728,43.4334;31306;;Bulići
0;19.7976,43.4498;31320;;Svijetnjak
0;19.7922,43.4706;31320;;Tikva
0;19.6914,43.9504;31253;;Radojevići
0;19.7319,43.4642;31325;;Dražan
0;19.7392,43.4719;31325;;Sokolova
0;19.6750,43.8906;31241;;Janići
0;19.6297,43.8911;31241;;Tomići
0;19.7099,43.7379;31315;;Palisat
0;19.6183,43.8633;31241;;Đenadići
0;19.6158,43.5384;31325;;Orašac
0;19.7911,43.8622;31000;;Panići
0;19.7440,43.8611;31241;;Stapari
0;19.7444,43.8572;31311;;Gredljevići
0;19.6128,43.8336;31242;;Selakovići
0;19.7959,43.9767;31262;;Tupaići
0;19.5930,43.4969;31325;;Pod
0;19.6333,43.4838;31325;;Kučin
0;19.6322,43.4767;31325;;Varnica
0;19.5921,43.4869;31325;;Bara
0;19.5975,43.4836;31325;;Rajinovac
0;19.5859,43.4832;31325;;Jevrenka
0;19.6014,43.4712;31325;;Brnjaš
0;19.6068,43.4680;31325;;Bajnovići
0;19.6132,43.4596;31325;;Adrovići
0;19.6231,43.4600;31325;;Kula
0;19.6255,43.4472;31300;;Vojnica
0;19.6222,43.4547;31325;;Breg
0;19.6431,43.4333;31300;;Mitrovac
0;19.6436,43.4311;31300;;Topalovina
0;19.5867,43.4450;31300;;Prisoje
0;19.6011,43.4419;31300;;Visočica
0;19.6161,43.4411;31300;;Rosulje
0;19.6175,43.4342;31300;;Metaljka
0;19.6290,43.4094;31300;;Zalug
0;19.6220,43.4235;31300;;Prošće
0;19.5811,43.4097;31300;;Barice
0;19.6161,43.4275;31300;;Avdovi
0;19.5877,43.4006;31300;;Krašljevići
0;19.6111,43.3864;31300;;Kruševlje
0;19.6107,43.9465;31250;;Mačonik
0;19.5967,43.9540;31250;;Komušine
0;19.6025,43.9472;31250;;Stamenići
0;19.3986,43.4543;31306;;Dubrave
0;19.4053,43.4454;31306;;Klupci
0;19.4625,43.4628;31306;;Ožalj
0;19.5954,43.3820;31300;;Orovac
0;19.6284,43.3748;31300;;Čadinje
0;19.5825,43.9125;31250;;Rabasovici
0;19.6505,43.3951;31300;;Vakuf
0;19.6411,43.3838;31300;;Šarampov
0;19.6410,43.3679;31300;;Dučevo
0;19.6303,43.3635;31300;;Kolovrat
0;19.6050,43.3642;31300;;Straševac
0;19.6234,43.3599;31300;;Ratajska
0;19.5859,43.3585;31306;;Jusovića Kula
0;19.6159,43.3319;31300;;Ninčići
0;19.6272,43.3397;31300;;Sveta Gora
0;19.6099,43.3268;31300;;Mijani
0;19.5952,43.3240;31306;;Boljani
0;19.5968,43.3109;31306;;Svojčevo
0;19.6056,43.3053;31306;;Gurdići
0;19.6422,43.8458;31241;;Strmac
0;19.6229,43.3015;31300;;Ožegovići
0;19.6199,43.2951;31306;;Javorje
0;19.6360,43.2966;31305;;Dubravčići
0;19.6207,43.3068;31300;;Podbor
0;19.6545,43.3051;31300;;Žitin
0;19.6448,43.3093;31300;;Miljevići
0;19.6454,43.3174;31300;;Haluge
0;19.6574,43.3183;31300;;Lokva
0;19.6355,43.3212;31300;;Dumljane
0;19.6483,43.3236;31300;;Velika Župa
0;19.6389,43.3321;31300;;Paraći
0;19.6446,43.3363;31300;;Kovačevac
0;19.6557,43.3296;31300;;Pranjci
0;19.6492,43.3266;31300;;Duraci
0;19.6658,43.3236;31300;;Staro
0;19.6545,43.3215;31300;;Brajanovići
0;19.6461,43.3586;31300;;Medenac
0;19.6610,43.3501;31300;;Dolovi
0;19.6572,43.3558;31300;;Oborci
0;19.7247,43.8253;31311;;Golo Brdo
0;19.6592,43.3403;31300;;Ljiljci
0;19.6820,43.3598;31300;;Bjelobabe
0;19.7127,43.3586;31300;;Bare
0;19.7285,43.3443;31300;;Dvorište
0;19.7340,43.3571;31300;;Bivolice
0;19.7275,43.3612;31300;;Duvarine
0;19.6689,43.3658;31300;;Ranovići
0;19.6859,43.3781;31300;;Peselje
0;19.7009,43.4068;31300;;Dubovica
0;19.6920,43.4219;31300;;Pilatovac
0;19.6680,43.4291;31300;;Padež
0;19.6647,43.4417;31325;;Potok
0;19.6594,43.4494;31325;;Bare
0;19.6983,43.4572;31325;;Međugorje
0;19.6916,43.4595;31325;;Međugorje
0;19.6925,43.4662;31325;;Ninčići
0;19.7362,43.4379;31325;;Vranjak
0;19.6847,43.4843;31325;;Gobate
0;19.6565,43.4869;31325;;Čkanje
0;19.6528,43.4925;31325;;Ripe
0;19.6489,43.4978;31325;;Banjica
0;19.8007,43.2506;31305;;Grančarevo
0;19.8118,43.4417;31320;;Vukovina
0;19.8244,43.4559;31320;;Ciganska Mahala
0;19.8296,43.4611;31320;;Branoševac
0;19.8220,43.4732;31320;;Brdo
0;19.5752,43.9231;31250;;Gaj
0;19.9362,43.2838;36310;;Unje
0;19.9335,43.2538;36310;;Grabovica
0;19.9179,43.4426;31322;;Gujanička Mala
0;19.9374,43.4403;31322;;Pavlovića Brod
0;19.9000,43.8628;31205;;Lokva
0;19.9873,43.3810;31322;;Totići
0;19.9538,43.3780;31322;;Petrovići
0;19.9646,43.3830;31322;;Tahirovići
0;19.9787,43.4772;31322;;Palež
0;19.9286,43.4753;31322;;Debelja
0;19.9619,43.4686;31322;;Zvijerci
0;19.6452,43.2469;31305;;Gojakovići
0;19.6411,43.2353;31305;;Ivezići
0;19.6515,43.2246;31305;;Opančine
0;19.8367,43.4402;31320;;Prorečane
0;19.8431,43.3908;31307;;Bulatovići
0;19.8928,43.4047;31322;;Đurinovići
0;19.9092,43.3971;31322;;Šipovik
0;19.9093,43.3813;31307;;Selište
0;19.9102,43.3425;31307;;Skradnik
0;19.9620,43.3415;36310;;Ušak
0;19.9695,43.3338;36310;;Podkrš
0;19.9156,43.3160;31307;;Krivaja
0;19.9971,43.3658;31322;;Potoci
0;19.8508,43.9840;31262;;Drmanovina
0;19.9888,43.2994;36310;;Strajiniće
0;19.9888,43.2660;36310;;Hadžica Mala
0;19.9126,43.2962;31307;;Mašoviće
0;19.9108,43.2964;31307;;Gonje
0;19.9075,43.2779;36310;;Vrljaje
0;19.9766,43.9653;31213;;Dragutinovići
0;19.8922,43.2647;36310;;Pralja
0;19.8691,43.2723;31307;;Biberovići
0;19.8692,43.2786;31307;;Javorce
0;19.9287,43.9515;31260;;Granica
0;19.8569,43.2845;31307;;Božov Potok
0;19.8839,43.2956;31307;;Milinkoviće
0;19.8627,43.2868;31307;;Čvorovići
0;19.8592,43.2794;31307;;Gornje Gonje
0;19.8835,43.2822;31307;;Rajnovići
0;19.8403,43.3017;31307;;Luke
0;19.6672,43.2278;31305;;Haluge
0;19.6724,43.2363;31305;;Bjelohova
0;19.6903,43.2356;31305;;Mrdace
0;19.6796,43.2301;31305;;Gradilovina
0;19.6963,43.2392;31305;;Dvorište
0;19.7034,43.2524;31305;;Zavinograđe
0;19.6870,43.2183;31305;;Prijevori
0;19.7037,43.2123;31305;;Trepalovina
0;19.6911,43.2039;31305;;Opitra Stena
0;19.6963,43.1982;31305;;Male Njive
0;19.6908,43.1928;31305;;Rogojevac
0;19.7063,43.1984;31305;;Jedini Bor
0;19.7217,43.2039;31305;;Poda
0;19.6942,43.1795;36315;;Kave
0;19.8647,43.9657;31260;;Gubin Do
0;19.8205,43.9672;31262;;Jankovići
0;19.8221,43.9734;31262;;Ravići
0;19.8195,43.9372;31262;;Starčevići
0;19.8046,43.9298;31000;;Jovančićevići
0;19.9884,43.9297;31213;;Štulovići
0;19.9300,43.9296;31203;;Čukavci
0;19.8145,43.9239;31000;;Ivanovići
0;19.8629,43.9120;31000;;Peule
0;19.9792,43.8984;31203;;Bošnjaci
0;19.9382,43.8826;31203;;Lunovo Selo
0;19.8056,43.8907;31000;;Tulekovac
0;19.8437,43.8733;31000;;Gluvaci
0;19.7883,43.1469;36315;;Gradina
0;19.7789,43.1389;36315;;Kumanovica
0;19.7279,43.1754;36315;;Borikovac
0;19.7952,43.1591;36315;;Vrbnica
0;19.7977,43.1730;36315;;Tutiće
0;19.7353,43.1916;36315;;Prljevine
0;19.7548,43.1977;36315;;Zastup
0;19.7213,43.2002;31305;;Oštra Stijena
0;19.7156,43.1979;31305;;Miletin Do
0;19.7127,43.1862;36315;;Zastup
0;19.7205,43.2087;31305;;Paralovac
0;19.7278,43.2137;31305;;Zagradac
0;19.7755,43.1959;36315;;Točilovo
0;19.7253,43.2220;31305;;Podjasen
0;19.7107,43.2328;31305;;Ravče Polje
0;19.7164,43.2442;31305;;Duga Luka
0;19.7507,43.2490;31305;;Vrtovska
0;19.7779,43.2258;31305;;Koželj
0;19.7948,43.2306;31305;;Šćepanica
0;19.7142,43.2225;31305;;Zakut
0;19.8809,43.2439;36310;;Šiljci
0;19.8714,43.2319;36310;;Koraći
0;19.9145,43.2249;36310;;Podozren
0;19.9174,43.2353;36310;;Jovanoviči
0;19.9269,43.2422;36310;;Saraje
0;19.9396,43.2400;36310;;Babać
0;19.9800,43.2052;36310;;Paljevine
0;19.9314,43.2252;36310;;Rajići
0;19.9157,43.2170;36310;;Boskoviči
0;19.9226,43.2041;36310;;Korišici
0;19.8383,43.2142;36315;;Tičije Polje
0;19.0733,45.3897;21427;;Berava
0;19.0511,45.4139;21426;;Živa
0;19.8738,43.8623;31000;;Lazovina
0;19.9482,43.8572;31203;;Tomići
0;19.9078,43.9047;31203;;Donji Lelići
0;19.8618,43.8713;31000;;Tatinac
0;19.5423,43.2851;31306;;Šajnov Kraj
0;19.6830,43.4402;31325;;Gornja Drenova
0;19.7643,43.9081;31253;;Volujac
0;19.6562,43.4692;31325;;Bistrica
0;19.6525,44.7650;15353;;Sor
0;19.6517,44.7783;15353;;Tobolac
0;19.7025,44.8881;15212;;Babin
0;19.7036,44.8569;15212;;Novi Šor
0;19.5114,44.7444;15352;;Lug
85;19.5544,44.7211;15235;;Stari Lipolist
0;19.5900,44.6872;15235;;Stančica Mala
0;19.7734,44.7309;15213;;Slatina
0;19.7678,44.6922;15224;;Bareš
0;19.7174,44.6934;15224;;Boškovići
0;18.9722,45.6480;25260;;Novo Naselje
0;19.6641,44.6854;15232;;Grabovac
0;19.6833,44.6483;15232;;Orlovac
0;19.6791,44.6322;15232;;Ulice
0;19.6542,44.6261;15232;;Loboder
0;19.6587,44.6306;15232;;Srednja Mala
0;19.6386,44.6093;15233;;Makevići
0;19.5433,44.6619;15305;;Đokića Mala
0;19.5292,44.6619;15305;;Popadića Mala
0;19.5475,44.6769;15235;;Donja Mala
0;19.5967,44.6647;15235;;Pantića Mala
0;19.6150,44.6656;15232;;Podlug
0;19.6203,44.6535;15232;;Vukovića Mala
0;19.6275,44.6322;15232;;Perići
0;19.6128,44.6381;15232;;Šatarići
0;19.6061,44.6442;15232;;Rakića Mala
0;19.5546,44.5136;15234;;Gornja Sipulja
0;19.4072,43.4202;31306;;Krnjača
0;19.7578,43.4642;31325;;Oštrik
0;19.8025,43.3742;31307;;Gornje Pravoševo
0;19.8123,43.3147;31307;;Prisoje
0;19.6745,43.3414;31300;;Zebuđa
0;19.8499,43.4203;31320;;Smreka
0;19.6637,43.4936;31325;;Čelice
0;19.5507,43.3589;31306;;Zvijezd
0;19.4494,43.4071;31306;;Ograde
0;19.9187,43.4783;31322;;Borja
0;19.9266,43.4737;31322;;Aničići
0;19.9214,43.4972;31322;;Donje Trudovo
0;19.9582,43.4867;31322;;Gornje Trudovo
0;19.7969,43.1328;36315;;Visočka
0;19.7791,43.5019;31318;;Vraneša
0;19.7803,43.3608;31307;;Dobroila
0;19.7797,43.3756;31307;;Rupčine
0;19.9175,43.2150;36310;;Bubanje
0;19.8236,43.1203;36315;;Zabrdo
0;19.8190,43.1379;36315;;Konatari
1261;19.8056,43.1369;36315;;Sokolovo Brdo
0;19.8563,43.1161;36315;;Makva
0;19.8030,43.1753;36315;;Tutiće
0;19.8008,43.1797;36315;;Rupčine
0;19.8084,43.1670;36315;;Strane
0;19.8020,43.1600;36315;;Vašine
0;19.8123,43.1536;36315;;Plana
0;19.8353,43.1539;36315;;Pušine
0;19.8424,43.1492;36315;;Jezero
0;19.8451,43.1617;36315;;Blato
1430;19.8589,43.1453;36315;;Osječenik
0;19.8575,43.1370;36315;;Trešnjevica
0;19.8495,43.1262;36315;;Zaklopača
0;19.8701,43.1283;36315;;Bilegija
0;19.8873,43.1332;36315;;Greben
0;19.8878,43.1483;36315;;Nikače
0;19.8908,43.1252;36315;;Danevina
0;19.8838,43.1133;36315;;Grgaje
0;19.8942,43.1171;36315;;Zabrđe
0;19.9204,43.1865;36310;;Ravna Gora
0;19.9986,43.2050;36310;;Kolašinci
0;19.8239,43.4500;31320;;Brdo
0;19.8073,43.3010;31307;;Svićevići
0;19.8484,43.4778;31320;;Vrlan
0;19.0556,45.5790;25264;;Staro Selo
0;18.9796,45.5759;25264;;Veliki Salaš
0;19.1301,45.7301;25101;;Sekulići
0;19.1706,45.7339;25101;;Fernbah
0;19.1042,45.7160;25263;;Dediči
0;19.5422,45.4094;21472;;Stara Pustara
0;18.8588,45.8581;25270;;Zimovnik
0;19.1263,45.8027;25101;;Križanji
0;19.1407,45.8718;25211;;Relići
0;19.4894,45.9531;24211;;Đurđin
0;19.3147,45.9425;25212;;Mađarsko Selo
0;19.2391,45.7710;25221;;Džinići
0;19.3216,45.6995;25223;;Mali Stapar
0;19.2752,45.7349;25221;;Vukčevići
0;19.5367,45.9907;24211;;Pavlovac
0;19.6353,45.8617;24309;;Zobnatica
0;19.2926,45.1542;22254;;Bikić Do
0;19.5003,45.7346;25224;;Duboka
0;19.9197,45.1464;22328;;Velika Remeta
0;19.9050,45.7256;21227;;Poljanice
0;19.9167,45.5819;21225;;Radičević
0;19.9174,45.9638;24427;;Totovo Selo
0;19.8750,45.9611;24427;;Doline
0;19.8904,45.7752;24437;;Mol-Obornjača
0;19.9983,43.5692;31234;;Okruglica
0;19.9086,43.7375;31206;;Starčevići
0;19.9206,43.7342;31206;;Marinkovići
0;19.8328,43.7419;31208;;Ponjavići
0;19.8064,43.7250;31208;;Radibratovići
0;19.8575,43.7253;31208;;Utrobe
0;19.8811,43.7225;31206;;Todorići
0;19.8978,43.7153;31206;;Lučići
0;19.9819,43.7308;31233;;Gornje Severovo
0;19.9747,43.7108;31233;;Biljega
0;19.9603,43.7150;31233;;Kovačevac
0;19.8847,43.7078;31207;;Stamati
0;19.8217,43.6989;31208;;Bačevac
0;19.8608,43.6906;31207;;Dedovići
0;19.8911,43.6981;31207;;Bjelicići
0;19.8808,43.7022;31207;;Čaldovići
0;19.9492,43.6800;31233;;Našćenje
0;19.9531,43.6850;31233;;Milićevići
0;19.9656,43.6831;31233;;Pilci
0;19.9761,43.7211;31233;;Donja Kruščica
0;19.8831,43.6772;31207;;Vidići
0;19.8280,44.0571;31262;;Paramun
0;19.8736,43.6753;31207;;Gudurići
0;19.9675,44.0457;31265;;Donji Skakavci
0;19.8761,43.6594;31207;;Kovucević
0;19.8694,44.0069;31262;;Suvo Vrelo
0;19.9531,43.6581;31234;;Ivanovići
0;19.9989,43.6764;31233;;Ručetin
0;19.9767,43.6278;31234;;Vukotići
0;19.9775,43.6544;31234;;Vujadinovići
0;19.9317,43.6344;31209;;Dolovi
0;19.8056,43.6245;31313;;Gornji Ljubiš
0;19.8089,43.6375;31313;;Ršumi
0;19.8103,43.6214;31209;;Joksimovići
0;19.9268,43.6137;31209;;Rjeka
0;19.9647,43.6106;31234;;Stamenići
0;19.7243,43.9515;31253;;Despotovići
0;19.9547,43.6222;31234;;Stevanovići
0;19.9775,43.6108;31234;;Bogutovo
0;19.9156,43.6067;31209;;Vis
0;19.9069,43.5933;31319;;Pećinari
0;19.7928,43.9113;31000;;Jokovići
0;19.7943,43.9020;31000;;Ivanovići
0;19.9253,43.5856;31319;;Žunići
0;19.9358,43.5828;31319;;Dukovići
0;19.9250,43.5783;31319;;Dželebdžići
0;19.9583,43.5733;31319;;Stamatovići
0;19.9606,43.5617;31319;;Jeverice
0;19.7150,44.6031;15225;;Matijevac
0;19.6994,44.6013;15233;;Ševarice
0;19.9169,43.5639;31319;;Popovići
0;19.9118,44.5197;14214;;Simići
0;19.8746,44.5247;15221;;Todorovića Mala
0;19.9063,44.6598;15215;;Ravnica
0;19.9131,44.6744;15215;;Gložde
0;19.8658,44.6859;15215;;Jadranska Mala
1208;19.5899,44.5726;15233;;Rumska
0;19.7331,44.5470;15226;;Civtići
0;19.8041,43.5417;31318;;Negbina
0;19.9575,43.5408;31319;;Munitlaci
0;19.9761,43.5414;31319;;Matovići
0;19.9900,43.5314;31319;;Puanci
0;19.9561,43.5289;31319;;Dabovići
0;19.9394,43.5194;31319;;Damljanovići
0;19.9239,43.5225;31319;;Tanovići
0;19.9161,43.5164;31319;;Tomići
0;19.8383,43.5383;31318;;Brkovići
0;19.8594,43.5006;31318;;Amzići
0;19.9636,43.5117;31322;;Mladenovići
0;19.9642,43.5075;31322;;Đokovići
0;19.9694,43.5014;31322;;Čurčići
0;19.5596,43.7479;31243;;Bare
0;19.6900,43.5069;31325;;Dragaški Krš
0;19.6900,43.5069;31325;;Dragaši
0;19.7003,43.6875;31315;;Krajevi
0;19.7169,43.6169;31317;;Čemerikovci
0;19.9544,43.9975;31260;;Vrane
0;19.8692,43.8453;31000;;Krčagovo
0;19.8800,43.8542;31205;;Vlaovac
0;19.8275,43.7614;31312;;Mešnik
0;19.8261,43.7514;31208;;Bacetići
0;19.8317,43.7794;31312;;Obrenovići
0;19.8300,43.7894;31311;;Dučevci
0;19.8135,43.8240;31311;;Prijevići
0;19.8347,43.8100;31311;;Stanići
0;19.8378,43.8039;31311;;Guđurići
0;19.8022,43.8019;31311;;Trifanovići
0;19.8403,43.8214;31311;;Toskići
0;19.8417,43.8275;31000;;Mahanjići
0;19.8542,43.8233;31000;;Citići
0;19.8920,43.8357;31205;;Rujevac
0;19.8680,43.8254;31000;;Gajevi
0;19.8119,43.8286;31311;;Brdo
0;19.8251,43.8375;31000;;Zabučje
0;19.8100,43.8556;31000;;Đurići
0;19.8164,43.8611;31000;;Turica
0;19.8339,43.8628;31000;;Donja Pora
0;19.8339,43.8703;31000;;Gornja Pora
0;19.8419,43.8822;31000;;Čarina
0;19.8661,43.8831;31000;;Sretenovići
0;19.8842,43.8867;31000;;Udovići
0;19.8681,43.8942;31000;;Dokovići
0;19.8097,43.9058;31000;;Stefanovići
0;19.8117,43.9136;31000;;Savići
0;19.8411,43.9067;31000;;Maksimovići
0;19.8003,43.9164;31000;;Jokovići
0;19.8647,43.9136;31000;;Radojčići
0;19.8739,43.9100;31203;;Krsmanovići
0;19.8967,43.9058;31203;;Raletići
0;19.9153,43.8500;31205;;Mladovo
0;19.9353,43.8408;31205;;Ršumovići
0;19.9719,43.7835;31237;;Vulovići
0;19.9931,43.7575;31237;;Zabrdo
0;19.9719,43.7683;31237;;Roška Banja
0;19.9272,43.7797;31204;;Vukotići
0;19.9283,43.7864;31204;;Zaboj
0;19.9594,43.7778;31237;;Markovići
0;19.8719,43.7728;31204;;Savići
0;19.8642,43.7625;31204;;Bjelaci
0;19.9072,43.7975;31204;;Subotići
0;19.8850,43.7867;31204;;Obućini
0;19.9389,43.9853;31260;;Pijuci
0;19.9839,43.9186;31203;;Donje Zaselje
0;19.9625,43.9297;31203;;Srednje Selo
0;19.9347,43.9783;31260;;Đokići
0;19.8936,43.9494;31260;;Markovići
0;19.9233,43.9508;31260;;Radovići
0;19.9397,43.9422;31260;;Gornje Zaselje
0;19.8058,43.9969;31262;;Seća Reka
0;19.8236,43.9886;31262;;Jelići
0;19.8306,43.9972;31262;;Vučinac
0;19.8861,43.9683;31260;;Milovići
0;19.9050,43.9781;31260;;Gradina
0;19.8039,43.9769;31262;;Tupalći
0;19.8356,43.9606;31262;;Filipovići
0;19.8356,43.9525;31262;;Jasikovača
0;19.8558,43.9628;31260;;Dubljani
0;19.8528,43.9431;31260;;Lazići
0;19.8533,43.9342;31260;;Petronijevići
0;19.8450,43.9325;31000;;Tovarnica
0;19.8556,43.9231;31000;;Miličevići
0;19.8475,43.9717;31262;;Pavlovići
0;19.9094,44.6819;15215;;Donji Čagalj
0;19.9006,44.6817;15215;;Gornji Čagalj
0;19.8308,44.6214;15225;;Jalovik
0;19.8794,44.6189;15214;;Gornji Kraj
0;19.9208,44.6200;15214;;Grkovića Mala
0;19.9228,44.6028;15214;;Todića Mala
0;19.9422,44.6158;15214;;Seiri
0;19.8197,44.5900;15225;;Čelije
0;19.8139,44.5942;15225;;Mundića Mala
0;19.8064,44.6033;15225;;Gornja Mala
0;19.8728,44.5964;15214;;Preseka
0;19.9072,44.6019;15214;;Milištanska Mala
0;19.8409,44.5657;15221;;Ciganska Mala
0;19.9675,44.5472;14214;;Gornji Kraj
0;19.8933,44.5236;15221;;Sitarice
0;19.9642,44.5328;14214;;Sred
0;19.9833,44.5161;14214;;Staro Vrelo
0;19.8581,44.5153;15221;;Zarubska Mala
0;19.8325,44.5022;15221;;Ratkovačka
0;19.8867,43.6139;31209;;Donji Ljubiš
0;19.4692,44.2231;15323;;Dukići
0;19.6519,43.9403;31253;;Malo Pacadžije
0;19.7606,43.9847;31254;;Bukova Ravan
0;19.7428,43.9875;31254;;Miljkovići
0;19.7547,43.9439;31253;;Zaglavak
0;19.6781,43.9317;31253;;Đuričići
0;19.6725,43.9297;31253;;Veliki Plošćari
0;19.6744,43.9258;31253;;Mali Plošćari
0;19.6222,43.9253;31253;;Gornji Stuparevići
0;19.5181,43.9278;31250;;Gornja Koprivna
0;19.7409,43.8853;31241;;Gredica
0;19.5233,44.4425;15312;;Popovići
0;19.5386,44.4456;14254;;Novakovića Mala
0;19.5426,44.3132;14207;;Gornja Kokorava
0;19.6806,43.7719;31244;;Gornji Branešci
0;19.5128,44.3281;14207;;Gajići
0;19.5089,44.2967;14207;;Timotijići
0;19.5458,44.2994;14207;;Đurđevići
0;19.7014,43.7481;31310;;Ocka Gora
0;19.7217,43.7456;31310;;Šinovik
0;19.7289,43.7344;31310;;Potoci
0;19.7881,43.7244;31208;;Golovo
0;19.5894,43.6947;31315;;Rasevac
0;19.5750,43.6986;31315;;Ograde
0;19.5906,43.6128;31317;;Uvac
0;19.6031,43.6108;31317;;Živkovići
0;19.6936,43.6322;31317;;Gradac
0;19.7923,43.5587;31317;;Negbina
0;19.6125,43.5692;31317;;Stavići
0;19.5583,43.5336;31325;;Luke
0;19.5511,43.5225;31325;;Poljanak
0;19.6028,43.5231;31325;;Rakovići
0;19.6947,43.5475;31317;;Jastrebica
0;19.7061,43.5464;31317;;Uvac
0;19.6997,43.5372;31317;;Radelići
0;19.7094,43.5331;31317;;Rebelj
0;19.7067,43.5228;31325;;Prisoje
0;19.7283,43.5181;31318;;Ćirkovići
0;19.7383,43.5264;31318;;Mališići
0;19.9000,43.9153;31203;;Karan
0;19.8850,43.9994;31260;;Bara
0;19.9275,43.9936;31260;;Divčevići
0;19.9708,43.9947;31260;;Popovići
0;19.9886,43.9936;31213;;Milakovići
0;19.9836,43.9933;31213;;Vukosavljevići
0;19.9842,43.9853;31213;;Todorovići
0;19.9903,43.9797;31213;;Arnautovići
0;19.9622,43.9744;31260;;Milići
0;19.9672,43.9717;31213;;Lečići
0;19.9553,43.9656;31260;;Božovići
0;19.9508,43.9833;31260;;Jevtovići
0;19.9447,43.9750;31260;;Đokovići
0;19.9467,43.9681;31260;;Radovići
0;19.9394,43.9889;31260;;Filipovići
0;19.8975,43.9672;31260;;Vučičevići
0;19.8950,43.9656;31260;;Stančići
0;19.9031,43.9644;31260;;Šošići
0;19.8986,43.9569;31260;;Lažići
0;19.9019,43.9528;31260;;Tripkovići
0;19.9050,43.9611;31260;;Milovanovići
0;19.9769,43.9292;31213;;Bošnjaci
0;19.9756,43.9233;31203;;Dimitrijevići
0;19.9678,43.9403;31213;;Dragutinovići
0;19.9806,43.9353;31213;;Pejići
0;19.8736,43.9356;31260;;Ribaševina
0;19.8728,43.9203;31203;;Gostinica
0;19.8881,43.9147;31203;;Veselinovići
0;19.8858,43.8783;31000;;Tatinac
0;19.9714,43.9756;31213;;Vitosi
0;19.6664,44.2661;14255;;Vlajkovići
0;19.6678,44.2725;14255;;Rakovići
0;19.5644,44.2672;14207;;Đermanovići
0;19.6675,44.3469;14252;;Plavanj
0;19.6717,44.3436;14252;;Jevtići
0;19.6539,44.3878;14253;;Panići
0;19.6619,44.4100;14253;;Mitrovići
0;19.6319,44.3914;14253;;Boduš Mala
0;19.6144,44.3942;14253;;Gornji Mladenovići
0;19.6253,44.3656;14253;;Jovići
0;19.2210,44.5049;15300;;Budimlija
0;19.5275,44.5422;15234;;Orovčani
0;19.5669,44.5428;15234;;Pajkovača
0;19.5231,44.5711;15234;;Ceranska Mala
0;19.5653,44.5745;15234;;Srednja Mala
0;19.5687,44.5679;15234;;Gornja Mala
0;19.6411,44.5225;15233;;Raskršće
0;19.7762,44.5088;15226;;Božica Mala
0;19.7594,44.5862;15225;;Vignjevište
0;19.7892,44.6766;15224;;Kujavica
0;19.6008,44.6094;15233;;Volujac
0;19.6015,44.5829;15233;;Erčića Mala
0;19.6260,44.5900;15233;;Ilića Mala
0;19.6081,44.6231;15233;;Koprčane
0;19.5947,44.6103;15233;;Markovica Mala
0;19.6646,44.7410;15000;;Livade
0;19.7219,44.6239;15225;;Carić Mala
0;19.7783,44.0478;31263;;Ilići
0;19.7847,44.0492;31263;;Jokići
0;19.2124,45.0021;22245;;Morović
0;19.5378,44.3419;14207;;Gornji Bratačić
0;19.6753,44.3589;14252;;Tomići
0;19.7361,46.1161;24413;;Veliki Radanovac
0;19.6805,46.0711;24000;;Aleksandrovo
0;19.7464,43.1978;36315;;Ravni
0;19.7344,43.1822;36315;;Bučje
0;19.6481,43.2033;31305;;Komadine
0;19.6491,43.2334;31305;;Radoviće
0;19.6967,43.2360;31305;;Potkula
0;19.7147,43.2401;31305;;Vrlobaš
0;19.7436,43.2383;31305;;Bječani
0;19.6575,44.3758;14253;;Vujičići
0;19.6489,44.2611;14255;;Dikići
0;19.6272,43.2608;31305;;Mataruge
0;19.5675,43.4994;31325;;Orašje
0;19.5817,43.4914;31325;;Ušljivice
0;19.6036,43.4967;31325;;Parlog
0;19.6114,43.4892;31325;;Dežuje
0;19.6242,43.4914;31325;;Stanići
0;19.6328,43.4881;31325;;Filipovići
0;19.6644,43.4983;31325;;Pešterci
0;19.6700,43.4925;31325;;Ljubojevići
0;19.6747,43.4853;31325;;Bogdanovići
0;19.7325,43.4961;31325;;Mangura
0;19.7394,43.4719;31325;;Mokrič
0;19.7000,43.4622;31325;;Crkvina
0;19.7094,43.4652;31325;;Bistrica
0;19.6411,43.4753;31325;;Čelija
0;19.6431,43.4675;31325;;Ljeljen Do
0;19.6386,43.4644;31325;;Kaludre
0;19.6342,43.4706;31325;;Kolovići
0;19.6197,43.4672;31325;;Prisoje
0;19.5942,43.4606;31300;;Brdo
0;19.5342,43.4622;31306;;Međugorje
0;19.5089,43.4467;31306;;Osoje
0;19.5067,43.4442;31306;;Dub
0;19.5472,43.4589;31300;;Staiština
0;19.6475,43.4578;31325;;Jovac
0;19.6675,43.4514;31325;;Kukanj
0;19.7350,43.4589;31325;;Kulina
0;19.7053,43.4358;31325;;Karaula
0;19.6419,43.4417;31300;;Boškovina
0;19.6294,43.4353;31300;;Brajsalica
0;19.5775,43.4328;31300;;Ledinci
0;19.5383,43.4367;31306;;Kraj
0;19.5178,43.4133;31306;;Grbovići
0;19.5219,43.4117;31306;;Prevalija
0;19.5369,43.4053;31306;;Brašansko Brdo
0;19.5531,43.4211;31306;;Raskrsnica
0;19.6132,43.4141;31300;;Ljeskovac
0;19.5953,43.4056;31300;;Ljeskovac
0;19.7306,43.3872;31300;;Ljubići
0;19.7253,43.3811;31300;;Bavane
0;19.6872,43.4017;31300;;Podvinje
0;19.6411,43.4022;31300;;Purići
0;19.6492,43.3953;31300;;Mala Drenova
0;19.5031,43.3917;31306;;Pleskići
0;19.5153,43.3825;31306;;Spajići
0;19.5736,43.3839;31306;;Prljevac
0;19.6036,43.3756;31300;;Lukovac
0;19.6167,43.3750;31300;;Jelašje
0;19.6586,43.3750;31300;;Puškići
0;19.6767,43.3722;31300;;Mrljaci
0;19.6664,43.3611;31300;;Puzovići
0;19.6561,43.3672;31300;;Babići
0;19.6461,43.3622;31300;;Đerići
0;19.5486,43.3639;31306;;Gornji Zvijezd
0;19.5131,43.3534;31306;;Jabuka
0;19.5192,43.3408;31306;;Gornji Junčevići
0;19.5325,43.3369;31306;;Šanovina
0;19.5406,43.3456;31306;;Donji Junčevići
0;19.6344,43.3447;31300;;Brdo
0;19.7383,43.3392;31307;;Bećirovići
0;19.7531,43.3275;31307;;Divljaci
0;19.6589,43.3181;31300;;Kajevići
0;19.6162,43.3136;31300;;Vinicka
0;19.5478,43.3261;31306;;Smrčevac
0;19.5678,43.3072;31306;;Srednje Njive
0;19.6706,43.3142;31300;;Seoce
0;19.6814,43.3028;31305;;Gnjevine
0;19.6853,43.2917;31305;;Rudine
0;19.6322,43.2858;31305;;Mramor
0;19.5994,43.2817;31306;;Posilovina
0;19.5689,43.2844;31306;;Kamena Gora
0;19.5561,43.2983;31306;;Vrela
0;19.6131,43.2664;31305;;Podkrš
0;19.6367,43.2672;31305;;Rajca
0;19.6572,43.2556;31305;;Orašac
0;19.6728,43.2625;31305;;Bjelaći
0;19.6725,43.2556;31305;;Mahala
0;19.6744,43.2575;31305;;Planići
0;19.6828,43.2508;31305;;Arnaut Polje
0;19.6503,43.2558;31305;;Tomaševići
0;19.5513,43.2658;31306;;Guvništa
0;19.5583,43.4956;31325;;Kreševine
0;19.6222,43.3867;31300;;Krastine
0;19.7853,43.4964;31318;;Cikiljevina
0;19.7892,43.4414;31320;;Gornje Selo
0;19.7486,43.4225;31325;;Grablje
0;19.7542,43.4047;31325;;Zagaj
0;19.7911,43.3914;31307;;Gornje Pravoševo
0;19.7853,43.3892;31307;;Podkonik
0;19.7933,43.3839;31307;;Bakalovina
0;19.7967,43.3569;31307;;Liješća
0;19.7494,43.3422;31307;;Bećirovići
0;19.7772,43.3175;31307;;Gvozd
0;19.6503,43.4911;31325;;Zlatarske Čelice
0;19.5922,43.4972;31325;;Zdravac
0;19.7653,43.4633;31320;;Prisoje
0;19.4401,43.3420;31306;;Mijajlovica
0;19.4756,43.3931;31306;;Gornje Babine
0;19.3889,43.4194;31306;;Busara
0;19.4278,43.3917;31306;;Ivanov Do
0;19.4572,43.3953;31306;;Bare
0;19.4778,43.4508;31306;;Mosurovina
0;19.4822,43.4342;31306;;Ljubojevina
0;19.4892,43.4708;31306;;Bare
0;19.4619,43.4628;31306;;Srbljanovići
0;19.4436,43.4572;31306;;Papići
0;19.3989,43.4292;31306;;Kom
0;19.4153,43.4411;31306;;Vrelo
0;19.3956,43.4269;31306;;Bare
0;19.3797,43.4308;31306;;Zagvožđe
0;19.4186,43.4694;31306;;Donje Selo
0;19.5978,44.5764;15233;;Dukića Mala
25000;22.2570,43.5663;19350;;Knjaževac
8;22.1894,42.5519;17543;;Drcinci
0;22.1776,42.5486;17543;;Palancanje
0;22.1944,42.5557;17543;;Bliznaci
0;22.1999,42.5551;17543;;Onamnji bliznaci
700;22.1749,42.5591;17543;;Kriva Feja
0;19.4200,44.3281;15314;;Pavitnjaci
211;19.8638,45.9998;24207;;Novo Selo
2350;21.7340,42.3868;17522;;Sumulicë
0;20.2538,46.1112;23333;;Rabe
1200;21.7297,42.3885;17522;;Lagja e Poshtme
520;21.7436,42.3900;17522;;Lagja e Ternovcalive
680;21.7434,42.3867;17522;;Lagja e Korbajve
720;21.7404,42.3802;17522;;Lagja e Shimshirve
59;20.8092,43.2860;36354;;Kopaonik
855;22.2063,43.2951;18314;;Dolac naselje
0;19.3934,45.2456;21400;;Rasadnik
0;19.3728,45.2527;21400;;Sinaj
0;19.3863,45.2499;21400;;Centar
4848;19.8445,45.0523;22406;;Irig
12;19.8471,45.1265;22408;;Staro Hopovo
10;19.8584,45.1242;22408;;Novo Hopovo
0;21.9372,43.7710;19370;;Rtanj
0;19.7655,45.2755;21203;;Bangladeš
0;20.3445,43.2764;36314;;Odvraćenica
150;19.8984,45.2107;21209;;Vezirac
0;20.6772,44.2531;34310;;Openlac
0;21.4454,44.0872;35213;;Vojnik
0;22.1076,44.4685;19220;;Stara Oreškovica
0;22.6691,43.0707;18322;;Belo Polje
0;22.5851,43.1564;18300;;Pirot Centralni Trg
