267;14.6264,45.8550;1315;;Rašica
29;14.0461,45.5831;6242;;Mrše
125;14.8256,45.7839;1313;;Žvirče
89;16.1198,46.4671;2259;;Žvab
1053;14.9280,45.8338;8360;;Žužemberk
211;15.6872,45.9592;8258;;Župelevec
96;14.9175,45.9483;8213;;Žubina
629;15.7075,46.5478;2229;;Zrkovci
116;14.7842,45.8911;1301;;Znojile pri Krki
11;13.9231,46.1961;5243;;Znojile
464;14.2833,46.1500;4220;;Zminec
0;15.3000,45.9167;8275;;Zloganje
228;14.6931,45.7653;1316;;Žlebič
40;14.7268,46.1977;1219;;Zlato Polje
768;15.7911,46.4556;2205;;Zlatoličje
147;15.4042,46.3867;3214;;Zlakova
126;14.9500,46.3167;3331;;Žlabor
238;14.1500,46.0500;4226;;Žirovski Vrh
601;14.1400,46.4047;4274;;Žirovnica
20;14.0833,46.0167;4226;;Žirovnica
3588;14.1074,46.0440;4226;;Žiri
604;15.7500,46.5333;2242;;Zimica
277;14.6014,45.7786;1317;;Žimarice
148;15.3006,45.4718;8344;;Zilje
46;14.4603,45.8483;1382;;Sveti Vid
342;15.7811,46.5194;2242;;Žikarce
481;14.3000,46.3167;4294;;Žiganja Vas
284;15.1728,46.0882;1432;;Zidani Most
261;15.8500,46.6167;2234;;Žice
568;15.4797,46.3150;3210;;Žiče
166;14.1761,45.9367;1372;;Žibrše
186;15.5572,46.1939;3253;;Zibika
261;15.8381,46.6019;2232;;Zgornji Žerjavci
97;15.9047,46.4711;2253;;Zgornji Velovlek
372;14.7833,46.2333;1219;;Zgornji Tuhinj
0;15.5167,46.5833;2345;;Zgornji Slemen
129;14.9899,46.4648;2394;;Zgornji Razbor
356;15.8650,46.5863;2232;;Zgornji Porčič
64;14.2117,46.3529;4240;;Zgornji Otok
157;15.9369,46.3303;2285;;Zgornji Leskovec
0;14.6167,46.0500;1260;;Zgornji Kašelj
104;16.1377,46.5112;9240;;Zgornji Kamenščak
332;15.7163,46.6523;2213;;Zgornji Jakobski Dol
252;14.8167,46.1000;1281;;Zgornji Hotič
126;15.7824,46.6361;2223;;Zgornji Gasteraj
140;15.5725,46.2772;3241;;Zgornji Gabernik
1824;15.7208,46.5136;2204;;Zgornji Duplek
9;14.7197,45.5450;1337;;Zgornji Čačič
704;14.4844,46.2390;4207;;Zgornji Brnik
261;15.4667,46.5833;2352;;Zgornji Boč
71;15.6173,46.6615;2201;;Zgornje Vrtiče
135;15.8922,46.5735;2232;;Zgornje Verjane
142;15.5375,46.1706;3223;;Zgornje Tinsko
424;14.6000,46.2500;1242;;Zgornje Stranje
130;15.1333,46.2500;3310;;Zgornje Roje
171;15.5489,46.4328;2315;;Zgornje Prebukovje
112;14.9000,46.3000;3341;;Zgornje Pobrežje
1267;14.4316,46.1425;1215;;Zgornje Pirniče
40;14.6476,46.2133;1241;;Zgornje Palovče
90;14.8014,46.1494;1223;;Zgornje Koseze
568;14.5066,46.3941;4206;;Zgornje Jezersko
385;14.5951,46.1623;1231;;Zgornje Jarše
676;15.6232,46.4918;2311;;Zgornje Hoče
156;15.7268,46.6472;2213;;Zgornje Hlapje
194;15.1100,46.2750;3311;;Zgornje Grušovlje
500;14.0694,46.3796;4247;;Zgornje Gorje
65;15.0329,46.2988;3314;;Zgornje Gorče
482;14.4908,46.1293;1210;;Zgornje Gameljne
517;14.2912,46.3073;4244;;Zgornje Duplje
87;15.6464,46.6540;2212;;Zgornje Dobrenje
4;14.0500,46.2333;4229;;Zgornje Danje
1480;14.3367,46.2200;4209;;Zgornje Bitnje
0;14.6000,46.0667;1260;;Zgornja Zadobrova
614;15.7833,46.5333;2242;;Zgornja Voličina
249;15.1986,46.6164;2360;;Zgornja Vižinga
821;15.7692,46.6753;2213;;Zgornja Velka
167;14.0303,46.2189;4229;;Zgornja Sorica
279;14.3863,46.1545;4211;;Zgornja Senica
118;15.8736,46.5653;2232;;Zgornja Senarska
428;15.4960,46.5590;2352;;Zgornja Selnica
67;15.8553,46.6305;2234;;Zgornja Ročica
73;13.9333,46.4333;4281;;Zgornja Radovna
218;15.8333,46.3500;2286;;Zgornja Pristava
1208;15.6122,46.4256;2314;;Zgornja Polskava
104;15.5667,45.9833;8272;;Zgornja Pohanca
101;14.2167,46.1833;4227;;Zgornja Luša
155;15.6500,46.3333;2321;;Ložnica
168;14.1775,46.3252;4246;;Zgornja Lipnica
535;15.6149,46.6387;2201;;Zgornja Kungota
147;15.5939,46.2631;3241;;Zgornja Kostrivnica
169;15.3775,46.6389;2361;;Zgornja Kapla
78;14.8833,46.6000;2372;;Jamnica
0;14.5667,46.0333;1261;;Zgornja Hrušica
858;15.8384,46.4061;2288;;Zgornja Hajdina
132;14.7703,45.9415;1294;;Zgornja Draga
159;14.2070,46.3126;4246;;Zgornja Dobrava
76;15.5758,46.3369;2318;;Zgornja Brežnica
567;15.5424,46.3992;2310;;Zgornja Bistrica
789;14.2833,46.2667;4201;;Zgornja Besnica
317;14.4000,46.3000;4205;;Zgornja Bela
8;14.5861,45.8317;1314;;Zgonče
392;15.8266,46.2736;2287;;Žetale
263;16.1539,46.4855;2259;;Žerovinci
396;15.8697,46.6942;9253;;Žepovci
371;16.0861,46.7317;9265;;Zenkovci
109;16.1731,46.8414;9203;;Ženavlje
61;15.2791,45.6121;8332;;Zemelj
107;14.3283,45.7986;1381;;Zelše
555;14.8864,45.6586;1330;;Željne
416;14.5714,45.9156;1319;;Želimlje
51;14.9631,45.8808;8211;;Železno
3075;14.1721,46.2248;4228;;Železniki
162;14.9354,46.5798;2391;;Zelen Breg
104;15.6000,45.8667;8251;;Žejno
55;14.2334,45.7364;6258;;Žeje
151;15.1462,46.0603;1433;;Žebnik
135;15.5520,46.0906;3260;;Zdole
287;15.5458,45.9772;8272;;Zdole
234;14.7053,45.8561;1312;;Zdenska Vas
162;15.2431,45.9056;8275;;Zbure
837;14.4167,46.1667;1216;;Zbilje
268;15.9678,46.6468;9250;;Zbigovci
273;15.5333,46.3000;2319;;Zbelovo
70;13.9314,45.5019;6216;;Zazid
169;14.2581,46.0092;1354;;Žažar
364;14.8183,46.0472;1270;;Zavrstnik
47;15.0333,46.1000;1423;;Završje
33;14.3464,45.9028;1353;;Zavrh pri Borovnici
217;14.4667,46.1333;1215;;Zavrh pod Smarno Goro
254;15.2500,46.3500;3204;;Zavrh nad Dobrno
12;14.5022,45.8311;1314;;Zavrh
73;16.0500,46.3905;2283;;Zavrč
129;14.1319,45.9900;1373;;Zavratec
92;15.3376,45.9599;8293;;Zavratec
299;15.0178,46.4258;3326;;Zavodnje
13;15.2333,45.5833;8340;;Zastava
58;16.2314,46.4550;2275;;Zasavci
56;15.5167,45.9000;8263;;Zasap
147;14.2103,45.5736;6250;;Zarečje
125;14.2267,45.5589;6250;;Zarečica
403;14.1913,46.3637;4240;;Zapuže
377;13.9187,45.8805;5270;;Žapuže
28;14.1844,46.1737;4224;;Zapreval
295;14.5731,45.8769;1314;;Zapotok
181;14.6728,45.7608;1316;;Zapotok
266;14.4678,46.1803;1217;;Zapoge
114;14.2309,45.9720;1373;;Zaplana
227;14.6478,45.7583;1317;;Zamostec
99;15.3667,45.8833;8274;;Zameško
72;15.9759,46.4406;2252;;Žamenci
102;15.2167,45.8667;8220;;Žaloviče
440;14.5208,46.2270;1218;;Zalog pri Cerkljah
112;14.3500,46.3333;4204;;Zalog
137;15.1204,45.7940;8501;;Zalog
0;14.1994,45.7669;6230;;Zalog
330;14.7072,45.9400;1294;;Žalna
253;14.1000,46.2000;4224;;Zali Log
4943;15.1648,46.2515;3310;;Žalec
13;14.4586,45.8603;1382;;Zala
178;13.9728,46.1367;5282;;Zakriž
47;13.9328,46.1647;5242;;Zakojca
212;15.8756,46.3225;2286;;Zakl
53;14.1589,45.5619;3000;;Zajelšje
91;15.2417,45.7715;8322;;Zajčji Vrh pri Stopičah
32;14.8931,45.5964;1330;;Zajčje Polje
113;14.8342,45.8614;1303;;Zagradec
88;15.2500,45.9333;8275;;Zagrad
21;15.0611,45.5239;8342;;Zagozdac
56;15.0333,46.0500;1273;;Zagozd
6439;14.9969,46.1318;1410;;Zagorje ob Savi
190;15.4831,46.0839;3261;;Zagorje
351;14.2244,45.6397;6251;;Zagorje
229;14.8917,45.9203;8213;;Zagorica pri Velikem Gabru
101;14.7087,46.1050;1251;;Zagorica pri Dolskem
64;14.9719,45.8664;8211;;Zagorica pri Dobrniču
34;14.9650,45.9581;8212;;Zagorica pri Čatežu
245;14.7319,45.8497;1312;;Zagorica
322;15.9833,46.5167;2255;;Zagorci
194;14.1764,45.7933;6230;;Zagon
353;13.4796,46.3094;5224;;Žaga
0;14.5956,46.0433;1261;;Zadvor
14;14.7283,45.7025;1331;;Zadolje
0;14.0164,45.9531;5280;;Zadlog
181;15.3675,46.0550;8292;;Zabukovje nad Sevnico
84;15.0500,45.9833;8233;;Zabukovje
43;15.1167,45.9167;8231;;Gorenje Zabukovje
1009;15.1595,46.2141;3302;;Zabukovica
507;14.1500,46.4000;4274;;Zabreznica
5;14.0667,46.2333;4229;;Zabrdo
461;15.9167,46.4000;2281;;Zabovci
90;14.8700,45.9647;1296;;Zaboršt pri Šentvidu
332;14.3331,46.1986;4209;;Žabnica
22;14.9562,45.9466;8212;;Žabjek
298;14.3693,45.5075;6254;;Zabiče
36;13.7667,46.2085;5220;;Zadlaz–Žabče
22;13.8422,45.5017;6272;;Zabavlje
1580;15.1635,46.5966;2367;;Vuzenica
0;15.4167,46.6000;2361;;Vurmat
782;15.2375,46.5947;2365;;Vuhred
252;16.1075,46.5994;9242;;Vučja Vas
289;16.2868,46.7019;9222;;Vučja Gomila
503;14.2708,46.0203;1354;;Vrzdenec
57;13.6164,45.8825;5291;;Vrtoče
2591;13.6342,45.9125;5290;;Vrtojba
131;13.6446,46.2246;5222;;Vrsno
118;15.5667,46.6333;2201;;Vršnik
85;15.0002,45.8922;8210;;Vrhtrebnje
24;14.8822,45.9858;1276;;Vrh pri Sobračah
3;14.7000,45.8128;1318;;Vrh pri Poljanah
84;15.1170,45.7761;8351;;Vrh pri Ljubnu
25;14.8992,45.4914;1336;;Vrh pri Fari
227;14.7081,46.1261;1251;;Vrhpolje pri Moravčah
737;14.6333,46.2333;1241;;Vrhpolje pri Kamniku
549;13.9614,45.8644;5271;;Vrhpolje
68;13.9311,45.6300;6240;;Vrhpolje
90;15.0667,45.8833;8216;;Vrhpeč
23;14.9028,45.8536;8360;;Vrhovo pri Žužemberku
250;15.2167,46.0403;1434;;Vrhovo
113;13.5753,46.0244;5211;;Vrhovlje pri Kojskem
92;13.8236,45.7286;6221;;Vrhovlje
106;15.5579,46.5286;2208;;Vrhov Dol
167;15.6195,46.3248;2318;;Vrhole pri Laporju
153;14.5271,45.7080;1360;;Vrhnika pri Ložu
8413;14.2948,45.9635;1354;;Vrhnika
0;14.1667,46.0167;1373;;Vrh nad Rovtami
55;14.7667,46.1833;1223;;Vrh nad Krašnjo
255;15.6333,46.3667;2318;;Vrhloga
227;15.6833,45.9500;8258;;Vrhje
327;15.0333,46.5333;2373;;Vrhe
106;15.1000,45.9833;8232;;Vrh
52;14.0301,45.6571;6217;;Vremski Britof
45;15.1500,45.6500;8333;;Vrčice
295;14.2756,45.5522;6250;;Vrbovo
102;15.0031,45.8664;8211;;Vrbovec
0;14.8392,45.7272;8362;;Vrbovec
241;14.4922,45.9525;1292;;Vrbljene
626;15.1500,46.2500;3310;;Vrbje
203;14.1500,46.3833;4274;;Vrba
63;15.3500,45.8000;8310;;Vratno
90;15.8000,46.7167;2214;;Vratja Vas
107;15.0918,46.6174;2371;;Vrata
808;14.9510,46.2444;3305;;Vransko
109;15.2217,45.5972;8332;;Vranoviči
104;15.3500,46.0333;8292;;Vranje
50;13.9594,45.7764;5272;;Vrabče
56;14.1500,46.3333;4240;;Vošče
381;14.6167,46.2000;1241;;Volčji Potok
90;13.7492,45.8000;6223;;Volčji Grad
16;14.9318,45.8746;8211;;Volčja Jama
743;13.6775,45.9069;5293;;Volčja Draga
588;13.7079,46.1754;5220;;Volče
53;14.1156,45.6961;6257;;Volče
110;14.1833,46.1333;4223;;Volča
177;14.7172,46.0339;1270;;Volavlje
239;13.6716,46.2099;5220;;Volarje
507;14.4231,46.2161;4210;;Voklo
209;13.9067,46.0250;5253;;Vojsko
227;13.6717,45.8286;5296;;Vojščica
2292;15.3036,46.2933;3212;;Vojnik
885;13.7006,45.9061;5293;;Vogrsko
668;14.4386,46.2156;4210;;Voglje
69;13.8075,45.7314;6221;;Voglje
109;13.7353,45.9894;5252;;Voglarji
132;16.2553,46.4315;2277;;Vodranci
42;14.9833,46.0167;1274;;Vodice pri Gabrovki
1589;14.4949,46.1899;1217;;Vodice
65;14.0817,45.8822;5273;;Vodice
2195;14.4219,46.0072;1357;;Vnanje Gorice
118;14.6767,46.0444;1261;;Vnajnarje
0;14.4667,46.1167;1210;;Vižmarje
526;13.7656,45.9392;5261;;Vitovlje
329;15.9394,46.5275;2255;;Vitomarci
859;15.2972,46.3834;3205;;Vitanje
92;16.2377,46.4413;2275;;Vitan
877;14.4181,46.2711;4212;;Visoko
211;14.5831,45.8853;1311;;Visoko
149;13.5403,46.0217;5212;;Višnjevik
178;14.0283,45.8706;5273;;Višnje
92;14.8351,45.8053;1313;;Višnje
233;15.3000,46.3000;3212;;Višnja Vas
1000;14.7453,45.9539;1294;;Višnja Gora
174;14.4908,45.6964;1360;;Viševek
88;14.8644,45.8161;8360;;Visejec
204;15.5621,46.1325;3255;;Virštanj
454;14.8178,45.9525;1295;;Vir pri Stični
673;14.3333,46.1833;4209;;Virmaše
196;13.8622,45.8822;5263;;Vipavski Križ
1771;13.9623,45.8459;5271;;Vipava
362;15.8658,46.4833;2253;;Vintarovci
160;14.8333,46.0167;1275;;Vintarjevec
48;15.2000,45.6333;8333;;Vinji Vrh pri Semiču
477;14.6667,46.1167;1233;;Vinje
94;15.2667,45.9000;8275;;Vinica pri Šmarjeti
241;15.2540,45.4601;8344;;Vinica
317;16.1361,46.8139;9264;;Vidonci
159;15.5667,46.3667;2310;;Videž
0;16.0233,46.5711;9245;;Videm
590;14.6943,45.8498;1312;;Videm
241;15.0000,46.6000;2370;;Vič
0;14.6000,46.0500;1260;;Vevče
132;15.5167,46.0667;3260;;Vetrnik
436;16.1333,46.6667;9000;;Veščica
903;16.1640,46.5833;9241;;Veržej
50;14.8000,46.1000;1281;;Vernek
63;15.1000,45.7167;8323;;Verdun pri Uršnih Selih
1891;14.3058,45.9567;1353;;Verd
250;15.4667,45.9333;8273;;Veniše
0;15.7706,46.6767;2213;;Velka
87;14.0663,45.7800;6225;;Veliko Ubeljsko
95;14.7403,46.0122;1294;;Veliko Trebeljevo
148;15.5122,46.4122;2316;;Veliko Tinje
271;15.1915,46.1024;1432;;Veliko Širje
66;13.9758,45.7678;5272;;Veliko Polje
262;15.4833,45.8833;8312;;Veliko Mraševo
538;14.6817,45.9369;1290;;Veliko Mlačevo
86;14.7983,45.9275;1295;;Veliko Črnelo
106;14.2169,45.5119;6254;;Veliko Brdo
324;14.6039,45.9808;1293;;Veliki Vrh pri Šmarju
115;16.0178,46.3739;2283;;Veliki Vrh
270;15.0398,46.3471;3327;;Veliki Vrh
151;15.2262,45.7923;8322;;Veliki Slatnik
24;15.0644,45.7262;8350;;Veliki Rigelj
28;14.7833,46.2000;1219;;Veliki Rakitovec
262;15.4500,45.9000;8312;;Veliki Podlog
157;14.1991,45.7830;6230;;Veliki Otok
83;14.5978,45.8542;1314;;Veliki Osolnik
95;15.2248,45.7742;8322;;Veliki Orehek
284;15.6667,45.9000;8257;;Veliki Obrež
74;15.1885,45.5117;8343;;Veliki Nerajec
123;14.6022,45.9000;1311;;Veliki Ločnik
102;15.0333,45.8000;8351;;Veliki Lipovec
46;14.6511,45.9989;1293;;Veliki Lipoglav
33;14.7695,45.8421;1301;;Veliki Korinj
0;15.3833,45.9000;8274;;Veliki Koren
227;15.5189,46.0375;8282;;Veliki Kamen
97;15.1116,45.8600;8216;;Veliki Kal
314;14.9071,45.9338;8213;;Veliki Gaber
123;13.7519,45.7703;6223;;Veliki Dol
72;15.1333,45.9833;8232;;Veliki Cirnik
148;15.2298,45.7431;8322;;Veliki Cerovec
148;13.7722,45.5058;6273;;Čentur
80;15.3876,45.8070;8311;;Veliki Ban
330;13.8506,45.8667;5263;;Velike Žablje
47;14.7671,45.9117;1301;;Velike Vrhe
47;15.3857,45.8299;8311;;Velike Vodenice
92;15.2500,45.9167;8275;;Velike Poljane
129;14.6828,45.7961;1316;;Velike Poljane
141;14.6404,45.9057;1311;;Velike Lipljene
122;14.8085,45.8748;1301;;Velike Lese
729;14.6364,45.8337;1315;;Velike Lašče
142;15.3210,46.1391;3271;;Velike Grahovše
502;15.2577,45.8040;8001;;Velike Brusnice
210;14.4806,45.7844;1385;;Velike Bloke
266;15.4597,45.9203;8273;;Velika Vas pri Krškem
60;14.7333,46.1000;1281;;Velika Vas
208;15.9333,46.3000;2285;;Velika Varnica
43;15.2167,45.9000;8220;;Velika Strmica
137;14.6747,45.9792;1290;;Velika Stara Vas
103;14.7500,46.0500;1270;;Velika Štanga
48;14.6164,45.8147;1315;;Velika Slevica
242;14.6894,45.9042;1312;;Velika Račna
57;14.1853,45.6569;6257;;Velika Pristava
870;16.3472,46.5722;9225;;Velika Polana
452;15.1794,46.2856;3310;;Velika Pirešica
305;16.1097,46.4178;2274;;Velika Nedelja
239;14.9678,45.9289;8212;;Velika Loka
293;14.7233,45.9383;1294;;Velika Loka
391;14.2928,45.9925;1354;;Velika Ligojna
120;14.7000,46.2000;1225;;Velika Lašna
202;14.8758,46.0278;1275;;Velika Kostrevnica
68;14.7358,45.8997;1301;;Velika Ilova Gora
25;15.3000,45.9667;8293;;Velika Hubajnica
41;14.9667,46.0333;1274;;Velika Goba
149;15.6667,45.8500;8257;;Velika Dolina
131;14.7806,45.9575;1294;;Velika Dobrava
0;15.2000,45.8000;8501;;Velika Cikava
193;14.2239,45.5458;6250;;Velika Bukovica
43;14.1119,45.7717;6225;;Velika Brda
395;14.4512,46.2689;4212;;Velesovo
360;16.0267,46.7889;9262;;Večeslavci
20;14.0586,45.6178;6217;;Vatovlje
73;14.8692,45.4747;1336;;Vas
100;15.6883,46.3268;2321;;Varoš
34;14.0361,45.6261;6217;;Vareje
107;15.7862,46.5921;2223;;Varda
54;15.9174,46.5701;2236;;Vanetina
429;16.1500,46.7333;9201;;Vaneča
495;16.0981,46.6703;9251;;Vanča Vas
0;13.7303,45.5811;6000;;Valdoltra
540;14.4333,46.1667;1216;;Valburga
103;15.6833,46.6500;2212;;Vajgen
361;14.8392,46.1200;1252;;Vače
34;13.8833,45.7539;6221;;Utovlje
377;13.8951,45.8699;5270;;Ustje
626;15.1255,45.7189;8323;;Uršna Sela
27;14.9333,46.5000;2394;;Uršlja Gora
524;14.2939,45.8156;1381;;Unec
43;14.6178,45.8306;1315;;Ulaka
43;14.4711,45.7953;1385;;Ulaka
59;14.6053,45.9264;1319;;Udje
76;15.1500,45.5833;8340;;Tušev Dol
1509;16.3139,46.6257;9224;;Turnišče
99;16.0692,46.6292;9252;;Turjanci
189;14.6153,45.8789;1311;;Turjak
408;14.4333,46.2833;4212;;Tupaliče
279;14.5679,46.2353;1241;;Tunjice
34;13.7277,45.7738;6223;;Tublje pri Komnu
129;13.9722,45.5950;6242;;Tublje pri Hrpeljah
214;15.1972,45.9589;8295;;Tržišče
3925;14.5617,46.1364;1236;;Trzin
3670;14.3105,46.3636;4290;;Tržič
410;15.8719,46.3656;2284;;Tržec
53;13.8222,45.4903;6273;;Truške
23;13.9553,46.2127;5243;;Trtnik
110;15.9036,46.6244;2234;;Trstenik
375;14.3700,46.3183;4204;;Trstenik
184;15.1822,45.8424;8000;;Trška Gora
140;14.3169,45.5269;6254;;Trpčane
105;15.9037,46.5995;2234;;Trotkova
35;14.7092,45.9983;1294;;Troščine
521;16.1033,46.6536;9000;;Tropovci
107;14.8831,46.1883;1222;;Trojane
311;15.0875,46.5294;2380;;Troblje
367;15.8866,46.5202;2254;;Trnovska Vas
138;13.5515,46.2800;5222;;Trnovo ob Soči
359;13.7433,45.9742;5252;;Trnovo
1234;15.2953,46.2567;3211;;Trnovlje pri Celju
145;15.3900,46.2544;3222;;Trnovec pri Dramljah
76;15.6517,46.3564;2318;;Trnovec pri Slovenski Bistrici
152;14.3500,46.1000;1355;;Trnovec
152;16.0422,46.5022;9243;;Trnovci
564;16.3083,46.5875;9232;;Trnje
281;14.2889,45.7190;6258;;Trnje
328;15.2500,45.5500;8340;;Tribuče
225;16.0961,46.4161;2274;;Trgovišče
123;13.7500,46.3833;5232;;Trenta
64;15.2254,46.1982;3502;;Tremerje
3477;15.0224,45.9042;8210;;Trebnje
12;13.9067,45.8144;6222;;Trebižani
60;13.8589,45.4722;6272;;Trebeše
99;15.1500,45.9167;8231;;Trebelno
251;15.6281,46.0411;3257;;Trebče
60;14.9869,45.9492;8212;;Trebanjski Vrh
92;15.9167,46.3167;2285;;Trdobojci
178;16.1277,46.8533;9263;;Trdkova
15163;15.0518,46.1541;1420;;Trbovlje
235;15.1075,46.6028;2371;;Trbonje
662;14.4167,46.2000;4211;;Trboje
294;14.6199,45.6841;1317;;Travnik
28;14.6722,45.6039;1337;;Trava
287;15.7864,46.6931;2214;;Trate
122;14.4593,46.2651;4207;;Trata pri Velesovem
206;14.3457,46.1773;4209;;Trata
0;14.1333,46.1000;4223;;Trata
18;14.4167,46.0833;1356;;Toško Čelo
1294;15.0216,46.4003;3326;;Topolšica
160;14.3833,46.1000;1215;;Topol pri Medvodah
72;14.4066,45.8082;1382;;Topol pri Begunjah
53;13.8139,45.4656;6273;;Topolovec
64;16.0500,46.7333;9261;;Topolovci
209;14.5565,46.1783;1234;;Topole
339;14.2167,45.5836;6250;;Topolc
59;14.5317,45.7556;1385;;Topol
0;14.9706,45.7547;8361;;Topla Reber
33;14.7667,46.4833;2393;;Topla
299;14.4819,45.9642;1292;;Tomišelj
107;14.1750,45.5611;3000;;Tominje
284;16.0791,46.4835;2258;;Sveti Tomaž
335;13.8531,45.7558;6221;;Tomaj
0;14.9500,46.5667;2390;;Tolsti Vrh pri Ravnah na Koroškem
162;15.2167,46.4333;2382;;Tolsti Vrh pri Mislinji
105;15.4333,46.3167;3210;;Tolsti Vrh
121;15.2913,45.8071;8310;;Tolsti Vrh
68;13.7472,46.1286;5216;;Tolminski Lom
11;13.7791,46.2363;5220;;Tolminske Ravne
3534;13.7332,46.1830;5220;;Tolmin
10;14.1667,46.0833;4223;;Todraž
24327;15.1128,46.3572;3503;;Velenje
35;14.7719,45.8217;1313;;Tisovec
412;16.0936,46.6542;9252;;Tišina
0;14.7333,46.2667;1219;;Tirosek
167;14.9000,46.1000;1282;;Tirna
277;15.5000,46.4000;2316;;Tinjska Gora
178;13.8350,45.5622;6271;;Tinjan
95;15.0106,45.9922;1274;;Tihaboj
96;14.9500,46.2500;3305;;Tešova
371;16.2469,46.6825;9226;;Tešanovci
122;16.0198,46.5464;9243;;Terbegovci
521;15.4761,46.3478;3210;;Tepanje
397;14.3506,46.2981;4203;;Tenetiše
153;13.6775,45.8467;5296;;Temnica
41;13.8536,46.1711;5242;;Temljine
177;14.8886,45.9719;1276;;Temenica
77;15.2611,45.9574;8295;;Telče
220;15.6100,46.2398;3250;;Tekačevo
287;15.3022,46.2303;3221;;Teharje
47;14.0878,45.5986;3000;;Tatre
64;14.3667,46.2833;4203;;Tatinec
207;15.1500,45.5333;8343;;Tanča Gora
0;14.4656,46.1206;1210;;Tacen
406;15.0167,46.2346;3304;;Tabor
3;13.9581,45.7689;5272;;Tabor
104;13.5663,46.2395;5222;;Svino
163;15.0972,46.0656;1414;;Svibno
204;13.7303,45.8272;6223;;Sveto
0;15.0167,45.5667;8342;;Svetli Potok
343;15.1695,46.5497;2367;;Sveti Primož na Pohorju
122;15.3033,46.1875;3220;;Svetina
118;14.2000,46.1833;4224;;Sveti Lenart
148;15.2237,46.2932;3201;;Šentjungert
0;14.5833,46.0833;1262;;Sveti Jakob ob Savi
383;15.0108,46.3773;3320;;Skorno pri Šoštanju
0;16.0333,46.5500;9243;;Sveti Duh
0;15.0333,46.4667;2381;;Sveti Duh
1066;14.3333,46.1833;4209;;Sveti Duh
482;15.0833,46.5833;2371;;Sveti Danijel
94;15.0564,46.6033;2370;;Sveti Boštjan
1736;13.8319,45.5258;6273;;Sveti Anton
139;14.3221,46.1197;4220;;Sv. Barbara
155;15.8442,46.6492;2234;;Sv. Ana v Slov. Goricah
166;15.5886,46.6689;2201;;Svečina
53;15.7180,46.3220;2322;;Spodnja Sveča
129;13.5515,46.2418;5222;;Sužid
118;14.6861,45.7572;1316;;Sušje
92;14.3297,45.4906;6254;;Sušak
175;16.1967,46.8300;9203;;Šulinci
434;14.4167,46.0667;1356;;Šujica
61;14.1052,45.6380;6217;;Suhorje
274;15.2500,46.6167;2360;;Šent Janž pri Radljah
87;14.9000,46.5833;2391;;Suhi Vrh
0;14.9658,45.5853;8331;;Suhi Potok
237;14.3991,46.2732;4212;;Suha pri Predosljah
770;14.5500,46.1833;1218;;Suhadole
117;13.8975,46.2939;4267;;Studor v Bohinju
298;14.1772,45.8231;6230;;Studeno
145;15.6136,46.3028;2319;;Studenice
0;14.5833,46.0667;1260;;Studenec
172;15.3500,45.9667;8293;;Studenec
73;14.1486,45.7664;6225;;Studenec
99;14.1563,46.3763;4248;;Studenčice
150;14.3712,46.1253;1215;;Studenčice
33;14.2014,45.5194;6244;;Studena Gora
45;13.9177,46.2183;5243;;Stržišče
576;13.6056,45.5250;6320;;Strunjan
164;16.0703,46.7167;9265;;Strukovci
22;14.4715,45.8301;1385;;Štrukljeva Vas
111;14.9164,46.5986;2372;;Strojna
492;16.2239,46.5125;9240;;Stročja Vas
66;14.2711,46.2283;4201;;Strmica
83;14.1994,45.8317;6232;;Strmca
77;15.9217,46.3386;2285;;Strmec pri Leskovcu
16;13.6098,46.4165;5231;;Strmec na Predelu
128;14.7667,46.4000;3334;;Strmec
29;14.0363,45.9082;5273;;Strmec
81;15.3333,45.9167;8276;;Štrit
236;15.6667,46.6667;2212;;Štrihovec
122;15.2153,45.6725;8333;;Štrekljevec
235;16.3256,46.6594;9220;;Strehovci
193;15.6833,46.4000;2331;;Stražgonjca
97;15.8363,46.5112;2253;;Straže
167;15.4122,45.9216;8274;;Straža pri Raki
103;15.4166,46.0528;8292;;Stranje
192;15.3653,46.3636;3206;;Stranice
59;14.0875,45.7858;6225;;Strane
156;14.4894,45.9442;1292;;Strahomer
765;14.3167,46.2833;4202;;Strahinj
0;14.5167,46.0833;1000;;Stožice
325;13.9292,45.7386;6210;;Štorje
2257;15.3139,46.2208;3220;;Štore
194;14.9833,46.2667;2362;;Stopnik
83;13.8975,46.0878;5282;;Stopnik
213;15.7167,46.2900;2289;;Stoperce
43;14.6028,45.8386;1314;;Stope
36;15.2631,46.1357;3270;;Stopce
285;13.8503,45.9058;5263;;Stomaž
869;15.9828,46.3811;2281;;Stojnci
143;15.8414,46.6974;2214;;Stogovci
59;13.9075,45.7956;5272;;Štjak
100;14.5107,46.2786;4207;;Stiška Vas
799;14.8103,45.9606;1295;;Stična
49;14.9224,45.9152;8213;;Stehanja Vas
92;14.4844,46.2881;4207;;Štefanja Gora
80;15.9830,46.6056;9245;;Stavešinci
803;15.7672,46.4658;2205;;Starše
225;15.7297,46.4236;2326;;Starošince
142;13.5316,46.2468;5222;;Staro Selo
4;14.9958,45.6008;1330;;Staro Brezje
89;14.6314,45.8848;1311;;Škocjan
864;14.4710,45.7148;1386;;Stari Trg pri Ložu
97;15.0772,45.4936;8342;;Stari Trg ob Kolpi
629;15.0667,46.5000;2380;;Stari Trg
70;14.9192,45.7233;8362;;Stari Log
15;14.6342,45.6164;1337;;Stari Kot
5;14.9167,45.6847;1332;;Stari Breg
730;14.2811,45.9742;1354;;Stara Vrhnika
229;15.7000,45.9667;8258;;Stara Vas–Bizeljsko
108;14.2122,45.7606;6230;;Stara Vas
51;14.1331,45.6517;6257;;Stara Sušica
234;14.0833,46.1000;4225;;Stara Oselica
348;16.1228,46.5842;9242;;Stara Nova Vas
830;14.3004,46.1731;4220;;Stara Loka
165;13.6753,45.9350;5290;;Stara Gora
309;14.8398,45.6722;1332;;Stara Cerkev
226;15.5667,46.3167;2319;;Stanovsko
11;15.5631,45.8704;8261;;Stankovo
182;16.1872,46.8100;9203;;Stanjevci
349;13.8436,45.8233;6222;;Štanjel
716;14.4333,46.1167;1215;;Stanežiče
183;14.8722,45.5703;8331;;Štalcerji
232;15.9041,46.6131;2234;;Štajngrova
126;14.5158,45.9561;1292;;Staje
178;14.6172,46.2768;1242;;Stahovica
185;13.4988,46.2917;5224;;Srpenica
139;15.6000,45.9833;8256;;Sromlje
32;13.8364,46.4928;4282;;Srednji Vrh
57;15.0500,45.8500;8216;;Srednji Globodol
77;15.7950,46.6242;2223;;Srednji Gasteraj
16;15.4359,45.9881;8283;;Srednje Pijavško
32;15.1833,45.9333;8295;;Srednje Laknice
674;14.5957,46.1566;1231;;Srednje Jarše
90;15.2000,45.8500;8000;;Srednje Grčevje
579;14.3333,46.2167;4209;;Srednje Bitnje
505;13.9239,46.2950;4267;;Srednja Vas v Bohinju
237;14.6833,46.2333;1241;;Srednja Vas pri Kamniku
44;14.6631,45.6167;1337;;Srednja Vas pri Dragi
82;14.3544,46.3201;4204;;Srednja Vas–Goriče
28;14.2333,46.3667;4275;;Srednja Vas
67;15.1086,45.6642;8333;;Srednja Vas
170;13.9833,46.0167;5281;;Srednja Kanomlja
134;14.2213,46.3055;4245;;Srednja Dobrava
471;16.2789,46.5542;9232;;Srednja Bistrica
305;14.3976,46.2934;4203;;Srednja Bela
984;16.2681,46.3942;2277;;Središče ob Dravi
51;16.3150,46.7682;9207;;Središče
0;15.0925,45.6044;8340;;Sredgora
126;15.7094,46.6724;2215;;Srebotje
182;16.0300,46.6531;9252;;Šratovci
893;15.9150,46.4125;2250;;Spuhlja
347;15.8549,46.6024;2232;;Spodnji Žerjavci
49;14.1000,46.0167;4226;;Spodnji Vrsnik
212;15.9167,46.4667;2252;;Spodnji Velovlek
641;15.5331,46.5667;2345;;Spodnji Slemen
217;15.0392,46.4489;2381;;Spodnji Razbor
236;15.8505,46.5856;2232;;Spodnji Porčič
111;14.2138,46.3454;4243;;Spodnji Otok
235;14.8922,46.0844;1282;;Spodnji Log
17;15.0167,45.5333;8342;;Spodnji Log
112;15.9417,46.3353;2285;;Spodnji Leskovec
0;14.6167,46.0500;1260;;Spodnji Kašelj
408;16.1777,46.5106;9240;;Spodnji Kamenščak
365;15.7456,46.6151;2223;;Spodnji Jakobski Dol
147;15.9814,46.5956;9245;;Spodnji Ivanjci
253;14.8333,46.1000;1252;;Spodnji Hotič
301;15.8028,46.6133;2223;;Spodnji Gasteraj
122;15.5667,46.2667;3241;;Spodnji Gabernik
1689;15.7452,46.5036;2241;;Spodnji Duplek
190;15.2503,46.4050;3205;;Spodnji Dolič
1;14.7135,45.5446;1337;;Spodnji Čačič
430;14.4864,46.2297;4207;;Spodnji Brnik
190;15.5000,46.5833;2345;;Spodnji Boč
306;15.4064,46.3449;3210;;Spodnje Preloge
175;15.6250,46.6532;2201;;Spodnje Vrtiče
118;15.2137,45.9626;8295;;Spodnje Vodale
26;15.9000,46.5500;2254;;Spodnje Verjane
62;15.5500,46.1667;3223;;Spodnje Tinsko
265;14.5997,46.2480;1242;;Spodnje Stranje
34;15.1369,46.2441;3302;;Spodnje Roje
147;15.5667,46.4167;2310;;Spodnje Prebukovje
75;14.9142,46.3045;3332;;Spodnje Pobrežje
796;14.4386,46.1347;1215;;Spodnje Pirniče
80;14.6667,46.2167;1241;;Spodnje Palovče
98;14.6833,46.1500;1225;;Spodnje Koseze
96;14.4667,46.3833;4206;;Spodnje Jezersko
33;15.0036,46.0405;1273;;Spodnje Jelenje
621;14.6000,46.1500;1231;;Spodnje Jarše
2555;15.6489,46.4996;2311;;Spodnje Hoče
106;15.7388,46.6464;2213;;Spodnje Hlapje
119;15.1200,46.2695;3311;;Spodnje Grušovlje
998;14.0354,46.4136;4270;;Spodnje Gorje
76;15.0375,46.2783;3314;;Spodnje Gorče
581;14.5000,46.1167;1210;;Spodnje Gameljne
512;14.3000,46.3000;4202;;Spodnje Duplje
435;15.6574,46.6239;2211;;Spodnje Dobrenje
54;14.0500,46.2333;4229;;Spodnje Danje
280;14.3245,46.2110;4209;;Spodnje Bitnje
0;14.6000,46.0667;1260;;Spodnja Zadobrova
679;15.8150,46.5444;2230;;Spodnja Voličina
319;15.2500,46.6000;2365;;Spodnja Vižinga
453;15.7667,46.6500;2213;;Spodnja Velka
93;14.0333,46.2167;4229;;Spodnja Sorica
544;14.6575,45.9244;1290;;Spodnja Slivnica
378;14.4000,46.1500;1216;;Spodnja Senica
125;15.8833,46.5500;2254;;Spodnja Senarska
135;15.5119,46.5521;2345;;Spodnja Selnica
936;15.6389,46.4106;2331;;Spodnja Polskava
119;15.5657,45.9478;8253;;Spodnja Pohanca
215;15.6000,46.3833;2310;;Spodnja Nova Vas
147;14.2316,46.1823;4227;;Spodnja Luša
0;15.6492,46.3406;2321;;Spodnja Ložnica
175;14.1667,46.3167;4246;;Spodnja Lipnica
111;15.5878,46.2506;3241;;Spodnja Kostrivnica
365;15.3938,46.6298;2361;;Spodnja Kapla
1501;14.0272,46.0319;5281;;Spodnja Idrija
0;14.5667,46.0333;1261;;Spodnja Hrušica
257;15.8469,46.4089;2288;;Spodnja Hajdina
113;14.7781,45.9317;1295;;Spodnja Draga
47;14.2333,46.3000;4244;;Spodnja Dobrava
238;15.5693,46.3264;2319;;Spodnja Brežnica
905;14.3057,46.2575;4202;;Spodnja Besnica
99;14.3823,46.2918;4203;;Spodnja Bela
185;14.8444,46.2175;1221;;Špitalič
113;15.5500,46.6667;2201;;Špičnik
13;14.1167,46.0167;4226;;Sovra
166;14.0436,46.0864;4225;;Sovodenj
299;15.9991,46.5546;2236;;Sovjak
0;14.6167,46.0500;1260;;Sostro
2880;15.0486,46.3800;3325;;Šoštanj
446;14.3635,46.1400;4211;;Sora
90;14.2500,46.1500;4220;;Sopotnica
0;15.5500,46.1500;3223;;Sopote
214;14.6937,46.4196;3335;;Solčava
832;14.6357,45.7613;1317;;Sodražica
67;15.5916,46.1758;3254;;Sodna Vas
227;16.0508,46.6744;9251;;Sodišinci
286;16.0886,46.4322;2273;;Sodinci
388;15.2761,46.3428;3213;;Socka
66;13.8947,45.4644;6272;;Sočerga
153;13.6885,46.3324;5232;;Soča
60;14.8767,45.9906;1276;;Sobrače
105;14.3992,45.9075;1353;;Zabočevo
163;15.9675,46.4042;2281;;Sobetinci
239;15.5667,46.6000;2354;;Šober
59;14.9289,45.7608;8362;;Smuka
732;14.5919,45.9375;1319;;Smrjene
119;14.1869,45.5945;6255;;Smrje
87;15.5000,46.4500;2315;;Smrečno
258;14.1950,46.0136;1373;;Smrečje
334;15.4542,46.5225;2343;;Smolnik
487;15.2000,45.8167;8001;;Smolenja Vas
38;13.9008,45.4903;6272;;Smokvica
22;15.1814,46.1825;3270;;Šmohor
500;14.4325,46.1642;1216;;Smlednik
143;15.1333,46.4500;2381;;Šmiklavž
0;14.7667,46.2833;3342;;Šmiklavž
116;14.8847,45.8503;8360;;Šmihel pri Žužemberku
0;15.1500,45.8000;8501;;Šmihel pri Novem mestu
190;14.1206,45.7964;6225;;Smihel pod Nanosom
158;14.9500,46.3833;3330;;Šmihel nad Mozirjem
79;15.3761,45.9096;8274;;Smednik
30;15.3833,45.9667;8283;;Smečice
218;14.7333,46.2167;1219;;Šmartno v Tuhinju
279;15.2431,46.2945;3201;;Šmartno v Rožni Dolini
1250;15.1067,46.4894;2383;;Šmartno pri Slovenj Gradcu
1444;14.8448,46.0440;1275;;Šmartno pri Litiji
0;14.4833,46.1333;1215;;Šmartno pod Šmarno Goro
0;14.5500,46.0833;1260;;Šmartno ob Savi
642;15.0333,46.3333;3327;;Šmartno ob Paki
274;14.8903,46.2839;3341;;Šmartno ob Dreti
173;15.5394,46.4442;2315;;Šmartno na Pohorju
151;14.5167,46.2500;4207;;Šmartno
199;13.5505,46.0042;5212;;Šmartno
0;15.2000,46.1333;3272;;Šmarjeta pri Celju
326;15.2500,45.8833;8222;;Šmarjeta
288;13.8689,45.7281;6210;;Šmarje pri Sežani
1755;15.5192,46.2272;3240;;Šmarje pri Jelšah
0;15.3167,46.0167;8290;;Šmarje
1492;14.6118,45.9762;1293;;Šmarje–Sap
186;13.8533,45.8492;6222;;Šmarje
118;15.3428,45.8278;8310;;Šmarje
784;13.7178,45.5014;6274;;Šmarje
1441;14.5967,46.1933;1235;;Šmarca
4869;15.4233,46.3374;3210;;Slovenske Konjice
251;14.8261,45.6683;1332;;Slovenska Vas
7454;15.5735,46.3931;2310;;Slovenska Bistrica
7249;15.0838,46.5109;2380;;Slovenj Gradec
546;15.8000,46.4500;2205;;Slovenja Vas
74;13.9856,45.6153;6242;;Slope
95;15.9891,46.4521;2257;;Slomi
173;15.5640,46.4894;2208;;Slivniško Pohorje
631;15.6558,46.4764;2312;;Slivnica pri Mariboru
109;15.4300,46.1756;3263;;Slivnica pri Celju
134;14.8167,46.1167;1252;;Slivna
117;14.0508,45.5681;6243;;Slivje
119;15.1167,45.9500;8230;;Slepšek
65;14.1039,45.7581;6225;;Slavinje
221;14.1797,45.7114;6258;;Slavina
79;14.2227,46.3674;4275;;Slatna
108;15.4609,46.2819;3232;;Slatina pri Ponikvi
242;13.8047,46.1233;5283;;Slap ob Idrijci
419;13.9342,45.8408;5271;;Slap
794;15.7372,46.6889;2213;;Sladki Vrh
83;15.5339,46.2650;3241;;Sladka Gora
47;15.1500,45.7833;8501;;Škrjanče pri Novem Mestu
426;14.5411,45.9156;1319;;Škrilje
307;13.8494,45.8953;5263;;Skrilje
0;14.9053,45.5386;8331;;Škrilj
142;13.7339,45.8419;6223;;Škrbina
207;15.0000,46.3667;3320;;Skorno
364;15.8333,46.4167;2288;;Skorba
230;13.8228,45.7728;6221;;Skopo
185;15.3420,46.4125;3214;;Skomarje
967;15.6943,46.4858;2204;;Skoke
2209;14.5748,45.9841;1291;;Škofljica
121;14.0232,45.6557;6217;;Škoflje
485;15.2912,46.2679;3211;;Škofja Vas
126;15.0423,46.1168;1423;;Škofja Riža
11619;14.3063,46.1655;4220;;Škofja Loka
917;13.7994,45.5664;6280;;Zgornje Škofije
121;15.5333,46.2000;3240;;Škofija
246;15.2913,45.9069;8275;;Škocjan
6;13.9937,45.6649;6215;;Škocjan
546;13.7636,45.5336;6276;;Škocjan
306;14.4858,46.1556;1211;;Skaručna
883;15.1047,46.3756;3503;;Škale
207;16.0511,46.7078;9261;;Skakovci
32;14.0075,45.5481;6242;;Skadanščina
5;14.4786,45.8112;1385;;Sveta Trojica
27;14.8753,46.1055;1282;;Široka Set
111;14.5333,46.1667;1211;;Šinkov Turn
75;15.1703,45.4536;8344;;Sinji Vrh
542;14.3183,45.9756;1354;;Sinja Gorica
323;15.7031,46.4050;2326;;Šikole
6037;13.8733,45.7092;6210;;Sežana
41;14.9258,45.9753;1276;;Sevno
4660;15.3165,46.0079;8290;;Sevnica
64;15.0293,45.9450;8233;;Ševnica
0;14.3333,46.0833;1355;;Setnica
319;15.6833,46.3500;2321;;Sestrže
532;16.0303,46.8190;9262;;Serdica
144;15.4333,45.9333;8273;;Senuše
101;13.8669,46.1216;5242;;Šentviška Gora
40;14.9667,46.4500;3326;;Šentvid pri Zavodnju
1002;14.8434,45.9500;1296;;Šentvid pri Stični
0;15.4833,46.2333;3232;;Šentvid pri Planini
166;14.5464,46.2589;1242;;Šenturška Gora
152;15.0667,46.2500;3303;;Šentrupert
329;15.0930,45.9780;8232;;Šentrupert na Dolenjskem
85;14.6167,46.0167;1261;;Šentpavel
48;14.8546,46.1848;1222;;Šentožbolt
90;14.9333,46.1167;1412;;Šentlambert
4940;15.3975,46.2172;3230;;Šentjur
98;15.1150,45.8758;8216;;Šentjurij na Dolenjskem
378;14.2333,46.0333;1354;;Šentjošt nad Horjulom
1434;15.3341,45.8421;8310;;Šentjernej
543;15.0389,46.5611;2373;;Šentjanž pri Dravogradu
247;15.1420,46.5634;2367;;Šentjanž nad Dravčami
237;14.8969,46.3164;3332;;Šentjanž
394;15.1672,46.0114;8297;;Šentjanž
293;15.1878,46.4517;2382;;Sentilj pod Turjakom
8452;15.6481,46.6817;2212;;Šentilj v Slov. Goricah
77;14.9060,46.1895;1222;;Šentgotard
192;14.8833,46.5667;2391;;Šentanel
759;14.7331,46.0914;1281;;Senožeti
610;14.0411,45.7211;6224;;Senožeče
2343;15.4769,46.0236;8281;;Senovo
90;16.0917,46.4569;2258;;Senik
24;13.5289,46.0592;5210;;Senik
3152;14.4203,46.2471;4208;;Šenčur
72;13.9867,45.7203;6215;;Senadole
2021;15.1219,46.2564;3311;;Šempeter v Savinjski Dolini
3694;13.6412,45.9293;5290;;Šempeter pri Gorici
1146;13.7436,45.9303;5261;;Šempas
229;14.9358,46.1447;1411;;Šemnik
2000;15.1814,45.6465;8333;;Semič
229;14.2923,45.5966;6253;;Šembije
109;14.2000,46.2500;4227;;Lajše
124;14.3956,45.8325;1382;;Selšček
265;16.2886,46.7279;9208;;Selo
298;14.1000,46.0667;4226;;Selo
441;13.7883,45.8900;5262;;Selo
1078;15.7000,46.6833;2215;;Selnica ob Muri
104;16.0833,46.5667;9244;;Selišči
257;15.0167,46.5000;2394;;Sele
359;15.8333,46.5167;2253;;Selce
243;14.1894,45.7028;6257;;Selce
666;14.2056,46.2244;4227;;Selca
49;14.7738,45.9772;1294;;Sela pri Višnji Gori
126;14.8917,45.8967;8213;;Sela pri Šumberku
160;14.6220,45.9589;1293;;Sela pri Šmarju
0;14.5856,46.0014;1291;;Sela
133;14.6868,46.2365;1241;;Sela pri Kamniku
45;15.2266,45.7102;8321;;Sela pri Jugorju
52;14.8894,45.7967;8362;;Sela pri Hinjah
575;15.6333,45.9167;8257;;Sela pri Dobovi
157;13.6164,45.8214;5296;;Sela na Krasu
194;15.8294,46.3816;2288;;Sela
54;13.9264,45.7728;5272;;Sela
62;16.0667,46.4486;2273;;Sejanci
305;15.9239,46.6931;9253;;Segovci
81;13.4408,46.2547;5223;;Sedlo
773;13.6233,45.4767;6330;;Sečovlje
6;14.8539,45.7547;8362;;Seč
311;13.9194,46.0989;5282;;Šebrelje
423;14.3000,46.3333;4294;;Sebenje
473;16.1992,46.7103;9221;;Sebeborci
0;14.5000,46.1000;1210;;Savlje
106;15.7000,46.3500;2322;;Savinsko
206;14.8167,46.3500;3333;;Savina
68;13.9258,46.2730;4264;;Savica
233;16.0481,46.4753;2258;;Savci
260;14.8904,46.0898;1282;;Sava
299;16.1189,46.6296;9000;;Satahovci
58;14.5564,45.9381;1319;;Sarsko
11;14.9097,45.4958;1336;;Sapnik
0;14.6211,45.9733;1293;;Sap
89;13.9869,45.8739;5274;;Sanabor
426;16.2978,46.8241;9204;;Šalovci
191;16.2258,46.4250;2275;;Šalovci
758;14.8825,45.6533;1330;;Šalka Vas
187;16.1753,46.5483;9240;;Šalinci
307;16.1144,46.7322;9265;;Šalamenci
209;15.9843,46.5015;2256;;Sakušak
40;14.1125,45.7433;6225;;Sajevče
0;14.8047,45.5622;1338;;Sadni Hrib
75;14.1856,45.5336;6244;;Sabonje
43;13.8947,46.2086;5243;;Rut
0;13.6761,46.1400;5215;;Rut
4503;15.5179,46.5401;2342;;Ruše
411;15.7333,46.5667;2231;;Ruperče
5;14.5464,45.8281;1314;;Rupe
177;16.1300,46.4636;2259;;Runeč
70;14.5439,45.7711;1385;;Runarsko
252;15.0709,45.7689;8351;;Rumanja Vas
240;14.1667,46.2500;4228;;Rudno
206;16.0422,46.4931;2258;;Rucmanci
146;15.1667,45.6167;8333;;Ručetna Vas
46;14.6520,45.8989;1311;;Rožnik
57;15.1447,45.6808;8333;;Rožni Dol
59;13.9911,45.5892;6242;;Rožice
181;15.8183,46.6741;2213;;Rožengrunt
53;14.9378,45.8989;8212;;Roženpelj
53;14.1833,46.1833;4224;;Rovte v Selški Dolini
915;14.1775,45.9853;1373;;Rovte
187;14.9830,46.1602;1411;;Rove
466;14.6333,46.1833;1235;;Rova
0;15.6000,46.6000;2351;;Rošpoh
426;15.7464,46.4786;2205;;Rošnja
386;15.3404,45.6524;8330;;Rosalnice
210;16.0389,46.7615;9262;;Ropoča
108;15.8167,46.5000;2242;;Rogoznica
1390;15.6833,46.5000;2204;;Rogoza
129;15.5667,46.1833;3253;;Roginska Gorca
2;14.8986,45.5642;8331;;Rogati Hrib
26;14.5689,45.8989;1311;;Rogatec nad Želimljami
1558;15.6986,46.2277;3252;;Rogatec
254;16.0361,46.7978;9262;;Rogašovci
5111;15.6391,46.2373;3250;;Rogaška Slatina
44;15.8333,46.3333;2286;;Rodni Vrh
82;15.0500,45.9167;8210;;Rodine pri Trebnjem
338;14.1833,46.3833;4275;;Rodine
97;15.1500,45.6000;8340;;Rodine
311;13.9806,45.6256;6240;;Rodik
324;13.6700,46.1128;5215;;Ročinj
245;15.7456,46.6400;2213;;Ročica
18;14.0667,46.1500;4224;;Robidnica
11;13.4172,46.2191;5223;;Robidišče
84;14.5722,45.8486;1314;;Rob
37;14.1000,45.5897;3000;;Rjavče
0;13.7689,45.5478;6000;;Lazaret
778;15.1919,46.1226;3272;;Rimske Toplice
94;15.1000,45.9000;8231;;Rihpovec
161;15.4049,46.2002;3230;;Rifnik
611;14.1100,46.3274;4263;;Ribno
404;15.2728,46.5350;2364;;Ribnica na Pohorju
3604;14.7275,45.7386;1310;;Ribnica
14;14.1653,45.6322;6255;;Ribnica
21;14.7308,45.5353;1337;;Ribjek
0;14.0500,46.2667;4229;;Ribčev Laz
194;14.7667,46.1000;1281;;Ribče
436;14.5833,45.7056;1360;;Retje
242;15.4793,46.0335;8281;;Reštanj
117;15.3667,46.4333;3214;;Resnik
344;14.4833,46.1667;1217;;Repnje
70;14.6308,45.9858;1293;;Repče
622;16.3028,46.6367;9224;;Renkovci
43;14.9667,46.1000;1272;;Renke
1937;13.6686,45.8900;5292;;Renče
226;15.3000,46.6167;2363;;Remšnik
79;13.9264,46.1217;5282;;Reka
516;14.9167,46.3167;3332;;Rečica ob Savinji
635;15.2153,46.1642;3270;;Spodnja Rečica
182;15.3500,46.5333;2344;;Recenjak
103;14.9311,45.8503;8360;;Reber
42;14.8617,45.9175;1296;;Rdeči Kal
0;15.3667,46.5667;2361;;Rdeči Breg
1357;15.6361,46.5144;2311;;Razvanje
15;15.3500,46.3000;3212;;Razgorce
145;15.3458,46.2704;3202;;Razgor
190;14.0583,45.7564;6225;;Razdrto
111;15.1833,46.4833;2382;;Razborca
150;15.2637,46.0589;1434;;Razbor
58;15.4060,46.1282;3224;;Ravno
63;15.4052,45.9417;8274;;Ravni
40;14.5144,45.8067;1385;;Ravnik
25;14.7556,45.8908;1301;;Ravni Dol
242;13.6983,45.9817;5251;;Ravnica
43;13.9647,46.2572;4264;;Ravne v Bohinju
61;14.7333,46.2500;1219;;Ravne pri Šmartnem
165;13.9553,46.1236;5282;;Ravne pri Cerknem
6979;14.9705,46.5431;2390;;Ravne na Koroškem
37;15.0667,46.0167;1273;;Ravne nad Šentrupertom
72;14.5425,45.7539;1385;;Ravne na Blokah
1092;15.0609,46.4141;3326;;Ravne
17;15.0056,45.9614;8233;;Ravne
136;13.8082,45.9438;5262;;Ravne
35;14.4933,45.8414;1314;;Ravne
33;14.8656,45.7817;8362;;Ratje
33;14.2030,45.6185;6251;;Ratečevo Brdo
644;13.7144,46.4682;4280;;Rateče
161;14.5167,46.1333;1236;;Rašica
69;14.7894,45.7628;1313;;Rapljevo
251;16.0881,46.6761;9251;;Rankovci
20;14.1303,45.7408;6225;;Rakulik
120;15.0916,45.9609;8232;;Rakovnik pri Šentrupertu
326;14.3833,46.1333;1215;;Rakovnik
61;15.4833,46.2000;3264;;Rakovec
127;13.9708,45.4692;6216;;Rakitovec
161;14.1942,45.7469;6258;;Rakitnik
258;14.7531,45.6992;1331;;Rakitnica
672;14.4442,45.8883;1353;;Rakitna
1560;16.2042,46.6517;9501;;Rakičan
2152;14.3111,45.8133;1381;;Rakek
311;15.3842,45.9297;8274;;Raka
89;15.6333,46.2167;3250;;Rajnkovec
49;14.9486,45.5669;8331;;Rajndol
2;14.9967,45.6344;1330;;Rajhenav
81;15.6737,45.8519;8257;;Rajec
289;14.6761,46.1744;1225;;Rafolče
132;15.9500,46.6167;9245;;Radvenci
225;15.0667,46.4833;2381;;Raduše
243;14.7500,46.3667;3334;;Raduha
15;13.9818,46.4212;4276;;Radovna
5940;14.1755,46.3435;4240;;Radovljica
280;15.3500,45.6833;8330;;Radovica
217;16.0978,46.7836;9264;;Radovci
297;16.1033,46.5283;9244;;Radoslavci
1674;14.6122,46.1736;1235;;Radomlje
187;16.1850,46.5042;9240;;Radomerje
180;14.8625,45.9442;1296;;Radohova Vas
244;16.3836,46.6147;9224;;Radmožanci
475;14.8511,46.3300;3333;;Radmirje
2811;15.2247,46.6153;2360;;Radlje ob Dravi
40;14.4567,45.7852;1384;;Radlek
2201;16.0378,46.6420;9252;;Radenci
201;15.8500,46.5667;2230;;Radehova
286;14.9333,46.3500;3330;;Radegunda
2168;15.1821,46.0655;1433;;Radeče
91;15.0072,45.9260;8210;;Račje Selo
172;14.1642,45.5150;6244;;Račice
2693;15.6809,46.4522;2327;;Rače
18;14.8696,45.9997;1276;;Pusti Javor
248;16.1800,46.4003;2270;;Pušenci
73;15.4167,46.5500;2344;;Puščava
147;14.3317,46.1522;4220;;Pungert
228;14.4781,45.6975;1386;;Pudob
633;16.1573,46.7047;9201;;Puconci
249;13.7208,45.4750;6274;;Puče
381;15.7600,46.3550;2323;;Ptujska Gora
17984;15.8702,46.4201;2250;;Ptuj
73;14.3167,46.2333;4000;;Pševo
129;14.5167,46.2667;4207;;Pšata
445;14.6000,46.1000;1262;;Pšata
72;14.7500,46.2000;1219;;Pšajnovica
1268;13.7181,45.8900;5297;;Prvačina
23;14.1043,46.2404;4228;;Prtovč
178;16.3175,46.7408;9207;;Prosenjakovci
473;15.3481,46.2394;3202;;Proseniško
128;16.1394,46.7817;9202;;Prosečka Vas
118;15.2186,46.3236;3204;;Pristova
210;15.5961,46.1967;3253;;Pristava pri Mestinju
275;16.2369,46.5242;9240;;Pristava
192;15.9781,46.3383;2282;;Pristava
202;15.4000,46.2333;3230;;Primož pri Šentjurju
172;14.8333,46.3667;3333;;Primož pri Ljubnem
142;15.3000,45.6333;8330;;Primostek
78;14.8292,45.8192;1303;;Primča Vas
60;15.4833,46.3667;2316;;Prihova
438;14.7525,45.7119;1331;;Prigorica
67;14.7747,45.7817;1313;;Pri Cerkvi–Struge
20;15.1667,45.6833;8333;;Pribišje
59;15.2667,45.5333;8341;;Pribinci
151;14.7313,46.0242;1294;;Prežganje
0;14.8319,45.5411;8331;;Preža
721;14.6667,46.1667;1225;;Prevoje pri Šentvidu
20;14.8167,46.1833;1223;;Prevoje
4643;14.9202,46.5470;2391;;Prevalje
172;15.6333,46.3500;2318;;Pretrež
708;14.1862,45.7303;6258;;Prestranek
151;13.9378,45.5706;6240;;Prešnica
166;15.4333,46.0167;8281;;Presladol
97;14.9167,46.0167;1276;;Preska nad Kostrevnico
144;16.2382,46.5005;2276;;Presika
1531;14.5970,46.1691;1235;;Preserje pri Radomljah
52;13.7306,45.8183;6223;;Preserje pri Komnu
336;14.4189,45.9569;1352;;Preserje
90;15.4333,46.1333;3224;;Presečno
538;15.7639,46.4442;2206;;Prepolje
156;14.1834,45.6048;6255;;Prem
67;14.1317,45.6027;3000;;Prelože
123;15.3500,45.4667;8341;;Preloka
127;15.5500,46.2333;3240;;Preloge pri Šmarju
146;15.5167,46.3667;2316;;Preloge
65;14.1905,46.0696;4223;;Prelesje
69;15.6044,46.1106;3255;;Prelasko
246;14.9833,46.2500;2362;;Prekopa
195;14.1358,45.5778;3000;;Pregarje
153;13.8703,45.4439;6272;;Pregara
989;14.3861,46.2658;4203;;Predoslje
85;14.6705,45.9040;1311;;Predole
379;13.8739,45.9542;5270;;Predmeja
83;14.0905,45.8254;6225;;Predjama
154;14.0603,45.9286;5275;;Predgriže
111;15.0575,45.5078;8342;;Predgrad
3659;14.4222,46.3026;4205;;Preddvor
183;16.1261,46.6964;9201;;Predanovci
444;15.1167,45.8167;8501;;Prečna
1709;15.0926,46.2366;3312;;Prebold
495;14.3975,46.2131;4210;;Prebačevo
214;14.4019,46.1947;4211;;Praše
42;14.1872,45.9972;1373;;Praprotno Brdo
127;14.2667,46.2000;4220;;Praprotno
189;14.4499,46.2476;4208;;Praprotna Polica
54;15.2107,45.6392;8333;;Praprot
98;14.2883,46.0633;1355;;Praproče
27;13.9169,45.5314;6216;;Praproče
0;15.0833,46.1333;1430;;Prapretno pri Hrastniku
121;13.8472,46.1092;5283;;Prapetno Brdo
1150;15.6600,46.3967;2331;;Pragersko
190;16.1328,46.7725;9202;;Poznanovci
73;15.6333,46.4333;2314;;Požeg
330;13.9361,45.6986;6215;;Povir
171;15.2295,45.8077;8001;;Potov Vrh
56;14.7964,45.8975;1301;;Potok pri Muljavi
251;15.1000,45.7833;8351;;Potok
113;14.1296,46.4317;4274;;Potoki
30;14.1278,45.9800;5275;;Potok
516;13.7819,45.5286;6276;;Bonini
49;14.0203,45.7236;6224;;Potoče
9605;14.2153,45.7743;6230;;Postojna
2947;13.5921,45.5143;6320;;Portorož
44;16.3333,46.7333;9207;;Pordašinci
120;13.8550,45.4997;6272;;Popetre
42;15.4567,46.2410;3232;;Ponkvica
71;15.3667,45.9833;8293;;Ponikve pri Studencu
179;13.8169,46.1378;5283;;Ponikve
490;14.6531,45.8600;1315;;Ponikve
110;15.6333,45.8333;8251;;Ponikve
26;14.4461,45.8169;1382;;Ponikve
119;13.8661,45.7911;6222;;Ponikve
373;15.1419,46.3122;3503;;Ponikva pri Žalcu
492;15.4469,46.2531;3232;;Ponikva
895;15.1333,46.2167;3302;;Pongrac
178;13.7556,45.5006;6274;;Pomjan
2351;15.0651,46.2836;3313;;Polzela
100;14.9500,46.0667;1272;;Polšnik
50;14.8536,45.7386;8362;;Polom
97;14.2500,46.2833;4244;;Poljšica pri Podnartu
79;15.6667,46.0667;3256;;Polje pri Bistrici
58;15.6000,46.1000;3255;;Polje ob Sotli
170;13.8865,46.2482;4264;;Polje
231;14.5000,46.1667;1211;;Polje pri Vodicah
62;15.0500,46.2667;3303;;Poljče
1153;15.5781,46.3143;2319;;Poljčane
429;14.1862,46.1210;4223;;Poljane nad Škofjo Loko
0;14.7167,46.2500;1219;;Poljane nad Blagovicom
6;14.1033,45.5061;6244;;Poljane pri Podgradu
128;14.8731,46.5453;2392;;Poljana
182;15.6974,46.6613;2212;;Polička Vas
395;15.9613,46.6627;9250;;Police
20;13.9014,46.1278;5242;;Police
720;14.7050,45.9820;1294;;Polica
617;14.3161,46.0669;1355;;Polhov Gradec
171;16.0031,46.4746;2257;;Polenšak
210;16.0166,46.4616;2257;;Polenci
209;16.1414,46.6842;9201;;Polana
49;14.8833,45.9317;8213;;Pokojnica
38;14.3561,45.8944;1353;;Pokojišče
139;15.2679,45.6134;8332;;Podzemelj
20;14.5967,45.8025;1315;;Podžaga
388;15.0167,46.2667;2362;;Podvrh
218;14.7000,46.3000;3334;;Podvolovljek
109;15.6667,45.9167;8257;;Podvinje
852;15.9167,46.4325;2252;;Podvinci
142;14.6880,46.3484;3334;;Podveža
343;15.3279,46.5884;2363;;Podvelka
325;15.0417,45.7411;8350;;Podturn pri Dol. Toplicah
295;14.6275,45.9325;1290;;Mala Vas pri Grosupljem
22;14.5733,45.8061;1314;;Podstrmec
74;14.2203,45.5988;6251;;Podstenje
4;15.0167,45.7167;8350;;Podstenice
0;15.0167,45.6333;1330;;Podstene
3;14.8831,45.5242;8331;;Podstene pri Kostelu
191;15.5906,46.0414;3257;;Podsreda
435;14.4311,46.0397;1356;;Podsmreka
31;14.4450,45.8083;1384;;Podslivnica
521;14.4131,46.1728;4211;;Podreča
309;13.9497,45.8081;5272;;Podraga
118;14.6408,45.6481;1360;;Podpreska
0;15.7000,46.2500;3252;;Podplat
195;14.8167,46.4833;2393;;Podpeca
529;14.4175,45.9697;1352;;Podpeč
142;14.6850,45.8392;1312;;Podpeč
44;13.9078,45.5225;6272;;Podpeč
207;14.3333,46.0333;1354;;Podolnica
354;14.2557,46.2952;4244;;Podnart
475;14.6000,46.0167;1261;;Podmolnik
86;13.8167,46.1667;5242;;Podmelec
53;14.4653,45.7331;1386;;Podlož
153;14.1275,46.2325;4228;;Podlonk
311;15.1333,46.2667;3310;;Podlog v Savinjski Dolini
61;15.4667,46.0833;3261;;Podlog pod Bohorjem
807;14.2750,46.4120;4275;;Podljubelj
201;14.6333,46.0167;1261;;Podlipoglav
0;15.1333,46.6333;2366;;Podlipje
467;14.2250,46.0069;1373;;Podlipa
39;15.0031,45.8431;8211;;Podlipa
378;15.8791,46.3354;2286;;Podlehnik
144;14.0167,46.1167;5282;;Podlanišče
224;15.0286,46.0714;1414;;Podkum
764;15.0892,46.3525;3503;;Podkraj pri Velenju
85;14.9500,46.5167;2394;;Podkraj
482;15.1333,46.1000;1432;;Podkraj
425;14.0653,45.8606;5273;;Podkraj
405;13.7561,46.4941;4280;;Podkoren
67;13.9667,46.3167;4265;;Podjelje
182;15.0314,45.7611;8350;;Podhosta
329;14.0917,46.3880;4273;;Podhom
53;13.9950,45.7894;5272;;Podgrič
254;14.3461,45.5256;6254;;Podgraje
233;14.6497,46.0722;1262;;Podgrad
127;15.2000,45.7333;8321;;Podgrad
24;14.0256,45.6258;6217;;Podgrad pri Vremah
614;14.1461,45.5217;6244;;Podgrad
88;14.9658,45.7983;8361;;Podgozd
127;15.3500,46.0667;8292;;Podgorje ob Sevnični
191;15.8167,46.7000;2214;;Podgorje
946;15.0836,46.4719;2381;;Podgorje
993;14.5833,46.2167;1241;;Podgorje
162;13.9528,45.5292;6216;;Podgorje
530;16.0636,46.4292;2273;;Podgorci
336;14.9667,46.5167;2394;;Podgora
197;15.0500,46.3167;3327;;Podgora
178;14.1167,46.1000;4225;;Podgora
123;14.7011,45.8264;1312;;Podgora
114;14.4897,45.6844;1360;;Podgora pri Ložu
578;15.5969,46.1568;3254;;Podčetrtek
788;14.2833,46.3000;4244;;Podbrezje
695;13.9644,46.2100;5243;;Podbrdo
314;15.4667,45.8667;8312;;Podbočje
118;14.2167,46.2500;4227;;Podblica
85;14.1533,45.5483;6244;;Podbeže
74;13.4608,46.2464;5223;;Podbela
358;15.6523,46.5861;2211;;Počehova
128;15.1167,46.0500;1433;;Počakovo
907;15.8786,46.3847;2284;;Pobrežje
148;15.4653,46.3589;2317;;Pobrež
129;13.9806,46.0857;5282;;Plužnje
54;13.5196,46.3363;5230;;Plužna
124;15.7668,46.6453;2213;;Plodršnica
179;15.9265,46.6611;9253;;Plitvički Vrh
106;15.9237,46.6720;9253;;Plitvica
230;13.7817,45.7725;6221;;Pliskovica
159;15.4286,46.2875;3222;;Pletovarje
238;15.7500,46.3833;2326;;Pleterje
174;15.5333,45.9667;8272;;Pleterje
186;14.4006,45.9994;1357;;Plešivica
424;15.1050,46.4092;3325;;Plešivec
25;14.8783,45.8328;8360;;Plešivica
16;14.8761,45.7681;8362;;Pleš
500;13.8028,45.5742;6280;;Plavje
249;13.5975,46.0422;5210;;Plave
68;14.8667,46.5000;2392;;Plat
90;15.6000,46.2167;3253;;Plat
378;15.4094,46.1114;3225;;Planina pri Sevnici
137;14.0000,46.1167;5282;;Planina pri Cerknem
289;14.0533,46.4658;4276;;Planina pod Golico
116;14.2167,46.0500;1354;;Planina nad Horjulom
0;15.2000,46.5500;2367;;Planina
461;13.9039,45.8571;5270;;Planina
815;14.2497,45.8290;6232;;Planina
2;15.0884,45.6245;8333;;Planina
135;15.6028,46.6615;2201;;Plač
2088;14.1959,45.6829;6257;;Pivka
345;15.6459,46.0031;8255;;Pišece
4192;13.5706,45.5278;6320;;Piran
124;15.5258,46.1006;3261;;Pilštanj
11;14.4186,45.8642;1382;;Pikovnik
766;14.5719,45.9511;1319;;Pijava Gorica
77;14.3000,46.1833;4220;;Pevno
130;14.0000,46.2167;4229;;Petrovo Brdo
973;15.1900,46.2417;3301;;Petrovče
102;15.1492,45.6131;8333;;Petrova Vas
39;13.9019,45.5711;6275;;Petrinje
458;14.1986,45.9692;1373;;Petkovec
292;14.1960,45.6898;6257;;Petelinje
667;16.0661,46.6533;9252;;Petanjci
86;16.2542,46.8069;9206;;Peskovci
89;15.5469,45.9344;8253;;Pesje
913;15.6767,46.6069;2211;;Pesnica
459;16.0267,46.7794;9262;;Pertoča
137;15.1000,46.6333;2371;;Pernice
416;15.7278,46.5800;2231;;Pernica
1517;15.5956,46.5472;2341;;Pekre
272;15.2638,46.2011;3502;;Pečovnik
108;15.5833,46.0167;3257;;Pečice
213;14.8167,46.1500;1223;;Peče
420;16.1519,46.7481;9202;;Pečarovci
131;14.7000,45.9667;1290;;Peč
225;15.0167,46.3333;3327;;Paška Vas
569;15.7586,46.5956;2221;;Zgornje Partinje
54;15.2167,46.3667;3204;;Parož
110;14.2172,45.6626;6257;;Parje
72;14.6292,45.9783;1293;;Paradišče
40;16.2406,46.7631;9205;;Panovci
129;15.2823,46.0913;3273;;Paneče
1333;15.0792,46.5342;2380;;Pameče
200;14.3069,45.6941;6257;;Palčje
143;14.3678,45.9394;1353;;Pako
447;15.1633,46.3831;3503;;Paka pri Velenju
259;15.2833,46.4000;3205;;Paka
170;13.6847,45.4939;6274;;Padna
28;15.0167,46.0667;1414;;Padež
33;14.3639,45.8817;1353;;Padež
139;15.3833,46.4167;3214;;Padeški Vrh
204;15.9347,46.4528;2252;;Pacinje
847;13.7303,45.9436;5261;;Ozeljan
0;14.2833,46.1167;4220;;Ožbolt nad Zmincem
264;15.3989,46.5869;2361;;Ožbalt
218;14.2500,46.2833;4244;;Ovsiše
54;15.1669,45.5930;8340;;Otovec
218;16.1500,46.8000;9202;;Otovci
26;14.3720,45.7535;1384;;Otok
69;15.3000,45.6167;8330;;Otok
776;15.2253,45.8397;8001;;Otočec
306;13.9086,45.9272;5270;;Otlica
869;15.0328,46.5739;2373;;Otiški Vrh
109;14.7776,45.7324;1331;;Otavice
146;13.9833,46.0833;4225;;Otalež
111;15.4803,46.2728;3232;;Ostrožno at Ponikva - part
94;14.1264,45.6199;3000;;Ostrožno Brdo
173;15.4500,45.8333;8311;;Oštrc
70;15.6167,46.0167;8255;;Osredek pri Podsredi
24;15.0167,46.0500;1273;;Osredek
57;14.4855,45.8684;1314;;Osredek
174;13.8647,45.5683;6275;;Osp
115;15.2139,45.6797;8333;;Osojnik
197;16.0514,46.4131;2273;;Osluševci
87;14.6984,45.5291;1337;;Osilnica
74;15.5333,46.4333;2315;;Ošelj
373;15.9000,46.5833;2234;;Osek
405;13.7661,45.9225;5262;;Osek
16;14.6753,45.7820;1316;;Ortnek
2174;16.1522,46.4121;2270;;Ormož
101;15.2537,46.5754;2365;;Spodnja Orlica
165;13.8439,45.6903;6210;;Orlek
213;14.5761,46.0125;1261;;Orle
195;15.0771,46.2619;3311;;Orla Vas
36;14.8900,45.8789;1303;;Orlaka
0;13.9833,45.8667;5274;;Orešje
226;15.3167,45.8167;8310;;Orehovica
226;15.4209,45.8257;8311;;Orehovec
70;16.0006,46.6442;9252;;Orehovci
72;13.9331,46.1408;5282;;Orehek
199;14.1497,45.7483;6258;;Orehek
1352;15.4458,46.3873;2317;;Oplotnica
392;13.5836,45.8508;5296;;Opatje Selo
86;14.8683,46.5264;2392;;Onkraj Meže
43;14.9372,45.6443;1330;;Onek
343;14.4333,46.2833;4212;;Olševek
64;14.8333,46.2333;1221;;Okrog pri Motniku
155;14.3142,46.2621;4202;;Okroglo
95;15.0667,45.9833;8232;;Okrog
246;16.0261,46.5978;9245;;Okoslavci
199;14.8667,46.3333;3333;;Okonina
61;14.1833,46.2000;4227;;Ojstri Vrh
99;15.0386,46.6189;2370;;Ojstrica
192;15.6017,46.4344;2314;;Ogljenšak
1641;16.2797,46.5864;9233;;Odranci
106;13.9092,45.5903;6240;;Ocizla
57;15.9978,46.8239;9262;;Ocinje
198;14.0869,45.5425;6243;;Obrov
76;14.0500,46.3167;4265;;Obrne
88;15.1667,45.5167;8343;;Obrh pri Dragatušu
401;15.6939,45.8484;8257;;Obrežje
528;16.2319,46.3997;2277;;Obrež
26;13.9061,46.1783;5242;;Obloke
33;14.9622,45.9092;8212;;Občine
279;16.0347,46.8121;9262;;Nuskova
24446;15.1689,45.8040;8501;;Novo Mesto
110;14.1450,45.9031;1372;;Novi Svet
6;14.5692,45.7871;1385;;Novi Pot
127;14.8475,45.5722;1338;;Novi Lazi
51;14.6063,45.6268;1360;;Novi Kot
44;14.8158,45.6836;1332;;Nove Ložine
0;15.8833,46.4333;2250;;Nova Vas pri Ptuju
410;15.9333,46.3833;2281;;Nova Vas pri Markovcih
0;15.4167,46.2167;3230;;Nova Vas pod Rifnikom
229;13.6958,45.4794;6274;;Nova Vas nad Dragonjo
64;14.7443,45.9254;1294;;Nova Vas
61;13.5831,45.8419;5296;;Nova Vas
293;14.5065,45.7727;1385;;Nova Vas
102;14.1472,45.6517;6257;;Nova Sušica
28;14.8881,45.5053;8331;;Nova Sela
17;14.0250,46.0930;4225;;Nova Oselica
103;15.2000,45.4667;8344;;Nova Lipa
13031;13.6484,45.9560;5600;;Nova Gorica
1;15.0945,45.6902;8323;;Nova Gora
1950;14.3989,45.9875;1357;;Notranje Gorice
225;16.1797,46.5394;9240;;Noršinci pri Ljutomeru
267;16.2086,46.6722;9226;;Noršinci
173;14.0359,46.2862;4265;;Nomenj
682;15.8067,46.4037;2325;;Njiverce
39;14.3900,45.9042;1353;;Niževec
251;14.6243,46.2311;1241;;Nevlje
111;14.1358,45.6658;6257;;Neverke
138;16.1798,46.8489;9203;;Neradnovci
112;13.9811,46.2709;4264;;Nemški Rovt
246;14.7453,45.7172;1331;;Nemška Vas
31;15.0439,45.5586;8342;;Nemška Loka
80;14.2167,46.2667;4245;;Nemilje
26;13.7719,45.9925;5252;;Nemci
245;16.1781,46.6803;9221;;Nemčavci
347;15.9389,46.6094;9245;;Negova
87;14.7461,46.1578;1251;;Negastrn
576;16.3333,46.6167;9224;;Nedelica
213;13.5018,46.0057;5212;;Neblo
62;14.9667,46.5333;2390;;Navrški Vrh
219;14.5170,46.2113;1218;;Nasovče
187;15.8833,46.6667;9253;;Nasova
68;13.9122,45.6161;6240;;Nasirec
221;14.1958,45.6422;6251;;Narin
11;14.5525,45.8147;1314;;Naredi
90;15.7664,46.3214;2323;;Naraplje
0;13.7553,46.3842;5232;;Na Logu
1716;14.3173,46.2735;4202;;Naklo
4;13.7300,45.7936;6223;;Nadrožica
174;14.4417,45.6818;1386;;Nadlesk
0;14.5667,46.1000;1262;;Nadgorica
90;15.8493,46.5391;2254;;Nadbišec
2300;15.1662,46.6116;2366;;Muta
111;16.0556,46.6661;9251;;Murski Petrovci
414;16.1167,46.6389;9000;;Murski Črnci
11107;16.1664,46.6626;9501;;Murska Sobota
487;15.9944,46.3853;2281;;Muretinci
332;14.7978,45.8989;1301;;Muljava
0;14.9306,45.5356;8331;;Muha Vas
68;15.3629,46.1105;3273;;Mrzlo Polje
0;14.5833,46.0500;1260;;Mrše
54;14.4500,46.3000;4205;;Možjanca
2052;14.9649,46.3383;3330;;Mozirje
197;14.9333,45.5864;8331;;Mozelj
115;13.9189,45.4783;6272;;Movraž
156;16.3500,46.7069;9227;;Motvarjevci
273;16.0664,46.7764;9262;;Motovilci
168;14.8911,46.2153;1221;;Motnik
351;16.2264,46.5508;9240;;Mota
434;13.7389,46.1469;5216;;Most na Soči
351;16.4257,46.6067;9225;;Mostje
32;15.9569,46.4575;2252;;Mostje
178;15.6602,46.3439;2321;;Mostečno
216;15.6333,45.9000;8257;;Mostec
619;14.1333,46.4167;4274;;Moste
1234;14.5514,46.1950;1218;;Moste
391;14.2109,46.3348;4243;;Mošnje
688;15.9933,46.4203;2272;;Moškanjci
235;14.4167,46.1833;4211;;Moše
273;16.1853,46.7514;9202;;Moščanci
1032;15.6214,46.4444;2313;;Morje
396;16.0264,46.5222;9243;;Moravci v Slovenskih Goricah
735;16.2208,46.6831;9226;;Moravske Toplice
213;14.9692,45.9983;1274;;Moravče pri Gabrovki
957;14.7450,46.1369;1251;;Moravče
132;14.8625,45.5511;8331;;Morava
637;15.1394,45.9390;8230;;Mokronog
0;14.8311,45.5533;1338;;Mokri Potok
1175;13.8752,46.4238;4283;;Mojstrana
49;15.3167,45.9500;8276;;Močvirje
275;15.7667,46.5667;2221;;Močna
193;14.7989,45.9311;1295;;Mleščevo
37;15.1022,46.6498;2371;;Mlake
1566;14.3500,46.2833;4203;;Mlaka pri Kranju
16;14.7937,45.6334;1330;;Mlaka pri Kočevski Reki
280;14.8453,45.6642;1332;;Mlaka pri Kočevju
196;16.2333,46.6667;9226;;Mlajtinci
717;15.1239,46.4653;2383;;Mislinjska Dobrava
1862;15.2003,46.4414;2382;;Mislinja
30;14.8977,45.9884;1276;;Mišji Dol
75;14.2167,46.3167;4246;;Mišače
990;15.0831,45.8594;8216;;Mirna Peč
1398;15.0619,45.9517;8233;;Mirna
1460;13.6082,45.8954;5291;;Miren
167;15.0281,46.2120;3304;;Miklavž pri Taboru
256;16.2136,46.4600;2275;;Miklavž pri Ormožu
3854;15.6970,46.5061;2204;;Miklavž na Dravskem Polju
40;15.1667,45.7333;8321;;Mihovec
209;15.7333,46.3833;2326;;Mihovce
278;15.6500,45.8833;8257;;Mihalovec
654;15.1667,46.2333;3302;;Migojnice
3254;14.8531,46.5203;2392;;Mežica
85;15.9791,46.4127;2272;;Cunkovci
29;14.7763,45.9082;1301;;Mevce
46;14.5225,45.7419;1385;;Metulje
115;14.8014,45.9847;1296;;Metnaj
3206;15.3133,45.6498;8330;;Metlika
305;15.7339,46.5406;2229;;Metava
62;14.2118,45.6036;6251;;Mereče
125;13.9003,45.7003;6210;;Merče
363;15.0387,45.7599;8350;;Meniška Vas
6112;14.5744,46.1686;1234;;Mengeš
289;15.6667,46.5667;2000;;Meljski Hrib
808;16.2367,46.5736;9231;;Melinci
168;16.0208,46.6619;9250;;Mele
1582;14.6167,46.2333;1241;;Mekinje
24;14.3734,46.1881;4211;;Meja
5380;14.4111,46.1422;1215;;Medvode
119;15.7056,46.3603;2322;;Medvedce
406;14.4364,46.1222;1215;;Medno
53;14.8540,46.1601;1222;;Medija
234;13.5214,45.9853;5212;;Medana
46;15.1381,45.5704;8340;;Mavrlen
443;14.3948,46.1818;4211;;Mavčiče
166;16.1000,46.8500;9263;;Matjaševci
66;13.9967,45.5814;6242;;Materija
353;14.1906,45.7406;6258;;Matenja Vas
249;14.5009,45.9811;1292;;Matena
62;13.9667,46.0667;5281;;Masore
539;16.1978,46.6864;9221;;Martjanci
240;14.1500,46.1833;4224;;Martinj Vrh
119;16.1506,46.8494;9263;;Martinje
127;15.1333,45.9500;8230;;Martinja Vas pri Mokronogu
316;14.4033,45.7750;1384;;Martinjak
32;14.6472,45.8006;1318;;Marolče
119;14.0386,45.5583;6242;;Markovščina
224;14.4956,45.7122;1386;;Markovec
267;16.2336,46.8444;9203;;Markovci
495;15.9283,46.3956;2281;;Markovci
185;16.1686,46.6842;9221;;Markišavci
486;15.7369,46.4525;2206;;Marjeta na Dravskem Polju
95;15.3332,45.5050;8341;;Marindol
96209;15.6459,46.5558;2000;;Maribor
480;13.8031,45.5097;6273;;Marezige
475;13.7544,45.5086;6274;;Manžan
148;13.9408,45.8200;5271;;Manče
51;14.0786,45.7719;6225;;Malo Ubeljsko
165;14.7333,46.0167;1294;;Malo Trebeljevo
84;15.4916,46.4132;2316;;Malo Tinje
111;15.4500,45.8667;8312;;Malo Mraševo
199;14.6672,45.9308;1290;;Malo Mlačevo
39;14.8047,45.9164;1295;;Malo Črnelo
0;14.2608,45.8219;6232;;Malni
351;14.5975,45.9833;1293;;Mali Vrh pri Šmarju
372;15.0500,46.3333;3327;;Mali Vrh
269;15.6167,45.9667;8254;;Mali Vrh
10;15.0723,45.7171;8350;;Mali Rigelj
35;14.7701,46.2010;1219;;Mali Rakitovec
110;15.4518,45.9111;8273;;Mali Podlog
79;14.1778,45.7814;6230;;Mali Otok
63;14.6050,45.8603;1311;;Mali Osolnik
49;15.2365,45.7776;8322;;Mali Orehek
124;15.6561,45.9120;8257;;Mali Obrež
46;15.1911,45.5033;8343;;Mali Nerajec
26;15.2167,45.7000;8333;;Maline pri Štrekljevcu
239;14.5839,45.7222;1317;;Mali Log
54;14.6078,45.8900;1311;;Mali Ločnik
64;14.9961,45.8167;8361;;Mali Lipovec
229;14.6431,45.9931;1293;;Mali Lipoglav
51;14.7947,45.8511;1303;;Mali Korinj
34;15.3833,45.9000;8274;;Mali Koren
260;15.4999,46.0328;8281;;Mali Kamen
69;15.1183,45.8649;8216;;Mali Kal
483;13.6383,45.5053;6310;;Malija
81;14.9017,45.9356;8213;;Mali Gaber
61;15.7333,46.6500;2213;;Mali Dol
87;15.1333,45.9833;8232;;Mali Cirnik pri Šentjanžu
0;13.7722,45.5100;6273;;Mali Čentur
26;15.3670,45.8243;8310;;Mali Ban
26;14.7642,45.9183;1295;;Male Vrhe
36;15.4000,45.8167;8311;;Male Vodenice
42;15.2500,45.9167;8275;;Male Poljane
69;15.0891,45.8487;8216;;Malenska Vas
36;14.1128,45.5483;6243;;Male Loče
102;14.6372,45.8906;1311;;Male Lipljene
43;14.8033,45.8675;1301;;Male Lese
46;15.3037,46.1321;3273;;Male Grahovše
48;15.2500,45.8167;8001;;Male Brusnice
141;14.7090,45.8516;1312;;Mala Vas
98;15.9372,46.3168;2285;;Mala Varnica
26;15.2187,45.9104;8220;;Mala Strmica
99;14.6718,45.9751;1290;;Mala Stara Vas
33;14.7600,46.0617;1270;;Mala Štanga
197;14.6278,45.8097;1318;;Mala Slevica
184;14.6958,45.8986;1312;;Mala Račna
67;14.1633,45.6500;6257;;Mala Pristava
356;16.3508,46.5867;9225;;Mala Polana
193;15.2002,46.4657;2382;;Mala Mislinja
34;14.7247,45.9461;1294;;Mala Loka pri Višnji Gori
152;14.3083,45.9929;1354;;Mala Ligojna
242;14.8667,46.0333;1275;;Mala Kostrevnica
76;14.7342,45.8867;1301;;Mala Ilova Gora
44;15.2985,45.9577;8276;;Mala Hubajnica
8;14.8683,45.6908;1332;;Mala Gora
25;14.9796,46.0382;1274;;Mala Goba
92;15.6598,45.8570;8257;;Mala Dolina
35;14.7825,45.9525;1295;;Mala Dobrava
115;15.2015,45.8059;8501;;Mala Cikava
162;14.2411,45.5317;6254;;Mala Bukovica
52;14.0973,45.7678;6225;;Mala Brda
6;14.7883,45.7219;1331;;Makoše
221;15.6663,46.3164;2321;;Makole
606;15.7341,46.3503;2322;;Majšperk
336;14.8483,45.6503;1330;;Mahovnik
72;13.5939,46.2693;5222;;Magozd
107;14.9683,45.8186;8361;;Mačkovec pri Dvoru
0;15.1833,45.8333;8000;;Mačkovec pod Trško Goro
32;14.9625,45.6150;1330;;Mačkovec
134;14.4167,46.3167;4205;;Mače
326;14.4333,46.2667;4212;;Luže
14;14.5642,45.7997;1314;;Lužarji
65;14.9594,45.9039;8212;;Luža
342;15.9500,46.6833;9253;;Lutverci
271;15.5561,46.3090;2319;;Lušečka Vas
419;14.6918,46.1699;1225;;Lukovica pri Domžalah
186;15.3079,45.9932;8290;;Lukovec
630;16.1528,46.5433;9242;;Lukavci
57;16.2104,46.6638;9226;;Lukačevci
85;14.8667,46.4333;2393;;Ludranski Vrh
120;16.2106,46.8335;9203;;Lucova
177;14.2000,46.0667;4223;;Lučine
413;14.7476,46.3550;3334;;Luče
294;14.7317,45.9189;1294;;Luče
95;14.8492,45.9067;1296;;Lučarjev Kal
366;15.5167,46.3833;2316;;Zgornja Ložnica
195;13.9978,45.7825;5272;;Lozice
218;13.9389,45.8278;5271;;Lože
642;14.4689,45.7242;1386;;Lož
1977;15.3917,46.5413;2344;;Lovrenc na Pohorju
664;15.7792,46.3736;2324;;Lovrenc na Dravskem Polju
191;16.2000,46.4000;2270;;Loperšice
81;14.9025,45.7819;8362;;Lopata
111;13.8261,45.5100;6273;;Lopar
66;16.2700,46.7689;9205;;Lončarovci
346;14.3364,46.3669;4290;;Lom pod Storzicem
109;14.0797,45.9164;5275;;Lome
265;15.9497,46.6708;9250;;Lomanoše
80;14.8500,46.5333;2392;;Lom
75;13.6028,45.8606;5296;;Lokvica
104;13.8019,46.0061;5253;;Lokve
514;15.1739,45.6017;8340;;Lokve
309;15.2500,46.2667;3215;;Lokrovec
906;15.0519,46.3594;3320;;Lokovica
281;13.7690,46.0467;5253;;Lokovec
217;14.6911,46.2229;1219;;Loke v Tuhinju
780;13.9281,45.6611;6219;;Lokev
211;14.9625,46.1444;1412;;Loke pri Zagorju
305;14.9778,46.3325;3330;;Loke pri Mozirju
150;15.0064,46.2231;3304;;Loke
205;15.8167,46.6833;2214;;Lokavec
167;15.2428,46.0978;3272;;Lokavec
1119;13.8797,45.9017;5270;;Lokavec
407;15.5147,46.1575;3223;;Loka pri Žusmu
486;15.2072,46.0575;1434;;Loka pri Zidanem Mostu
844;14.5653,46.1500;1236;;Loka pri Mengšu
162;15.6000,46.4500;2313;;Loka pri Framu
0;15.5167,46.5167;2342;;Loka
287;15.7308,46.4886;2241;;Loka
85;13.8881,45.5367;6275;;Loka
1634;14.3667,46.0167;1358;;Log pri Brezovici
137;13.5969,46.4019;5231;;Log pod Mangartom
203;14.2300,46.1317;4223;;Log nad Škofjo Loko
59;13.4375,46.2353;5223;;Logje
67;13.4901,46.3106;5224;;Log Čezsoški
55;13.8047,46.1512;5283;;Logaršče
286;16.1056,46.5472;9244;;Logarovci
237;15.7667,46.2333;2287;;Log
169;14.9486,46.2261;3305;;Ločica pri Vranskem
128;15.9167,46.5167;2255;;Ločič
684;15.5000,46.2997;2319;;Loče
212;15.6667,45.8833;8257;;Loče
158;15.5167,46.5167;2342;;Lobnica
3460;16.1982,46.5177;9240;;Ljutomer
1104;14.8338,46.3436;3333;;Ljubno ob Savinji
479;14.2500,46.3167;4243;;Ljubno
300;15.3233,46.3911;3205;;Ljubnica
272220;14.5051,46.0511;1000;;Ljubljana
132;13.7907,46.1952;5220;;Ljubinj
486;14.9833,46.3500;3330;;Ljubija
1071;15.3243,46.2557;3202;;Ljubečna
483;14.8917,45.6117;1330;;Livold
155;13.6022,46.2044;5222;;Livek
160;16.1580,46.4351;2270;;Litmerk
6505;14.8218,46.0604;1270;;Litija
0;13.8389,46.1972;5242;;Lisec
135;14.4261,45.7517;1384;;Lipsenj
54;14.6631,45.7478;1317;;Lipovšica
145;14.7769,45.7148;1331;;Lipovec
37;15.1833,45.6333;8333;;Lipovec
1097;16.2281,46.6283;9231;;Lipovci
173;15.5000,46.2833;3232;;Lipoglav
20;14.2525,45.8431;6232;;Liplje
67;13.8825,45.6672;6219;;Lipica
97;14.4606,45.9908;1357;;Lipe
163;15.3063,46.3506;3213;;Lipa pri Frankolovem
581;16.2875,46.6069;9233;;Lipa
94;13.7033,45.8497;5297;;Lipa
75;14.7753,45.7839;1313;;Lipa
94;15.3167,46.3667;3205;;Lindek
2040;15.5836,46.5536;2341;;Limbuš
193;15.5289,46.3444;2316;;Ličenca
40;13.6258,46.2267;5222;;Libušnje
516;15.1950,46.2111;3301;;Liboje
171;15.5175,45.9603;8270;;Libna
160;14.9500,46.6000;2372;;Libeliška Gora
205;14.9497,46.6200;2372;;Libeliče
188;13.7033,46.0908;5214;;Levpa
437;15.2194,46.2428;3301;;Levec
140;15.9125,46.4853;2253;;Levanjci
785;15.0250,46.3158;3327;;Letuš
115;14.3333,46.3167;4204;;Letenice
105;14.0833,46.1500;4224;;Leskovica
1021;15.4718,45.9357;8273;;Leskovec pri Krškem
561;15.6333,46.3833;2331;;Leskovec
188;15.3167,46.2500;3202;;Leskovec
108;14.7531,45.9889;1294;;Leskovec
169;15.5142,46.1025;3261;;Lesično
212;14.2557,46.3543;4243;;Leše
2835;14.1578,46.3611;4248;;Lesce
192;15.8975,46.6642;9253;;Lešane
12;14.5265,45.8130;1385;;Lepi Vrh
35;13.6539,46.3088;5232;;Lepena
454;14.9833,46.3667;3330;;Lepa Njiva
3129;16.4509,46.5649;9227;;Lendava
3285;15.8317,46.5768;2230;;Lenart v Slovenskih Goricah
147;14.7833,46.3000;3342;;Lenart pri Gornjem Gradu
273;16.1028,46.7128;9265;;Lemerje
0;15.2664,46.3167;3203;;Lemberg pri Strmcu
126;15.5539,46.2483;3241;;Lemberg pri Šmarju
183;15.3167,46.5500;2364;;Lehen na Pohorju
0;15.1333,45.5167;8343;;Legen
220;15.8167,46.6500;2213;;Ledinek
86;14.0500,46.0500;5281;;Ledine
243;15.2833,46.0333;8294;;Ledina
85;15.2435,46.1259;3270;;Laziše
278;14.7611,46.2194;1219;;Laze v Tuhinju
18;14.3978,45.7228;1384;;Laze pri Gorenjem Jezeru
247;14.7000,46.0833;1251;;Laze pri Dolskem
34;14.7936,45.8636;1301;;Laze nad Krko
42;14.6331,45.6500;1360;;Lazec
305;14.2653,45.8603;6232;;Laze
88;14.0717,45.7361;6224;;Laže
68;15.1354,45.7014;8323;;Laze
122;15.9500,46.6355;9245;;Lastomerci
3456;15.2355,46.1546;3270;;Laško
92;16.0206,46.4511;2257;;Lasigovci
60;14.9486,45.7906;8361;;Lašče
398;15.5947,46.3467;2318;;Laporje
231;14.5797,45.9903;1291;;Lanišče
156;14.1328,45.7922;6225;;Landol
452;14.1667,46.3333;4240;;Lancovo
555;15.8564,46.3711;2284;;Lancova Vas
122;15.3155,46.0909;3273;;Lahov Graben
443;14.5064,46.2190;1218;;Lahovče
240;15.2643,46.1426;3270;;Lahomno
150;13.6059,46.2371;5222;;Ladra
46;13.7722,45.4767;6273;;Labor
89;14.0000,46.1500;5282;;Labinje
52;15.1614,45.5433;8343;;Kvasica
375;16.0807,46.8351;9263;;Kuzma
41;16.0020,46.5461;9243;;Kutinci
228;14.3408,45.5490;6254;;Kuteževo
181;16.1967,46.7783;9202;;Kuštanovci
362;16.1197,46.6736;9000;;Kupšinci
50;14.1000,46.3333;4263;;Kupljenik
122;15.9333,46.6000;2236;;Kunova
394;15.7906,46.4236;2325;;Kungota pri Ptuju
0;14.9800,45.7344;8350;;Kunč
66;16.2192,46.7514;9205;;Kukeč
179;13.8714,45.5231;6272;;Kubed
11;14.4089,45.8593;1382;;Kržišče
21;14.5147,45.8658;1314;;Krvava Peč
9;13.8775,45.8061;6222;;Krtinovica
739;14.6523,46.1483;1233;;Krtina
6852;15.4917,45.9592;8270;;Krško
555;15.5667,45.9000;8262;;Krška Vas
34;15.2237,45.9413;8295;;Krsinji Vrh
88;16.3197,46.8119;9204;;Krplivnik
807;14.2000,46.3000;4245;;Kropa
2081;13.6656,45.9608;5600;;Kromberk
1132;16.1414,46.6381;9000;;Krog
433;13.9578,46.3807;4265;;Krnica
266;14.7500,46.3500;3334;;Krnica
59;16.2077,46.7309;9208;;Krnci
30;13.6804,46.2654;5222;;Krn
708;15.1894,45.9847;8296;;Krmelj
290;13.6944,45.4628;6274;;Krkavče
101;14.2750,46.1967;4220;;Križna Gora
10;13.9806,45.9186;5273;;Križna Gora
220;15.3167,45.6333;8330;;Križevska Vas
490;16.1386,46.5683;9242;;Križevci pri Ljutomeru
402;16.2469,46.7889;9206;;Križevci
898;14.3014,46.3428;4294;;Križe
134;15.5667,46.0167;8282;;Križe
77;15.6167,46.0667;3257;;Križan Vrh
498;14.5664,46.2022;1218;;Križ
105;15.2500,45.9667;8295;;Križ
592;13.8658,45.7447;6221;;Križ
120;14.6667,46.2667;1242;;Krivčevo
84;16.1849,46.5588;9241;;Krištanci
266;14.7364,45.9411;1294;;Kriška Vas
338;14.7500,46.0833;1281;;Kresniške Poljane
745;14.7858,46.1020;1281;;Kresnice
146;13.8372,45.7442;6221;;Kreplje
943;15.8108,46.4753;2205;;Krčevina pri Vurbergu
66;16.2091,46.4330;2275;;Krčevina
354;14.7333,46.1667;1225;;Krašnja
196;15.2833,45.5833;8332;;Krasinec
265;16.0368,46.7512;9261;;Krašči
328;16.2167,46.5667;9241;;Krapje
1439;13.7782,46.4569;4280;;Kranjska Gora
0;14.4325,45.8369;1382;;Kranjče
37966;14.3556,46.2389;4000;;Kranj
54;16.0117,46.8083;9262;;Kramarovci
157;16.0000,46.5667;9245;;Kraljevci
293;16.0506,46.6900;9251;;Krajna
135;15.8500,46.3000;2286;;Kozminci
62;14.3803,45.8478;1382;;Kožljek
98;15.0700,46.6356;2371;;Kozji Vrh nad Dravogradom
634;15.5599,46.0733;3260;;Kozje
13;14.0811,45.6169;6217;;Kozjane
158;15.6867,46.6987;2215;;Kozjak pri Ceršaku
602;15.6344,46.6100;2211;;Kozjak nad Pesnico
544;13.9356,45.6100;6240;;Kozina
39;13.5328,46.0433;5212;;Kožbana
0;14.4708,46.0439;1000;;Kozarje
262;14.4633,45.6281;1360;;Kozarišče
381;13.5503,45.9928;5212;;Kozana
788;14.2833,46.3500;4294;;Kovor
97;15.1167,46.1333;1431;;Kovk
134;13.9297,45.9139;5270;;Kovk
131;16.1239,46.7967;9264;;Kovačevci
191;14.9964,46.1580;1410;;Kotredež
0;15.1667,45.6333;8333;;Kot pri Semiču
118;14.6806,45.7444;1310;;Kot pri Ribnici
1026;14.9869,46.5214;2394;;Kotlje
117;16.3883,46.5442;9225;;Kot
159;15.4333,46.4333;2317;;Kot na Pohorju
191;15.3894,46.1574;3233;;Kostrivnica
695;15.4204,45.8456;8311;;Kostanjevica na Krki
348;13.6417,45.8450;5296;;Kostanjevica na Krasu
41;14.7439,46.2240;1219;;Kostanj
229;13.7394,45.4800;6274;;Koštabona
579;15.2333,46.2167;3502;;Košnica pri Celju
0;14.4667,46.0667;1210;;Koseze
343;14.2436,45.5503;6250;;Koseze
181;16.0047,46.7308;9261;;Korovci
194;15.2000,45.7500;8321;;Koroška Vas
186;15.4327,46.4057;2317;;Koritno
91;15.6333,45.8500;8251;;Koritno
151;14.3326,45.6204;6253;;Koritnice
148;13.8711,46.1689;5242;;Koritnica
77;15.5611,46.2072;3253;;Koretno
106;14.3000,46.0333;1354;;Koreno nad Horjulom
216;13.9700,46.3133;4265;;Koprivnik v Bohinju
75;15.0333,45.6025;8342;;Koprivnik
150;14.7500,46.4667;3335;;Koprivna
175;13.8339,45.7817;6221;;Kopriva
25753;13.7296,45.5482;6501;;Koper
79;14.0833,46.1333;4225;;Kopačnica
75;15.3000,46.0000;8290;;Konjsko
133;14.8000,46.4000;3334;;Konjski Vrh
0;14.9667,46.1000;1272;;Konjšica
98;15.2667,46.0333;8294;;Kompolje
494;14.7153,45.8164;1312;;Kompolje
0;14.9551,45.7393;8362;;Komolec
61;14.5500,46.2333;1218;;Komendska Dobrava
650;13.7483,45.8156;6223;;Komen
1;15.0641,45.6594;8333;;Komarna Vas
143;14.8742,46.1706;1222;;Kolovrat
66;14.6550,46.1957;1235;;Kolovec
52;14.1863,45.6194;6255;;Kilovče
347;14.6105,46.1568;1231;;Količevo
1646;14.3611,46.2703;4203;;Kokrica
264;14.4932,46.3314;4206;;Kokra
132;16.0986,46.5553;9244;;Kokoriči
84;16.0017,46.5317;9243;;Kokolajnščak
187;14.9500,46.3000;3331;;Kokarje
276;13.5797,46.0092;5211;;Kojsko
232;16.2508,46.4717;2276;;Kog
272;14.7969,45.5764;1338;;Kočevska Reka
8113;14.8604,45.6432;1330;;Kočevje
245;14.1778,45.7233;6258;;Koče
1;14.8254,45.6024;1338;;Koče
123;15.5025,46.3158;2319;;Koble
292;14.8285,45.7027;1332;;Koblarji
182;13.8058,45.8175;6222;;Kobjeglava
51;16.0272,46.6311;9252;;Kobilščak
542;16.3937,46.6852;9227;;Kobilje
1121;13.5791,46.2476;5222;;Kobarid
71;14.9519,45.8997;8212;;Knežja Vas
29;14.5044,45.7125;1360;;Knežja Njiva
17;15.0167,45.5500;8342;;Knežja Lipa
25;15.2167,45.5000;8343;;Knežina
245;15.0333,46.1833;1420;;Knezdol
486;14.2448,45.6245;6253;;Knežak
206;13.8350,46.1694;5242;;Kneža
168;15.6000,46.4000;2310;;Klopce
28;15.0833,46.1000;1423;;Ključevica
357;16.1378,46.5528;9242;;Ključarovci pri Ljutomeru
241;14.8661,45.6661;1332;;Klinja Vas
178;14.2211,45.6789;6257;;Klenik
139;14.6667,46.0833;1262;;Kleče pri Dolu
0;14.8900,45.7075;1332;;Kleč
80;13.8032,46.1600;5283;;Klavže
115;13.9233,45.5942;6240;;Klanec pri Kozini
401;15.2167,46.3500;3204;;Klanc
77;14.8357,45.8803;1303;;Kitni Vrh
1253;15.7987,46.4031;2325;;Kidričevo
155;15.4558,46.4049;2317;;Kebelj
185;13.9075,45.7617;6221;;Kazlje
70;13.8728,45.5811;6275;;Kastelec
842;15.2000,46.2333;3301;;Kasaze
239;15.6833,45.9333;8258;;Kapele
441;16.3828,46.5553;9225;;Kapca
12;14.0519,45.9022;5273;;Kanji Dol
583;15.1667,45.5500;8340;;Kanižarica
224;15.6697,46.6487;2212;;Kaniža
0;14.8333,46.1333;1252;;Kandrše
60;16.2478,46.7588;9205;;Kančevci
57;13.6663,46.0697;5213;;Kanalski Vrh
1269;13.6349,46.0874;5213;;Kanal
111;16.3836,46.6289;9224;;Kamovci
226;13.6370,46.2137;5222;;Kamno
190;13.8333,45.8997;5263;;Kamnje
23;14.6000,46.3333;1242;;Kamniška Bistrica
921;14.4064,45.9466;1352;;Kamnik pod Krimom
13644;14.6121,46.2259;1241;;Kamnik
1638;15.6142,46.5744;2351;;Kamnica
563;14.2000,46.3167;4246;;Kamna Gorica
0;15.0333,45.9000;8210;;Kamna Gorica
38;15.2000,46.0000;8296;;Kamenica
119;13.6528,46.1283;5215;;Kambreško
70;15.3944,46.1672;3233;;Kalobje
151;13.5842,46.3375;5230;;Kal–Koritnica
55;14.6833,46.2667;1242;;Kališe
170;15.4500,45.8833;8312;;Kalce–Naklo
529;14.1936,45.8956;1370;;Kalce
45;15.1167,46.1667;1431;;Kal
327;13.7403,46.0833;5214;;Kal nad Kanalom
104;14.7981,45.8297;1303;;Kal
85;15.1989,45.6754;8333;;Kal
340;14.1661,45.6683;6257;;Kal
3;14.9697,45.5814;8331;;Kačji Potok
113;13.9686,45.6453;6219;;Kačiče-Pared
151;15.5689,46.6472;2201;;Jurski Vrh
381;15.9682,46.4859;2256;;Juršinci
385;15.7846,46.6067;2223;;Jurovski Dol
174;15.8667,46.3667;2284;;Jurovci
108;15.1833,45.7500;8321;;Jurna Vas
209;14.6939,45.7519;1310;;Jurjevica
0;14.2925,45.6642;6253;;Jurišče
209;16.0235,46.5695;9245;;Sveti Jurij
34;15.2385,45.7148;8322;;Jugorje pri Metliki
0;14.3038,46.2448;4201;;Sveti Jošt nad Kranjem
311;15.2825,46.5161;2364;;Josipdol
254;15.8500,46.5000;2253;;Jiršovci
0;14.5167,46.1000;1210;;Ježica
751;14.4331,45.9700;1352;;Jezero
26;13.6058,46.2656;5222;;Jezerca
389;14.7500,46.0833;1281;;Jevnica
65;14.7295,46.0739;1281;;Zgornja Jevnica
62;15.5167,46.2167;3240;;Ješovec pri Šmarju
13255;14.0623,46.4324;4270;;Jesenice
204;15.6911,45.8544;8257;;Jesenice
486;15.6500,46.4333;2313;;Ješenca
221;14.9333,46.2500;3305;;Jeronim
178;15.5167,46.3167;2319;;Sveti Jernej
66;15.1532,45.5536;8340;;Jerneja Vas
155;15.7000,45.9333;8258;;Jereslavec
196;13.9631,46.2933;4264;;Jereka
4;14.9050,46.2007;1221;;Jelševica
39;15.1833,45.9000;8231;;Jelševec
125;15.4667,45.9000;8312;;Jelše
325;14.2717,45.5028;6254;;Jelšane
357;15.5667,46.5667;2353;;Jelovec
203;15.6667,46.3000;2321;;Jelovec pri Makolah
121;14.0633,45.9808;5275;;Jelični Vrh
0;14.6667,45.6917;1331;;Jelenov Žleb
23;15.0500,45.5167;8342;;Jelenja Vas
0;14.7636,45.6733;1331;;Jelendol
117;14.0167,46.0667;4225;;Jazne
49;15.4000,46.3000;3222;;Jazbine
51;14.9167,46.4667;2393;;Jazbina
249;14.1000,46.4500;4270;;Javorniški Rovt
65;14.3000,46.2333;4201;;Javornik
186;14.1966,46.1607;4224;;Javorje
67;14.8500,46.0008;1275;;Javorje
131;14.1000,45.5503;6243;;Javorje
174;14.6808,46.0217;1293;;Javor
169;15.3667,46.6000;2361;;Javnik
35;14.7833,46.0167;1270;;Jastrebnik
149;16.2564,46.4494;2276;;Jastrebci
18;14.9365,46.1061;1282;;Jarše
210;15.7038,46.6270;2211;;Jareninski Vrh
391;15.6989,46.6289;2211;;Jareninski Dol
273;15.3047,46.5681;2363;;Janževski Vrh
454;15.4744,46.5547;2352;;Janževa Gora
52;15.7833,46.3333;2323;;Janški Vrh
105;15.8822,46.4700;2253;;Janežovci
26;14.1519,45.6094;3000;;Janeževo Brdo
19;14.6965,46.0650;1262;;Janče
40;14.2167,46.2667;4245;;Jamnik
130;16.0333,46.5667;9243;;Jamna
77;14.2533,45.8606;6232;;Jakovica
25;13.9450,46.0906;5282;;Jagršče
141;15.2379,46.1681;3270;;Jagoče
148;14.2936,45.5414;6254;;Jablanica
225;15.7667,46.5333;2242;;Jablance
85;14.9522,46.1236;1412;;Jablana
148;15.1000,45.8333;8216;;Jablan
16;15.5500,45.8500;8263;;Izvir
11223;13.6601,45.5366;6001;;Izola
1181;14.9500,46.1500;1411;;Izlake
827;16.2211,46.5889;9231;;Ižakovci
135;16.2403,46.7331;9208;;Ivanovci
170;15.9639,46.6208;9245;;Ivanjševski Vrh
37;16.3008,46.7633;9207;;Ivanjševci
251;16.1458,46.4622;2259;;Ivanjkovci
85;13.7083,45.8186;6223;;Ivanji Grad
228;14.2983,45.8347;1381;;Ivanje Selo
2205;14.8053,45.9370;1295;;Ivančna Gorica
243;16.2575,46.6597;9222;;Ivanci
402;14.5100,45.9400;1292;;Iška Vas
274;14.5158,45.9647;1292;;Iška Loka
228;14.5097,45.9239;1319;;Iška
315;15.6333,46.2500;3250;;Irje
297;15.6017,46.1319;3254;;Imeno
211;16.1306,46.5744;9242;;Iljaševci
4553;14.2457,45.5676;6250;;Ilirska Bistrica
292;15.9094,46.6314;2234;;Ihova
784;14.6200,46.1208;1230;;Ihan
227;14.4847,45.6911;1360;;Iga Vas
2262;14.5281,45.9589;1292;;Ig
325;13.5919,46.2324;5222;;Idrsko
72;14.0331,45.9528;5275;;Idrijski Log
76;13.9518,45.9626;5280;;Idrijska Bela
290;13.7797,46.1400;5283;;Idrija pri Bači
5955;14.0279,46.0029;5280;;Idrija
338;16.2006,46.4178;2270;;Hum pri Ormožu
62;14.5228,45.7569;1385;;Hudi Vrh
212;15.3000,46.4167;3205;;Hudinja
22;13.6092,45.8414;5296;;Hudi Log
251;15.2667,46.5167;2364;;Hudi Kot
307;15.0192,45.9344;8210;;Hudeje
101;13.9167,46.1667;5242;;Hudajužna
1232;13.7567,45.5828;6000;;Hrvatini
67;15.3500,45.8667;8310;;Hrvaški Brod
1722;14.0178,46.4450;4276;;Hrušica
0;14.1122,45.8644;1372;;Hrušica
147;15.2451,45.7843;8322;;Hrušica
276;14.1222,45.5392;6244;;Hrušica
49;14.7205,46.2281;1219;;Hruševka
248;14.1064,45.7606;6225;;Hruševje
792;13.9428,45.6072;6240;;Hrpelje
1;15.0333,45.5833;8342;;Hrib pri Koprivniku
66;14.6541,46.2397;1241;;Hrib pri Kamniku
22;14.8850,45.7667;8362;;Hrib pri Hinjah
373;14.6167,45.7069;1317;;Hrib-Loški Potok
193;14.1319,45.7800;6225;;Hrenovice
144;15.7167,46.5667;2231;;Hrenca
141;15.2333,45.4833;8344;;Hrast pri Vinici
154;13.8997,45.5122;6272;;Hrastovlje
443;16.0372,46.3747;2283;;Hrastovec
52;14.9041,46.1822;1222;;Hrastnik pri Trojanah
5621;15.0846,46.1465;1430;;Hrastnik
134;15.5000,45.9000;8263;;Hrastje pri Cerkljah
148;15.6333,46.0667;3256;;Hrastje ob Bistrici
360;16.0858,46.6147;9252;;Hrastje-Mota
1051;14.4000,46.2167;4210;;Hrastje
0;14.5667,46.0833;1260;;Hrastje
48;14.3805,46.0751;1356;;Hrastenice
25;15.5000,45.8500;8312;;Hrastek
218;14.1667,46.3667;4248;;Hraše
422;14.4500,46.1667;1216;;Hraše
429;14.1492,45.7775;6225;;Hrašče
189;15.1920,46.3125;3204;;Hramše
773;16.3603,46.5494;9225;;Hotiza
1344;15.6667,46.4667;2312;;Hotinja Vas
512;14.4209,46.2811;4212;;Hotemaže
598;14.1422,45.9303;1372;;Hotedršica
396;14.1186,46.1122;4223;;Hotavlje
200;15.5920,46.3323;2318;;Hošnica
1329;14.2974,46.0227;1354;;Horjul
806;14.6000,46.1833;1235;;Homec
83;15.0965,45.9996;8232;;Hom
228;16.3259,46.8218;9204;;Hodoš
469;15.5730,46.5027;2208;;Hočko Pohorje
147;14.7561,45.8703;1301;;Hočevje
95;14.1833,46.0167;1373;;Hlevni Vrh
69;14.1333,46.1167;4223;;Hlavče Njive
272;15.9803,46.4647;2257;;Hlaponci
70;14.8822,45.7656;8362;;Hinje
133;16.2270,46.4806;2276;;Hermanci
131;15.2541,46.1372;3270;;Harje
275;14.1961,45.5528;6250;;Harije
242;14.5769,45.9669;1291;;Gumnišče
176;15.5167,46.1167;3261;;Gubno
95;15.4401,45.9036;8273;;Gržeča Vas
152;16.0167,46.3333;2282;;Gruškovec
123;15.5712,46.6524;2201;;Grušena
10;13.7891,46.1127;5283;;Grudnica
7098;14.6589,45.9558;1290;;Grosuplje
207;15.3667,45.8500;8310;;Groblje pri Prekopi
79;14.1833,45.7533;6258;;Grobišče
0;15.4447,46.2117;3231;;Grobelno
146;15.3161,45.9011;8275;;Grmovlje
29;14.9853,45.9000;8211;;Grmada
146;15.9456,46.5033;2255;;Grlinci
99;16.1750,46.5639;9241;;Grlava
654;15.1506,46.2294;3302;;Griže
49;13.9436,45.7558;5272;;Griže
356;15.2911,45.5742;8332;;Griblje
122;13.6725,46.0319;5251;;Grgarske Ravne
772;13.6739,45.9986;5251;;Grgar
58;15.7004,45.9932;8259;;Gregovce
13;14.7528,45.6589;1331;;Grčarske Ravne
177;14.7547,45.6511;1331;;Grčarice
206;14.2133,45.8753;1370;;Grčarevec
112;15.1165,46.4326;2381;;Graška Gora
17;13.8797,46.2106;5242;;Grant
353;15.0550,46.2392;3303;;Grajska Vas
506;15.8167,46.4833;2205;;Grajenščak
357;15.8419,46.4589;2250;;Grajena
40;13.8953,45.7458;6210;;Grahovo Brdo
138;13.8619,46.1539;5242;;Grahovo ob Bači
482;14.4222,45.7692;1384;;Grahovo
4;14.5037,45.8116;1385;;Gradiško
754;15.8769,46.5767;2232;;Sv. Trojica v Slov. Goricah
225;13.9675,45.8356;5271;;Gradišče pri Vipavi
144;14.0647,45.5508;6243;;Gradišče pri Materiji
228;14.7000,46.1667;1225;;Gradišče pri Lukovici
328;16.1089,46.6478;9000;;Gradišče
323;15.1000,46.5167;2380;;Gradišče
46;15.9500,46.3000;2285;;Gradišče
83;14.8667,46.0500;1275;;Gradišče pri Litiji
33;15.0667,46.0333;1273;;Gradišče - K. o. Št. Lovrenc
325;15.9769,46.3581;2282;;Gradišča
73;13.8469,45.4567;6272;;Gradin
28;14.7692,45.8881;1301;;Gradiček
76;14.9081,45.8142;8360;;Gradenc
410;15.2500,45.6167;8332;;Gradac
686;16.0984,46.7976;9264;;Grad
261;14.5000,46.2667;4207;;Grad
38;15.2216,46.1080;3272;;Gračnica
66;15.9683,46.5747;2236;;Grabonoški Vrh
207;15.9925,46.5820;9245;;Grabonoš
631;13.8637,46.4752;4283;;Gozd–Martuljek
31;14.3334,46.3464;4204;;Gozd
137;14.6667,46.2500;1241;;Gozd
124;13.9583,45.9061;5270;;Gozd
1216;15.1519,46.2742;3310;;Gotovlje
0;15.1833,45.8000;8501;;Gotna Vas
601;15.1264,46.6058;2371;;Gortina
64;14.1333,46.0333;4226;;Goropeke
122;14.2817,45.5344;6254;;Gornji Zemon
16;14.9313,45.9741;1276;;Gornji Vrh
36;15.1785,45.4825;8343;;Gornji Suhor pri Vinici
451;16.0667,46.8167;9263;;Gornji Slaveči
419;16.2190,46.8036;9203;;Gornji Petrovci
421;16.4181,46.5531;9225;;Gornji Lakoš
37;14.8975,45.8675;8360;;Gornji Križ
54;14.9706,45.7967;8361;;Gornji Kot
75;15.9639,46.6067;9245;;Gornji Ivanjci
26;14.4956,45.9200;1319;;Gornji Ig
1048;14.8079,46.2954;3342;;Gornji Grad
144;16.0278,46.7403;9261;;Gornji Črnci
100;14.0513,45.6536;6217;;Gornje Vreme
22;14.6561,45.8181;1318;;Gornje Retje
50;15.3333,45.9833;8293;;Gornje Orle
140;14.8017,45.6922;1332;;Gornje Ložine
46;14.0706,45.6681;6217;;Gornje Ležeče
40;15.2760,45.6411;8330;;Gornje Dobravice
298;13.5633,45.9828;5211;;Gornje Cerovo
91;15.2135,45.7576;8322;;Gornja Težka Voda
3159;15.9922,46.6726;9250;;Gornja Radgona
119;15.3794,45.8453;8311;;Gornja Prekopa
154;15.2667,45.6667;8330;;Gornja Lokvica
134;14.1206,45.6847;6257;;Gornja Košana
7;14.8006,45.5331;1338;;Gornja Briga
50;14.1889,45.6038;6255;;Gornja Bitnja
725;16.2667,46.5667;9232;;Gornja Bistrica
150;14.0167,46.3000;4265;;Gorjuše
87;13.9817,46.1553;5282;;Gorje
263;13.7125,45.8042;6223;;Gorjansko
788;16.0135,46.4147;2272;;Gorišnica
236;15.0167,46.6167;2370;;Goriški Vrh
52;15.0833,45.8333;8216;;Goriška Vas
169;14.3797,45.9519;1352;;Goricica pod Krimom
34;14.0126,45.6683;6217;;Goriče pri Famljah
362;14.3500,46.3167;4204;;Goriče
81;14.1303,45.7728;6225;;Goriče
558;15.2308,46.2744;3215;;Gorica pri Šmartnem
516;14.3936,46.1394;1215;;Goričane
295;16.1450,46.7050;9201;;Gorica
251;15.6922,46.4189;2331;;Spodnja Gorica
254;15.4833,45.9000;8263;;Gorica
123;14.0870,46.0245;4226;;Gorenji Vrsnik
64;15.2833,45.7833;8322;;Gorenji Suhadol
21;14.9014,45.8842;8213;;Gorenji Podšumberk
226;14.0513,46.1464;5282;;Gorenji Novaki
66;15.3081,45.8409;8310;;Gorenji Maharovec
0;14.1989,45.9078;1370;;Gorenji Logatec
46;13.7333,46.1333;5216;;Gorenji Log
148;14.8333,46.0833;1270;;Zgornji Log
106;15.0500,45.8500;8216;;Gorenji Globodol
119;15.0938,45.7257;8323;;Gorenje Sušice
171;15.5503,45.9044;8262;;Gorenje Skopice
52;14.9336,45.9019;8212;;Gorenje Selce
105;15.0333,45.9000;8210;;Gorenje Ponikve
92;15.4167,45.9833;8283;;Gornje Pijavško
38;14.4167,45.8457;1382;;Gorenje Otave
38;15.1147,45.7623;8323;;Gorenje Mraševo
48;15.2937,45.8329;8310;;Gorenje Mokro Polje
82;15.1667,45.7500;8321;;Gorenje Lakovnice
32;15.2500,45.8500;8220;;Gorenje Kronovo
150;15.1500,45.8667;8000;;Gorenje Karteljevo
46;14.9426,45.8917;8211;;Gorenje Kamenje pri Dobrniču
92;15.1536,45.8557;8000;;Gorenje Kamenje
155;15.1500,45.8333;8000;;Gorenje Kamence
99;14.4103,45.7281;1384;;Gorenje Jezero
10;15.1696,45.8613;8000;;Gorenje Grčevje
86;15.0585,45.7671;8350;;Gorenje Gradišče
43;15.2801,45.9478;8276;;Gorenje Dole
82;14.1500,46.1333;4223;;Gorenje Brdo
173;15.0086,46.3469;3327;;Gorenje
0;14.7000,46.1500;1225;;Gorenje
102;14.1425,45.8280;6225;;Gorenje
60;14.1500,46.1667;4224;;Gorenja Žetina
214;15.2381,45.8872;8220;;Gorenja Vas pri Šmarjeti
1192;14.1477,46.1074;4223;;Gorenja Vas
65;15.0667,46.0833;1414;;Gorenja Vas
81;14.8097,45.9178;1295;;Gorenja Vas
398;14.7389,45.7300;1310;;Goriča Vas
103;13.8400,46.0303;5253;;Gorenja Trebuša
1996;15.0757,45.7811;8351;;Straža
13;14.1500,46.1500;4224;;Gorenja Ravan
21;15.0667,45.5333;8342;;Gorenja Podgora
134;15.5387,45.8735;8261;;Gorenja Pirošica
42;15.4275,45.9686;8283;;Gorenja Lepa Vas
137;13.9422,46.0408;5281;;Gorenja Kanomlja
136;14.1549,46.0908;4223;;Gorenja Dobrava
52;14.4439,45.9242;1352;;Gorenja Brezovica
210;15.3167,45.8333;8310;;Gorenja Brezovica
0;15.3167,46.1167;3273;;Goreljce
129;14.0564,46.0032;5280;;Gore
135;14.8000,46.1333;1252;;Gora pri Pečah
4;14.4317,45.8303;1382;;Gora
348;15.0422,46.2528;3303;;Gomilsko
673;16.3119,46.6033;9224;;Gomilica
84;15.0500,45.9333;8233;;Gomila
48;15.6000,46.1167;3255;;Golobinjek ob Sotli
500;14.5444,45.9097;1319;;Golo
1063;14.3333,46.3333;4204;;Golnik
0;14.3833,45.9000;1353;;Goli Vrh
217;14.7667,46.0667;1281;;Golišče
51;14.2000,46.2000;4227;;Golica
198;15.1582,46.4870;2383;;Golavabuka
69;14.0667,45.5131;6243;;Golac
704;14.0936,45.9578;5275;;Godovič
689;14.6097,46.2568;1242;;Godič
614;14.3544,46.1667;4211;;Godešič
151;16.2664,46.4247;2277;;Godeninci
247;15.8667,46.5500;2254;;Gočova
185;13.9256,45.8222;5271;;Goče
407;14.5446,46.2082;1218;;Gmajnica
92;15.6442,46.3141;2321;;Globoko ob Dravinji
323;15.6286,45.9550;8254;;Globoko
194;16.2500,46.5167;9240;;Globoka
105;15.4315,45.8414;8311;;Globočice pri Kostanjevici
123;14.6003,45.7606;1317;;Globel
111;14.5333,46.2333;1218;;Glinje
0;14.4500,46.0833;1210;;Glinica
32;14.4958,45.7717;1385;;Glina
62;13.7844,45.4878;6273;;Glem
0;14.6842,45.6625;1331;;Glažuta
256;16.3003,46.5217;9232;;Gibina
334;16.0094,46.7583;9261;;Gerlinci
566;15.8167,46.4333;2288;;Gerečja Vas
205;16.4042,46.6214;9224;;Genterovci
175;16.0525,46.6836;9251;;Gederovci
566;13.7014,45.5189;6274;;Gažon
146;15.5000,45.8667;8263;;Gazice
141;14.6806,45.9461;1290;;Gatina
1027;16.2511,46.6325;9231;;Gančani
67;15.9833,46.5500;2236;;Galušak
228;15.5612,46.6232;2201;;Gaj nad Mariborom
295;16.0247,46.4031;2272;;Gajevci
520;15.7000,46.6167;2211;;Gačnik
76;14.2080,46.1457;4223;;Gabrška Gora
109;14.8431,45.8733;1303;;Gabrovka pri Zagradcu
250;14.9883,45.9995;1274;;Gabrovka
120;13.7811,45.8072;6223;;Gabrovica pri Komnu
95;13.8703,45.5592;6275;;Gabrovica pri Črnem Kalu
201;14.7972,45.8836;1301;;Gabrovčec
102;13.6990,46.2017;5220;;Gabrje
166;13.8856,45.8392;6222;;Gaberje
626;15.2756,45.7825;8322;;Gabrje
227;15.1667,45.9833;8296;;Gabrijele
274;15.9533,46.4731;2256;;Gabrnik
684;15.0790,46.3972;3325;;Gaberke
30;14.1150,45.5822;3000;;Gabrk
552;16.4000,46.5547;9225;;Gaberje
440;14.4090,46.0703;1356;;Gabrje
39;14.0300,45.7142;6224;;Gabrče
104;14.0906,46.0821;4225;;Fužine
0;14.5667,46.0500;1260;;Fužine
152;14.8322,45.8614;1303;;Fužina
181;16.2042,46.3983;2270;;Frankovci
307;15.3144,46.3306;3213;;Frankolovo
1024;15.6301,46.4560;2313;;Fram
162;15.5167,46.4833;2315;;Frajhajm
341;16.0353,46.4106;2272;;Formin
200;16.2667,46.7333;9208;;Fokovci
147;13.5008,45.9964;5212;;Fojana
185;14.8167,46.3167;3342;;Florjan pri Gornjem Gradu
478;16.3050,46.6614;9220;;Filovci
31;13.8831,45.7378;6210;;Filipčje Brdo
173;16.0005,46.7849;9262;;Fikšinci
0;13.5817,45.5244;6320;;Fjesa
41;14.8783,45.4767;1336;;Fara
147;14.0212,45.6617;6217;;Famlje
0;15.4472,46.5439;2343;;Fala
70;13.9103,45.8328;5271;;Erzelj
179;14.2000,46.3667;4275;;Dvorska Vas
119;14.6358,45.8097;1318;;Dvorska Vas
130;14.3500,46.0667;1355;;Dvor pri Polhovem Gradcu
33;13.9347,45.4592;6272;;Dvori
395;14.9711,45.8139;8361;;Dvor
715;13.8322,45.7581;6221;;Dutovlje
215;13.9497,45.8653;5271;;Duplje
0;15.0672,46.3792;3325;;Družmirje
61;15.2667,45.9667;8276;;Drušče
198;14.7667,46.1333;1251;;Drtija
105;14.2228,45.6508;6253;;Drskovče
130;15.8498,46.6944;2214;;Drobtinci
428;15.4847,45.9172;8273;;Drnovo
227;15.0925,45.7479;8350;;Drganja Sela
143;13.6108,46.2711;5222;;Drežniške Ravne
229;13.6128,46.2575;5222;;Drežnica
66;15.5955,46.2774;3241;;Drevenik
154;15.5325,46.1115;3261;;Drensko Rebro
914;14.3328,45.9978;1358;;Drenov Grič
56;15.0081,45.7840;8361;;Drenje
233;15.9302,46.5350;2255;;Drbetinci
87;14.3761,45.9111;1353;;Dražica
332;14.1495,46.2636;4228;;Dražgoše
161;15.8100,46.6594;2213;;Dražen Vrh
529;15.8500,46.3833;2288;;Draženci
518;15.4833,46.3333;3210;;Draža Vas
3289;15.0187,46.5885;2370;;Dravograd
142;15.1333,46.5833;2371;;Dravče
224;15.3667,45.6667;8330;;Drašiči
405;15.3947,46.2736;3222;;Dramlje
130;16.0364,46.5836;9245;;Dragotinci
1446;14.3843,46.0161;1358;;Dragomer
866;14.5873,46.1103;1262;;Dragomelj
29;15.2667,45.7000;8330;;Drage
251;15.1756,45.5208;8343;;Dragatuš
99;14.6547,45.6336;1331;;Draga
332;15.1661,46.4619;2382;;Dovže
640;13.9720,46.4686;4281;;Dovje
798;13.7369,45.8897;5294;;Dornberk
1267;15.9529,46.4357;2252;;Dornava
209;14.3229,46.1954;4209;;Dorfarje
181;15.7346,46.2583;2289;;Donačka Gora
13204;14.5937,46.1377;1230;;Domžale
278;16.3061,46.7817;9206;;Domanjševci
248;16.0506,46.7414;9261;;Domajinci
331;15.2517,45.7611;8322;;Dolž
167;14.9167,46.3333;3332;;Dol-Suha
595;14.6772,46.0919;1262;;Dolsko
241;14.6007,46.0886;1262;;Dol pri Ljubljani
107;13.9125,45.5014;6272;;Dol pri Hrastovljah
1491;15.1128,46.1419;1431;;Dol pri Hrastniku
496;14.3539,45.9294;1353;;Dol pri Borovnici
508;14.2661,45.5481;6250;;Dolnji Zemon
31;14.9325,45.9625;1276;;Dolnji Vrh
425;16.0667,46.7833;9264;;Dolnji Slaveči
24;14.9131,45.8559;8360;;Dolnji Križ
60;14.9783,45.7931;8361;;Dolnji Kot
114;14.0355,45.6599;6217;;Dolnje Vreme
55;14.6506,45.8208;1318;;Dolnje Retje
25;15.3252,45.9757;8293;;Dolnje Orle
29;15.1020,45.7627;8351;;Dolnje Mraševo
151;14.8111,45.6872;1332;;Dolnje Ložine
227;13.9800,45.6775;6215;;Dolnje Ležeče
80;15.2667,45.6333;8332;;Dolnje Dobravice
135;13.5531,45.9789;5212;;Dolnje Cerovo
212;15.2000,45.7667;8322;;Dolnja Težka Voda
119;15.2833,45.9000;8275;;Dolnja Stara Vas
241;15.3833,45.8500;8311;;Dolnja Prekopa
83;15.2870,45.6744;8330;;Dolnja Lokvica
335;14.1242,45.6628;6257;;Dolnja Košana
13;14.8208,45.5214;8331;;Dolnja Briga
81;14.1844,45.6103;6255;;Dolnja Bitnja
195;16.1803,46.7433;9202;;Dolina
66;14.3333,46.4000;4290;;Dolina
392;16.1072,46.8366;9263;;Dolič
135;15.8131,46.5303;2242;;Dolge Njive
633;16.4417,46.5878;9225;;Dolga Vas
829;14.8847,45.6169;1330;;Dolga Vas
65;14.9308,45.9497;8213;;Dolga Njiva pri Šentlovren.
135;14.6686,45.9928;1290;;Dole pri Polici
111;15.0189,46.0353;1273;;Dole pri Litiji
194;14.7169,46.1413;1251;;Dole pri Krašcah
882;15.0592,45.7566;8350;;Dolenjske Toplice
48;15.1939,45.4943;8343;;Dolenji Suhor pri Vinici
136;15.2833,45.8000;8310;;Dolenji Suhadol
28;14.9053,45.8888;8213;;Dolenji Podšumberk
201;14.0333,46.1500;5282;;Dolenji Novaki
127;15.3000,45.8500;8222;;Dolenji Maharovec
0;14.2417,45.9344;1370;;Dolenji Logatec
288;14.7175,45.7642;1310;;Dolenji Lazi
50;15.0475,45.8340;8216;;Dolenji Globodol
134;15.0833,45.7333;8350;;Dolenje Sušice
210;15.5500,45.9000;8261;;Dolenje Skopice
56;14.9311,45.9000;8213;;Dolenje Selce
207;14.2653,45.5067;6254;;Dolenje pri Jelšanah
11;14.5413,45.6863;1360;;Dolenje Poljane
27;14.4153,45.8358;1382;;Dolenje Otave
147;15.2833,45.8333;8222;;Dolenje Mokro Polje
79;15.1738,45.7504;8321;;Dolenje Lakovnice
119;15.2500,45.8500;8220;;Dolenje Kronovo
116;15.1500,45.8667;8000;;Dolenje Karteljevo
16;14.9325,45.8803;8211;;Dolenje Kamenje pri Dobrniču
81;15.1542,45.8494;8000;;Dolenje Kamenje
0;15.1500,45.8333;8000;;Dolenje Kamence
230;14.3592,45.7747;1380;;Dolenje Jezero
22;15.2000,45.8500;8000;;Dolenje Grčevje
28;15.0538,45.7697;8350;;Dolenje Gradišče
91;15.2833,45.9333;8276;;Dolenje Dole
79;14.1530,46.1233;4223;;Dolenje Brdo
35;14.1500,46.1667;4224;;Dolenja Žetina
83;15.0945,45.8749;8216;;Dolenja Vas pri Mirni Peči
422;14.2333,46.2167;4227;;Dolenja Vas
473;14.3472,45.7861;1380;;Dolenja Vas
163;14.0128,45.7336;6224;;Dolenja Vas
731;14.7544,45.7061;1331;;Dolenja Vas
286;13.8403,46.0914;5283;;Dolenja Trebuša
0;15.1000,45.8000;8351;;Dolenja Straža
14;14.1427,46.1501;4224;;Dolenja Ravan
8;15.0838,45.5376;8342;;Dolenja Podgora
77;15.5333,45.8833;8261;;Dolenja Pirošica
15;15.4222,45.9681;8283;;Dolenja Lepa Vas
51;14.4292,45.9487;1352;;Dolenja Brezovica
204;16.2897,46.8522;9204;;Dolenci
125;14.1061,45.9814;5275;;Dole
901;16.1781,46.6033;9241;;Dokležovje
763;15.7067,46.5231;2204;;Dogoše
338;15.3081,45.8892;8275;;Dobruška Vas
0;14.5833,46.0333;1261;;Dobrunje
334;13.5271,45.9974;5212;;Dobrovo
972;16.3525,46.6514;9224;;Dobrovnik
799;15.7028,46.4803;2312;;Dobrovce
921;14.3919,46.0458;1351;;Dobrova
70;14.2175,45.5664;6250;;Dobropolje
97;14.9800,45.8750;8211;;Dobrnič
548;15.2262,46.3371;3204;;Dobrna
248;15.8000,46.2833;2287;;Dobrina
86;14.9833,46.5500;2390;;Dobrije
182;15.0678,46.3193;3327;;Dobrič
435;13.8453,45.8839;5263;;Dobravlje
76;13.8822,45.7669;6221;;Dobravlje
76;14.5442,45.9433;1319;;Dobravica
59;14.8223,45.9772;1296;;Dobrava pri Stični
197;15.3187,45.8745;8222;;Dobrava pri Škocjanu
88;15.4103,46.3487;3210;;Dobrava pri Konjicah
74;14.9681,45.8567;8211;;Dobrava
188;14.8617,45.9322;1296;;Dob pri Šentvidu
283;15.7516,46.2189;3252;;Dobovec pri Rogatcu
170;15.0572,46.1131;1423;;Dobovec
744;15.6637,45.8972;8257;;Dobova
186;15.1439,45.5555;8340;;Dobliče
79;13.6897,46.1197;5215;;Doblar
114;15.3941,46.1375;3224;;Dobje pri Planini
81;15.4667,46.1167;3262;;Dobje pri Lesičnem
209;14.5333,46.1333;1236;;Dobeno
57;15.6167,45.8667;8251;;Dobeno
65;14.3368,45.8674;1353;;Dobec
1563;14.6286,46.1519;1233;;Dob
1357;13.9705,45.6848;6215;;Divača
101;15.8333,46.3333;2286;;Dežno pri Podlehniku
85;15.7000,46.3167;2321;;Dežno pri Makolah
198;15.5756,46.4111;2310;;Devina
172;15.8789,46.4925;2253;;Destrnik
1279;13.6138,46.0531;5210;;Deskle
55;15.2375,45.5606;8340;;Desinec
33;15.9175,46.4928;2253;;Desenci
90;14.7667,46.1167;1281;;Dešen
76;14.8981,45.8489;8360;;Dešeča Vas
507;14.5833,46.1333;1230;;Depala Vas
140;14.1939,46.1539;4224;;Delnice
1586;13.8136,45.5497;6271;;Dekani
179;15.6398,45.9872;8255;;Dednja Vas
128;14.7444,45.9622;1294;;Dedni Dol
304;15.6059,45.9522;8253;;Dečno Selo
94;15.0500,45.8833;8210;;Dečja Vas
47;15.1000,45.9167;8230;;Debenec
30;14.8153,45.9967;1296;;Debeče
301;14.0333,46.1833;4229;;Davča
143;16.1667,46.7667;9202;;Dankovci
413;13.8811,45.7161;6210;;Dane pri Sežani
62;13.9833,45.6522;6217;;Dane pri Divači
61;14.6942,45.7367;1310;;Dane
112;14.4147,45.6972;1386;;Dane
32;15.1886,45.4391;8344;;Damelj
98;15.1251,45.8417;8216;;Daljni Vrh
0;14.5508,46.0064;1291;;Daljna Vas
207;14.8886,45.6364;1330;;Cvišlerji
614;16.2192,46.5472;9240;;Cven
0;14.5333,46.1000;1236;;Črnuče
70;13.8961,45.5550;6275;;Črnotiče
5496;15.1919,45.5726;8340;;Črnomelj
296;14.2667,46.0833;1355;;Črni Vrh
648;14.0436,45.9242;5275;;Črni Vrh
141;14.8975,45.5911;1330;;Črni Potok pri Kočevju
27;14.6806,45.5869;1337;;Črni Potok pri Dragi
207;13.8800,45.5500;6275;;Črni Kal
426;13.7767,45.9106;5262;;Črniče
46;14.3056,46.1966;4209;;Crngrob
665;15.0009,46.5885;2370;;Črneče
123;15.4587,45.8285;8311;;Črneča Vas
299;15.8914,46.6944;9253;;Črnci
817;14.4706,45.9969;1357;;Črna Vas
2409;14.8501,46.4704;2393;;Črna na Koroškem
136;15.1000,45.6833;8323;;Črmošnjice
59;15.3500,46.3333;3213;;Črešnjice
98;15.2328,45.6550;8333;;Črešnjevec pri Semiču
5;15.2240,45.5129;8343;;Črešnjevec pri Dragatušu
510;15.6164,46.3758;2318;;Črešnjevec
817;15.9958,46.6547;9250;;Črešnjevci
1178;16.3041,46.5579;9232;;Črenšovci
256;14.9667,46.1167;1412;;Čolnišče
496;14.0050,45.8758;5273;;Col
270;15.9622,46.5811;2236;;Cogetinci
418;15.7312,46.3999;2326;;Cirkovce
112;15.6546,46.6567;2212;;Cirknica
0;14.3643,46.2307;4000;;Čirčiče
167;15.4333,46.5333;2343;;Činžat
33;15.1167,46.0833;1432;;Čimerno
43;15.1322,45.9018;8231;;Čilpah
84;16.3214,46.7228;9207;;Čikečka Vas
332;15.7667,46.5000;2241;;Ciglence
176;13.6985,46.1625;5220;;Čiginj
343;13.5464,46.3195;5230;;Čezsoča
38;15.4406,46.4173;2317;;Cezlak
528;13.8053,45.5392;6276;;Čežarji
236;16.1519,46.5225;9240;;Cezanjevci
61;14.7508,45.7978;1313;;Četež pri Strugah
40;14.1885,46.1671;4224;;Četena Ravan
71;15.4667,45.9667;8270;;Cesta
273;14.6886,45.8619;1312;;Cesta
107;14.8167,46.2333;1219;;Češnjice v Tuhinju
99;15.1500,45.9000;8231;;Češnjice pri Trebelnem
19;14.7764,46.1919;1223;;Češnjice
347;13.9447,46.2956;4267;;Bohinjska Češnjica
0;14.1667,46.2333;4228;;Češnjica
708;15.6692,46.6992;2215;;Ceršak
1272;16.1333,46.6667;9000;;Černelavci
78;15.2667,45.5833;8332;;Cerkvišče
135;15.9437,46.5680;2236;;Cerkvenjak
4018;14.3626,45.7970;1380;;Cerknica
232;15.5128,45.8834;8263;;Cerklje ob Krki
1710;14.4862,46.2501;4207;;Cerklje na Gorenjskem
63;14.0000,46.1000;5282;;Cerkljanski Vrh
348;13.7969,46.0494;5253;;Čepovan
23;15.0508,45.5360;8342;;Čeplje
283;16.1906,46.8608;9203;;Čepinci
230;14.9444,46.1792;1413;;Čemšenik
38059;15.2604,46.2309;3502;;Celje
50;14.1546,45.5916;3000;;Čelje
46;15.2167,45.9167;8295;;Čelevec
131;13.9647,45.9867;5280;;Čekovnik
319;15.6025,45.8894;8251;;Čatež ob Savi
106;14.9604,45.9712;1276;;Čatež
21;14.9672,45.9775;1276;;Čateška Gora
446;16.0224,46.7203;9261;;Cankova
24;14.4442,45.8328;1382;;Cajnarje
275;15.9336,46.5525;2236;;Čagona
33;13.7476,46.2122;5220;;Zadlaz–Čadrg
76;15.3000,45.8667;8222;;Čadraže
265;15.4667,46.3833;2317;;Čadram
160;15.6167,46.2667;3250;;Čača Vas
55;14.1333,46.1333;4224;;Čabrače
114;15.2000,45.5500;8340;;Butoraj
219;14.2500,46.0500;1354;;Butajnova
123;15.2833,45.6833;8330;;Bušinja Vas
185;16.1403,46.5928;9241;;Bunčani
354;15.3000,46.2333;3221;;Bukovžlak
99;14.2106,46.1012;4223;;Bukov Vrh
371;15.0517,46.5500;2373;;Bukovska Vas
146;14.2667,46.2167;4227;;Bukovščica
179;13.9033,46.1542;5242;;Bukovo
39;16.3256,46.6936;9222;;Bukovnica
224;15.3667,46.3500;3206;;Bukovlje
160;15.4507,46.1647;3263;;Bukovje pri Slivnici
69;15.7000,46.0333;8259;;Bukovje
164;14.1328,45.8178;6225;;Bukovje
398;14.5071,46.1789;1217;;Bukovica pri Vodicah
178;14.2500,46.2000;4227;;Bukovica
90;14.8639,45.9753;1296;;Bukovica
475;13.6672,45.9008;5293;;Bukovica
973;15.9650,46.3872;2281;;Bukovci
0;15.0667,45.5667;8342;;Bukova Gora
47;14.0875,45.6550;6217;;Buje
110;16.2576,46.8546;9204;;Budinci
0;15.9000,46.4167;2250;;Budina
817;13.9480,45.8747;5274;;Budanje
119;16.0500,46.5333;9243;;Bučkovci
113;15.3167,45.9333;8276;;Bučka
88;15.5106,45.9754;8270;;Bučerca
265;16.1067,46.5883;9244;;Bučečovci
157;15.5701,46.1080;3255;;Buče
1118;14.7195,46.2192;1219;;Buč
418;15.7333,46.4333;2206;;Brunšvik
83;15.1803,46.0468;1433;;Brunška Gora
11;15.1847,46.0406;1434;;Brunk
0;15.1500,45.8167;8501;;Bršljin
173;14.2500,46.1333;4223;;Brode
93;13.9308,46.2769;4264;;Brod
34;13.8419,45.7775;6221;;Brje pri Koprivi
108;13.7203,45.7839;6223;;Brje pri Komnu
1908;14.3904,46.2602;4212;;Britof
0;13.6667,46.0000;5251;;Britof
165;14.3000,46.0500;1355;;Briše pri Polhovem Gradcu
248;15.6901,46.4366;2327;;Brezula
31;14.0852,45.5771;6243;;Brezovo Brdo
158;15.3672,45.9961;8283;;Dolnje Brezovo
3221;14.4150,46.0233;1351;;Brezovica pri Ljubljani
60;14.6535,46.1310;1233;;Brezovica pri Dobu
261;14.3964,45.8989;1353;;Brezovica pri Borovnici
206;16.3333,46.6000;9224;;Brezovica
157;14.2167,46.3000;4245;;Brezovica
132;15.0403,45.9383;8233;;Brezovica pri Mirni
89;14.0000,45.6000;6242;;Brezovica
294;15.1667,46.6167;2366;;Brezovec
192;16.0294,46.3500;2282;;Brezovec
255;16.1231,46.7083;9201;;Brezovci
41;15.0500,45.8167;8351;;Brezova Reber pri Dvoru
40;15.2219,45.6897;8333;;Brezova Reber
0;14.8514,45.9833;1296;;Brezovec
466;15.3200,46.5956;2363;;Brezno
164;15.3242,46.6333;2363;;Brezni Vrh
24;15.1593,45.5245;8343;;Breznik
470;14.1541,46.3939;4274;;Breznica
49;15.4925,45.8371;8312;;Brezje v Podbočju
17;15.1886,45.6304;8333;;Brezje pri Vinjem Vrhu
111;15.6497,45.8398;8257;;Brezje pri Veliki Dolini
89;15.4333,45.9333;8273;;Brezje pri Senušah
10;15.1460,45.6723;8333;;Brezje pri Rožnem Dolu
63;15.5743,46.2537;3241;;Brezje pri Podplatu
55;15.5148,46.1929;3264;;Brezje pri Lekmarju
10;14.9951,45.9794;1274;;Brezje pri Kumpolju
861;14.6422,45.9503;1290;;Brezje pri Grosupljem
399;14.3483,46.0278;1358;;Brezje pri Dobrovi
257;14.9667,46.3500;3330;;Brezje
513;14.2323,46.3290;4243;;Brezje
0;15.5981,45.9317;8253;;Brezina
6843;15.5932,45.9073;8250;;Brežice
228;15.2664,46.3833;3205;;Brezen
0;15.3506,46.1653;3271;;Breze
102;14.9724,45.9127;8212;;Breza
49;13.9450,45.7147;6215;;Brestovica pri Povirju
188;13.6275,45.8158;5296;;Brestovica pri Komnu
1377;15.5750,46.5697;2354;;Bresternica
993;15.4775,45.9953;8280;;Brestanica
311;14.4967,45.9703;1292;;Brest
270;15.9167,46.5667;2236;;Brengova
45;14.9102,45.9426;8213;;Stranje pri Velikem Gabru
225;14.8533,46.0642;1275;;Breg pri Litiji
0;14.9500,45.6833;1330;;Novi Breg
326;14.3667,45.9375;1353;;Breg pri Borovnici
489;14.3824,46.2061;4211;;Breg ob Savi
108;14.4167,46.3000;4205;;Breg ob Kokri
196;13.4278,46.2647;5223;;Breginj
252;15.5001,45.9209;8273;;Brege
670;14.1333,46.4000;4274;;Breg
139;15.2406,46.0461;1434;;Breg
126;14.1760,46.0645;4226;;Brebovnica
654;15.0000,46.5333;2394;;Brdinje
38;15.2079,45.5234;8343;;Brdarci
28;14.1914,45.5742;3000;;Brce
698;16.2192,46.6181;9231;;Bratonci
190;16.0167,46.4833;2257;;Bratislavci
383;15.0398,46.2880;3314;;Braslovče
168;16.1319,46.5221;9244;;Branoslavci
960;13.7842,45.8572;5295;;Branik
119;15.4167,46.4167;2317;;Božje
129;15.3816,45.6466;8330;;Božakovo
1631;13.5525,46.3381;5230;;Bovec
312;15.2825,46.0144;8294;;Boštanj
29;14.7661,45.5161;1337;;Bosljiva Loka
151;15.5500,45.8833;8261;;Boršt
170;13.8008,45.4856;6273;;Boršt
2162;14.3644,45.9175;1353;;Borovnica
51;14.7652,45.5588;1338;;Borovec pri Kočevski Reki
310;15.9428,46.4186;2252;;Borovci
40;14.8167,46.1667;1223;;Borje pri Mlinšah
142;13.4775,46.2592;5223;;Borjana
248;16.1017,46.6828;9251;;Borejci
289;16.1414,46.5592;9242;;Boreci
82;16.1433,46.8375;9263;;Boreča
418;16.0242,46.6444;9252;;Boračeva
140;15.4567,46.2567;3232;;Boletina
129;16.0572,46.5542;9243;;Bolehnečici
51;15.3424,45.6726;8330;;Boldraž
69;16.1960,46.7325;9201;;Bokrači
74;15.5000,46.4667;2315;;Bojtina
104;15.3333,45.7000;8330;;Bojanja Vas
84;15.2497,45.5036;8344;;Bojanci
270;15.6667,46.5000;2204;;Bohova
1767;13.9535,46.2722;4264;;Bohinjska Bistrica
546;14.0639,46.3489;4263;;Bohinjska Bela
227;15.3712,46.4010;3214;;Boharina
537;16.2839,46.6761;9222;;Bogojina
100;14.9078,45.8339;8360;;Budganja Vas
192;14.3000,46.1500;4220;;Bodovlje
431;16.0922,46.7442;9265;;Bodonci
147;16.0598,46.5089;9243;;Bodislavci
621;14.8550,46.2894;3341;;Bočna
69;14.4692,45.7622;1385;;Bloška Polica
114;14.4575,45.7611;1384;;Bločice
962;14.1000,46.4000;4273;;Blejska Dobrava
5181;14.1165,46.3686;4260;;Bled
61;14.7248,45.9888;1294;;Blečji Vrh
100;15.4362,46.3313;3210;;Blato
156;15.6228,45.9840;8256;;Blatno
19;15.1333,45.6500;8333;;Blatnik pri Črmošnjicah
347;14.3478,45.9797;1357;;Blatna Brezovica
61;14.7441,45.6959;1331;;Blate
246;15.4000,45.9833;8283;;Blanca
123;14.8072,46.1769;1223;;Blagovica
691;15.6928,46.0149;8259;;Bizeljsko
47;15.6942,46.0423;3256;;Bizeljska Vas
280;14.5847,46.2680;1242;;Bistričica
2996;14.2917,46.3547;4294;;Bistrica pri Tržiču
0;15.5144,46.5572;2345;;Bistrica pri Rušah
121;15.1167,45.9667;8232;;Bistrica
0;15.5508,46.5539;2353;;Bistrica pri Limbušu
235;15.6633,46.0575;3256;;Bistrica ob Sotli
76;14.2833,46.2833;4201;;Bistrica
3;15.1103,45.5698;8340;;Bistrica
80;14.8000,46.4500;2393;;Bistra
329;15.8869,46.5275;2254;;Biš
379;15.1446,45.7456;8323;;Birčna Vas
1191;13.6322,45.8944;5291;;Bilje
82;14.6085,45.9476;1293;;Bičje
91;14.3700,45.8317;1382;;Bezuljak
169;16.0717,46.7322;9265;;Beznovci
536;15.4266,46.3603;3210;;Bezina
929;14.3558,45.9839;1357;;Bevke
229;14.6667,46.0333;1261;;Besnica
966;13.7678,45.5456;6000;;Bertoki
49;16.2925,46.7544;9207;;Berkovci
146;16.0831,46.5528;9244;;Berkovci
449;14.6167,46.0833;1262;;Beričevo
0;14.4856,45.9039;1319;;Benko
955;15.8910,46.6065;2234;;Benedikt
3;13.8236,45.4628;6273;;Belvedur
2394;16.2412,46.6054;9231;;Beltinci
207;14.1536,45.8161;6230;;Belsko
278;14.9611,46.4125;3326;;Bele Vode
170;13.9150,46.4783;4281;;Belca
106;15.2667,45.8667;8222;;Bela Cerkev
87;14.8667,46.2333;1221;;Bela
34;14.0312,45.8537;5273;;Bela
9;13.8944,45.6006;6240;;Beka
658;14.3822,45.8181;1382;;Begunje pri Cerknici
988;14.2167,46.3833;4275;;Begunje na Gorenjskem
62;15.2743,45.5398;8341;;Bedenj
8;13.6315,46.3698;5232;;Bavšica
154;13.7051,46.0304;5251;;Bate
422;14.4000,46.3167;4205;;Bašelj
102;14.0519,45.6401;6217;;Barka
199;16.1675,46.5725;9241;;Banovci
256;13.7167,46.0500;5214;;Banjšice
40;14.8647,45.5068;8331;;Banja Loka
1491;16.1503,46.6189;9241;;Bakovci
117;14.0000,45.5833;6242;;Bač pri Materiji
42;15.8749,46.6490;2234;;Zgornja Bačkova
20;13.9711,46.2239;5243;;Bača pri Podbrdu
135;13.7720,46.1538;5216;;Bača pri Modreju
458;14.2578,45.6334;6253;;Bač
337;14.5494,45.6452;1360;;Babno Polje
13;14.5142,45.6395;1360;;Babna Polica
0;14.5131,45.9853;1292;;Babna Gorica
117;15.5000,46.1667;3223;;Babna Gora
54;15.9476,46.6540;9250;;Aženski Vrh
240;13.6882,46.0944;5215;;Avče
109;13.8722,45.7808;6221;;Avber
47;14.0306,45.6128;6242;;Artviže
19;15.4134,45.9764;8283;;Srednje Arto
312;15.5878,45.9539;8253;;Artiče
174;15.4912,46.0119;8281;;Armeško
543;15.9093,46.6978;9253;;Apače
802;15.8025,46.3769;2324;;Apače
110;15.5121,45.9920;8280;;Anže
81;13.6212,46.0578;5210;;Anhovo
174;15.9508,46.5492;2236;;Andrenci
0;14.2833,46.1333;4220;;Andrej nad Zmincem
205;16.2242,46.7220;9208;;Andrejci
828;15.0925,46.3250;3503;;Andraž nad Polzelo
270;14.8167,45.8272;1303;;Ambrus
6843;13.9095,45.8860;5270;;Ajdovščina
42;15.0174,45.8240;8361;;Gornji Ajdovec
9;14.8558,45.5328;8331;;Ajbelj
74;13.6461,46.1050;5213;;Ajba
164;16.2472,46.8183;9203;;Adrijanci
118;15.3065,45.5222;8341;;Adlešiči
0;15.6667,45.8417;8257;;Bregansko Selo
16;15.6641,45.8473;8257;;Perišče
123;15.6667,45.8583;8257;;Ribnica
0;14.6667,45.8667;1312;;Spodnja Ribnica
0;15.6167,45.8667;8251;;Dobenska Mladina
0;15.6833,45.8833;8257;;Spodnje Rigonce
175;15.6833,45.8917;8257;;Rigonce
0;15.7000,45.9333;8258;;Bregansko
0;15.6667,45.9667;8254;;Pesjak
0;15.6000,45.9667;8253;;Prvi Javrovec
0;15.6000,45.9681;8256;;Srednji Javrovec
222;14.3108,45.4936;6254;;Novokračine
77;14.0733,46.0289;4226;;Govejk
21;14.1397,46.0122;4226;;Izgorje
0;14.8492,45.5231;8331;;Puc
61;14.1986,46.0603;4223;;Dolge Njive
0;14.0961,46.0722;4226;;Muhovec
194;14.1028,46.0981;4225;;Trebija
0;15.0308,45.4897;8342;;Hreljin
0;15.0817,45.4872;8342;;Blaževci
108;14.2494,46.1364;4223;;Gabrk
93;15.2003,45.4856;8343;;Stara Lipa
48;15.2493,45.4649;8344;;Ogulin
0;16.2892,46.8111;9204;;Salovski Breg
0;14.3639,46.2240;4000;;Drulovka
213;16.1689,46.7814;9202;;Mačkovci
0;14.3136,46.1111;1355;;Vodnik
181;16.0861,46.7125;9265;;Puževci
0;16.0250,46.7100;9261;;Ženkovci
62;14.1847,46.2339;4228;;Kališe
0;15.3194,45.5153;8341;;Gorenjcj
0;16.0467,46.6464;9252;;Slatina Radinci
114;16.0553,46.6331;9252;;Rihtarovci
0;16.0367,46.6219;9252;;Kopela
0;16.1397,46.6708;9000;;Črnelavci
0;16.0117,46.5103;9243;;Sakušak
0;14.2519,46.0714;1355;;Pečovje
140;16.0483,46.5672;9243;;Slaptinci
100;16.0558,46.5289;9243;;Mala Nedelja
118;16.1294,46.5358;9244;;Grabe pri Ljutomeru
0;16.2006,46.5661;9241;;Gornje Krapje
0;16.2097,46.5611;9241;;Spodnje Krapje
252;16.2788,46.5218;9232;;Razkrižje
0;14.3700,46.0625;1356;;Zadel
0;16.0603,46.4694;2258;;Savski Vrh
0;16.0547,46.4131;2273;;Oslusevci
205;16.0033,46.4317;2272;;Tibolci
0;14.3592,46.0089;1358;;Log pri Brezovice
62;16.0558,46.4589;2273;;Bratonečice
0;16.0403,46.4647;2257;;Kuljmanovi
0;14.5722,46.0794;1260;;Sneberje
0;16.2053,46.4072;2270;;Sobetinci
0;14.5725,46.0383;1261;;Bizovik
0;14.5258,46.0239;1000;;Ilovica
0;14.7228,46.0700;1281;;Mežnar
0;14.3425,46.2331;4000;;Stražišče
0;14.1792,46.2542;4228;;Na Pečeh
235;14.4669,46.2731;4207;;Adergas
76;14.6947,46.1081;1251;;Klopce
100;14.6422,46.1228;1233;;Brdo
69;14.7175,46.1503;1225;;Prikrnica
0;14.5983,46.2042;1241;;Duplica
83;14.5417,46.2344;1218;;Cerkljanska Dobrava
108;14.8169,46.0731;1270;;Podšentjur
11;14.7958,46.0047;1275;;Osredek nad Stično
0;14.9286,46.0506;1272;;Dolgi Rt
185;14.9425,46.0797;1272;;Tepe
81;14.8450,46.0914;1252;;Konj
36;14.9197,46.1244;1411;;Golče
46;14.7683,46.1108;1281;;Zgornji Prekar
102;14.9611,46.1678;1413;;Ržiše
0;14.9603,46.2175;3305;;Ravne
70;16.4119,46.6025;9225;;Banuta
128;16.3764,46.6414;9224;;Žitkovci
61;13.8550,45.4511;6272;;Brezovica pri Gradinu
0;13.8636,45.4350;6272;;Reparac
34;14.7597,46.1956;1219;;Gabrovnica
33;14.8153,46.1956;1223;;Gabrje pod Spilkom
762;13.6706,45.4906;6274;;Korte
587;13.6538,45.5112;6310;;Šared
0;13.7225,45.5403;6001;;Semedela
0;13.7100,45.5456;6001;;Žusterna
379;13.6814,45.4719;6274;;Sveti Peter
139;13.8486,45.5439;6275;;Rižana
19;15.0383,46.0122;1273;;Hude Ravne
14;15.0082,46.0221;1274;;Prevale
35;15.0719,46.0214;1273;;Strmec
61;15.1045,46.0324;8297;;Kladje pri Krmelju
7;15.0608,46.0475;1273;;Radgonica
65;15.2050,46.0325;1434;;Goreljce
0;15.1994,46.0950;1432;;Briše
0;15.0397,46.1072;1423;;Smodiš
310;15.1508,46.1464;1431;;Brdce
0;15.0686,46.1831;1420;;Zgornja Svina
0;15.0336,46.1856;1420;;Zadobje
259;15.0650,46.2083;3312;;Marija Reka
421;15.1270,46.2358;3302;;Šešče pri Preboldu
0;15.2706,46.0672;1434;;Lisca
193;15.2856,46.0850;3273;;Polana
108;15.3714,46.0125;8283;;Čanje
0;15.4372,46.0528;8281;;Puste Ložice
0;15.4192,46.0894;3225;;Zaga
0;15.3597,46.0778;3273;;Rudenik
0;15.3589,46.1064;3273;;Marof
55;15.4461,46.1165;3262;;Planinski Vrh
0;15.3767,46.1197;3225;;Jesenih
139;15.4774,46.1255;3262;;Lopaca
65;15.3958,46.1492;3224;;Jezerce pri Dobjem
0;15.2900,46.1314;3270;;Sveti Lenart
85;15.4728,46.1764;3264;;Bukovje v Babni Gori
261;15.3056,46.1617;3271;;Olešče
53;15.4578,46.1889;3263;;Rakitovec
48;15.4214,46.2033;3263;;Črnolica
198;15.4605,46.2253;3232;;Šentvid pri Grobelnem
0;15.6939,46.0103;8259;;Spodnja Sušica
55;15.5258,46.0056;8282;;Gorica pri Raztezu
0;15.5431,46.0847;3260;;Korte
0;15.5686,46.0944;3255;;Gorska
72;15.6186,46.1003;3255;;Sedlarjevo
0;15.5417,46.1306;3255;;Zgornje Doblježice
27;15.5375,46.1494;3223;;Rudnica
296;13.5825,45.9931;5211;;Hum
310;13.6081,45.9897;5211;;Podsabotin
97;15.5256,46.1892;3264;;Strtenica
3227;13.6494,45.9714;5250;;Solkan
0;13.7119,45.9853;5252;;Sedovec
0;13.7572,45.9686;5252;;Rijavci
46;15.5714,46.2039;3253;;Spodnje Mestinje
267;13.6967,45.9511;5600;;Ajševica
277;13.7369,45.9522;5261;;Šmihel
0;13.8208,45.9100;5262;;Guštini
346;13.7778,45.8964;5262;;Batuje
0;13.7478,45.9219;5261;;Gorenje Visoko
0;13.9764,45.9578;5280;;Šinkovec
276;13.9850,45.9458;5280;;Zadlog
0;13.9278,45.9203;5270;;Bolčina
127;15.5519,46.2317;3241;;Belo
0;13.8919,45.9161;5270;;Slokarji
0;15.6992,46.2461;3252;;Vićna Vas
18;13.8782,45.8159;6222;;Koboli
0;13.8125,45.8594;5295;;Sveti Martin
92;13.8322,45.8536;6222;;Zavino
48;13.8853,45.7975;6222;;Ravnje
111;13.8297,45.8436;6222;;Spodnja Branica
42;13.8150,45.8375;6222;;Lukovec
38;13.7725,45.8272;6223;;Mali Dol
0;13.6678,45.8797;5292;;Žigoni
505;13.7017,45.8889;5297;;Gradišče nad Prvačino
14;13.6731,45.8158;5296;;Vale
39;13.6928,45.8092;6223;;Klanec pri Komnu
0;13.6839,45.8789;5292;;Mohorini
91;15.4822,46.2585;3232;;Srževica
11;13.7214,45.8492;6223;;Šibelji
37;13.7428,45.8350;6223;;Rubije
139;13.8283,45.8097;6222;;Hruševica
41;13.7969,45.7869;6221;;Kosovelje
113;13.8031,45.7686;6221;;Krajna Vas
60;13.9119,45.6947;6210;;Plešivica
128;13.9447,45.6917;6215;;Gorenje pri Divači
96;13.9186,45.7083;6210;;Žirje
148;15.6517,46.2236;3250;;Rjavica
76;13.9358,45.6525;6219;;Prelože pri Lokvi
10;13.8814,45.8114;6222;;Večkoti
0;13.7575,45.8606;5295;;Pedrovo
189;15.9811,46.4031;2272;;Zagojiči
0;15.9031,46.3692;2284;;Sveti Vid
187;15.7275,46.3881;2326;;Dragonja Vas
0;15.8075,46.2861;2287;;Zgornje Ravno
0;15.7711,46.2950;2287;;Marina Vas
92;15.7822,46.3467;2323;;Doklece
0;15.8972,46.4278;2250;;Rogoznica
648;15.7164,46.4672;2206;;Dravski Dvor
307;15.6981,46.4361;2327;;Podova
227;15.6106,46.4619;2313;;Ranče
0;15.5336,46.4625;2315;;Preg
0;15.5100,46.4458;2315;;Blažic
240;15.5664,46.3728;2310;;Cigonca
302;15.5708,46.3514;2318;;Križni Vrh
87;15.7042,46.3406;2322;;Stopno
86;15.7250,46.3303;2322;;Preša
130;15.6257,46.2674;3250;;Zgornje Negonje
71;15.5097,46.2664;3240;;Bobovo pri Ponikvi
0;15.4422,46.2861;3222;;Pajčice
122;15.3894,46.3226;3210;;Kamna Gora
457;15.2856,46.3128;3203;;Nova Cerkev
187;15.3164,46.3308;3213;;Stražica
246;15.3950,46.3550;3206;;Zeče
0;15.3019,46.4336;3205;;Rakovec
0;15.3036,46.4603;2382;;Plevnik
7;15.3815,46.4562;3214;;Lukanja
41;15.4884,46.4245;2315;;Rep
0;15.4494,46.4814;2343;;Bajgot
403;15.1600,46.3528;3503;;Lipje
0;15.1967,46.4431;2382;;Straže
0;15.1992,46.4222;2382;;Hof
0;15.2033,46.4100;2382;;Hrustel
0;15.1064,46.4697;2381;;Sredme
0;15.1942,46.4853;2382;;Brešar
0;15.2225,46.4694;2382;;Repnik
0;15.1314,46.4753;2383;;Repnik
148;15.1324,46.4701;2383;;Turiška Vas
0;15.0456,46.4769;2381;;Prevalnik
0;15.0253,46.4664;2381;;Suhodolnik
0;15.1197,46.4294;2381;;Jesenjak
374;15.1764,46.3300;3204;;Črnova
286;15.1214,46.3369;3503;;Arnače
0;15.1272,46.3644;3503;;Salek
111;15.0683,46.2728;3313;;Topovlje
0;15.0972,46.2547;3311;;Groblje
284;15.0572,46.3000;3314;;Podvin pri Polzeli
120;15.1300,46.3047;3311;;Kale
0;15.2328,46.3192;3204;;Lancberk
36;15.2047,46.3561;3204;;Loka pri Dobrni
0;14.3058,46.0903;1355;;Kozjek
0;14.9931,46.4647;2394;;Molak
0;14.9544,46.4767;2394;;Jelen
0;14.8519,46.4717;2393;;Črna
0;14.8328,46.4922;2393;;Nagrnik
153;14.9319,46.4583;2393;;Javorje
0;14.9658,46.4414;3326;;Slemenšek
0;14.9169,46.4025;3330;;Zaloka
0;14.8708,46.4033;3333;;Lojen
0;14.8083,46.4100;2393;;Travnik
0;14.8389,46.4003;3333;;Tratnik
0;14.8061,46.3922;3333;;Erjavec
0;14.7814,46.4753;2393;;Burjak
0;14.9806,46.3592;3330;;Vodnik
0;14.8664,46.3556;3333;;Gager
0;14.8011,46.3358;3333;;Budna
0;14.7956,46.3206;3342;;Berglez
188;14.9483,46.3256;3331;;Prihova
97;14.9197,46.2942;3332;;Pusto Polje
18;14.9563,46.2891;3331;;Čreta pri Kokarjah
0;14.7267,46.4883;3335;;Kumar
0;14.7033,46.4350;3335;;Sveti Duh
0;14.6844,46.4025;3335;;Haudi
0;14.5189,46.4094;4206;;Sink
0;14.7297,46.3669;3334;;Stoglej
0;14.7256,46.3458;3334;;Koren
0;14.5919,46.3292;1242;;Uršic
0;14.5128,46.3378;4206;;Suhodolnik
0;14.6342,46.3194;1242;;Dol
0;14.6989,46.3067;3334;;Mlinari
0;14.5264,46.2725;4207;;Močnik
9;14.5678,46.2769;1242;;Klemenčevo
42;14.6956,46.2636;1219;;Podlom
0;14.4700,46.3842;4206;;Podlog
0;14.3950,46.4081;4206;;Medvodje
136;14.3891,46.4150;4206;;Jelendol
0;14.3981,46.3783;4206;;Planina Javornik
0;14.3919,46.3589;4204;;Planina Jesenje
389;14.2811,46.3317;4294;;Zvirče
95;14.2911,46.2928;4244;;Žeje
170;14.2333,46.3119;4243;;Otoče
2002;14.0872,46.4261;4270;;Slovenski Javornik
2160;14.1113,46.4491;4270;;Koroška Bela
0;15.9728,46.5050;2256;;Oblaki
94;15.9681,46.5258;2255;;Rjavci
169;15.9807,46.5343;2255;;Slavšina
193;15.8736,46.5156;2254;;Bišečki Vrh
40;15.8540,46.5019;2253;;Strmec pri Destrniku
0;15.7817,46.5211;2242;;Sveta Barbara
65;15.8325,46.5539;2230;;Šetarova
0;15.6153,45.8400;8251;;Gabrovica
30;15.6493,45.8745;8257;;Podgračeno
56;15.6729,45.9938;8255;;Vitna Vas
0;15.6069,45.9531;8253;;Decno Selo
47;15.5283,45.8526;8263;;Vinji Vrh
273;15.8072,46.6331;2223;;Žitence
45;13.8897,45.8175;6222;;Kodreti
0;15.8128,46.6614;2213;;Zamotna Vas
160;15.9722,46.6817;9250;;Podgrad
0;15.7583,46.6172;2223;;Ritiže
56;15.2684,45.5984;8332;;Boršt
0;15.2953,45.5378;8341;;Vrasičko
0;15.3019,45.5325;8341;;Selo
0;15.1997,45.5669;8340;;Loka
0;13.8742,46.4758;4283;;Malnik
0;13.8942,46.4411;4281;;Viški
0;13.9328,46.4306;4281;;Kosmač
0;15.6911,46.5364;2229;;Brezje
38;15.2556,45.7014;8330;;Dole
0;15.7036,46.5558;2229;;Vautošek
85;15.2597,45.6581;8330;;Krvavčji Vrh
0;15.3511,45.6906;8330;;Dojutrovica
0;15.5528,46.5639;2353;;Blanke
0;15.5611,46.5272;2208;;Marin
0;13.7117,46.4478;4280;;Tamar
0;15.4025,45.8650;8311;;Robič
50;15.3734,45.8458;8310;;Gruča
97;15.3280,45.8038;8310;;Mihovo
38;15.3594,45.8075;8310;;Javorovica
0;15.2194,45.8353;8001;;Sempeter
45;15.7269,46.6189;2211;;Slatenik
0;15.6069,46.6044;2351;;Sveti Urban
0;15.5194,46.6092;2345;;Ručič
0;13.7303,46.3992;5232;;Zapodnem
0;13.7472,46.3731;5232;;Krotica
0;13.8492,46.3503;4267;;Jezerce
0;13.9236,46.3467;4267;;Konjšica
0;13.9492,46.3592;4265;;Javornik
0;13.9908,46.3497;4265;;Mrzli Studenec
0;13.9786,46.3650;4265;;Kranjski Dol
0;13.9783,46.3872;4247;;Meja
89;15.4547,45.8883;8312;;Pristava pri Leskovcu
0;13.9197,46.3294;4267;;Praprotnica
0;13.9333,46.3161;4267;;Planina Zajamniki
94;15.4844,45.8653;8312;;Dobrava ob Krki
0;13.8922,46.2769;4267;;Sveti Janez
0;13.8772,46.2722;4267;;Jelovica
35;15.3621,45.8755;8310;;Mršeča Vas
0;13.8383,46.2617;4267;;Voglova
0;13.8628,46.2775;4267;;Sveti Duh
0;13.8703,46.2972;4267;;Hebat
0;13.8517,46.3158;4267;;Blato
21;15.3610,45.9443;8274;;Koritnica
0;13.8528,46.3275;4267;;Krstenica
105;15.4523,45.9611;8270;;Golek
0;13.8400,46.3375;4267;;Grintavica
0;15.4797,45.9425;8273;;Leskovec
0;13.8089,46.3172;4267;;Pri Jezeru
250;15.4735,46.5407;2352;;Črešnjevec ob Dravi
0;15.2903,46.5272;2364;;Samec
60;15.1389,45.9722;8232;;Dolenje Jesenice
66;15.0289,45.9742;8233;;Selo pri Mirni
0;15.0406,45.9614;8233;;Mlgovca
15;15.0034,45.9686;8233;;Gornje Ravne
76;15.0364,45.9289;8210;;Dol pri Trebnjem
138;15.0156,45.9008;8210;;Odrga
37;14.9811,45.9881;1274;;Tlaka
0;15.3006,46.5478;2364;;Hajnš
0;15.4078,46.5519;2344;;Kurja Vas
0;15.3528,46.6217;2363;;Narad
0;15.3708,46.6092;2361;;Robnik
0;13.6839,46.2503;5222;;Leskovca
0;13.7217,46.2364;5220;;Javorica
0;13.7375,46.2536;5220;;Pologar
0;13.7639,46.2786;5220;;Govnjač
0;13.6969,46.3586;5232;;Pod Skalo
0;13.6900,46.3258;5232;;Vršnik
0;15.1508,45.8283;8501;;Donje Kamnice
0;13.6544,46.3133;5232;;Blaž
157;13.7129,46.1953;5220;;Dolje
0;13.7694,46.2125;5220;;Zarobom
0;13.7703,46.2300;5220;;Ravne Žapče
0;13.8175,46.1794;5242;;Selo
0;13.9628,46.1947;5243;;Majolic
0;13.9447,46.1878;5243;;Brdar
0;13.8486,46.1372;5242;;Ostrožnik
0;13.9169,46.1406;5242;;Kojca
1596;13.9827,46.1253;5282;;Cerkno
0;13.7653,46.1206;5283;;Monfredi
0;13.7222,46.1425;5216;;Selo
0;13.8031,46.0947;5283;;Gorenji Čepovan
0;13.8006,46.0661;5253;;Dol
0;13.7306,46.0625;5214;;Murovci
0;13.7183,46.0700;5214;;Gomilnica
0;13.6633,46.0797;5213;;Vrh
0;13.6756,46.0647;5213;;Sanjšice
0;13.5872,46.0861;5213;;Marchici
0;13.5631,46.0725;5210;;Chiazzacco
29;15.1405,45.8828;8231;;Podturn
0;13.5564,46.0047;5211;;Sveti Lovreno
0;15.0422,45.8797;8210;;Dešeča Vas
0;13.6750,46.0236;5251;;Zabrdo
0;13.7042,46.0236;5251;;Podlaka
0;13.7400,46.0078;5252;;Zavrh
0;13.8439,46.0644;5253;;Kumar
0;13.9006,46.0603;5253;;Oblakov Vrh
0;13.8544,46.0164;5253;;Šinkovec
0;13.8869,46.0108;5253;;Mrzia Rupa
0;13.9319,46.0094;5280;;Kodr
65;15.0733,45.7131;8350;;Občice
0;15.0050,45.6756;8350;;Zaga Bog
0;13.9386,46.0711;5282;;Jereb
0;13.8647,46.0483;5253;;Ostrožnik
0;13.9528,46.0344;5281;;Na Rovtu
0;15.1478,46.5950;2367;;Sveti Peter
0;13.8964,46.0450;5253;;Na Ogalcah
0;13.9242,46.0589;5281;;Na Krnicah
0;15.1061,46.6411;2371;;Sveti Simon
0;15.1864,46.6383;2366;;Bernhard
207;15.2253,46.6006;2365;;Dobrava
0;15.0817,46.6064;2371;;Sveti Marija-Magdalena
0;15.0742,46.5717;2373;;Ghamus
0;15.0272,45.5450;8342;;Videm
134;14.9278,46.5136;2391;;Kot pri Prevaljah
2;14.7522,45.6103;1338;;Gotenica
0;14.8619,45.6719;1332;;Brunvirt
0;14.8236,45.7428;8362;;Kukovo
79;14.8608,45.7733;8362;;Prevole
69;14.9172,45.8386;8360;;Prapreče
99;14.9611,45.8086;8361;;Jama pri Dvoru
186;14.8131,45.9639;1296;;Mekinje nad Stično
126;14.7458,45.9714;1294;;Vrh pri Višnji Gori
13;14.6664,45.9831;1290;;Dobje
0;14.6775,45.9672;1290;;Perovo
145;14.7222,45.9603;1294;;Spodnje Brezovo
0;14.5369,45.6814;1360;;Zgornje Poljane
0;14.6081,45.6953;1317;;Bela Voda
64;14.5336,45.7642;1385;;Studenec na Blokah
93;14.5806,45.7678;1317;;Podklanec
1;14.5663,45.8219;1314;;Bane
28;14.5464,45.8492;1314;;Mački
10;14.5383,45.8644;1314;;Sekirišče
290;14.5903,45.9106;1311;;Vrh nad Želimljami
569;14.6328,45.9383;1290;;Ponova Vas
539;14.4606,45.6214;1360;;Leskova Dolina
0;14.3681,45.6283;1386;;Mašun
202;14.4253,45.7575;1384;;Žerovnica
33;14.4528,45.8356;1382;;Bečaje
17;14.4172,45.8536;1382;;Župeno
120;14.4683,45.9739;1352;;Podkraj
187;14.3928,45.9556;1352;;Prevalje pod Krimom
0;14.4247,45.8939;1353;;Novak
0;14.2372,45.9769;1373;;Jankar
56;14.2300,45.9525;1370;;Jerinov Grič
0;14.3403,45.9400;1353;;Galetov Grad
267;14.3511,45.9217;1353;;Laze pri Borovnici
8942;14.2265,45.9168;1370;;Logatec
0;14.2189,45.7278;6258;;Bile
0;14.3275,45.6994;6257;;Temna Luža
262;14.2637,45.5597;6250;;Jasen
0;14.1397,45.7358;6258;;Čermelice
0;14.1347,45.7956;6225;;Brinje
0;14.1353,45.8136;6225;;Pristava
0;14.1669,45.8922;1372;;Gruden
0;14.1972,45.9522;1373;;Česte
0;14.1136,45.9769;5275;;Veharše
0;14.0736,45.9958;5280;;Treven
0;14.0369,45.9889;5280;;Zagoda
0;14.0367,45.9606;5275;;Koševnik
0;14.0375,45.9311;5275;;Trebče
0;14.0711,45.8583;5273;;Trševje
21;14.0283,45.7606;6224;;Otošče
48;14.0197,45.6481;6217;;Zavrhek
0;14.4292,45.5128;6254;;Gomance
23;14.7542,45.5203;1337;;Grintovec pri Osilnici
39;14.8456,46.1508;1252;;Vrh pri Mlinšah
38;14.2883,46.2319;4201;;Čepulje
612;16.2886,46.5400;9232;;Dolnja Bistrica
0;14.5097,46.1706;1211;;Uhk
0;15.6786,46.2983;2321;;Reka
466;15.0433,46.3244;3327;;Rečica ob Paki
3278;13.7362,45.5790;6000;;Ankaran
0;16.0761,46.6206;9252;;Mota
76;15.4181,46.0277;8281;;Gorenji Leskovec
107;15.6319,46.0825;3256;;Dekmanca
419;15.1636,46.1706;1431;;Zgornja Rečica
165;15.2214,46.1831;3270;;Debro
256;15.2433,46.1451;3270;;Marija Gradec
153;15.3539,46.1381;3271;;Trobni Dol
182;15.2874,46.1433;3270;;Tevče
86;15.3367,46.0917;3273;;Jurklošter
159;15.3297,46.1917;3271;;Javornik
35;15.2661,46.1249;3270;;Selo nad Laškim
138;15.3994,46.1828;3233;;Jakob pri Šentjurju
557;15.4325,46.1872;3263;;Gorica pri Slivnici
270;15.2825,46.2094;3220;;Zvodno
175;15.6511,46.2311;3250;;Tržišče
343;15.5633,46.2378;3241;;Mestinje
111;15.5764,46.2461;3241;;Podplat
485;15.3031,46.2744;3211;;Arclin
270;15.0094,46.2483;2362;;Kapla
952;15.0933,46.2539;3311;;Latkova Vas
625;15.1956,46.2992;3201;;Galicija
885;15.5822,46.3025;2319;;Zgornje Poljčane
111;15.8608,46.2858;2287;;Zgornje Gruškovje
340;15.7372,46.3397;2322;;Breg
471;15.9063,46.3687;2284;;Videm pri Ptuju
319;15.5172,46.3733;2316;;Vrhole pri Slov. Konjicah
433;15.2025,46.4075;2382;;Kozjak
502;15.1844,46.4233;2382;;Gornji Dolič
253;15.2178,46.4208;2382;;Srednji Dolič
1026;15.1442,46.5065;2383;;Legen
2935;15.3792,46.3822;3214;;Zreče
165;15.5603,46.3486;2318;;Žabljek
287;15.6750,46.3347;2321;;Pečke
183;15.6554,46.3274;2321;;Štatenberg
1698;15.6558,46.4744;2312;;Radizel
714;15.7634,46.4912;2241;;Dvorjane
679;15.8653,46.4433;2250;;Mestni Vrh
819;15.9122,46.4519;2252;;Kicar
1348;15.4929,46.5518;2352;;Selnica ob Dravi
83;15.6903,46.5958;2211;;Pesniški Dvor
553;15.7028,46.5542;2229;;Malečnik
533;15.8414,46.6572;2213;;Zgornja Ščavnica
518;15.7886,46.5647;2230;;Hrastovec v Slovenskih Goricah
419;15.7723,46.5240;2242;;Zgornja Korena
667;15.2908,46.0094;8294;;Dolenji Boštanj
185;13.8769,45.5050;6272;;Gračišče
43;13.8683,45.4811;6272;;Butari
24;13.8303,45.4947;6273;;Bočaji
383;13.6600,45.4606;6330;;Dragonja
6057;13.6024,45.5053;6310;;Lucija
2225;13.6472,45.5284;6320;;Jagodje
173;13.6936,45.5092;6274;;Srgaši
0;13.7061,45.5103;6274;;Križišče
571;13.7758,45.5172;6273;;Vanganel
263;13.7794,45.5028;6273;;Babiči
1228;13.7961,45.5394;6276;;Pobegi
0;13.7128,45.5919;6000;;Debeli Rtič
1402;13.7925,45.5717;6280;;Spodnje Škofije
86;13.9103,45.6206;6240;;Krvavi Potok
0;13.9719,45.6422;6219;;Kačiče
0;13.9742,45.6508;6219;;Pared
57;13.9917,45.6625;6215;;Matavun
102;13.8139,45.7250;6221;;Dol pri Vogljah
165;13.7736,45.8181;6223;;Tomačevica
189;13.8531,45.8164;6222;;Kobdilj
96;13.8840,45.8630;5270;;Tevče
234;13.8761,45.8769;5263;;Plače
395;13.9714,45.7969;5272;;Podnanos
110;13.9797,45.7967;5272;;Podbreg
0;13.9658,45.9003;5274;;Makobeti
0;13.9792,45.9564;5280;;Majnik
0;13.9117,45.9297;5270;;Cerkovna
0;13.9378,45.9819;5280;;Krekovše
174;13.7956,45.9025;5262;;Gojače
108;13.7561,45.8794;5294;;Saksid
466;13.7878,45.8714;5295;;Preserje
428;13.7469,45.8878;5294;;Zalošče
25;13.6986,45.8186;6223;;Zagrajec
480;13.6108,45.8883;5291;;Orehovlje
1118;13.6678,45.9419;5600;;Rožna Dolina
377;13.6386,45.9492;5001;;Pristava
53;14.7107,46.2343;1219;;Snovik
169;15.3870,46.2693;3222;;Laze pri Dramljah
0;13.6336,46.0956;5213;;Idrija
139;15.4932,46.1863;3264;;Sveti Štefan
112;15.4613,46.6146;2361;;Sveti Duh na Ostrem Vrhu
94;15.2729,45.6932;8330;;Gornji Suhor pri Metliki
445;15.2097,45.7694;8322;;Stopiče
582;15.2219,45.8624;8220;;Šmarješke Toplice
0;15.6532,46.6792;2212;;Šentilj v Slovenskih goricah
30;14.9104,45.9717;1276;;Primskovo
427;15.6686,46.4701;2312;;Orehova Vas
1838;14.9629,46.1391;1412;;Kisovec
434;15.9947,46.3441;2282;;Cirkulane
242;14.7781,45.8813;1301;;Krka
142;15.5403,46.0354;8282;;Koprivnica
881;14.5384,46.2048;1218;;Komenda
44;13.8309,46.2792;4267;;Ukanc
38;15.2069,45.8505;8220;;Zagrad pri Otočcu
394;14.4060,46.2675;4212;;Milje
0;13.7345,46.0729;5214;;Okroglo, Kal nad Kanalom
872;14.9501,46.3190;3331;;Nazarje
637;14.9092,45.5084;8331;;Kostel
22;15.0520,45.4958;8342;;Dol
0;13.9099,45.5134;6272;;Zanigrad
80;16.1720,46.4370;2270;;Libanja
3415;14.6074,46.1532;1231;;Vir
2438;14.5573,46.0000;1291;;Lavrica
1210;13.6147,45.4958;6310;;Seča
1129;13.7761,45.5400;6276;;Prade
1019;14.1087,46.3928;4273;;Zasip
986;13.6130,45.4820;6330;;Parecag
957;15.0876,46.2696;3311;;Breg pri Polzeli
929;15.6480,46.6173;2211;;Gradiška
911;14.3003,46.3490;4294;;Pristava
861;15.3043,46.2658;3211;;Zadobrova
857;14.5921,46.1475;1231;;Rodica
836;15.0091,46.3932;3326;;Florjan
825;15.0971,46.2636;3311;;Ločica ob Savinji
752;14.6129,46.1354;1230;;Zaboršt
752;14.5874,45.9222;1319;;Gradišče
740;14.6363,46.0834;1262;;Videm
740;15.7192,46.5423;2229;;Trčova
739;15.0567,46.2797;3313;;Parižlje
700;14.9426,46.5433;2391;;Dobja Vas
699;13.7457,45.5137;6274;;Kampel
672;15.6213,46.5025;2311;;Pivola
669;15.6189,46.6376;2201;;Plintovec
656;14.6123,46.1266;1230;;Prelog
653;15.6725,46.4054;2331;;Gaj
648;16.4673,46.5621;9227;;Lendavske Gorice
633;14.7492,46.2747;3342;;Nova Štifta
630;14.3119,46.1506;4220;;Puštal
630;14.3666,46.1598;4211;;Reteče
628;15.8261,46.4329;2288;;Hajdoše
619;15.2294,46.2603;3215;;Lopata
600;15.1628,46.3087;3204;;Studence
595;13.8930,46.2880;4267;;Stara Fužina
587;16.3150,46.5672;9232;;Žižki
586;14.8939,46.5285;2391;;Leše
573;15.0949,46.2409;3312;;Dolenja Vas
571;14.5953,46.1847;1235;;Nožice
564;15.5936,46.4261;2314;;Gabernik
563;16.1112,46.4058;2274;;Mihovci pri Vel. Nedelji
561;15.5735,46.5317;2341;;Hrastje
557;15.5595,46.4107;2310;;Kovača Vas
550;13.7176,45.5185;6274;;Šalara
549;15.0916,45.9553;8233;;Slovenska Vas
544;13.7358,45.5203;6274;;Bošamarin
541;16.1390,46.6557;9000;;Pušča
539;15.5276,46.4035;2316;;Visole
538;13.8696,45.8879;5263;;Cesta
536;14.3958,46.1154;1215;;Žlebe
535;14.3954,46.1343;1215;;Vaše
529;14.2851,46.3535;4294;;Ročevnica
527;14.1647,46.3856;4248;;Smokuč
524;13.7475,45.5904;6000;;Kolomban
523;16.0294,46.4220;2272;;Zamušani
517;14.4189,46.1470;1215;;Verje
517;15.1891,46.2587;3301;;Arja Vas
515;15.5333,46.5480;2342;;Bezena
507;15.1862,46.2906;3201;;Pernovo
492;13.8304,45.9313;5262;;Vrtovin
492;15.3329,46.2115;3220;;Kompole
490;14.4331,46.2512;4208;;Srednja Vas pri Šenčurju
489;15.1024,46.3454;3503;;Kavče
484;16.0337,46.7967;9262;;Sveti Jurij
483;15.3476,46.2089;3220;;Prožinska Vas
476;14.9141,46.1562;1411;;Podlipovica
473;14.5108,46.1697;1211;;Utik
471;15.0265,46.5507;2373;;Selovec
467;15.6599,46.2420;3250;;Spodnje Sečovo
466;15.1785,46.2419;3301;;Dobriša Vas
460;14.9888,46.1268;1410;;Dolenja Vas
459;14.6105,46.0239;1261;;Sadinja Vas
459;16.0671,46.4093;2273;;Cvetkovci
457;13.5367,45.9736;5212;;Vipolže
457;15.0610,46.5276;2380;;Gmajna
452;14.3870,46.0674;1356;;Hruševo
452;15.7859,46.4856;2205;;Vurberk
450;15.1744,46.2658;3310;;Ložnica pri Žalcu
446;15.3670,46.2192;3230;;Vrbno
444;14.3106,46.2066;4209;;Šutna
437;15.7487,46.4509;2206;;Trniče
432;15.1551,45.7645;8321;;Stranska Vas
431;14.4835,46.2673;4207;;Dvorje
422;15.1544,46.4250;2382;;Završe
421;15.7169,46.6248;2211;;Vukovski Dol
419;16.0576,46.3554;2283;;Turški Vrh
418;14.4159,46.1103;1215;;Golo Brdo
414;15.2756,46.6165;2360;;Vas
414;15.4226,46.3487;3210;;Škalce
410;15.1332,46.3416;3503;;Laze
410;15.0802,45.7818;8351;;Vavta Vas
408;15.6156,46.4368;2314;;Bukovec
408;15.1928,46.5927;2367;;Sveti Vid
405;15.9196,46.6501;2234;;Spodnja Ščavnica
404;15.2199,46.1501;3270;;Strmca
401;15.1005,46.2917;3313;;Založe
399;15.1914,45.7758;8322;;Črmošnjice pri Stopičah
397;15.4960,46.3896;2316;;Gladomes
396;14.6153,46.1412;1233;;Podrečje
395;14.6791,46.0996;1262;;Kamnica
391;15.2397,45.8160;8001;;Ratež
391;15.0281,46.3409;3327;;Gavce
390;15.5806,46.2176;3253;;Kristan Vrh
389;14.8821,46.4839;2393;;Žerjav
387;15.8291,46.5364;2230;;Zavrh
387;14.2405,46.3109;4244;;Posavec
387;15.7241,46.6894;2213;;Vranji Vrh
381;14.6240,45.9238;1290;;Šent Jurij
379;14.8553,45.6708;1332;;Gorenje
377;15.3494,46.1714;3271;;Šentrupert
374;15.0413,46.2831;3314;;Rakovlje
373;15.2769,46.2711;3211;;Prekorje
373;15.4410,46.3474;3210;;Vešenik
372;14.1973,46.3678;4275;;Zgoša
371;15.6769,46.2564;3252;;Sveti Florijan
371;15.4064,46.3586;3210;;Dobrovlje
370;15.5437,46.5248;2342;;Log
368;15.1728,46.3411;3204;;Vinska Gora
360;14.3210,46.2797;4202;;Cegelnica
359;15.0481,46.1748;1420;;Gabrsko
357;14.4458,46.3105;4205;;Potoče
357;15.3830,46.5064;2344;;Kumen
357;16.2578,46.5217;9240;;Veščica
356;15.1161,46.2084;3302;;Matke
355;16.1282,46.4798;2259;;Lahonci
354;14.2883,46.3438;4294;;Loka
352;15.1203,46.3859;3503;;Hrastovec
352;15.1078,46.2308;3312;;Sveti Lovrenc
350;15.7394,46.5894;2221;;Vukovje
349;14.7099,45.7565;1310;;Grič
348;15.2584,45.8637;8222;;Družinska Vas
346;14.1912,46.3522;4240;;Vrbnje
346;15.6494,46.2622;3250;;Cerovec pod Bocem
344;13.7273,46.1952;5220;;Zatolmin
343;13.9295,45.8719;5270;;Dolga Poljana
341;15.3160,46.2468;3202;;Začret
335;14.8654,46.5598;2392;;Dolga Brda
334;15.1251,46.0590;1433;;Jagnjenica
332;14.6493,46.2287;1241;;Soteska
332;14.4448,46.1270;1215;;Vikrče
329;15.6327,46.4796;2311;;Čreta
326;15.5193,46.3948;2316;;Kostanjevec
326;14.8414,46.0306;1275;;Črni Potok
325;15.5277,46.2866;2319;;Zbelovska Gora
322;15.1438,46.3564;3503;;Bevče
318;14.5836,46.2341;1241;;Tunjiška Mlaka
317;15.7162,46.5918;2231;;Vosek
317;15.3251,45.9965;8290;;Log
315;15.5677,46.5578;2353;;Laznica
315;14.9077,46.3154;3332;;Varpolje
314;15.3738,46.3635;3206;;Križevec
311;15.7069,46.2496;3252;;Tlake
308;15.1575,46.6256;2366;;Sveti Primož nad Muto
307;16.4670,46.5765;9227;;Dolgovaške Gorice
306;15.6288,45.9289;8254;;Bukošek
304;15.1541,46.4708;2383;;Brda
302;15.5711,45.9606;8253;;Arnovo Selo
300;15.7132,46.5579;2229;;Celestrina
300;14.5331,46.2159;1218;;Klanec
299;14.4031,46.0016;1357;;Žabnica
296;14.2897,46.3344;4294;;Retnje
296;14.1416,46.3972;4274;;Selo pri Žirovnici
294;15.0746,46.2372;3312;;Kaplja Vas
293;16.1286,46.5014;2258;;Stara Cesta
293;13.7545,46.1593;5216;;Modrej
293;14.9715,46.1815;1413;;Jesenovo
292;14.6310,46.1063;1262;;Selo pri Ihanu
292;15.6446,46.5756;2351;;Ribniško Selo
292;15.4331,46.3722;2317;;Malahorna
290;13.7045,45.9586;5252;;Loke
287;14.7141,45.7508;1310;;Breg pri Ribnici na Dolenjskem
287;14.3189,46.3305;4204;;Senično
283;15.5657,45.8818;8262;;Velike Malence
283;15.5057,46.2768;3232;;Dolga Gora
283;15.7722,46.2682;2287;;Čermožiše
282;15.4540,46.0040;8280;;Dolenji Leskovec
282;15.7464,46.3610;2323;;Podlože
282;15.4183,46.2494;3232;;Hotunje
281;15.2247,46.2458;3301;;Medlog
281;15.1548,46.1294;3272;;Turje
281;14.6307,45.8428;1315;;Male Lašče
279;14.4267,46.0613;1356;;Stranska Vas
277;15.5818,45.9409;8253;;Trebež
277;14.1775,46.3646;4248;;Hlebce
275;15.2082,46.3334;3204;;Lokovina
274;15.8785,46.4598;2250;;Placar
274;15.0246,46.2399;3304;;Ojstriška Vas
273;16.1597,46.4146;2270;;Hardek
273;15.6200,46.2501;3250;;Spodnje Negonje
273;15.4381,46.2046;3231;;Tratna pri Grobelnem
273;15.0426,45.9047;8210;;Dolenja Nemška Vas
270;15.6545,46.3749;2331;;Stari Log
269;15.7267,46.2385;3252;;Žahenberc
268;14.6502,46.0982;1262;;Zajelše
268;14.9312,46.3150;3332;;Spodnja Rečica
267;14.6201,46.1655;1235;;Turnše
267;16.0100,46.3898;2272;;Mala Vas
267;16.2125,46.5044;9240;;Podgradje
267;16.2056,46.4518;2275;;Vinski Vrh
266;15.6446,45.9643;8254;;Piršenbreg
266;15.9024,46.3616;2284;;Dravinjski Vrh
264;14.6734,45.8652;1312;;Predstruge
263;15.7915,46.3008;2287;;Kočice
262;13.6035,46.0549;5210;;Ložice
262;16.0044,46.6253;9252;;Janžev Vrh
260;15.1858,46.3359;3204;;Prelska
260;14.8804,46.1462;1252;;Mlinše
259;15.7664,46.3740;2324;;Župečja Vas
257;15.8357,46.6395;2234;;Kremberk
256;14.6286,46.1203;1230;;Goričica pri Ihanu
254;14.1940,46.1132;4223;;Hotovlja
254;14.6335,45.9675;1293;;Cikava
252;14.6581,46.0960;1262;;Podgora pri Dolskem
252;15.5123,46.3026;2319;;Mlače
251;16.0337,46.4406;2273;;Bresnica
251;15.0459,45.7505;8350;;Sela pri Dolenjskih Toplicah
249;15.2078,46.5566;2365;;Sveti Anton na Pohorju
248;15.5296,45.9389;8270;;Spodnji Stari Grad
248;16.0827,46.4459;2273;;Vičanci
248;15.6715,46.2889;2321;;Stari Grad
248;14.0630,46.3667;4247;;Poljšica pri Gorjah
246;14.3429,46.0592;1355;;Dolenja Vas pri Polhovem Gradcu
246;14.6086,46.1664;1235;;Škrjančevo
246;15.0151,46.1270;1410;;Ravenska Vas
245;15.5590,46.1502;3254;;Olimje
245;15.4995,46.3757;2316;;Vinarje
244;14.2204,46.3348;4243;;Črnivec
244;16.0436,46.5956;9245;;Rožički Vrh
244;15.0625,46.2569;3303;;Trnava
243;15.3156,46.2313;3221;;Vrhe
243;16.0282,46.6141;9252;;Kapelski Vrh
243;15.2738,46.0277;8294;;Orehovo
242;15.7095,46.3858;2326;;Spodnje Jablane
242;15.4636,46.0243;8281;;Dovško
242;14.7152,46.1769;1225;;Trnjava
242;15.6656,46.6299;2211;;Ranca
242;15.3011,46.2136;3220;;Pečovje
242;15.8796,46.3100;2286;;Sedlašek
241;15.7843,46.6170;2223;;Malna
240;14.0947,46.4175;4273;;Lipce
240;16.0926,46.4275;2274;;Senešci
240;15.3716,46.1871;3271;;Vodruž
240;15.2061,46.2514;3301;;Drešinja Vas
239;15.8812,46.4795;2253;;Janežovski Vrh
239;14.3925,46.1986;4211;;Jama
238;15.6379,46.5824;2351;;Vinarje
238;15.7007,46.5827;2231;;Dragučova
238;15.3823,46.2783;3222;;Svetelka
238;14.5585,46.2112;1218;;Gora pri Komendi
237;13.6251,45.5294;6320;;Dobrava
237;15.6169,46.2332;3250;;Topole
236;15.7541,46.3432;2323;;Stogovci
235;15.5733,45.9207;8262;;Gornji Lenart
234;14.1357,46.3588;4248;;Koritno
233;15.8553,46.4749;2253;;Drstelja
233;15.4947,45.9995;8280;;Stolovnik
233;14.4191,46.1215;1215;;Seničica
233;15.9548,46.4081;2281;;Prvenci
232;15.1021,46.1376;1431;;Brnica
232;14.8664,46.3688;3333;;Ter
232;16.0393,46.6235;9252;;Paričjak
231;15.6044,46.4585;2313;;Kopivnik
231;15.4276,46.2160;3231;;Stopče
231;15.0073,46.1511;1410;;Potoška Vas
230;14.5154,46.2538;4207;;Poženik
230;15.5495,45.9525;8272;;Dolenja Vas pri Krškem
230;14.5884,45.9586;1293;;Gorenje Blato
229;15.2670,46.2892;3215;;Brezova
229;15.3116,46.2081;3220;;Laška Vas pri Štorah
228;14.5916,45.9806;1291;;Tlake
228;14.7416,46.1208;1251;;Češnjice pri Moravčah
227;15.1884,46.6374;2366;;Sveti Trije Kralji
227;15.3225,45.7847;8310;;Cerov Log
227;15.6078,46.4830;2311;;Polana
226;15.4351,46.3828;2317;;Gorica pri Oplotnici
225;15.6289,45.9992;8255;;Pavlova Vas
225;14.6216,46.1861;1235;;Hudo
225;15.9961,46.6351;9252;;Ptujska Cesta
225;15.4465,46.3210;3210;;Konjiška Vas
225;15.3638,46.2031;3230;;Krajnčica
224;15.4318,45.9927;8283;;Rožno
223;13.9167,46.2733;4267;;Kamnje
223;15.6813,45.8486;8257;;Nova Vas pri Mokricah
223;15.7098,46.0478;3256;;Orešje na Bizeljskem
223;15.5123,45.9639;8270;;Kremen
223;15.5825,46.4185;2314;;Ritoznoj
222;15.5318,45.8914;8261;;Župeča Vas
190;14.6994,45.8877;1312;;Čušperk
221;14.2498,46.2076;4227;;Ševlje
220;14.8498,45.9655;1296;;Velike Češnjice
220;15.3447,46.0158;8290;;Lončarjev Dol
219;15.2830,46.2619;3211;;Šmarjeta pri Celju
218;14.0827,46.4132;4273;;Kočna
218;15.0202,46.3316;3327;;Slatina
218;15.0696,46.1665;1420;;Ostenk
217;15.2180,45.8153;8001;;Petelinjek
217;14.1942,46.3884;4275;;Poljče
217;15.5738,46.2275;3241;;Grliče
216;15.9660,46.4664;2256;;Kukava
216;15.3264,46.1577;3271;;Mala Breza
216;16.1742,46.4220;2270;;Pavlovci
215;15.3278,46.2683;3211;;Šmiklavž pri Škofji Vasi
215;15.5135,45.9174;8261;;Mrtvice
215;15.3219,46.2003;3220;;Šentjanž nad Štorami
215;15.3142,46.3404;3213;;Dol pod Gojko
214;14.6637,46.1245;1233;;Žeje
213;13.8220,45.8835;5263;;Potoče
213;14.1067,46.3510;4260;;Selo pri Bledu
213;15.6534,45.8338;8257;;Slovenska Vas
213;14.6143,46.1005;1262;;Bišče
213;15.5397,45.9493;8272;;Stari Grad
213;15.3947,46.0271;8292;;Poklek nad Blanco
213;14.3180,46.0287;1354;;Zaklanec
213;15.1920,46.2938;3201;;Železno
213;15.9951,46.3263;2282;;Paradiž
212;16.1934,46.4491;2275;;Veliki Brebrovnik
211;15.6660,45.9630;8254;;Bojsno
211;15.6135,46.4055;2314;;Pokoše
211;15.3806,46.3402;3206;;Polene
211;15.7506,46.6908;2213;;Svečane
210;15.6632,46.0095;8255;;Podgorje pri Pišecah
210;16.1527,46.5047;9240;;Mekotnjak
210;15.3669,46.2414;3202;;Goričica
209;15.6732,46.6339;2211;;Jelenče
208;15.3814,46.2228;3230;;Podgrad
208;15.9261,46.3589;2284;;Vareja
208;14.9670,46.2442;3305;;Brode
207;13.6411,46.0714;5213;;Morsko
207;14.4264,46.1811;1216;;Dragočajna
207;15.1687,45.8460;8000;;Ždinja Vas
206;15.8473,46.5287;2254;;Črmljenšak
206;14.7869,46.0848;1281;;Kresniški Vrh
206;15.9607,46.5329;2255;;Novinci
205;14.1329,45.9714;5275;;Medvedje Brdo
205;14.6278,45.8783;1311;;Gradež
204;15.7210,46.3445;2322;;Lešje
204;14.2792,46.1794;4220;;Vešter
203;15.6921,46.5696;2229;;Vodole
203;15.4449,46.2713;3232;;Lutrje
203;15.6230,46.3116;2319;;Novake
202;15.2224,46.0517;1434;;Račica
201;15.1369,46.1414;1431;;Marno
201;14.7609,45.7446;1310;;Hrovača
201;15.4348,46.6361;2361;;Gradišče na Kozjaku
201;13.7003,45.8743;5297;;Oševljek
200;14.8298,45.9646;1296;;Petrušnja Vas
200;15.2498,46.0043;8294;;Vrh pri Boštanju
199;15.4858,46.1448;3262;;Dobrina
198;15.5411,45.9907;8272;;Ravne pri Zdolah
198;15.4428,46.3540;3210;;Gabrovnik
197;15.4483,46.0551;8281;;Dobrova
197;15.4953,46.3476;2316;;Spodnje Grušovje
196;15.5876,46.6603;2201;;Slatinski Dol
196;15.1632,46.1450;3272;;Belovo
196;16.1328,46.4370;2274;;Lešnica
196;15.7378,46.6681;2213;;Šomat
196;14.5256,46.1698;1211;;Koseze
195;15.6055,46.1777;3253;;Sveta Ema
195;15.3925,46.4255;3214;;Planina na Pohorju
193;14.6246,46.2705;1242;;Črna pri Kamniku
192;15.5070,46.2385;3240;;Dvor
192;16.0652,46.3654;2283;;Goričak
191;15.5819,46.0967;3255;;Vrenska Gorca
191;14.1826,46.3578;4240;;Nova Vas pri Lescah
191;15.1215,46.3260;3503;;Silova
190;14.8555,46.0766;1282;;Ponoviče
190;14.3182,46.3701;4290;;Slap
189;14.6881,45.9219;1290;;Zagradec pri Grosupljem
189;14.6727,46.2377;1241;;Markovo
189;14.8621,46.0610;1275;;Tenetiše
189;13.7479,45.8746;5294;;Tabor
188;15.2737,45.6842;8330;;Bereča Vas
187;14.6082,46.1082;1262;;Mala Loka
187;15.3105,46.3026;3212;;Ivenca
186;14.2665,46.0569;1355;;Setnik
186;15.2962,45.9110;8275;;Hrastulje
186;16.0842,46.4907;2258;;Koračice
186;14.9164,46.3149;3332;;Nizka
185;13.6146,46.2336;5222;;Smast
185;15.2083,46.1244;3272;;Globoko
185;15.8862,46.6308;2234;;Drvanja
184;15.2813,45.8772;8222;;Vinji Vrh
183;15.3129,46.0409;8290;;Metni Vrh
183;15.4740,46.2160;3231;;Bodrež
183;15.1013,45.8087;8351;;Podgora
182;13.5453,46.0156;5212;;Vedrijan
182;14.3669,46.0610;1356;;Babna Gora
182;15.5619,46.0407;8282;;Gorjane
182;14.7558,46.1406;1251;;Zalog pri Moravčah
182;15.3341,46.0241;8290;;Žurkov Dol
182;15.2366,45.8966;8220;;Radovlja
181;15.2365,45.8479;8220;;Lutrško Selo
181;16.1066,46.4919;2258;;Pršetinci
180;15.1773,46.1433;3272;;Sedraž
180;15.0686,46.1558;1420;;Ojstro
180;15.8106,46.3288;2323;;Dolena
179;14.6645,46.2396;1241;;Poreber
179;14.6910,46.1609;1225;;Spodnje Prapreče
179;14.1807,46.2193;4228;;Studeno
178;15.8620,46.3036;2286;;Stanošina
176;14.2984,45.8076;1381;;Slivice
176;15.8844,46.5039;2253;;Ločki Vrh
176;13.7865,45.5801;6280;;Jelarji
176;15.4576,46.1743;3263;;Javorje
176;14.3177,46.1770;4220;;Grenc
176;15.8567,46.6987;9253;;Žiberci
175;15.5643,45.9390;8253;;Zgornji Obrež
175;13.7717,45.5847;6280;;Premančan
175;14.2965,46.1748;4220;;Binkelj
175;15.0354,46.2590;3303;;Šmatevž
174;14.5470,45.9395;1319;;Draga
174;16.2113,46.4935;9240;;Slamnjak
174;15.3557,46.0083;8290;;Žigrski Vrh
174;15.4473,46.3997;2317;;Lačna Gora
173;15.0845,46.1608;1430;;Boben
172;13.5647,46.0107;5211;;Gonjače
172;15.5550,46.5782;2353;;Srednje
172;15.3833,45.8606;8311;;Ostrog
171;14.5938,46.2391;1241;;Košiše
171;14.6991,46.1299;1251;;Stegne
171;15.6028,46.0796;3260;;Lastnič
171;15.3638,46.2763;3222;;Marija Dobje
170;15.4767,45.9611;8270;;Trška Gora
170;15.8179,46.5673;2230;;Lormanje
170;15.6763,46.5878;2211;;Pekel
170;15.6116,46.3384;2318;;Kočno ob Ložnici
170;15.4133,46.2665;3222;;Razbor
169;14.8464,45.8253;1303;;Brezovi Dol
169;15.2638,46.3119;3203;;Hrenova
169;15.0930,45.7797;8351;;Jurka Vas
168;15.5807,45.8774;8251;;Mrzlava Vas
168;16.0286,46.3964;2283;;Placerovci
168;13.7578,45.5251;6501;;Triban
168;15.3063,45.6754;8330;;Grabrovec
168;15.6077,46.2544;3241;;Zagaj pod Bocem
168;15.6353,46.4231;2314;;Sele pri Polskavi
168;15.3397,46.3085;3213;;Male Dole
168;15.2332,46.3305;3204;;Vinska Gorica
168;14.9833,46.2214;3304;;Črni Vrh
168;14.8922,46.0378;1275;;Cerovica
167;15.3561,45.8990;8274;;Gmajna
167;15.2758,46.1540;3270;;Reka
167;14.3957,46.1454;1215;;Ladja
167;15.1896,46.0700;1433;;Obrežje
166;14.7882,45.9425;1295;;Malo Hudo
166;15.4272,46.1625;3233;;Voduce
166;14.1531,46.0289;4226;;Račeva
165;16.2319,46.5000;2276;;Nunska Graba
165;15.3010,46.0499;8294;;Orešje nad Sevnico
165;15.3848,46.2447;3230;;Dole
165;15.0226,45.7852;8351;;Soteska
164;15.8889,46.4845;2253;;Dolič
164;14.2882,45.5468;6250;;Vrbica
164;15.5161,46.0525;8282;;Mrčna Sela
164;16.1165,46.5177;2258;;Vogričevci
164;16.0640,46.5919;9244;;Murščak
164;15.6235,46.2272;3250;;Velike Rodne
164;15.4946,46.1241;3262;;Krivica
164;15.5633,46.2207;3241;;Stranje
164;15.0750,46.3603;3503;;Podgorje
164;15.0113,46.0991;1414;;Šklendrovec
164;15.5679,46.3092;2319;;Čadramska Vas
163;14.1425,46.3471;4248;;Bodešče
163;15.1351,45.5781;8340;;Stražnji Vrh
163;14.7954,46.0638;1270;;Veliki Vrh pri Litiji
163;15.5872,46.2335;3241;;Kačji Dol
163;15.3541,45.8384;8310;;Dolenja Stara Vas
163;15.5298,46.2177;3240;;Brecljevo
163;15.3789,46.1205;3225;;Lažiše
163;15.8520,46.3420;2286;;Gorca
162;14.1805,46.1119;4223;;Predmost
162;14.6883,45.9561;1290;;Spodnje Blato
162;16.0700,46.5274;9243;;Kuršinci
161;15.7012,45.9523;8258;;Slogonsko
161;15.2489,46.1907;3270;;Rifengozd
161;16.0863,46.5356;9243;;Precetinci
161;15.0414,46.2704;3303;;Kamenče
161;15.9399,46.5543;2236;;Stanetinci
161;14.2845,46.0224;1354;;Ljubgojna
161;14.9750,45.8279;8361;;Sadinja Vas pri Dvoru
160;15.9847,46.6692;9250;;Norički Vrh
160;15.1921,46.3477;3204;;Janškovo Selo
159;14.5989,46.2610;1242;;Zagorica nad Kamnikom
159;15.4933,45.9807;8280;;Sremič
159;15.0666,45.9395;8233;;Zabrdje
159;15.2661,46.3196;3203;;Vizore
159;15.3633,46.3920;3214;;Loška Gora pri Zrečah
159;14.9911,46.2929;3314;;Dobrovlje
159;15.9993,46.3652;2282;;Dolane
158;15.6074,45.8787;8251;;Cerina
158;14.6364,46.1659;1233;;Češenik
158;14.6315,46.1346;1233;;Gorjuša
158;15.9836,46.4808;2256;;Rotman
158;13.8325,46.1237;5283;;Pečine
158;15.1326,46.3806;3503;;Šenbric
157;15.9265,46.6188;2234;;Lokavci
157;13.6212,46.0862;5213;;Gorenja Vas
157;15.6403,46.5716;2000;;Za Kalvarijo
157;14.2986,46.1310;4220;;Sveti Andrej
157;15.4776,46.2241;3232;;Gornja Vas
157;15.5215,46.2217;3240;;Predenca
156;14.5987,46.0883;1262;;Brinje
156;16.2198,46.4583;2275;;Kajžar
156;15.6268,46.2143;3250;;Brestovec
156;15.6316,46.6720;2212;;Kresnica
156;15.4160,46.0800;3225;;Doropolje
156;15.5907,46.2093;3253;;Hajnsko
155;15.9012,46.4992;2253;;Svetinci
155;15.0103,46.5785;2370;;Dobrova pri Dravogradu
155;14.7087,45.9211;1294;;Plešivica pri Žalni
155;15.7672,46.3438;2323;;Slape
155;14.2961,45.6661;6253;;Juršče
155;15.4732,46.2971;3210;;Klokočovnik
155;15.1312,46.3980;3503;;Škalske Cirkovce
155;14.9986,46.2423;2362;;Pondor
155;15.2665,45.8834;8222;;Orešje
154;13.5356,45.9936;5212;;Biljana
154;14.5992,45.9395;1319;;Vino
153;15.1569,45.5640;8340;;Blatnik pri Črnomlju
153;15.0168,46.5727;2370;;Podklanc
153;14.7819,45.8677;1301;;Podbukovje
153;15.2491,46.1688;3270;;Tovsto
153;14.9081,46.2859;3341;;Spodnje Kraše
153;13.9655,45.7896;5272;;Orehovica
153;14.9084,46.5582;2391;;Breznica
153;14.8630,46.0516;1275;;Gradiške Laze
152;16.2417,46.4766;2276;;Gomila pri Kogu
152;15.2111,45.9506;8295;;Malkovec
152;15.5438,46.4126;2310;;Nova Gora nad Slov. Bistrico
152;14.8452,46.5543;2392;;Lokovica
151;16.1824,46.4402;2275;;Pavlovski Vrh
151;14.7047,45.7629;1316;;Breže
151;15.2880,46.3445;3213;;Trnovlje pri Socki
150;15.2402,45.4644;8344;;Drenovec
150;14.3301,46.0640;1355;;Podreber
150;14.2821,46.0776;1355;;Smolnik
150;15.9603,46.4898;2256;;Dragovič
150;14.6304,46.2374;1241;;Oševek
150;16.2293,46.4652;2275;;Vuzmetinci
150;15.3105,46.3737;3205;;Stenica
150;14.8717,45.8454;1303;;Klečet
149;14.4677,46.2605;4207;;Češnjevek
149;14.8350,45.9418;1296;;Glogovica
149;15.6987,46.2644;2289;;Strmec pri Svetem Florijanu
149;15.3239,45.8612;8310;;Mihovica
149;14.9299,46.2413;3305;;Prapreče
148;15.5866,45.8647;8251;;Sobenja Vas
148;15.1608,46.1144;3272;;Gore
148;14.8593,45.9546;1296;;Šentpavel na Dolenjskem
148;15.7674,46.5515;2242;;Vinička Vas
147;13.8591,46.2585;4267;;Ribčev Laz
147;15.6084,46.1981;3253;;Nezbiše
147;15.4100,45.9987;8283;;Kladje nad Blanco
147;14.5831,45.9693;1291;;Glinek
147;14.2242,45.9829;1373;;Mizni Dol
147;14.9101,46.1713;1413;;Orehovica
146;15.3617,46.2535;3222;;Cerovec
145;14.7040,45.7411;1310;;Sajevec
145;15.3305,45.8489;8310;;Šmalčja Vas
145;15.4040,46.3661;3214;;Radana Vas
145;14.8941,46.3411;3332;;Poljane
144;16.0137,46.4411;2272;;Prerad
144;14.8574,46.3374;3333;;Juvanje
144;14.9327,46.2918;3332;;Potok
144;13.7305,45.8700;5294;;Potok pri Dornberku
144;15.2242,46.0128;8296;;Jablanica
144;15.5229,46.3535;2316;;Prepuž
144;15.4000,46.2301;3230;;Botričnica
144;14.3208,46.1913;4209;;Forme
144;14.3269,46.1649;4220;;Suha
144;15.0658,45.8902;8216;;Jezero
144;14.7615,46.0149;1270;;Gozd–Reka
144;16.0052,46.3230;2282;;Medribnik
143;15.5317,45.9174;8261;;Vihre
143;14.7646,46.1677;1223;;Spodnje Loke
143;14.1364,45.7683;6225;;Dilce
143;15.1520,46.0734;1432;;Jelovo
143;15.2741,46.5975;2365;;Zgornji Kozji Vrh
143;15.3211,45.8455;8310;;Dobravica
143;15.9119,46.3783;2284;;Šturmovci
142;16.1330,46.4913;2259;;Desnjak
142;15.6692,46.2398;3250;;Tuncovec
142;15.4560,46.3452;3210;;Tepanjski Vrh
142;14.9865,45.9099;8212;;Štefan pri Trebnjem
142;14.2398,45.9563;1370;;Strmica
141;15.5420,46.3030;2319;;Spodnje Laže
141;15.7507,46.6649;2213;;Zgornje Gradišče
141;14.2721,46.1727;4220;;Vincarje
140;14.6888,45.9358;1290;;Lobček
140;13.9639,46.0531;5281;;Idrijske Krnice
140;15.9540,46.3421;2285;;Repišče
140;15.2452,46.3209;3204;;Lemberg pri Novi Cerkvi
140;14.9276,46.5333;2391;;Zagrad
140;15.7673,46.2876;2287;;Nadole
139;15.5745,46.0777;3260;;Ješovec pri Kozjem
139;14.3647,46.2741;4203;;Bobovek
139;15.3333,45.6568;8330;;Čurile
139;15.3357,45.8218;8310;;Dolenje Vrhpolje
139;15.6551,46.0467;3256;;Zagaj
139;14.6905,46.3906;3335;;Robanov Kot
139;15.1028,45.7732;8351;;Prapreče pri Straži
138;13.5244,46.0057;5212;;Drnovk
138;14.9617,46.6217;2372;;Gorče
138;15.2856,45.9166;8275;;Zloganje
138;14.5836,45.9757;1291;;Zalog pri Škofljici
138;15.9709,46.5441;2255;;Smolinci
137;14.7952,45.8860;1301;;Krška Vas
137;14.7960,46.2367;1219;;Golice
137;14.7272,46.1378;1251;;Gorica
137;15.5828,46.1268;3255;;Sela
137;14.2260,46.3212;4243;;Dobro Polje
137;14.4922,46.1478;1211;;Vojsko
137;16.2583,46.5076;2276;;Šprinc
136;15.9066,46.6440;2234;;Zagajski Vrh
136;13.7337,45.5901;6000;;Barizoni
136;15.4558,45.9256;8273;;Gorenja Vas pri Leskovcu
136;15.4583,46.0389;8281;;Šedem
136;16.1654,46.4538;2259;;Mihalovci
136;15.5692,46.4720;2208;;Planica
136;15.3109,46.0283;8290;;Drožanje
136;15.4694,46.4108;2317;;Modrič
136;15.4696,46.1490;3262;;Hrastje
136;15.4126,46.2320;3230;;Kameno
136;14.3532,46.1478;4220;;Draga
136;14.2151,46.1344;4223;;Na Logu
136;15.4925,46.2310;3240;;Senovica
136;14.3767,46.3672;4204;;Grahovše
136;15.8513,46.6417;2234;;Krivi Vrh
135;15.2602,46.3024;3201;;Rožni Vrh
135;15.4079,46.3310;3210;;Zgornja Pristava
135;15.5102,46.2635;3240;;Polžanska Gorca
135;15.0504,45.8946;8210;;Grm
135;15.3235,46.3338;3213;;Verpete
135;15.2157,46.3081;3201;;Zavrh pri Galiciji
135;14.8175,46.0226;1275;;Podroje
134;14.0424,46.1066;4225;;Podjelovo Brdo
134;14.6797,46.2364;1241;;Rožično
134;16.1111,46.4511;2259;;Spodnji Ključarovci
134;15.5384,46.2508;3241;;Pijovci
133;14.8758,46.2829;3341;;Volog
133;15.2517,45.9378;8275;;Klenovik
133;15.3317,46.2748;3212;;Pristava
132;15.7061,46.0243;8259;;Drenovec pri Bukovju
132;15.9840,46.6395;9250;;Orehovski Vrh
132;15.1959,45.8447;8000;;Črešnjice
132;15.8486,46.3590;2286;;Popovci
131;15.6115,45.9299;8254;;Cundrovec
131;14.6455,45.9650;1290;;Brvace
131;14.8222,45.8752;1303;;Marinča Vas
131;15.7449,46.2511;3252;;Sveti Jurij
131;15.5725,46.4402;2315;;Kalše
130;14.5948,46.2636;1242;;Kregarjevo
130;14.9135,46.0672;1272;;Mamolj
130;14.4226,46.3088;4205;;Nova Vas
130;15.1354,46.0338;8297;;Osredek pri Krmelju
130;15.3812,46.0375;8292;;Trnovec
130;15.1240,45.9567;8230;;Puščava
129;15.7394,46.2778;2289;;Kupčinji Vrh
129;16.2444,46.4514;2276;;Lačaves
129;15.4210,46.1485;3224;;Paridol
129;15.8333,46.3716;2324;;Barislovci
128;13.6542,45.5010;6330;;Cetore
128;13.7044,46.1080;5215;;Seniški Breg
128;15.6987,46.3894;2326;;Pongrce
128;15.7316,46.2938;2289;;Grdina
128;15.7289,46.5539;2229;;Nebova
128;15.1271,45.8003;8501;;Češča Vas
128;15.2346,46.0640;1434;;Radež
128;15.2451,46.3395;3204;;Vrba
127;15.5359,46.0248;8282;;Veliki Dol
127;15.2980,45.8790;8222;;Tomažja Vas
127;14.9459,45.9413;8212;;Šentlovrenc
127;15.2108,46.3774;3204;;Strmec nad Dobrno
126;15.6058,45.9770;8256;;Curnovec
126;14.4975,46.2254;4207;;Vopovlje
126;15.2209,45.7326;8322;;Vinja Vas
126;16.1642,46.4778;2259;;Cerovec Stanka Vraza
126;16.1437,46.4178;2270;;Dobrava
126;14.9991,45.9164;8210;;Studenec
126;16.0360,46.3490;2282;;Pestike
126;14.9778,46.2434;3305;;Čeplje
126;16.0585,46.4930;2258;;Rakovci
125;13.7892,45.9028;5262;;Malovše
125;13.9909,45.8918;5273;;Žagolič
125;15.2482,46.3014;3201;;Otemna
125;14.6763,46.1547;1225;;Imovica
125;14.7197,46.1303;1251;;Spodnji Tuštanj
124;13.5046,46.0180;5212;;Hruševlje
124;15.5954,45.9455;8253;;Glogov Brod
124;16.0022,46.4924;2257;;Bodkovci
124;13.5126,46.2504;5224;;Kred
124;15.4944,45.8570;8312;;Šutna
124;14.4454,45.7058;1386;;Podcerkev
124;15.3266,45.8378;8310;;Vrh pri Šentjerneju
124;15.4814,46.3863;2317;;Ugovec
124;14.1940,46.4175;4275;;Doslovče
124;15.6023,46.3159;2319;;Brezje pri Poljčanah
123;15.2021,45.5733;8340;;Vojna Vas
123;15.9731,46.6757;9250;;Hercegovščak
123;14.5880,46.2516;1242;;Stolnik
123;13.6103,46.1050;5213;;Lig
123;14.1844,46.0248;1373;;Lavrovec
123;16.1367,46.4633;2259;;Stanovno
123;15.4545,46.1334;3262;;Žegar
123;14.4832,46.1776;1217;;Dobruša
122;13.5519,46.0109;5211;;Imenje
122;15.2579,46.2830;3215;;Loče
122;14.4189,46.0461;1356;;Draževnik
122;13.7596,45.5891;6280;;Cerej
122;14.9421,46.3104;3331;;Dobletina
122;16.1726,46.4749;2259;;Veličane
122;15.6033,46.2295;3241;;Male Rodne
122;15.6318,46.2264;3250;;Prnek
122;15.5703,46.2363;3241;;Laše
122;15.5524,46.2145;3240;;Šerovo
121;13.9554,46.0965;5282;;Straža
121;15.1546,45.5719;8340;;Jelševnik
121;14.7194,45.8309;1312;;Bruhanja Vas
121;15.5411,46.1215;3255;;Dobležiče
121;14.6186,46.0279;1261;;Češnjica
121;16.1136,46.4342;2274;;Šardinje
121;15.3838,46.2926;3222;;Straža na Gori
121;15.4047,46.2756;3222;;Šedina
121;15.4386,46.1789;3263;;Turno
121;15.3331,46.3204;3213;;Rove
121;15.0587,46.0757;1414;;Borovak pri Podkumu
121;14.8964,46.1540;1222;;Briše
121;14.9928,46.1796;1413;;Znojile
121;15.3819,46.3671;3206;;Osredek pri Zrečah
120;15.8635,46.6409;2234;;Froleh
119;16.0674,46.5997;9252;;Murski Vrh
119;15.6166,46.2177;3253;;Ceste
119;15.0716,45.8700;8216;;Biška Vas
118;15.6139,45.8845;8251;;Dvorce
118;15.1561,46.1551;1431;;Brezno
118;14.7725,46.1577;1251;;Limbarska Gora
118;14.6860,45.7639;1316;;Slatnik
118;14.3007,46.1799;4220;;Virlog
118;15.4708,46.2323;3232;;Bodrišna Vas
118;15.5325,46.1936;3264;;Vršna Vas
118;15.1474,45.9690;8296;;Hrastovica
117;13.8669,45.5404;6275;;Kortine
117;16.1969,46.4901;9240;;Gresovščak
117;15.3299,45.6719;8330;;Slamna Vas
117;15.2998,45.8113;8310;;Hrastje
117;15.6939,46.0556;3256;;Kunšperk
117;15.4555,46.3699;2317;;Markečica
116;13.9760,46.0947;5282;;Lazec
116;15.2215,45.4491;8344;;Učakovci
116;14.8740,45.9158;8213;;Podboršt
116;14.6252,46.2616;1242;;Brezje nad Kamnikom
116;15.5460,46.0062;8272;;Kostanjek
116;16.1256,46.4157;2274;;Hajndl
116;15.7292,46.6242;2211;;Drankovec
116;15.3968,46.3099;3210;;Stare Slemene
116;15.2909,45.8482;8222;;Dolenje Gradišče pri Šentjerneju
116;15.4315,46.2697;3222;;Zagaj pri Ponikvi
116;15.8877,46.3531;2286;;Majski Vrh
116;16.0444,46.3419;2282;;Korenjak
116;15.1040,45.9644;8232;;Prelesje
115;15.2327,45.4586;8344;;Sečje Selo
115;14.6795,46.1238;1233;;Sveta Trojica
115;15.5411,46.3511;2316;;Levič
115;15.5144,46.2476;3240;;Sotensko pri Šmarju
115;13.7594,46.1404;5216;;Postaja
115;15.1161,45.7169;8323;;Dobindol
115;15.8542,46.3212;2286;;Jablovec
115;15.0699,45.9621;8233;;Trstenik
114;13.8680,45.8568;5263;;Vrtovče
114;14.5197,45.9461;1292;;Kot
114;15.3833,46.1974;3230;;Šibenik
114;15.0530,46.2906;3314;;Preserje
114;14.8954,46.0159;1276;;Lupinica
114;14.9249,46.3076;3332;;Trnovec
113;14.5323,46.2614;4207;;Apno
113;15.1546,45.5445;8343;;Dragovanja Vas
113;14.8457,45.6731;1332;;Konca Vas
113;14.8364,46.5223;2392;;Podkraj pri Mežici
113;16.2552,46.7053;9208;;Suhi Vrh
113;16.0720,46.4667;2258;;Mala Vas pri Ormožu
113;15.0786,45.9607;8233;;Straža
112;13.9246,45.8765;5270;;Kožmani
112;15.3247,45.6616;8330;;Svržaki
112;14.3313,46.2692;4202;;Polica
112;15.1294,45.7904;8501;;Srebrniče
112;16.1046,46.4268;2274;;Drakšl
112;15.5917,46.2421;3241;;Kamna Gorca
112;15.2057,45.9752;8296;;Vrhek
112;15.4562,46.2116;3231;;Platinovec
111;13.6563,46.0946;5213;;Bodrež
111;15.2259,46.1417;3270;;Radoblje
111;14.5724,45.6878;1360;;Šegova Vas
111;14.1762,45.6422;6255;;Nadanje Selo
111;14.2205,46.2877;4245;;Češnjica pri Kropi
111;15.3676,46.3228;3213;;Sojek
111;15.3680,46.2658;3222;;Jarmovec
111;15.4377,46.1492;3224;;Jelce
111;15.4517,46.1487;3262;;Košnica
111;15.3301,46.2188;3220;;Draga
111;14.2998,45.9280;1353;;Mirke
111;14.9227,46.1775;1413;;Brezje
111;15.3997,46.4104;3214;;Koroška Vas na Pohorju
111;15.8344,46.6813;2214;;Grabe
110;15.5415,45.8881;8261;;Račja Vas
110;15.1720,45.5724;8340;;Svibnik
110;14.6848,46.1311;1225;;Kokošnje
110;15.3633,45.9377;8274;;Podulce
110;14.8062,46.1013;1281;;Jesenje
110;15.3004,46.0629;3273;;Podgorica
110;15.0608,45.9083;8210;;Češnjevek
110;15.9435,46.3530;2285;;Soviče
110;15.3475,46.2820;3212;;Bovše
110;15.3884,46.3997;3214;;Gorenje pri Zrečah
110;15.9609,46.5617;2236;;Peščeni Vrh
110;15.8791,46.6860;9253;;Mahovci
110;15.2002,45.9129;8231;;Čužnja Vas
110;14.8817,46.3055;3341;;Homec
109;13.5148,46.0118;5212;;Šlovrenc
109;15.2314,46.3056;3201;;Pepelno
109;14.7154,46.1356;1251;;Krašce
109;15.3865,46.2324;3230;;Lokarje
109;15.4322,46.0930;3225;;Šentvid pri Planini
109;13.9794,45.8102;5272;;Poreče
109;14.8586,46.1340;1252;;Vidrga
118;15.0709,45.9922;8232;;Draga pri Šentrupertu
109;15.9852,46.3189;2282;;Pohorje
108;14.6499,46.2628;1242;;Podstudenec
108;14.9476,46.0007;1276;;Gobnik
108;15.1931,45.7185;8321;;Pristava
108;15.7358,46.6601;2213;;Počenik
108;14.1686,45.6540;6257;;Šmihel
108;15.3882,46.0574;8292;;Mrzla Planina
108;15.3314,46.0093;8290;;Pečje
108;15.3063,45.8315;8310;;Loka
108;15.9481,46.5079;2255;;Hvaletinci
107;14.4997,46.2436;4207;;Pšenična Polica
107;14.4305,46.0514;1356;;Razori
107;13.9931,45.5598;6242;;Povžane
107;14.1213,45.5721;3000;;Huje
107;15.5422,46.2733;3241;;Pečica
107;14.9353,45.9307;8213;;Martinja Vas
106;14.8262,45.8915;1303;;Sušica
106;14.0612,46.4503;4270;;Prihodi
106;15.2580,45.6817;8330;;Dragomlja Vas
106;14.7025,46.1433;1225;;Imenje
106;15.1477,46.0665;1433;;Njivice
106;15.2973,46.0040;8290;;Radna
106;15.4117,46.2820;3222;;Vodule
106;15.3280,46.3001;3212;;Jankova
106;15.4070,46.3947;3214;;Bezovje nad Zrečami
106;15.8360,46.3074;2286;;Strajna
106;15.4967,46.6065;2345;;Veliki Boč
106;14.8806,46.0438;1275;;Zgornja Jablanica
106;15.1743,45.9433;8295;;Sv. Vrh
105;15.2634,46.1609;3270;;Ojstro
105;16.2256,46.4963;2276;;Rinčetova Graba
105;15.2061,45.7858;8322;;Šentjošt
105;15.7355,46.5693;2231;;Ložane
105;15.0971,46.4495;2381;;Vodriž
105;15.5994,46.3708;2318;;Lokanja Vas
105;16.0102,46.5577;9243;;Ženik
105;15.4888,46.2198;3240;;Predel
105;15.3391,46.2247;3220;;Ogorevc
105;15.2967,46.3251;3213;;Novake
105;15.2722,46.3310;3203;;Zlateče
104;14.6423,45.9841;1293;;Zgornja Slivnica
104;16.0041,46.5074;2256;;Senčak pri Juršincih
104;13.7314,45.5117;6274;;Grinjan
104;15.3044,46.1718;3271;;Kanjuce
104;15.0858,46.1042;1423;;Župa
104;15.9671,46.4135;2252;;Strelci
104;14.6298,46.3950;3335;;Logarska Dolina
104;14.9491,45.8137;8361;;Stavča Vas
104;15.0632,45.9766;8233;;Ravnik
103;15.2667,46.2639;3211;;Lahovna
103;14.0981,46.1237;4225;;Srednje Brdo
103;15.4479,46.0306;8281;;Brezje pri Dovškem
103;14.9832,46.0067;1274;;Moravška Gora
103;15.2926,45.6636;8330;;Trnovec
103;15.2053,45.8306;8001;;Lešnica
103;15.5659,46.1203;3255;;Verače
103;15.1522,46.0523;1433;;Močilno
103;16.0572,46.6089;9252;;Hrašenski Vrh
103;15.6401,46.2957;2321;;Hrastovec pod Bočem
102;15.5660,46.0293;8282;;Poklek pri Podsredi
102;15.2270,46.1191;3272;;Lože
102;16.2087,46.4819;2275;;Ilovci
102;16.1830,46.4810;2275;;Plešivica
102;15.1213,45.7503;8323;;Veliki Podljuben
102;16.0538,46.5937;9252;;Stanetinci
102;15.4489,46.2435;3232;;Podgaj
102;15.3602,46.2293;3230;;Zlateče pri Šentjurju
102;15.2760,46.3171;3203;;Polže
102;14.2206,45.9536;1370;;Prezid
102;15.9689,46.3223;2285;;Mali Okič
101;15.6429,45.8669;8257;;Cirnik
101;14.9772,46.6004;2372;;Tribej
101;14.9206,46.2986;3332;;Lačja Vas
101;13.7302,45.8851;5294;;Draga
101;15.6238,46.2033;3253;;Kamence
101;15.5887,46.4388;2314;;Kočno pri Polskavi
101;15.5675,46.2502;3241;;Krtince
101;14.8706,46.0212;1275;;Dvor
101;14.8823,46.0315;1275;;Jelša
101;15.9730,46.3298;2282;;Slatina
100;15.0552,46.6114;2370;;Sveti Duh
100;15.1271,46.1118;1431;;Šavna Peč
100;14.5373,45.9299;1319;;Podgozd
100;15.5869,46.6483;2201;;Jedlovnik
100;15.3798,46.1419;3224;;Škarnice
99;15.6885,45.9987;8259;;Brezovica na Bizeljskem
99;14.8786,46.2603;3341;;Rovt pod Menino
99;15.2784,46.6401;2360;;Radelca
99;15.1826,46.0329;8297;;Budna Vas
99;15.1463,46.0052;8297;;Podboršt
99;13.8727,45.7537;6221;;Šepulje
99;15.5848,46.4100;2310;;Šentovec
99;15.3399,46.3318;3213;;Podgorje pod Čerinom
99;14.9514,46.1152;1412;;Kal
99;14.0586,46.0748;4225;;Koprivnik
99;15.0620,45.8509;8216;;Golobinjek
98;14.2452,46.0725;1355;;Srednji Vrh
98;14.6771,46.1342;1225;;Zalog pod Sveto Trojico
98;14.8583,45.9078;8213;;Hrastov Dol
98;13.6941,45.4992;6274;;Grintovec
98;15.4542,45.8671;8312;;Brod v Podbočju
98;15.3513,46.1153;3273;;Blatni Vrh
98;15.1920,46.1461;3272;;Trnovo
98;15.2172,45.8496;8220;;Herinja Vas
98;15.5515,46.3387;2318;;Razgor pri Žabljeku
98;15.6395,46.6569;2201;;Stara Gora pri Šentilju
98;15.4714,46.2509;3232;;Okrog
98;15.0846,45.9357;8233;;Stan
98;15.2598,46.3455;3204;;Čreškova
97;15.3062,46.2317;3221;;Slance
97;14.3746,46.3066;4203;;Čadovlje
97;14.4628,45.6884;1386;;Šmarata
97;15.7325,46.6032;2231;;Kušernik
97;15.4416,46.5611;2343;;Ruta
97;14.6696,45.7549;1317;;Vinice
96;15.3364,46.2491;3202;;Žepina
96;16.0029,46.4494;2257;;Brezovci
96;14.8699,45.9765;1276;;Čagošče
96;15.2372,45.7987;8322;;Križe
96;15.4990,46.2516;3240;;Vodenovo
96;15.0129,45.8907;8210;;Repče
96;15.3206,46.3051;3212;;Ilovca
96;14.9339,46.1782;1413;;Dobrljevo
96;15.4017,45.8474;8311;;Dobe
95;13.9877,46.1433;5282;;Trebenče
95;14.8249,45.8539;1303;;Grintovec
95;14.6201,46.2439;1241;;Zduša
95;13.8401,45.5484;6271;;Cepki
95;14.6989,46.1807;1225;;Čeplje
95;15.3659,45.9674;8293;;Hudo Brezje
95;15.1819,45.9708;8296;;Polje pri Tržišču
95;15.4557,46.4585;2315;;Planina pod Sumikom
95;15.4566,46.3517;3210;;Brdo
95;15.3381,45.8706;8310;;Drama
95;15.4866,46.2424;3232;;Močle
95;15.0142,46.1711;1420;;Sveta Planina
95;15.0022,45.9348;8212;;Blato
95;14.8018,46.0304;1270;;Volčja Jama
95;15.8258,46.7141;2214;;Zgornje Konjišče
94;13.5710,45.9963;5211;;Snežatno
94;15.5727,45.8595;8251;;Globočice
94;14.1427,46.0906;4223;;Dobravšce
94;14.6078,46.2398;1241;;Jeranovo
94;14.5754,46.2521;1242;;Laniše
94;14.6961,46.0451;1262;;Gabrje pri Jančah
94;14.8567,46.4071;2393;;Planina
94;16.0806,46.5091;2258;;Godemarci
94;15.7458,46.3424;2322;;Stanečka Vas
94;15.8897,46.5922;2234;;Obrat
94;15.8644,46.5223;2254;;Črmlja
94;15.4320,45.8314;8311;;Dolšce
93;15.6239,45.8747;8251;;Prilipe
93;15.5841,45.9773;8256;;Volčje
93;14.1603,46.1157;4223;;Srednja Vas–Poljane
93;13.8061,46.4793;4280;;Log
93;14.3243,46.1579;4220;;Hosta
93;14.3204,46.3808;4290;;Čadovlje pri Tržiču
93;15.8186,46.3795;2324;;Trnovec
93;15.3293,46.3276;3213;;Bezenškovo Bukovje
93;15.6423,46.0770;3256;;Srebrnik
93;16.1015,46.4758;2258;;Hranjigovci
93;14.0556,46.3828;4247;;Grabče
93;15.0926,45.9848;8232;;Kamnje
92;15.2938,45.5331;8341;;Dolenjci
92;14.7681,45.7719;1313;;Podtabor
92;14.6719,46.1482;1225;;Škocjan
92;14.6675,46.1787;1225;;Vrhovlje
92;15.7347,46.6133;2221;;Flekušek
92;13.7224,46.1600;5216;;Kozaršče
92;14.8570,45.8464;1303;;Drašča Vas
91;13.5369,46.0042;5212;;Zali Breg
91;14.5304,46.2868;4207;;Ambroz pod Krvavcem
91;14.6670,46.1320;1233;;Račni Vrh
91;14.3222,46.2482;4202;;Rakovica
91;14.3596,46.2860;4203;;Srakovlje
91;15.2331,46.0437;1434;;Šentjur na Polju
91;15.2652,46.3304;3203;;Homec
91;15.1247,46.2833;3311;;Zalog pri Šempetru
90;13.5558,46.0284;5211;;Krasno
90;15.6022,46.6803;2212;;Ciringa
90;15.5334,46.3095;2319;;Selski Vrh
90;15.3485,45.8608;8310;;Roje
90;14.8935,45.9291;8213;;Bič
90;14.9467,46.1981;1413;;Zaplanina
89;15.2192,45.5653;8340;;Čudno Selo
89;14.1713,46.1203;4223;;Dobje
89;14.6221,45.9434;1290;;Pece
89;14.6234,45.9834;1293;;Podgorica pri Šmarju
89;14.7604,45.9629;1294;;Stari Trg
89;14.8389,45.9280;1296;;Velike Pece
89;14.6658,46.1567;1225;;Vrba
89;14.7053,45.7338;1310;;Bukovica
89;15.2484,46.0406;1434;;Šmarčna
89;13.7648,46.1150;5283;;Kanalski Lom
89;14.2676,46.3707;4290;;Visoče
89;15.1258,46.2938;3311;;Grče
88;13.9880,46.1660;5282;;Poče
88;14.7626,46.1764;1223;;Krajno Brdo
88;14.2898,46.3164;4294;;Zadraga
88;15.2132,46.0336;1434;;Log pri Vrhovem
88;15.1015,46.0743;1423;;Zagrad
88;14.2156,46.1981;4227;;Stirpnik
88;13.9885,45.7968;5272;;Hrašče
87;14.6033,46.1150;1230;;Šentpavel pri Domžalah
87;14.1099,46.1369;4224;;Volaka
87;14.0272,46.4653;4276;;Plavški Rovt
87;14.6973,46.1170;1251;;Zgornja Javoršica
87;15.2424,45.8340;8001;;Gumberk
87;15.2091,45.8586;8220;;Vrh pri Pahi
87;15.0400,45.9517;8233;;Gorenja Vas pri Mirni
87;14.9174,45.9301;8213;;Medvedjek
87;15.2791,46.2949;3212;;Konjsko
87;15.4668,46.3929;2317;;Zlogona Gora
86;15.8257,46.4954;2253;;Gomila
86;15.0782,46.1517;1430;;Studence
86;15.5141,46.0086;8280;;Raztez
86;15.5767,46.6735;2201;;Slatina
86;14.6687,45.9954;1290;;Pance
86;14.6864,46.1387;1225;;Goričica pri Moravčah
86;15.2560,46.0742;1434;;Okroglice
86;15.3603,46.0332;8292;;Podvrh
86;15.2882,45.8616;8222;;Gorenja Gomila
86;15.4884,46.1142;3262;;Straška Gorca
86;15.0162,45.8559;8211;;Rdeči Kal
86;15.3925,46.3930;3214;;Črešnova
86;14.9097,45.9836;1276;;Gradišče - K. o. Grad. in Polj.
85;14.3329,45.7983;1380;;Podskrajnik
85;14.1703,46.1532;4224;;Dolenčice
85;15.2944,46.1369;3270;;Leskovca
85;14.3684,46.1482;4211;;Dol
85;15.1966,46.0526;1434;;Hotemež
85;15.5634,46.3346;2318;;Dolgi Vrh
85;15.3626,45.8449;8310;;Ledeča Vas
85;14.3415,46.1483;4220;;Gosteče
85;13.7143,46.1380;5216;;Sela pri Volčah
85;15.0765,45.9056;8210;;Lukovek
85;14.3415,46.3781;4290;;Potarje
85;15.2867,46.3245;3203;;Razdelj
85;15.0420,45.7734;8350;;Gorenje Polje
85;15.0490,45.7225;8350;;Kočevske Poljane
85;15.0763,45.9792;8232;;Škrljevo
84;13.9479,46.1536;5282;;Jesenica
84;15.1165,45.5523;8343;;Grič pri Dobličah
84;14.6678,46.0982;1262;;Petelinje
84;13.6228,46.0652;5210;;Gorenje Polje
84;15.2508,46.1795;3270;;Brstnik
84;15.1866,46.1591;3270;;Huda Jama
84;15.1362,46.0687;1432;;Stari Dvor
84;14.2455,46.3040;4244;;Zaloše
84;15.1554,46.0291;8297;;Leskovec v Podborštu
84;15.4237,46.2397;3232;;Brezje ob Slomu
84;16.0347,46.3588;2282;;Gorenjski Vrh
84;15.6121,46.3120;2319;;Križeča Vas
83;15.2776,45.4816;8344;;Podklanec
83;15.5251,45.9771;8272;;Anovec
83;14.7133,46.1871;1225;;Trnovče
83;15.6307,46.2485;3250;;Ratanska Vas
83;15.3990,46.0072;8283;;Krajna Brda
83;15.4636,46.3258;3210;;Nova Vas pri Konjicah
83;15.3767,46.0796;8292;;Prapretno
83;15.5658,46.1973;3253;;Pustike
83;14.0660,46.3840;4247;;Mevkuž
82;13.9586,46.2833;4264;;Bitnje
82;15.2904,46.2161;3221;;Osenca
82;15.2123,45.4942;8343;;Belčji Vrh
82;14.4273,46.0445;1356;;Komanija
82;15.5492,46.0380;8282;;Vojsko
82;15.4649,45.9495;8273;;Loke
82;15.5232,46.4197;2315;;Jurišna Vas
82;15.9845,46.5263;2255;;Gibina
82;14.8819,46.0373;1275;;Selšek
81;14.6320,46.0008;1293;;Brezje pri Lipoglavu
81;14.7330,46.0044;1294;;Mali Vrh pri Prežganju
81;15.5381,46.1334;3223;;Gostinca
81;15.4924,46.4026;2316;;Fošt
81;15.5374,46.4232;2315;;Zgornja Nova Vas
81;16.0157,46.5804;9245;;Čakova
81;15.3595,45.8324;8310;;Volčkova Vas
81;15.0317,46.1697;1420;;Planinska Vas
81;14.9747,45.9409;8212;;Škovec
81;15.8659,46.5304;2254;;Sovjak
80;14.3741,45.9014;1353;;Ohonica
80;15.6185,46.1791;3253;;Vonarje
80;15.2068,45.6472;8333;;Sovinek
80;15.4400,46.2329;3232;;Zgornje Selce
80;13.9477,45.8539;5271;;Zemono
80;14.9724,46.1523;1412;;Zavine
80;15.9121,46.5952;2234;;Ločki Vrh
80;15.1606,45.8946;8231;;Bogneča Vas
80;15.1717,45.9210;8231;;Drečji Vrh
80;15.6273,46.3051;2321;;Krasna
79;14.3603,46.3106;4204;;Pangršica
79;15.4506,45.9705;8270;;Gora
79;15.5006,45.9328;8273;;Žadovinek
79;15.4906,45.9051;8263;;Kerinov Grm
79;14.6337,46.0307;1261;;Zagradišče
79;15.2121,45.7204;8321;;Konec
79;15.3377,45.9377;8276;;Dolenje Radulje
79;14.9829,45.8529;8211;;Korita
79;15.0311,45.7486;8350;;Obrh
78;14.4694,46.2451;4207;;Vašca
78;14.7794,46.2120;1219;;Veliki Hrib
78;15.7898,46.5719;2230;;Zamarkova
78;15.7572,46.5554;2221;;Grušova
78;15.1558,45.9776;8296;;Zgornje Mladetiče
78;15.4058,46.1149;3225;;Brdo
78;15.2791,45.8897;8275;;Osrečje
78;14.2508,46.2183;4227;;Knape
78;14.9246,46.2025;1221;;Limovce
78;14.9631,45.8328;8361;;Trebča Vas
77;14.3120,46.2486;4202;;Zabukovje
77;15.3545,46.0875;3273;;Marijina Vas
77;15.1938,46.1392;3272;;Sevce
77;15.2350,45.6178;8332;;Klošter
77;14.7828,46.1456;1251;;Mošenik
77;15.2305,46.0352;1434;;Prapretno
77;16.0303,46.5722;9245;;Biserjane
77;16.0432,46.5517;9243;;Žihlava
77;15.5242,46.2377;3240;;Mala Pristava
77;14.9755,45.9184;8212;;Kamni Potok
77;15.9508,46.3262;2285;;Belavšek
77;15.3114,46.3113;3203;;Globoče
76;14.7627,45.8961;1301;;Trebnja Gorica
76;14.8170,45.8661;1303;;Veliko Globoko
76;13.6048,46.0701;5210;;Močila
76;13.8920,45.5283;6275;;Bezovica
76;13.8649,45.4911;6272;;Poletiči
76;15.3860,45.9225;8274;;Cirje
76;13.8401,45.7518;6221;;Godnje
76;15.3752,46.1765;3233;;Osredek
76;15.3645,46.1476;3271;;Vodice pri Kalobju
76;14.5812,45.8467;1314;;Dolščaki
76;14.1037,46.1803;4224;;Potok
76;14.0795,46.0638;4226;;Jarčja Dolina
76;15.0048,45.7712;8350;;Loška Vas
75;14.8720,45.8652;1303;;Valična Vas
75;14.7346,46.1785;1225;;Koreno
75;15.1888,45.8340;8000;;Sevno
75;16.0114,46.5276;9243;;Grabšinci
75;15.4514,46.1070;3262;;Podvine
75;14.2886,46.1133;1355;;Sveti Ožbolt
75;15.5691,46.1906;3253;;Zibiška Vas
75;14.9267,46.1647;1413;;Zgornji Prhovec
75;14.9414,46.1366;1411;;Strahovlje
75;14.0919,46.0558;4226;;Ledinica
74;15.0471,46.5932;2370;;Bukovje
74;14.7274,45.9519;1294;;Peščenik
74;13.5854,46.2369;5222;;Mlinsko
74;15.3900,45.9765;8283;;Lomno
74;15.7181,46.3339;2322;;Koritno
74;15.2227,45.7837;8322;;Hrib pri Orehku
74;15.5939,46.0870;3260;;Brezovec pri Polju
74;15.5129,46.4159;2316;;Turiška Vas na Pohorju
74;15.2941,45.8200;8310;;Zapuže
74;15.3849,46.0971;3225;;Visoče
74;14.2932,46.1793;4220;;Trnje
74;15.9082,46.3464;2284;;Ljubstava
74;14.8634,46.1529;1252;;Žvarulje
74;14.9603,46.2598;3305;;Selo pri Vranskem
74;15.0898,45.9682;8232;;Brinje
73;15.2332,46.3139;3201;;Rupe
73;14.3725,46.0865;1355;;Osredek pri Dobrovi
73;14.7861,46.2184;1219;;Cirkuše v Tuhinju
73;13.8616,45.5468;6275;;Krnica
73;13.7950,45.5181;6273;;Montinjan
73;16.1852,46.4944;9240;;Cuber
73;15.2136,45.7761;8322;;Verdun
73;14.2437,46.2962;4244;;Prezrenje
73;15.2496,46.0300;8294;;Mrtovec
73;15.3348,46.0343;8290;;Prešna Loka
73;15.4488,46.2981;3210;;Kraberk
73;14.7814,46.0440;1270;;Dragovšek
73;14.0736,46.3826;4247;;Višelnica
72;14.9071,45.9511;8213;;Šentjurje
72;14.8220,45.9389;1295;;Vrhpolje pri Šentvidu
72;15.5065,46.0188;8281;;Lokve
72;15.5858,46.2651;3241;;Gabrovec pri Kostrivnici
72;15.5764,46.2625;3241;;Podturn
72;15.1859,45.9486;8295;;Škovec
72;16.0313,46.5503;9243;;Stara Gora
72;15.3260,46.2880;3212;;Tomaž nad Vojnikom
72;15.4757,46.3727;2317;;Raskovec
72;14.7832,46.0364;1270;;Štangarske Poljane
72;14.8812,46.3179;3332;;Grušovlje
71;14.0248,45.8909;5273;;Malo Polje
71;14.4327,45.7359;1384;;Goričice
71;15.1375,45.5627;8340;;Doblička Gora
71;15.1554,45.4944;8343;;Zapudje
71;14.0746,46.0836;4225;;Hobovše pri Stari Oselici
71;14.1686,46.1611;4224;;Murave
71;14.0267,45.5766;6242;;Hotična
71;13.6351,46.2538;5222;;Koseč
71;15.4340,46.3032;3210;;Škedenj
71;15.3134,45.9237;8276;;Jerman Vrh
71;14.3080,46.1831;4220;;Papirnica
71;15.3212,46.1817;3271;;Svetli Dol
71;14.9929,45.9125;8210;;Rožni Vrh
71;14.8801,46.1341;1252;;Kostrevnica
71;15.1196,45.8724;8216;;Hmeljčič
70;14.8159,45.9113;1295;;Bojanji Vrh
70;14.7293,46.0590;1281;;Tuji Grm
70;15.7463,46.3148;2289;;Jelovice
70;15.2982,45.6883;8330;;Brezovica pri Metliki
70;14.4288,46.3019;4205;;Hrib
70;15.2072,45.6579;8333;;Oskoršnica
70;15.4467,46.4132;2317;;Podgrad na Pohorju
70;15.0043,45.9176;8210;;Pekel
70;15.0239,45.8713;8211;;Šmaver
70;14.9620,46.2239;3305;;Zahomce
69;15.6597,45.9754;8255;;Brezje pri Bojsnem
69;15.6810,45.9801;8259;;Dramlja
69;15.2477,46.3091;3201;;Jezerce pri Šmartnem
69;15.1625,45.5995;8340;;Sela pri Otovcu
69;14.6836,46.2477;1241;;Studenca
69;14.6650,46.2843;1242;;Žaga
69;13.8785,45.5403;6275;;Predloka
69;15.6166,46.6740;2212;;Podigrac
69;15.0037,46.0089;1274;;Brezovo
69;16.1444,46.4510;2259;;Strezetina
69;15.6414,46.2058;3250;;Pristavica
69;16.0744,46.5830;9244;;Kupetinci
69;15.5361,46.2269;3240;;Korpule
69;14.2887,46.3251;4294;;Breg ob Bistrici
69;15.0892,45.8304;8216;;Vrhovo pri Mirni Peči
69;15.4546,46.3628;2317;;Dobriška Vas
68;15.1677,45.9619;8295;;Skrovnik
68;15.4636,46.3039;3210;;Suhadol
68;15.0083,46.3171;3327;;Podgorje pri Letušu
67;15.5673,45.9753;8272;;Oklukova Gora
67;14.6831,46.1087;1251;;Osredke
67;14.0262,46.0825;4225;;Laniše
67;13.9808,46.0130;5280;;Razpotje
67;14.8797,45.6571;1330;;Griček pri Željnah
67;15.4372,45.9627;8283;;Spodnje Dule
67;15.3223,46.1233;3273;;Laška Vas
67;15.2162,45.7638;8322;;Plemberk
67;15.2424,45.6683;8333;;Gradnik
67;15.0436,45.9619;8233;;Migolica
67;14.2485,46.3563;4243;;Paloviče
67;15.3505,46.3763;3206;;Zabork
67;14.9083,46.0275;1275;;Liberga
67;15.5593,46.2954;2319;;Ljubično
66;15.1881,45.5282;8343;;Podlog
66;14.8237,45.9282;1295;;Artiža Vas
66;14.8387,45.8471;1303;;Dečja Vas pri Zagradcu
66;14.3697,46.2651;4203;;Ilovka
66;14.1552,46.0062;1373;;Hleviše
66;13.7285,45.8813;5294;;Brdo
66;15.2634,45.7714;8322;;Pangrč Grm
66;13.9359,45.7445;6210;;Majcni
66;15.5054,46.4308;2315;;Urh
66;15.0787,45.8964;8216;;Dolenja Dobrava
66;14.5089,46.1523;1211;;Vesca
66;14.2629,46.0354;1354;;Samotorica
66;15.1967,46.2649;3301;;Ruše
66;14.8583,46.0107;1275;;Leskovica pri Šmartnem
65;14.0136,46.1322;5282;;Čeplez
65;15.1621,45.6065;8340;;Rožanec
65;15.9001,46.4913;2253;;Gomilci
65;14.6761,46.1420;1225;;Studenec pri Krtini
65;15.3642,45.9170;8274;;Dolenja Vas pri Raki
65;14.7892,46.1390;1251;;Ples
65;15.9531,46.3148;2285;;Skorišnjak
65;15.4152,46.3701;3214;;Gračič
65;15.3991,45.8314;8311;;Kočarija
64;15.3104,46.1142;3273;;Velike Gorelce
64;15.6292,46.1888;3253;;Vidovica
64;16.0072,46.5709;9245;;Blaguš
64;15.3024,45.9036;8275;;Zavinek
64;13.8183,46.1121;5283;;Roče
64;14.9919,45.9588;8212;;Goljek
64;15.0503,45.9494;8233;;Trbinc
64;15.2517,46.3277;3204;;Vine
64;14.8967,46.1778;1222;;Polšina
64;15.0338,45.7537;8350;;Suhor pri Dol. Toplicah
64;15.6344,46.3153;2321;;Modraže
64;16.0726,46.4771;2258;;Zagorje
63;13.8875,45.8096;6222;;Čehovini
63;15.3709,45.9522;8293;;Planina pri Raki
63;14.7241,46.0459;1270;;Dolgo Brdo
63;14.5889,45.6919;1360;;Srednja Vas–Loški Potok
63;15.7429,46.3295;2322;;Skrblje
63;16.0371,46.6100;9252;;Spodnji Kocjan
63;15.2019,45.6676;8333;;Podreber
63;14.4086,46.2045;4210;;Žerjavka
63;14.5899,45.9481;1319;;Drenik
63;14.8882,45.9412;8213;;Cesta
63;15.9492,46.3609;2281;;Dravci
63;13.6882,45.8945;5292;;Dombrava
62;13.9250,45.8960;5270;;Grivče
62;13.9967,46.0691;4225;;Travnik
62;14.5828,46.2756;1242;;Okroglo
62;14.6708,46.2243;1241;;Podhruška
62;15.3576,45.9194;8274;;Površje
62;15.2493,45.7755;8322;;Sela pri Zajčjem Vrhu
62;15.2951,46.5962;2363;;Kozji Vrh
62;14.6402,45.7832;1317;;Sv. Gregor
62;15.1785,46.0006;8297;;Birna Vas
62;15.4145,46.2958;3222;;Grušce
62;15.4170,46.1194;3225;;Tajhte
62;15.5489,46.2248;3240;;Gaj
62;15.5095,46.2033;3264;;Kamenik
62;14.9002,46.1351;1411;;Ravne pri Mlinšah
62;16.0715,46.3462;2283;;Drenovec
62;16.1020,46.5723;9244;;Dobrava
62;14.9073,46.0425;1272;;Jablaniške Laze
62;15.6961,46.3360;2321;;Strug
61;13.4935,45.9951;5212;;Barbana
61;13.5055,46.2602;5224;;Potoki
61;14.9356,46.0155;1274;;Nova Gora
61;15.1718,46.0546;1433;;Dobrava
61;15.1628,45.9688;8296;;Pijavice
61;15.1707,46.0260;8297;;Srednik
61;15.3682,46.0239;8292;;Stržišče
61;15.2812,45.8509;8222;;Prapreče pri Šentjerneju
61;14.9371,45.9407;8213;;Dolnje Prapreče
61;14.9275,45.9559;1276;;Mačji Dol
61;14.9987,45.8803;8211;;Šahovec
61;14.6697,45.8200;1318;;Prilesje
61;15.3960,46.1459;3224;;Suho
61;16.0169,46.3191;2282;;Meje
60;14.1943,46.0791;4223;;Zadobje
60;14.7900,45.9080;1301;;Oslica
60;14.7383,46.2315;1219;;Gradišče v Tuhinju
60;13.8952,45.4747;6272;;Lukini
60;14.3850,46.3210;4205;;Babni Vrt
60;15.2736,46.1138;3270;;Brodnice
60;14.7080,46.1386;1251;;Sveti Andrej
60;16.1277,46.4275;2274;;Strmec pri Ormožu
60;14.2360,46.2758;4244;;Rovte
60;15.2218,45.6232;8332;;Stranska Vas pri Semiču
60;15.7650,46.6410;2213;;Jurjevski Dol
60;15.4531,46.0972;3262;;Podpeč pri Šentvidu
60;15.2747,45.9191;8275;;Goriška Vas pri Škocjanu
60;14.1178,46.0254;4226;;Brekovice
60;15.0544,46.2636;3303;;Zakl
60;14.8562,46.5806;2391;;Belšak
60;14.7006,46.4346;3335;;Podolševa
60;15.1151,45.9890;8232;;Hrastno
59;15.7031,46.0056;8259;;Nova Vas ob Sotli
59;14.1081,46.0818;4226;;Kladje
59;15.3899,45.9131;8274;;Mikote
59;15.4175,45.9051;8274;;Zaloke
59;14.8430,46.1032;1252;;Ržišče
59;15.2843,45.6325;8330;;Krivoglavice
59;14.9757,45.9667;8212;;Dolenja Vas pri Čatežu
59;14.4993,45.7572;1385;;Fara
59;15.0797,45.9711;8232;;Vesela Gora
58;15.6984,45.9205;8258;;Rakovec
58;13.9959,45.6562;6217;;Naklo
58;14.5526,45.9556;1319;;Kremenica
58;13.6363,45.4970;6310;;Nožed
58;14.5740,46.2656;1242;;Zakal
58;15.4165,45.9409;8274;;Drenovec pri Leskovcu
58;15.3556,45.9351;8274;;Zabukovje pri Raki
58;15.1756,46.1354;3272;;Klenovo
58;15.2696,46.1703;3270;;Padež
58;15.2859,46.1808;3270;;Požnica
58;14.6746,46.1903;1225;;Dupeljne
58;15.1348,45.8321;8501;;Hudo
58;15.2497,45.7525;8322;;Vrhe
58;14.6735,45.8047;1316;;Dolenje Podpoljane
58;15.1148,46.0122;8297;;Svinjsko
58;15.4976,46.3109;3210;;Mali Breg
58;15.3775,46.1619;3233;;Podlešje
58;15.5050,46.1916;3264;;Lekmarje
58;14.4679,46.1724;1217;;Dornice
58;15.2549,46.3345;3204;;Landek
58;15.2832,46.2826;3211;;Lešje
58;14.9575,46.1822;1413;;Razbor pri Čemšeniku
58;14.2224,46.2359;4227;;Topolje
58;15.8237,46.6956;2214;;Pogled
58;15.4089,45.8621;8311;;Malence
57;15.5157,45.8598;8263;;Vrhovska Vas
57;14.1867,46.0995;4223;;Vinharje
57;14.0733,45.5703;6243;;Kovčice
57;14.0688,46.4218;4270;;Podkočna
57;13.8112,45.8044;6222;;Tupelče
57;14.9809,46.0631;1272;;Stranski Vrh
57;14.9882,45.9323;8212;;Iglenik pri Veliki Loki
57;14.5282,45.7764;1385;;Veliki Vrh
57;15.4216,46.1373;3224;;Slatina pri Dobjem
56;14.1791,46.0478;4226;;Goli Vrh
56;13.7842,45.7980;6223;;Coljava
56;15.4705,46.1083;3262;;Bistrica
56;15.2210,46.1162;3272;;Brstovnica
56;16.1162,46.5072;2258;;Vidanovci
56;14.1686,46.0142;1373;;Vrh Svetih Treh Kraljev
56;13.6626,45.8467;5296;;Novelo
56;14.7546,46.1495;1251;;Serjuče
56;16.1718,46.4660;2259;;Svetinje
56;15.6206,46.1930;3253;;Jerčin
56;16.0352,46.6030;9245;;Kocjan
56;15.1938,46.0188;8297;;Cerovec
56;15.4496,46.4213;2317;;Nadgrad
56;15.5827,46.2006;3253;;Dol pri Pristavi
56;15.3547,46.3616;3206;;Gornja Vas
56;14.1632,46.2094;4228;;Smoleva
55;15.1839,45.6167;8333;;Mihelja Vas
55;14.6878,46.0036;1290;;Gorenja Vas pri Polici
55;14.6185,45.9070;1311;;Medvedica
55;14.7167,46.2094;1219;;Sidol
55;15.2073,46.1739;3270;;Slivno
55;14.8486,46.1234;1252;;Klenik
55;14.6785,46.1505;1225;;Prevalje
55;15.5846,46.1146;3255;;Pecelj
55;15.2196,45.6570;8333;;Omota
55;14.9454,45.9517;8212;;Veliki Videm
55;14.8901,46.1426;1252;;Zabava
55;14.2360,46.2390;4227;;Zabrekve
55;15.8952,46.6037;2234;;Sveti Trije Kralji v Slovenskih Goricah
55;16.1099,46.5344;9244;;Gajševci
55;16.0802,46.5900;9244;;Zasadi
55;15.4752,46.3628;2317;;Dobrova pri Prihovi
55;14.9391,45.8620;8360;;Zalisec
54;15.1816,45.5379;8343;;Golek
54;14.2182,46.0773;4223;;Rovt
54;15.9640,46.6342;9245;;Rodmošci
54;14.8839,45.9780;1276;;Radanja Vas
54;13.5950,46.0254;5211;;Prilesje pri Plavah
54;13.8377,45.4832;6272;;Trsek
54;15.2159,46.1295;3272;;Povčeno
54;15.2016,46.1339;3272;;Strensko
54;14.8576,46.1151;1252;;Potok pri Vačah
54;14.6625,46.0062;1293;;Selo pri Pancah
54;15.8033,46.3510;2324;;Bolečka Vas
54;15.2055,45.8534;8220;;Paha
54;15.2266,45.8206;8001;;Sela pri Ratežu
54;15.2036,45.9422;8295;;Pavla Vas
54;15.4407,46.3619;2317;;Strtenik
54;15.3616,45.8256;8310;;Vrbovce
54;15.3780,46.2092;3230;;Hruševec
54;15.3732,46.2350;3230;;Repno
54;14.5558,45.9216;1319;;Klada
54;15.0217,45.9208;8210;;Gorenje Medvedje Selo
54;14.9804,45.9134;8212;;Zidani Most
54;14.6473,45.8257;1318;;Srobotnik pri Velikih Laščah
54;14.8600,46.1447;1252;;Dolgo Brdo pri Mlinšah
54;14.7529,46.0388;1270;;Račica
54;15.1119,45.7903;8351;;Loke
53;13.5305,46.0077;5212;;Snežeče
53;14.6476,46.1804;1235;;Žiče
53;15.9984,46.4378;2272;;Strmec pri Polenšaku
53;14.0694,46.0369;4226;;Ledinske Krnice
53;14.8095,45.9276;1295;;Škrjanče
53;14.6282,46.2012;1241;;Rudnik pri Radomljah
53;15.3935,45.8982;8274;;Kržišče
53;14.8829,46.1986;1222;;Hribi
53;14.8439,46.1768;1223;;Podmilj
53;14.8952,46.1882;1222;;V Zideh
53;15.2772,45.6208;8332;;Grm pri Podzemlju
53;13.6646,46.0473;5210;;Dragovica
53;16.0447,46.4521;2273;;Ritmerk
53;14.2546,46.1627;4220;;Breznica pod Lubnikom
53;14.2459,46.1860;4220;;Sveti Tomaž
53;14.3240,46.3379;4204;;Spodnje Vetrno
53;15.3443,46.3709;3206;;Polajna
53;15.2089,46.2276;3301;;Brnica
52;15.8794,46.4969;2253;;Zasadi
52;14.1884,46.1434;4223;;Podobeno
52;14.1904,45.4911;6244;;Starod
52;14.7921,45.9347;1295;;Stranska Vas ob Višnjici
52;14.7559,46.2303;1219;;Stara Sela
52;15.3763,45.9409;8274;;Celine
52;15.2669,46.1489;3270;;Trojno
52;14.7776,46.1359;1251;;Zgornja Dobrava
52;14.2647,46.2967;4244;;Gobovce
52;15.6829,46.2341;3252;;Brezovec pri Rogatcu
52;15.2122,45.9344;8295;;Trščina
52;15.3893,46.1754;3233;;Planinca
52;15.4007,46.1700;3233;;Trno
52;15.5334,46.1814;3223;;Orehovec
52;15.5014,46.2251;3240;;Zadrže
52;14.9688,45.8904;8211;;Vavpča Vas pri Dobrniču
52;14.2649,46.3376;4243;;Hudo
52;14.6240,45.8432;1315;;Pušče
52;15.8993,46.2922;2286;;Ložina
52;16.0157,46.5069;2257;;Senčak
51;13.5247,46.0203;5212;;Gradno
51;15.2165,45.5767;8340;;Dolenja Vas pri Črnomlju
51;15.2180,45.5284;8343;;Velika Lahinja
51;14.7584,45.7923;1313;;Potiskavec
51;14.8788,45.9645;1276;;Praproče pri Temenici
51;15.2979,46.1187;3273;;Gozdec
51;14.6998,46.0166;1290;;Ravno Brdo
51;14.8814,46.1801;1222;;Zavrh pri Trojanah
51;15.6063,46.2112;3253;;Gabrce
51;15.2619,45.9100;8275;;Zalog pri Škocjanu
51;15.3369,46.2846;3212;;Gradišče pri Vojniku
51;15.4131,46.3992;2317;;Kovaški Vrh
51;14.6138,45.7661;1317;;Jelovec
51;15.1256,45.9393;8230;;Beli Grič
50;15.6001,45.9976;8256;;Silovec
50;15.5584,46.0991;3255;;Zeče pri Bučah
50;15.1851,46.1529;3272;;Trnov Hrib
50;14.7945,46.1789;1223;;Mali Jelnik
50;15.2642,45.6267;8332;;Geršiči
50;14.7028,46.1368;1251;;Dvorje
50;14.7561,46.1070;1281;;Spodnji Prekar
50;14.1837,45.6939;6257;;Gradec
50;15.1804,45.9594;8295;;Kaplja Vas
50;14.8963,45.9059;8213;;Velike Dole
50;15.0835,45.9467;8233;;Volčje Njive
50;14.0854,46.0446;4226;;Breznica pri Žireh
50;15.9008,46.3309;2286;;Spodnje Gruškovje
50;15.1313,45.8899;8231;;Ornuška Vas
49;14.8249,45.9068;1295;;Velike Kompolje
49;14.7467,46.2142;1219;;Stebljevek
49;15.2570,46.1538;3270;;Gabrno
49;15.2389,46.1115;3272;;Vodiško
49;14.8630,46.3173;3333;;Meliše
49;16.1942,46.4988;9240;;Železne Dveri
49;14.7704,46.1444;1251;;Gabrje pod Limbarsko Goro
49;14.0937,45.6705;6217;;Čepno
49;15.2303,45.6378;8332;;Krupa
49;15.1655,46.0022;8297;;Koludrje
49;15.5139,46.3792;2316;;Korplje
49;15.5397,46.2940;2319;;Podpeč ob Dravinji
49;14.2558,46.3697;4275;;Hudi Graben
49;15.2852,46.3564;3205;;Selce
49;14.6086,45.7388;1317;;Kržeti
48;15.7062,46.0149;8259;;Bračna Vas
48;15.5304,45.8636;8263;;Poštena Vas
48;13.9806,46.1493;5282;;Laznica
48;15.2422,45.4787;8344;;Perudina
48;15.0983,45.5851;8340;;Rožič Vrh
48;14.7670,45.7869;1313;;Kolenča Vas
48;14.9710,46.5894;2370;;Črneška Gora
48;14.1514,46.1385;4224;;Malenski Vrh
48;14.8261,45.9537;1296;;Pristavlja Vas
48;15.0669,45.5526;8342;;Brezovica pri Predgradu
48;13.8467,45.4672;6272;;Sirči
48;15.5117,45.9408;8270;;Vrbina
48;15.2726,46.1842;3270;;Doblatina
48;15.2238,46.1585;3270;;Šmihel
48;14.7946,46.1707;1223;;Podsmrečje
48;15.1181,45.8276;8216;;Kuzarjev Kal
48;15.1594,46.0063;8297;;Hinje
48;14.6076,45.9970;1293;;Pleše
47;15.6315,45.8488;8251;;Laze
47;14.7171,46.1048;1251;;Križevska Vas
47;14.6559,46.1830;1235;;Zagorica pri Rovah
47;14.1385,46.1379;4224;;Suša
47;14.8766,45.9392;8213;;Škoflje
47;13.5879,46.0884;5213;;Ukanje
47;15.4621,45.9676;8270;;Čretež pri Krškem
47;15.4820,45.8345;8312;;Prušnja Vas
47;15.3952,45.9675;8283;;Veliki Trn
47;14.8059,46.1885;1223;;Jelša
47;14.7968,46.1886;1223;;Zlatenek
47;15.7750,46.3159;2323;;Planjsko
47;14.7417,46.1508;1251;;Pogled
47;15.2734,45.8135;8310;;Leskovec
47;14.1489,46.3352;4240;;Brda
47;15.5017,46.3267;3210;;Kolačno
47;15.5234,46.3325;2319;;Petelinjek pri Ločah
47;15.9696,46.5599;2236;;Kočki Vrh
47;15.4021,46.2869;3222;;Zalog pod Ursulo
47;15.3268,45.8922;8275;;Hudenje
47;15.1173,45.8601;8216;;Orkljevec
47;15.4464,45.8441;8311;;Jablance
47;15.1800,45.8802;8220;;Roje pri Trebelnem
47;15.1531,45.8852;8231;;Štatenberk
46;13.5080,46.0071;5212;;Brdice pri Neblem
46;15.0957,45.4844;8342;;Sodevci
46;14.1702,46.1412;4223;;Lom nad Volčo
46;14.6163,45.9341;1290;;Podgorica pri Podtaboru
46;14.8696,45.9128;8213;;Sad
46;13.7557,45.8182;6223;;Divči
46;13.8286,45.4880;6273;;Kozloviči
46;15.4296,46.0289;8281;;Kališovec
46;14.7789,46.1787;1223;;Vošce
46;14.7306,46.1478;1251;;Podstran
46;15.2679,45.8444;8222;;Polhovica
46;15.3991,46.0917;3225;;Golobinjek pri Planini
46;15.4096,46.1818;3263;;Vezovje
46;15.3340,45.9084;8276;;Dule
46;14.9131,45.9140;8213;;Male Dole pri Stehanji Vasi
46;14.9486,45.9668;1276;;Razbore
46;15.0787,45.9241;8233;;Stara Gora
46;14.3300,45.9363;1353;;Bistra
45;15.5420,45.8672;8261;;Brvi
45;15.2942,45.5465;8341;;Fučkovci
45;14.6403,46.1570;1233;;Želodnik
45;15.4869,46.1048;3261;;Topolovo
45;15.3684,45.9450;8274;;Jelenik
45;15.3771,45.9141;8274;;Podlipa
45;15.0221,46.0354;1273;;Kal pri Dolah
45;14.9619,46.3128;3331;;Zavodice
45;13.7463,45.8824;5294;;Budihni
45;15.2840,45.9719;8290;;Rogačice
45;15.2320,45.9503;8295;;Slančji Vrh
45;15.4877,46.3369;3210;;Perovec
45;15.0178,45.8794;8210;;Gorenji Vrh pri Dobrniču
45;14.9633,45.9412;8212;;Mala Loka
45;14.9626,45.9145;8212;;Pluska
45;14.5957,45.8457;1314;;Knej
45;14.6191,45.8482;1315;;Kukmaka
45;15.0034,46.0835;1414;;Rodež
45;14.9156,45.7966;8360;;Veliko Lipje
45;15.2327,45.9068;8275;;Grič pri Klevevžu
45;15.0408,45.9982;1274;;Zaloka
44;14.5624,46.2584;1242;;Sidraž
44;14.6566,46.1752;1233;;Dolenje
44;14.1688,46.1061;4223;;Žabja Vas
44;15.5947,46.0551;3257;;Gradišče
44;14.9473,45.9941;1276;;Kamni Vrh
44;14.9591,46.0455;1272;;Velika Preska
44;14.7458,46.1109;1251;;Katarija
44;16.1462,46.4366;2259;;Lešniški Vrh
44;15.6314,46.3394;2318;;Farovec
44;15.5187,46.3583;2316;;Sevec
44;15.3193,45.8521;8310;;Razdrto
44;14.5516,45.8487;1314;;Strletje
44;14.9289,46.1019;1282;;Kolk
44;15.3683,46.3451;3206;;Čretvež
44;15.0422,46.2654;3303;;Glinje
44;15.4074,46.1410;3224;;Repuš
43;14.4530,45.8394;1382;;Hruškarje
43;14.4522,45.8258;1382;;Kremenca
43;15.0593,46.6276;2371;;Velka
43;13.6240,46.0732;5213;;Krstenica
43;13.8269,45.8403;6222;;Lisjaki
43;15.4055,45.9615;8283;;Mali Trn
43;15.3685,45.9263;8274;;Vrh pri Površju
43;14.2219,45.7066;6257;;Slovenska Vas
43;14.0889,45.7752;6225;;Brezje pod Nanosom
43;15.1383,46.0168;8297;;Štajngrob
43;15.0278,45.8991;8210;;Dolenji Podboršt pri Treb.
43;15.0724,45.9326;8233;;Praprotnica
43;15.3565,46.3154;3213;;Brdce
43;14.2380,45.9890;1373;;Trčkov Grič
43;14.9460,46.1651;1413;;Zabreznik
43;15.2063,46.2694;3301;;Zaloška Gorica
43;14.9838,45.8064;8361;;Vinkov Vrh
43;15.2542,45.8762;8222;;Strelac
42;14.5959,45.9717;1293;;Gajniče
42;14.6911,45.9826;1290;;Gradišče
42;14.0725,45.5588;6243;;Ritomeče
42;13.7578,45.4824;6274;;Župančiči
42;15.2062,46.1130;3272;;Senožete
42;15.2040,46.1462;3270;;Udmat
42;14.8868,46.2951;3341;;Brdo
42;16.0355,46.4307;2273;;Preclava
42;15.4086,46.1699;3233;;Trška Gorca
42;14.6063,45.8088;1315;;Karlovica
42;15.3480,46.2921;3212;;Bezovica
42;14.9023,46.1209;1282;;Rovišče
42;15.0093,45.8190;8361;;Boršt pri Dvoru
42;15.1600,45.9565;8295;;Bruna Vas
42;15.2635,45.8726;8222;;Gradenje
41;13.9023,46.2672;4267;;Laški Rovt
41;13.5203,46.0080;5212;;Kozarno
41;15.3459,46.2593;3202;;Glinsko
41;14.0470,45.6227;6217;;Misliče
41;14.6014,45.9167;1311;;Gornji Rogatec
41;14.0601,46.0148;5280;;Idršek
41;14.8261,45.8393;1303;;Kamni Vrh pri Ambrusu
41;14.8149,45.6655;1332;;Mrtvice
41;15.4631,45.9599;8270;;Osredek pri Trški Gori
41;15.0454,46.0482;1273;;Dobovica
41;16.1899,46.4734;2275;;Jeruzalem
41;15.7690,46.3034;2287;;Sitež
41;15.2772,45.7032;8330;;Ravnace
41;14.6697,45.7973;1316;;Praproče
41;15.5122,46.3109;2319;;Štajerska Vas
41;15.4634,46.1825;3264;;Drobinsko
41;15.4382,46.2439;3232;;Uniše
41;14.4754,45.7722;1385;;Studeno na Blokah
41;15.9445,46.5823;2236;;Komarnica
41;15.4396,45.8501;8311;;Slinovce
41;16.0744,46.4721;2258;;Gradišče
40;15.2039,45.4608;8344;;Drežnik
40;15.2828,45.5326;8341;;Jankoviči
40;14.1655,46.1454;4224;;Zakobiljek
40;15.0690,46.1454;1430;;Plesko
40;14.8696,45.9286;8213;;Sela pri Dobu
40;14.8584,45.8735;1303;;Tolčane
40;15.3485,45.9228;8276;;Brezje pri Raki
40;13.7187,45.9951;5252;;Podgozd
40;15.5336,46.1280;3261;;Pristava pri Lesičnem
40;15.1966,45.6325;8333;;Brstovec
40;15.2217,46.0252;1434;;Novi Grad
40;15.3737,46.1680;3233;;Jazbin Vrh
40;15.2883,45.9496;8276;;Jelendol
40;15.5486,46.2641;3241;;Beli Potok pri Lembergu
40;14.9545,45.9372;8212;;Kukenberk
40;14.6245,45.8690;1311;;Laporje
40;14.5698,45.8542;1314;;Podhojni Hrib
40;15.2897,46.3362;3213;;Straža pri Novi Cerkvi
40;14.9344,46.1230;1412;;Borje
40;15.9392,46.5728;2236;;Cenkova
40;15.0731,45.7282;8350;;Bušinec
40;15.0565,45.7338;8350;;Cerovec
40;15.3916,45.8515;8311;;Dobrava pri Kostanjevici
40;15.1474,45.9612;8230;;Most
40;15.2197,45.8901;8220;;Koglo
39;15.1681,45.5786;8340;;Dolnja Paka
39;14.8085,45.8554;1303;;Kuželjevec
39;14.8792,45.9958;1276;;Sela pri Sobračah
39;15.4565,45.9791;8280;;Dunaj
39;14.3601,46.0816;1355;;Belo
39;15.2230,45.9852;8296;;Gabrje
39;15.2072,45.9965;8296;;Križišče
39;15.5097,46.2956;2319;;Penoje
39;15.3262,45.9321;8276;;Jarčji Vrh
39;14.2953,46.1581;4220;;Podpulfrca
39;14.9794,45.9036;8212;;Belšinja Vas
39;14.9083,45.9058;8213;;Gombišče
39;14.8680,46.0131;1275;;Vrata
39;15.8559,46.6771;9253;;Janhova
39;15.1213,45.8985;8231;;Bitnja Vas
39;15.2893,45.8717;8222;;Hrib
38;15.1342,45.4598;8342;;Hrib
38;14.0569,45.5654;6243;;Velike Loče
38;14.8775,45.9494;1296;;Grm
38;15.4250,45.9782;8283;;Ženje
38;15.2045,46.1588;3270;;Kuretno
38;14.8192,46.1023;1252;;Bitiče
38;14.8856,46.1005;1282;;Leše
38;15.2091,45.8252;8001;;Žihovo Selo
38;16.1625,46.4616;2259;;Trstenik
38;13.9373,45.7816;5272;;Razguri
38;14.3384,46.1649;4220;;Lipica
38;15.5373,46.2109;3240;;Dragomilo
38;14.6096,45.8445;1315;;Hlebče
38;15.0802,45.6996;8323;;Stare Žage
38;14.5817,45.7540;1317;;Kračali
38;14.9468,45.8376;8360;;Zafara
38;15.1564,45.8740;8231;;Jagodnik
38;15.1058,45.9427;8230;;Log
37;13.5889,46.0112;5211;;Brestje
37;14.3472,46.0771;1355;;Belica
37;14.1657,46.1702;4224;;Podvrh
37;14.0465,46.0366;5281;;Pečnik
37;13.4582,46.2666;5223;;Stanovišče
37;14.3841,46.3366;4204;;Povlje
37;14.7011,46.1918;1225;;Obrše
37;14.8638,46.1880;1222;;Učak
37;16.1461,46.4849;2259;;Hujbar
37;15.4604,46.1992;3231;;Lipovec
36;14.9203,45.8767;8211;;Replje
37;15.3446,46.2964;3212;;Želče
37;15.3391,46.3650;3206;;Mala Gora
37;15.1069,45.8844;8216;;Čemše
37;15.0915,45.8428;8216;;Mali Vrh
37;15.1775,45.8957;8231;;Cikava
37;15.0940,46.0137;8232;;Kostanjevica
36;14.5494,46.2698;1242;;Sveti Lenart
36;15.2005,45.5408;8343;;Zorenci
36;14.2981,46.0960;1355;;Selo nad Polhovim Gradcem
36;14.2039,46.1698;4224;;Mlaka nad Lušo
36;14.8079,45.9325;1295;;Mrzlo Polje
36;14.8743,45.9555;1296;;Selo pri Radohovi Vasi
36;14.6715,46.2105;1241;;Vranja Peč
36;13.6004,46.0613;5210;;Goljevica
36;13.5760,46.2026;5222;;Avsa
36;15.4472,45.8571;8312;;Slivje
36;15.2924,46.1084;3273;;Lipni Dol
36;14.4905,45.6471;1360;;Vrh
36;14.7517,46.1025;1281;;Zalog pri Kresnicah
36;15.1275,45.7642;8323;;Petane
36;14.2092,46.3237;4246;;Globoko
36;13.9234,45.7741;5272;;Stomaž
36;15.4725,46.3261;3210;;Spodnja Pristava
36;16.0038,46.5639;9245;;Brezje
36;15.2710,45.8554;8222;;Pristavica
36;15.3240,45.9196;8276;;Zaboršt
36;15.5418,46.2180;3240;;Jazbina
36;14.6061,45.8404;1315;;Hrustovo
36;14.5302,45.8347;1314;;Selo pri Robu
36;14.4692,46.1880;1217;;Torovo
36;15.1086,45.9001;8231;;Radna Vas
35;14.2294,45.6093;6251;;Podtabor
35;13.6162,46.0591;5210;;Robidni Breg
35;14.9673,46.0880;1272;;Ravne
35;15.1349,45.7797;8501;;Boričevo
35;15.2286,45.9940;8296;;Jelovec
35;13.9349,45.7264;6210;;Podbreže
35;15.5401,46.2661;3241;;Jerovska Vas
35;15.0328,45.9684;8233;;Sajenice
35;15.1758,46.3572;3204;;Lopatnik
35;15.1319,45.8730;8216;;Globočdol
35;14.8894,45.8610;1303;;Vrh pri Križu
35;15.1163,45.9430;8230;;Ostrožnik
34;15.1405,45.5955;8340;;Naklo
34;14.7713,45.7803;1313;;Paka
34;14.6481,46.1246;1233;;Dobovlje
34;14.7849,45.9147;1295;;Leščevje
34;15.3427,46.1298;3273;;Curnovec
34;15.2786,46.1363;3270;;Kladje
34;14.8852,46.1164;1282;;Podbukovje pri Vačah
34;15.7490,46.2987;2289;;Dol pri Stopercah
34;15.2652,45.6050;8332;;Kapljišče
34;14.2393,46.3419;4243;;Peračica
34;15.2475,45.9554;8295;;Jeperjek
34;15.3714,45.8668;8310;;Šentjakob
34;13.8762,46.1075;5242;;Zakraj
34;14.9453,45.9168;8212;;Korenitka
34;14.9568,45.9414;8212;;Krtina
34;14.9670,45.9386;8212;;Trnje
34;15.3067,46.3197;3213;;Rakova Steza
34;14.9351,46.0956;1272;;Mošenik
34;15.0820,45.8457;8216;;Dolenji Podboršt
34;15.0446,45.8665;8216;;Jordankal
34;15.5579,46.2823;2319;;Lovnik
34;15.2259,45.9161;8275;;Dol pri Šmarjeti
33;13.9727,46.2828;4264;;Lepence
33;13.5114,46.0287;5212;;Hlevnik
33;15.1944,45.5155;8343;;Pusti Gradec
33;14.8378,45.9759;1296;;Veliki Kal
33;15.9502,46.4886;2256;;Gradiščak
33;14.6436,46.2435;1241;;Briše
33;14.6160,46.2474;1242;;Podjelše
33;13.5150,46.2444;5222;;Robič
33;14.3836,46.3066;4203;;Žablje
33;15.4782,45.8525;8312;;Dol
33;15.4261,45.9549;8283;;Nemška Vas
33;15.4538,45.9508;8273;;Volovnik
33;15.2515,46.1120;3272;;Škofce
33;15.8381,46.5425;2230;;Gradenšak
33;14.8136,46.1119;1252;;Mala Sela
33;14.6912,46.1935;1225;;Preserje pri Zlatem Polju
33;14.7577,46.1139;1281;;Hrib nad Ribčami
33;14.8226,46.1501;1223;;Pretrž
33;14.6593,45.7792;1316;;Hudi Konec
33;15.5186,46.3095;2319;;Spodnji Jernej
33;15.3507,45.8151;8310;;Apnenik
33;15.3789,46.1065;3225;;Podpeč nad Marofom
33;15.4243,46.1824;3263;;Voglajna
33;14.9395,45.9084;8212;;Krušni Vrh
33;15.0745,45.9123;8210;;Lipnik
33;14.9284,45.9379;8213;;Vrhovo pri Šentlovrencu
33;15.3602,46.2914;3222;;Gabrovec pri Dramljah
33;14.5007,45.7846;1385;;Nemška Vas na Blokah
33;16.0864,46.5590;9244;;Berkovski Prelogi
33;15.1286,45.8672;8216;;Selo pri Zagorici
33;15.1302,45.9384;8230;;Ribjek
32;15.6545,45.8589;8257;;Gaj
32;14.5210,46.2646;4207;;Ravne
32;14.0631,46.1394;4225;;Krnice pri Novakih
32;14.7766,45.9922;1294;;Poljane pri Stični
32;14.8643,45.8597;1303;;Velike Rebrce
32;14.7071,46.2246;1219;;Pirševo
32;14.6398,46.2706;1242;;Potok v Črni
32;15.5521,46.1091;3255;;Ortnice
32;15.2541,46.1193;3270;;Dol pri Laškem
32;14.8675,46.0966;1282;;Cirkuše
32;15.0091,46.0382;1273;;Jelenska Reber
32;14.7255,46.1704;1225;;Kompolje
32;14.8332,46.1470;1252;;Križate
32;15.2584,45.7401;8322;;Iglenik
32;15.1800,45.7642;8321;;Rajnovšče
32;14.2091,45.8329;6232;;Lohača
32;15.3328,45.8302;8310;;Žvabovo
32;13.7409,46.1408;5216;;Drobočnik
32;14.5846,45.8380;1314;;Tomažini
32;15.2669,46.3569;3205;;Velika Raven
32;14.1398,46.0220;4226;;Opale
32;14.5127,45.7855;1385;;Volčje
32;15.0751,45.8765;8216;;Jelše
31;13.5443,46.0363;5211;;Nozno
31;14.0997,46.1335;4224;;Debeni
31;14.7892,46.2870;3342;;Dol
31;14.7032,46.0077;1290;;Mali Konec
31;14.6837,45.9695;1290;;Zgornje Duplice
31;14.2052,45.5381;6250;;Soze
31;14.8995,45.9677;1276;;Pungert
31;14.9051,45.9584;1276;;Velike Dole pri Temenici
31;14.8020,46.2183;1219;;Črni Vrh v Tuhinju
31;14.9504,45.5964;1330;;Kočarji
31;13.8341,45.4690;6273;;Koromači–Boškini
31;15.5421,46.1030;3261;;Klake
31;14.2411,46.2673;4201;;Njivica
31;14.9674,46.0799;1272;;Šumnik
31;16.0815,46.5235;9243;;Sitarovci
31;14.6509,45.6003;1337;;Podplanina
31;15.2686,45.5927;8332;;Prilozje
31;15.1954,45.8699;8220;;Štravberk
31;15.6116,46.2476;3250;;Gradiški Dol
31;15.6242,46.3327;2318;;Drumlažno
31;14.2301,46.1438;4223;;Sveti Florijan nad Škofjo Loko
31;14.9932,45.9023;8210;;Benečija
31;15.0053,45.8723;8211;;Svetinja
31;14.2612,46.3299;4243;;Brdo
31;14.5897,45.8268;1314;;Logarji
31;14.1134,46.0697;4226;;Zabrežnik
31;15.0351,45.7766;8350;;Gabrje pri Soteski
31;14.9185,46.0434;1272;;Bukovica pri Litiji
30;15.2712,46.2760;3215;;Runtole
30;15.1169,45.4696;8342;;Dolenji Radenci
30;14.1992,46.1318;4223;;Smoldno
30;14.0501,46.0289;5281;;Ledinsko Razpotje
30;15.3934,45.9541;8274;;Apnenik pri Velikem Trnu
30;15.4688,45.9823;8280;;Gunte
30;15.2009,46.1501;3270;;Bukovca
30;15.2335,46.1276;3270;;Konc
30;14.9213,46.0500;1272;;Dolgo Brdo
30;15.3197,45.9719;8293;;Dolnje Impolje
30;15.2981,45.9703;8293;;Primož
30;15.3917,46.1900;3233;;Sotensko pod Kalobjem
30;15.2854,45.9279;8275;;Segonje
30;14.2416,46.2303;4227;;Pozirno
30;14.2839,46.1340;4220;;Svetega Petra Hrib
30;13.9386,46.1957;5243;;Kuk
30;13.8623,46.1105;5283;;Polje
30;15.0008,45.9531;8212;;Kriška Reber
30;14.6073,45.8498;1314;;Podlog
30;14.9158,46.1932;1222;;Blodnik
30;15.0671,45.7380;8350;;Selišče
30;14.8972,45.9831;1276;;Mihelca
30;15.4417,45.8378;8311;;Avguštine
29;14.0935,46.1396;4224;;Studor
29;14.6999,46.2147;1219;;Vaseno
29;14.6628,46.2280;1241;;Vir pri Nevljah
29;13.5761,46.1904;5222;;Jevšček
29;15.2304,45.7662;8322;;Brezovica pri Stopičah
29;15.1803,45.7567;8321;;Rakovnik pri Birčni Vasi
29;14.1898,46.3258;4246;;Ravnica
29;15.2324,45.6295;8332;;Moverna Vas
29;15.0085,45.8794;8211;;Dolenji Vrh
29;15.0353,45.9169;8210;;Primštal
29;14.9151,46.1835;1413;;Jelenk
29;14.5918,45.7504;1317;;Petrinci
29;15.4112,45.8298;8311;;Grič
28;13.5079,46.0521;5212;;Breg pri Golem Brdu
28;15.2911,45.5406;8341;;Rim
28;14.7592,45.7788;1313;;Tržič
28;14.6625,46.1347;1233;;Rača
28;14.6424,45.9212;1290;;Cerovo
28;13.8989,45.6147;6240;;Mihele
28;14.5609,45.9123;1319;;Suša
28;14.6201,46.2513;1242;;Kršič
28;14.7033,46.2521;1219;;Sovinja Peč
28;15.4645,45.8434;8312;;Gradnje
28;15.4331,45.9538;8273;;Ivandol
28;15.4413,45.9537;8273;;Kobile
28;15.4162,45.9526;8274;;Vrhulje
28;14.9388,46.0416;1272;;Zglavnica
28;14.7976,46.1952;1223;;Selce
28;16.1028,46.4407;2274;;Lunovec
28;14.2366,46.3569;4243;;Mlaka
28;14.2506,46.3245;4243;;Praproše
28;15.2744,45.8610;8222;;Breška Vas
28;15.2975,45.9329;8276;;Mačkovec pri Škocjanu
28;14.2098,46.1202;4223;;Visoko pri Poljanah
28;14.5757,45.8371;1314;;Bavdek
28;14.5944,45.8730;1311;;Četež pri Turjaku
28;14.1186,46.0124;4226;;Ravne pri Žireh
28;14.8888,46.0001;1276;;Ježce
27;15.1663,45.5859;8340;;Talčji Vrh
27;14.6460,46.1324;1233;;Laze pri Domžalah
27;14.1615,46.1332;4223;;Lovsko Brdo
27;14.7188,45.9969;1294;;Kožljevec
27;14.6332,45.8938;1311;;Železnica
27;14.0147,45.5978;6242;;Gradišica
27;13.7599,45.4923;6274;;Fijeroga
27;15.3895,45.9602;8283;;Ardro pod Velikim Trnom
27;15.3527,46.1589;3271;;Mačkovec
27;15.1441,46.1048;1432;;Suhadol
27;14.9832,46.0787;1272;;Preveg
27;14.8595,46.1921;1222;;Bršlenovica
27;14.8329,46.1894;1223;;Javorje pri Blagovici
27;14.8238,46.1870;1223;;Suša
27;15.1612,45.7531;8321;;Jama
27;14.3726,46.2971;4203;;Hraše pri Preddvoru
27;15.1553,46.0840;1432;;Zavrate
27;15.2179,46.0760;1434;;Žirovnica
27;15.4198,46.1748;3263;;Sele
27;15.3000,45.9282;8276;;Stopno
27;15.0330,45.9634;8233;;Migolska Gora
27;14.9609,45.8735;8211;;Podlisec
27;15.0206,45.9458;8233;;Škrjanče
27;14.6020,45.8356;1315;;Opalkovo
27;15.3301,46.2827;3212;;Koblek
27;14.8983,46.0080;1276;;Razbore-K. o. Ježni Vrh
27;15.2642,45.8682;8222;;Sela
26;13.5274,46.0265;5212;;Slavče
26;15.2008,45.5031;8343;;Mala Lahinja
26;15.0629,45.4896;8342;;Prelesje
26;14.6939,46.2360;1219;;Znojile
26;15.4080,45.9715;8283;;Črešnjice nad Pijavškim
26;14.8573,46.0926;1282;;Boltija
26;15.0253,45.9840;1274;;Pečice
26;15.0178,46.0465;1273;;Zavrh
26;15.0553,46.0569;1414;;Magolnik
26;14.9982,46.0318;1273;;Bistrica
26;14.8253,46.1803;1223;;Spodnji Petelinjek
26;13.7606,45.8707;5295;;Steske
26;14.6339,45.7976;1318;;Junčje
26;15.1997,46.0747;1433;;Čelovnik
26;14.2783,46.1605;4220;;Gabrovo
26;14.9897,45.8705;8211;;Artmanja Vas
26;14.5937,45.8213;1314;;Kaplanovo
26;14.8855,46.1384;1252;;Breznik
26;14.9064,46.1437;1411;;Razpotje
26;14.5500,45.7969;1385;;Strmca
26;14.9277,45.8048;8360;;Malo Lipje
26;14.9209,45.9949;1276;;Poljane pri Primskovem
25;13.5057,46.0577;5212;;Golo Brdo
25;15.1290,46.1514;1431;;Krištandol
25;13.9988,45.9249;5273;;Mrzli Log
25;14.7279,46.2349;1219;;Podbreg
25;14.6771,46.2583;1242;;Smrečje v Črni
25;14.6794,46.2653;1242;;Zavrh pri Črnivcu
25;13.6083,46.0266;5211;;Zagora
25;13.8844,45.8245;6222;;Dolanci
25;14.2728,46.2149;4209;;Lavtarski Vrh
25;15.4868,45.8464;8312;;Brlog
25;14.9609,46.0098;1274;;Hohovica
25;15.0803,46.0347;1273;;Prelesje
25;14.8278,46.1943;1223;;Gorenje
25;15.3453,45.7070;8330;;Krašnji Vrh
25;14.7003,45.5672;1337;;Papeži
25;16.0119,46.6203;9252;;Melanjski Vrh
25;14.6148,45.7993;1318;;Črni Potok pri Vel. Laščah
25;15.6376,46.1998;3253;;Vinec
25;15.2439,45.6787;8333;;Sodji Vrh
25;15.2392,45.9440;8295;;Otavnik
25;15.3744,45.8732;8310;;Čisti Breg
25;15.5607,46.1853;3253;;Bezgovica
25;14.0863,46.0355;4226;;Osojnica
24;14.4791,45.8564;1314;;Lešnjake
24;15.0705,45.4985;8342;;Deskova Vas
24;14.2086,46.1756;4224;;Jarčje Brdo
24;14.0762,46.1505;4224;;Laze
24;14.6020,45.9624;1293;;Huda Polica
24;14.0741,46.0447;4226;;Korita
24;14.6371,46.2490;1242;;Tučna
24;13.5917,46.2038;5222;;Perati
24;15.1868,45.6239;8333;;Nestoplja Vas
24;15.2943,45.9840;8290;;Preska
24;15.3616,45.8166;8310;;Drča
24;15.3696,45.8345;8310;;Imenje
24;14.9149,45.8954;8213;;Babna Gora
24;14.2650,46.3475;4294;;Popovo
24;14.5454,45.8650;1314;;Purkače
24;14.9431,46.1014;1272;;Špital
24;15.9097,46.6107;2234;;Negovski Vrh
24;15.8972,46.5908;2234;;Stara Gora
24;14.4667,45.8150;1385;;Jeršanovo
24;14.4717,45.8167;1385;;Lovranovo
24;14.8922,45.4839;1336;;Krkovo nad Faro
23;14.3851,45.8078;1382;;Brezje
23;14.1796,46.0907;4223;;Bačne
23;14.7562,45.9298;1294;;Zavrtače
23;14.7178,46.2487;1219;;Bela Peč
23;13.8509,45.5469;6275;;Rožar
23;14.3414,46.1263;4220;;Osolnik
23;16.0159,46.6197;9252;;Žrnova
23;13.9631,45.7675;5272;;Jakovce
23;15.4632,46.3352;3210;;Prežigal
23;15.5436,46.2063;3240;;Konuško
23;13.8828,46.1443;5242;;Bukovski Vrh
23;15.0568,45.9121;8210;;Meglenik
23;14.9186,45.8676;8360;;Vrtače
23;14.6151,45.8419;1315;;Jakičevo
23;14.5869,45.8330;1314;;Marinčki
23;15.0714,46.0824;1414;;Mali Kum
23;14.4547,45.8115;1384;;Hribarjevo
23;14.9055,45.9975;1276;;Obla Gorica
23;14.8810,46.0072;1276;;Višnji Grm
22;15.2010,45.5194;8343;;Šipek
22;14.8702,45.9333;1296;;Boga Vas
22;14.7012,46.2351;1219;;Žubejevo
22;14.2840,46.2121;4209;;Planica
22;15.2150,46.1361;3272;;Plazovje
22;14.9723,46.0461;1272;;Borovak pri Polšniku
22;14.8511,46.0556;1275;;Zagorica
22;14.7720,46.1665;1223;;Žirovše
22;14.7439,45.5269;1337;;Ložec
22;14.2382,46.2870;4244;;Dobravica
22;14.6279,45.7878;1317;;Črnec
22;14.6551,45.7832;1316;;Graben
22;14.2866,46.1894;4220;;Moškrin
22;13.8870,46.1162;5242;;Daber
22;14.9969,46.1687;1410;;Čebine
22;15.0970,45.9410;8233;;Glinek
22;14.6079,45.8271;1315;;Podsmreka pri Velikih Laščah
22;14.6082,45.8682;1311;;Prazniki
22;15.0009,46.0684;1414;;Rtiče
22;14.9237,46.1102;1282;;Senožeti
22;14.9777,46.1272;1410;;Vrh
22;14.8827,45.4949;1336;;Dren
22;15.8029,46.7005;2214;;Novi Vrh
22;15.1596,45.9054;8231;;Maline
22;15.1273,45.9791;8232;;Roženberk
21;15.1566,45.4342;8344;;Dalnje Njive
21;15.2835,45.5151;8341;;Velika Sela
21;14.2019,46.0912;4223;;Kremenik
21;14.5602,45.9003;1319;;Selnik
21;14.4249,45.5709;6254;;Snežnik
21;14.9324,45.9938;1276;;Laze pri Gobniku
21;14.9625,46.0177;1274;;Podpec pod Skalo
21;14.8409,46.1909;1223;;Log
21;15.2387,45.6957;8333;;Škemljevec
21;15.2401,45.8550;8220;;Dobovo
21;14.6584,45.7982;1316;;Maršiči
21;15.1420,45.6674;8333;;Potoki
21;15.2308,45.6750;8333;;Praproče
21;15.1731,45.6300;8333;;Starihov Vrh
21;13.8960,45.8024;6222;;Selo
21;15.6419,46.3544;2318;;Brezje pri Slovenski Bistrici
21;15.4943,46.3201;3210;;Podob
21;15.4495,46.1922;3263;;Tratna ob Voglajni
21;15.3389,45.8825;8275;;Čučja Mlaka
21;13.7314,46.1487;5216;;Kozmerice
21;14.6104,45.8060;1315;;Poznikovo
21;15.3059,46.3357;3213;;Straža pri Dolu
21;14.4945,45.8179;1385;;Hiteno
20;14.4177,45.8076;1382;;Otonica
20;15.2444,45.5777;8332;;Pavičiči
20;14.6986,46.2458;1219;;Trobelno
20;15.4763,45.8467;8312;;Mladje
20;15.4391,45.9716;8283;;Senožete
20;14.9910,46.0313;1274;;Preženjske Njive
20;14.7897,46.1655;1223;;Korpe
20;15.2026,45.9837;8296;;Goveji Dol
20;15.4401,46.1266;3224;;Hrušovje
20;15.3984,46.0781;8292;;Vejice
20;15.5613,46.2608;3241;;Topolovec
20;14.2408,45.9793;1373;;Jamnik
20;14.5225,45.7969;1385;;Sveti Duh
20;14.9052,45.4810;1336;;Slavski Laz
20;14.6534,45.7299;1317;;Ravni Dol
20;14.7811,46.0266;1270;;Ščit
20;15.4271,45.8695;8311;;Sajevce
20;15.5966,46.3024;2319;;Podboč
19;13.5352,46.0480;5211;;Brdice pri Kožbani
19;14.4024,45.8419;1382;;Stražišče
19;14.7635,45.9700;1294;;Kamno Brdo
19;13.9126,45.4561;6272;;Maršiči
19;13.8691,45.5917;6275;;Socerb
19;14.8018,46.1109;1281;;Zapodje
19;14.6835,46.1871;1225;;Straža
19;15.1793,45.8571;8000;;Koti
19;14.7172,45.5411;1337;;Padovo pri Osilnici
19;14.7306,45.7704;1310;;Zapuže pri Ribnici
19;15.1981,45.9898;8296;;Brezje
19;16.0071,46.5439;9243;;Gabrc
19;15.9349,46.3198;2285;;Berinjak
19;15.3569,46.3015;3212;;Črešnjevec
19;15.3216,46.3140;3213;;Dedni Vrh pri Vojniku
18;14.4310,45.8083;1382;;Mahneti
18;14.0325,46.1274;5282;;Podpleče
18;14.0046,45.6805;6215;;Gradišče pri Divači
18;14.1544,46.1484;4224;;Jazbine
18;14.1821,45.5467;6244;;Zalči
18;14.8686,45.9002;8213;;Trnovica
18;13.6142,46.0342;5210;;Paljevo
18;15.0226,45.9927;1274;;Lukovec
18;14.4306,45.7214;1386;;Klance
18;14.7673,46.1922;1219;;Lipa
18;14.8166,46.1899;1223;;Prilesje
18;13.6584,45.9958;5251;;Sveta Gora
18;15.3708,46.3044;3222;;Zgornje Slemene
18;15.2295,45.9319;8295;;Gornja Stara Vas
18;14.2539,46.3461;4243;;Vadiče
18;14.5544,45.8374;1314;;Dednik
18;14.6315,45.8183;1315;;Medvedjek
18;14.5294,45.8516;1314;;Uzmani
18;14.9066,46.0051;1276;;Ježni Vrh
18;14.8978,46.0022;1276;;Mulhe
17;13.9846,46.2842;4264;;Log v Bohinju
17;14.3660,45.8903;1353;;Pristava
17;14.4746,45.8408;1382;;Jeršiče
17;14.4811,45.8500;1314;;Tavžlje
17;14.0516,45.6096;6242;;Ostrovica
17;14.3371,45.4977;6254;;Fabci
17;14.7099,46.2550;1219;;Poljana
17;15.3706,45.9126;8274;;Dobrava pod Rako
17;15.5075,45.8382;8312;;Gradec
17;15.2105,46.1422;3270;;Modrič
17;15.0474,46.0244;1273;;Slavina
17;15.2568,45.8243;8001;;Brezje
17;14.6394,45.7883;1316;;Andol
17;14.6339,45.7827;1317;;Brinovščica
17;14.6450,45.7801;1317;;Hojče
17;15.6311,46.3308;2321;;Ješovec
17;14.9845,45.9427;8212;;Gorenji Podboršt pri Veliki Loki
17;15.3004,46.3393;3213;;Zabukovje
17;14.8933,45.7721;8362;;Lazina
17;14.9393,45.9800;1276;;Zagrič
17;15.3833,45.8203;8311;;Ržišče
17;14.0309,46.3979;4247;;Perniki
16;14.0258,46.3401;4265;;Slamniki
16;14.8243,45.9468;1296;;Griže
16;14.8245,45.9887;1296;;Pristava nad Stično
16;14.7977,46.2096;1219;;Liplje
16;13.6210,46.0965;5213;;Čolnica
16;13.6257,46.1060;5213;;Gorenje Nekovo
16;13.6176,46.1926;5222;;Livške Ravne
16;15.3836,45.9101;8274;;Goli Vrh
16;15.2282,46.1324;3270;;Zabrež
16;15.0169,45.9792;1274;;Brglez
16;14.9531,45.9809;1276;;Kržišče pri Čatežu
16;14.7901,46.0528;1270;;Širmanski Hrib
16;15.2528,45.5910;8332;;Boginja Vas
16;14.6454,45.7881;1316;;Krnče
16;14.5965,45.7946;1317;;Vintarji
16;15.1492,45.6557;8333;;Sela pri Vrčicah
16;15.3189,45.9605;8293;;Osredek pri Hubajnici
16;15.2032,46.0633;1434;;Slap
16;14.9301,45.9456;8213;;Potok
16;14.9805,45.8682;8211;;Reva
16;14.5802,45.8572;1314;;Laze
16;14.5978,45.8113;1315;;Podkogelj
16;14.6471,45.8167;1318;;Podkraj
16;14.1276,46.0082;4226;;Podklanec
16;14.9173,46.0035;1276;;Vinji Vrh
16;15.1335,45.9330;8230;;Pugled pri Mokronogu
15;15.1727,45.4397;8344;;Draga pri Sinjem Vrhu
15;15.2817,45.5535;8341;;Dragoši
15;14.0459,46.0690;4225;;Javorjev Dol
15;13.9841,46.0033;5280;;Rejcov Grič
15;15.0170,45.4992;8342;;Laze pri Predgradu
15;13.8364,45.8353;6222;;Čipnje
15;15.0915,46.0235;8232;;Ježevec
15;14.8214,46.1732;1223;;Vranke
15;15.2524,45.5988;8332;;Mlake
15;15.1724,45.8537;8000;;Golušnik
15;15.4832,46.2840;3232;;Ostrožno pri Ločah
15;13.6579,46.2129;5220;;Selišče
15;13.6942,46.1484;5216;;Volčanski Ruti
15;14.6165,45.8457;1315;;Grm
15;14.5413,45.8228;1314;;Mohorje
15;14.5881,45.8078;1315;;Žaga
15;14.4797,46.1428;1215;;Povodje
15;15.3699,46.2932;3222;;Hrastnik
15;14.4828,45.8167;1385;;Bočkovo
15;14.4921,45.8098;1385;;Mramorovo pri Pajkovem
15;14.8601,45.5339;8331;;Kaptol
15;14.8972,45.4912;1336;;Oskrt
15;14.8558,45.4696;1336;;Pirče
15;15.3988,45.8392;8311;;Zaboršt
14;14.4458,45.8222;1382;;Milava
14;15.1075,45.5009;8342;;Močile
14;15.1391,45.4475;8342;;Špeharji
14;14.6699,45.8846;1311;;Vodice
14;15.1438,46.1537;1431;;Unično
14;14.0624,45.5861;6242;;Orehek pri Materiji
14;14.9147,45.9599;1276;;Bratnice
14;13.8548,45.5521;6275;;Stepani
14;13.8748,45.4926;6272;;Galantiči
14;15.1694,46.1548;3272;;Govce
14;14.8765,46.1252;1252;;Vovše
14;15.0061,45.9789;1274;;Kumpolje
14;14.7095,45.5603;1337;;Bezgarji
14;14.6172,45.7867;1317;;Zadniki
14;15.1945,45.6370;8333;;Pugled
14;15.2886,45.9620;8276;;Češnjice
14;15.4077,46.3090;3210;;Špitalič pri Slovenskih Konjicah
14;15.2964,45.8722;8222;;Ruhna Vas
14;13.7453,46.1147;5214;;Dolgi Laz
14;14.9773,45.8813;8211;;Gorenja Vas
14;14.9473,45.9360;8212;;Muhabran
14;14.3212,46.3224;4204;;Novake
14;14.6013,45.8147;1315;;Krkovo pri Karlovici
14;14.9531,46.1076;1412;;Požarje
14;14.1118,46.1902;4224;;Osojnik
14;14.5335,45.8030;1385;;Škrabče
14;14.8931,45.4985;1336;;Colnarji
14;14.8697,45.4851;1336;;Jakšiči
14;14.9043,45.9918;1276;;Stara Gora pri Velikem Gabru
14;15.4064,45.8308;8311;;Ivanjše
14;15.1232,45.9302;8230;;Križni Vrh
13;14.4609,45.8216;1382;;Slugovo
13;14.1980,45.5203;6244;;Pavlica
13;14.8388,45.9154;1295;;Male Pece
13;15.0867,45.5167;8342;;Paka pri Predgradu
13;15.4157,45.9670;8283;;Kočno
13;15.3901,45.9427;8274;;Pijana Gora
13;15.4541,45.8622;8312;;Selo
13;14.9886,46.0226;1274;;Čeplje
13;15.2423,45.6019;8332;;Okljuka
13;15.1123,45.6965;8323;;Travni Dol
13;14.7265,45.5517;1337;;Bezgovica
13;15.1685,45.6349;8333;;Trebnji Vrh
13;13.7409,45.7873;6223;;Kregolišče
13;13.8698,46.1344;5242;;Gorski Vrh
13;13.8332,46.2203;5242;;Kneške Ravne
13;14.6197,45.8391;1315;;Prhajevo
13;14.0024,46.1978;4229;;Podporezen
13;14.8306,45.4746;1336;;Laze pri Kostelu
13;14.5916,45.7567;1317;;Janeži
13;14.6636,45.7677;1316;;Sinovica
13;15.4051,45.8249;8311;;Podstrm
12;13.9134,46.2441;4264;;Žlan
12;15.1534,45.4450;8344;;Gorica
12;14.0721,46.1447;4224;;Lajše
12;14.8516,45.8096;8362;;Bakrc
12;14.8026,45.9886;1296;;Mala Goričica
12;14.8169,45.8864;1301;;Trebež
12;15.0320,45.5324;8342;;Kralji
12;14.7831,45.5984;1338;;Primoži
12;13.8974,45.4573;6272;;Pisari
12;15.4427,45.9459;8273;;Libelj
12;14.8499,46.1909;1222;;Prvine
12;14.3597,46.0958;1355;;Brezovica pri Medvodah
12;13.8267,46.0204;5253;;Lazna
12;13.9027,45.7797;5272;;Mahniči
12;16.0152,46.5196;9243;;Mali Moravščak
12;15.2687,45.8265;8222;;Žerjavin
12;15.2687,45.9312;8275;;Gabrnik
12;14.5534,45.8577;1314;;Centa
12;14.6455,45.7411;1317;;Travna Gora
12;14.7382,46.0499;1270;;Koške Poljane
12;15.3996,45.8792;8311;;Koprivnik
12;15.2848,45.8701;8222;;Draga
11;14.4167,45.8561;1382;;Beč
11;14.4431,45.8273;1382;;Reparje
11;13.9945,45.6676;6215;;Betanja
11;14.1297,46.1492;4224;;Jelovica
11;14.7218,45.8963;1301;;Gabrje pri Ilovi Gori
11;14.8532,45.9746;1296;;Mali Kal
11;14.6506,46.2079;1241;;Trebelno pri Palovčah
11;14.9428,46.0319;1272;;Ljubež v Lazih
11;15.0358,46.0265;1273;;Suhadole
11;15.0358,46.0336;1273;;Berinjek
11;14.6777,45.5946;1337;;Pungert
11;14.7862,46.1931;1223;;Poljane nad Blagovico
11;15.2338,45.7041;8321;;Božič Vrh
11;15.2742,45.6016;8332;;Škrilje
11;16.1339,46.4485;2259;;Dobrovščak
11;14.6542,45.7930;1316;;Pusti Hrib
11;14.6559,45.8028;1318;;Zlati Rep
11;15.2753,45.9277;8275;;Goriška Gora
11;14.9031,45.8746;8360;;Arčelca
11;14.5823,45.8652;1314;;Srnjak
11;14.5638,45.7716;1385;;Benete
11;14.4555,45.8013;1384;;Sleme
11;14.5228,45.8041;1385;;Škufče
10;15.5612,45.8482;8261;;Kamence
10;14.3075,45.5039;6254;;Nova Vas pri Jelšanah
10;13.8799,45.4732;6272;;Tuljaki
10;15.4338,45.9795;8283;;Strmo Rebro
10;14.7099,45.5835;1337;;Žurge
10;14.6149,45.7918;1317;;Perovo
10;14.6968,45.8065;1316;;Žukovo
10;15.2459,45.6625;8332;;Hrib pri Cerovcu
10;13.8308,46.1870;5242;;Loje
10;14.6068,45.8233;1315;;Adamovo
10;14.6166,45.8118;1315;;Kot pri Veliki Slevici
10;14.5934,45.8818;1311;;Ščurki
10;14.8854,45.4910;1336;;Gotenc
10;15.0727,45.8273;8216;;Grč Vrh
10;15.1759,46.2468;3310;;Novo Celje
10;15.4736,45.8257;8311;;Vrbje
9;13.5257,46.0332;5212;;Belo
9;14.4697,45.8362;1382;;Pirmane
9;14.2885,45.7881;1381;;Rakov Škocjan
9;14.8007,46.0021;1275;;Planina
9;13.4470,46.2567;5223;;Homec
9;13.9008,45.4556;6272;;Šeki
9;14.7838,45.5132;8331;;Mirtoviči
9;14.2053,45.6536;6257;;Šilentabor
9;14.6262,45.7966;1318;;Grebenje
9;13.8095,46.1911;5242;;Sela nad Podmelcem
9;14.5842,45.8617;1314;;Škamevec
9;14.4915,45.8319;1314;;Polšeče
9;14.4649,45.8093;1385;;Rožanče
9;14.9106,45.5217;8331;;Gorenja Žaga
9;15.4400,45.8558;8311;;Karlče
8;14.4713,45.8483;1382;;Rudolfovo
8;13.7366,45.7832;6223;;Škofi
8;13.7705,45.4911;6273;;Dilici
8;15.0445,46.0155;1273;;Selce
8;14.8214,46.0843;1270;;Pogonik
8;15.2464,45.7096;8322;;Mačkovec pri Suhorju
8;15.3574,45.6979;8330;;Radoši
8;14.2295,46.3331;4243;;Noše
8;14.6441,45.7949;1316;;Levstiki
8;14.6850,45.8105;1318;;Škrajnek
8;15.2829,45.9645;8276;;Znojile pri Studencu
8;13.9169,45.7864;5272;;Bogo
8;15.3727,45.8289;8310;;Rakovnik
8;14.6199,45.8916;1311;;Sloka Gora
8;14.0235,45.8188;5272;;Nanos
8;14.4986,45.8058;1385;;Andrejčje
8;14.8566,45.4835;1336;;Planina
7;13.9610,46.3373;4265;;Goreljek
7;13.5196,46.0306;5212;;Pristavo
7;14.6634,46.1854;1225;;Jasen
7;14.2209,46.1697;4224;;Krivo Brdo
7;14.7835,46.0003;1294;;Obolno
7;13.5586,46.0733;5210;;Zapotok
7;14.9696,45.5108;8331;;Spodnja Bilpa
7;15.3996,45.9732;8283;;Dalce
7;15.3737,45.9219;8274;;Videm
7;15.0830,46.0268;1273;;Dobje
7;14.4523,45.7374;1386;;Sveta Ana pri Ložu
7;14.7202,45.5695;1337;;Belica
7;14.6527,45.7875;1316;;Gašpinovo
7;14.6682,45.7921;1316;;Rigelj pri Ortneku
7;14.2608,46.1213;4223;;Staniše
7;14.5482,45.8189;1314;;Boštetje
7;14.6064,45.8028;1315;;Plosovo
7;14.6388,45.8215;1318;;Strmec
7;14.5226,45.7916;1385;;Kramplje
7;14.5154,45.7978;1385;;Lahovo
7;14.9042,45.4966;1336;;Poden
7;14.6646,45.7464;1317;;Nova Štifta
7;15.0261,45.8152;8361;;Sela pri Ajdovcu
6;13.5479,46.0526;5210;;Brezovk
6;14.5638,46.2480;1242;;Vrhovje
6;14.4605,45.8389;1382;;Hribljane
6;14.4334,45.8253;1382;;Krušče
6;13.6292,46.0102;5251;;Zagomila
6;13.6050,46.0790;5213;;Ravna
6;15.3015,45.9775;8290;;Dedna Gora
6;13.8949,45.7916;6222;;Nova Vas
6;13.9251,45.7820;5272;;Poljane pri Štjaku
5;15.1404,45.4555;8342;;Selce pri Špeharjih
5;13.6155,46.0753;5213;;Jesen
5;15.4034,45.9322;8274;;Dedni Vrh
5;15.4737,45.8324;8312;;Frluga
5;15.3825,45.9533;8274;;Jelševec
5;14.2432,46.1119;4223;;Valterski Vrh
5;14.5777,45.8177;1314;;Gorenje Kališče
5;14.5339,45.7898;1385;;Godičevo
5;14.4746,45.8149;1385;;Malni
5;14.5098,45.8162;1385;;Štorovo
5;14.5422,45.8011;1385;;Zakraj
5;14.4823,45.8246;1385;;Zales
5;14.9072,45.5011;1336;;Brsnik
5;14.9124,45.5046;8331;;Mavrc
5;14.9288,45.7865;8362;;Klopce
4;14.4660,45.8576;1382;;Čohovo
4;14.4943,45.8496;1314;;Zahrib
4;14.9691,45.6768;1330;;Trnovec
4;15.4121,45.9817;8283;;Gorenje Dole
4;15.4681,45.8563;8312;;Stari Grad v Podbočju
4;14.6740,45.8120;1318;;Finkovo
4;14.8809,45.8723;1303;;Zavrh
4;14.5101,45.8508;1314;;Bukovec
4;15.3634,46.3078;3222;;Kladnart
4;14.5513,45.7906;1385;;Mramorovo pri Lužarjih
4;14.8836,45.5167;8331;;Rajšele
4;14.8547,45.4771;1336;;Štajer
4;14.5776,45.7466;1317;;Betonovo
3;14.5556,46.2491;1242;;Viševca
3;14.4331,45.8500;1382;;Koščake
3;14.6506,46.3038;1242;;Velika Planina
3;14.9678,45.5307;8331;;Podlesje
3;13.8771,45.4626;6272;;Sokoliči
3;14.7047,45.7897;1316;;Dule
3;14.7460,45.6829;1331;;Kot pri Rakitnici
3;13.9130,45.7772;5272;;Hribi
3;13.9414,46.2191;5243;;Kal
3;14.2754,46.3466;4294;;Hušica
3;14.9802,46.1190;1410;;Družina
3;14.8519,45.5144;8331;;Drežnik
3;14.5533,45.7850;1385;;Kotel
3;14.8553,46.0234;1275;;Bogenšperk
2;14.4494,45.9543;1352;;Planinca
2;14.4439,45.8472;1382;;Korošče
2;15.0705,45.4892;8342;;Kot ob Kolpi
2;13.8921,45.4577;6272;;Olika
2;15.1686,45.6663;8333;;Preloge
2;13.9073,45.7838;5272;;Pristava
2;14.6061,45.8182;1315;;Polzelo
2;14.0891,46.2312;4229;;Torka
2;14.8966,45.5032;8331;;Delač
2;14.9406,45.5258;8331;;Grgelj
2;14.8424,45.5127;8331;;Jesenov Vrt
2;14.8840,45.4873;1336;;Tišenpolj
2;14.8738,45.5167;8331;;Vimolj
2;14.6556,45.7726;1316;;Preska
1;14.3685,45.8980;1353;;Lašče
1;13.5581,46.0458;5210;;Slapnik
1;15.0890,45.4768;8342;;Dečina
1;14.0932,45.8908;1372;;Javornik
1;14.9887,45.5002;8342;;Vrt
1;13.9261,45.5116;6216;;Brežec pri Podgorju
1;15.3810,45.9367;8274;;Gradišče pri Raki
1;15.1344,45.6838;8323;;Hrib pri Rožnem Dolu
1;15.3280,46.4611;3205;;Rogla
1;14.8724,45.5231;8331;;Gorenji Potok
1;14.8176,45.4973;1336;;Rake
1;14.8005,45.5075;8331;;Srobotnik ob Kolpi
0;14.4808,45.8314;1385;;Ščurkovo
0;15.0953,45.5617;8340;;Miklarji
0;14.0317,45.5928;6242;;Odolina
0;13.5882,46.0666;5210;;Kamenca nad Ložicami
0;14.8932,45.5412;8331;;Kuhlarji
0;14.9984,45.6144;1330;;Laze pri Oneku
0;14.8814,45.5365;8331;;Ograja
0;14.9317,45.7036;8362;;Pugled pri Starem Logu
0;14.8999,45.5282;8331;;Zdihovo
0;13.7444,45.4653;6274;;Brič
0;13.8833,45.4549;6272;;Peraji
0;14.8115,46.1661;1223;;Golčaj
0;13.6348,45.9911;5250;;Šmaver
0;15.1174,45.6825;8323;;Mašelj
0;13.8869,45.7881;6222;;Raša
0;14.0816,46.1850;4229;;Zala
0;14.4779,45.8193;1385;;Ograda
0;14.8195,45.4663;1336;;Gladloka
0;14.9021,45.5058;8331;;Stelnik
0;14.8378,45.4936;1336;;Stružnica
0;14.8708,45.5296;8331;;Suhor
386;15.1654,46.2609;3310;;Podvin
366;14.2754,46.3574;4294;;Brezje pri Tržiču
363;15.3645,45.9872;8293;;Arto
324;15.3253,45.8170;8310;;Gorenje Vrhpolje
273;16.4347,46.5483;9225;;Dolnji Lakoš
242;14.6770,46.1615;1225;;Šentvid pri Lukovici
241;15.5089,45.8939;8263;;Črešnjice pri Cerkljah
235;15.0440,46.3014;3314;;Male Braslovče
209;15.1502,46.3274;3503;;Podkraj
208;16.0857,46.7737;9264;;Kruplivnik
194;15.4757,46.1874;3264;;Grobelce
185;15.7095,46.3954;2326;;Zgornje Jablane
181;15.4828,46.3940;2317;;Okoška Gora
179;14.8055,45.9625;1295;;Gabrje pri Stični
174;15.3428,46.3530;3206;;Spodnje Stranice
173;15.5368,46.3797;2316;;Spodnja Ložnica
166;15.3972,46.3479;3210;;Preloge pri Konjicah
156;16.1711,46.4963;9240;;Radomerščak
156;15.3418,45.8330;8310;;Dolenja Brezovica
155;15.8720,46.5074;2253;;Trnovski Vrh
153;15.5582,46.6385;2201;;Pesnica
153;15.4979,46.2417;3240;;Vrh
151;15.9879,46.6180;9245;;Stavešinski Vrh
142;15.5199,45.8685;8263;;Bušeča Vas
140;15.4447,46.2224;3231;;Završe pri Grobelnem
140;15.4185,46.3832;2317;;Brezje pri Oplotnici
136;15.4934,46.1787;3264;;Babna Brda
130;15.5341,46.3229;2319;;Zgornje Laže
129;15.1101,46.1194;1431;;Krnice
125;15.3541,45.9535;8293;;Rovišče pri Studencu
123;15.8768,46.6382;2234;;Spodnja Bačkova
119;15.4959,46.2048;3264;;Cerovec pri Šmarju
116;15.8605,46.6185;2234;;Spodnja Ročica
116;15.4884,46.3620;2316;;Zgornje Grušovje
114;15.6891,46.4238;2327;;Zgornja Gorica
114;14.9869,45.9198;8212;;Gorenja Nemška Vas
112;15.4521,46.3415;3210;;Dobrnež
111;15.1296,45.9692;8232;;Gorenje Jesenice
110;15.7708,46.4037;2325;;Strnišče
108;15.5307,46.2404;3240;;Bobovo pri Šmarju
103;14.8394,45.9636;1296;;Male Češnjice
103;15.2551,45.6923;8330;;Hrast pri Jugorju
101;15.3991,45.9207;8274;;Sela pri Raki
98;14.7421,46.1446;1251;;Soteska pri Moravčah
96;15.4312,46.1142;3225;;Loke pri Planini
95;15.5912,46.1856;3253;;Cmereška Gorca
95;15.3069,45.9163;8275;;Stara Bučka
94;15.3516,45.8274;8310;;Sela pri Šentjerneju
93;14.7816,46.1723;1223;;Zgornje Loke
92;15.3116,45.8235;8310;;Gorenja Stara Vas
92;15.1607,45.9329;8230;;Gorenje Laknice
91;14.8820,45.9268;8213;;Pristavica pri Velikem Gabru
90;14.6626,46.1413;1233;;Brezje pri Dobu
90;15.5170,46.2601;3240;;Polžanska Vas
88;14.2243,45.5709;6250;;Rečica
87;14.6900,45.9940;1290;;Dolenja Vas pri Polici
87;15.3948,45.9312;8274;;Ardro pri Raki
82;14.8533,45.8623;1303;;Češnjice pri Zagradcu
82;15.0775,45.8536;8216;;Gorenji Podboršt
81;16.0494,46.6166;9252;;Turjanski Vrh
81;15.4993,46.2191;3240;;Globoko pri Šmarju
80;15.3741,45.8957;8274;;Ravno
78;14.7027,46.1511;1225;;Preserje pri Lukovici
78;15.5102,46.2219;3240;;Vinski Vrh pri Šmarju
78;15.4713,46.3820;2317;;Straža pri Oplotnici
76;14.7277,46.1595;1225;;Vinje pri Moravčah
75;14.8745,45.4753;1336;;Potok
75;15.1934,46.2730;3310;;Mala Pirešica
74;15.4142,46.3554;3210;;Gabrovlje
74;15.9543,46.5661;2236;;Kadrenci
73;15.0914,45.8908;8216;;Poljane pri Mirni Peči
71;15.5235,46.2551;3240;;Nova Vas pri Šmarju
71;14.9738,45.8718;8211;;Preska pri Dobrniču
69;15.0695,45.9200;8233;;Gradišče pri Trebnjem
67;14.9730,45.9513;8212;;Roje pri Čatežu
66;14.7695,46.2135;1219;;Mali Hrib
66;15.3263,45.9459;8276;;Gorenje Radulje
65;15.4310,45.9444;8273;;Brezovska Gora
64;15.2965,45.7781;8322;;Jugorje
63;14.9611,45.9868;1276;;Gabrska Gora
62;15.4023,45.9505;8274;;Nova Gora
62;15.4506,46.2304;3232;;Spodnje Selce
61;15.2552,45.4777;8344;;Golek pri Vinici
59;15.1208,46.0235;8297;;Kal pri Krmelju
58;15.5403,45.8562;8263;;Stojanski Vrh
58;15.1983,45.8927;8220;;Mirna Vas
57;15.2719,45.9431;8276;;Telčice
57;15.2845,45.8237;8310;;Pristava pri Šentjerneju
56;14.8227,46.1390;1252;;Podgorica pri Pečah
56;15.2093,45.9281;8295;;Dolenje Laknice
55;15.4557,45.8580;8312;;Žabjek v Podbočju
55;14.8421,46.0157;1275;;Riharjevec
54;14.7950,46.1561;1223;;Hrastnik
54;15.0001,45.9425;8212;;Velika Ševnica
52;14.8240,45.8606;1303;;Malo Globoko
50;15.3056,45.8739;8222;;Stranje pri Škocjanu
50;14.8682,46.0457;1275;;Spodnja Jablanica
49;15.1619,46.0968;1432;;Širje
48;15.3362,46.2582;3202;;Lipovec pri Škofji Vasi
48;14.6711,45.9492;1290;;Praproče pri Grosupljem
47;14.7342,45.9835;1294;;Gorenje Brezovo
47;14.7665,46.1378;1251;;Straža pri Moravčah
47;15.1654,45.9767;8296;;Spodnje Mladetiče
47;14.9751,46.1372;1412;;Podkraj pri Zagorju
46;15.3421,45.9465;8293;;Brezovo
46;15.3308,46.3464;3213;;Beli Potok pri Frankolovem
45;14.6915,46.1530;1225;;Videm pri Lukovici
43;15.2590,46.0185;8294;;Apnenik pri Boštanju
42;14.8683,46.1345;1252;;Log pri Mlinšah
41;14.8953,45.9492;8213;;Breg pri Temenici
41;14.5637,45.8617;1314;;Osredek
41;14.9097,46.2569;3341;;Vologa
40;14.8913,45.8035;8362;;Vrh pri Hinjah
39;15.5125,45.8449;8263;;Brezovica v Podbočju
39;15.8523,46.7152;2214;;Spodnje Konjišče
38;15.4970,45.8680;8263;;Pristava ob Krki
38;14.6760,45.7696;1316;;Gorenji Lazi
37;15.4443,45.9780;8280;;Straža pri Krškem
36;15.4193,45.9605;8283;;Kalce
36;14.9551,46.0234;1274;;Javorje pri Gabrovki
35;15.2333,45.9613;8295;;Zgornje Vodale
35;14.9507,45.9456;8212;;Mali Videm
34;14.9861,45.9936;1274;;Klanec pri Gabrovki
33;14.7650,45.9510;1294;;Podsmreka pri Višnji Gori
33;15.2737,45.9908;8294;;Laze pri Boštanju
32;15.5564,45.8656;8261;;Kraška Vas
32;14.2392,46.3723;4275;;Zadnja Vas
31;15.1941,45.9865;8296;;Hinjce
31;15.0495,45.9103;8210;;Gorenja Dobrava
31;14.9788,45.9313;8212;;Mrzla Luža
31;14.6503,45.8077;1318;;Škrlovica
31;14.8867,45.8556;8360;;Poljane pri Žužemberku
30;14.8735,45.8569;1303;;Male Rebrce
30;14.7140,46.1989;1225;;Mala Lašna
30;14.7637,46.1470;1251;;Selce pri Moravčah
30;14.7723,46.1318;1251;;Spodnja Dobrava
29;14.6339,46.2553;1242;;Vodice nad Kamnikom
29;15.2317,45.7535;8322;;Mali Cerovec
29;14.9215,45.9409;8213;;Gornje Prapreče
29;14.9505,45.8672;8211;;Lisec
29;14.9610,45.9527;8212;;Mačkovec
28;13.9023,45.7880;5272;;Dolenje
28;15.1316,45.9073;8231;;Vrh pri Trebelnem
27;14.8948,45.9569;1276;;Male Dole pri Temenici
27;15.1483,45.6923;8323;;Gornje Laze
26;14.7346,46.1919;1219;;Brezovica pri Zlatem Polju
26;15.4138,46.1686;3233;;Vodice pri Slivnici
26;15.5168,46.2350;3240;;Zastranje
26;14.9852,45.8783;8211;;Lokve pri Dobrniču
25;14.7184,46.1920;1225;;Podgora pri Zlatem Polju
25;14.7865,46.1851;1223;;Veliki Jelnik
25;14.9866,46.1447;1410;;Vine
24;15.0102,45.9622;8233;;Cirnik
24;14.9851,45.9626;8212;;Sejenice
24;15.2238,45.8988;8220;;Sela pri Zburah
23;14.8237,45.9006;1301;;Male Kompolje
23;15.4305,45.9499;8273;;Nemška Gora
23;14.8283,46.1081;1252;;Tolsti Vrh
23;14.6644,45.8052;1318;;Gorenje Podpoljane
23;14.6006,45.8304;1315;;Brankovo
22;15.3088,45.9720;8293;;Gornje Impolje
22;15.1350,45.9158;8231;;Dolenje Zabukovje
21;15.1645,46.0433;1433;;Rudna Vas
21;15.1922,46.0002;8296;;Kamenško
21;14.8819,45.9192;8213;;Dobravica pri Velikem Gabru
21;14.9847,45.8876;8211;;Stranje pri Dobrniču
21;15.1264,45.9229;8230;;Brezovica pri Trebelnem
20;14.8534,45.8582;1303;;Breg pri Zagradcu
20;15.4481,45.9843;8280;;Spodnje Pijavško
20;14.9150,45.8847;8211;;Log pri Žužemberku
18;14.7566,46.2026;1219;;Laseno
18;15.0064,45.9466;8212;;Mala Ševnica
18;15.1458,45.9243;8231;;Gorenji Mokronog
17;14.8278,46.1766;1223;;Zgornji Petelinjek
17;15.1132,45.9341;8230;;Gorenja Vas pri Mokronogu
16;15.0107,45.9511;8233;;Križ
16;14.5744,45.8432;1314;;Gradišče
15;14.8682,45.9372;1296;;Breg pri Dobu
15;14.8848,45.9605;1276;;Dolenja Vas pri Temenici
15;15.3766,46.2992;3222;;Spodnje Slemene
15;14.8633,45.5200;8331;;Briga
15;14.9599,46.2733;3305;;Čreta
13;14.6907,46.1302;1225;;Dole pod Sv. Trojico
13;13.8861,45.7779;6221;;Gradnje
11;13.9595,45.7316;6215;;Senadolice
10;15.3734,45.9178;8274;;Pristava pod Rako
10;14.9801,45.9739;1274;;Okrog
9;14.9890,46.0484;1273;;Gorenje Jelenje
9;14.6830,46.1731;1225;;Brdo pri Lukovici
9;15.1831,46.0538;1433;;Loška Gora
9;14.6817,45.8169;1318;;Bukovec pri Poljanah
9;14.9692,45.9061;8212;;Grič pri Trebnjem
9;14.5566,45.8526;1314;;Pečki
8;14.5855,45.7983;1315;;Borovec pri Karlovici
6;14.0806,46.2223;4229;;Ravne
6;14.8770,45.4778;1336;;Hrib pri Fari
6;14.9002,45.5144;8331;;Zapuže pri Kostelu
5;14.9010,45.4835;1336;;Padovo pri Fari
4;14.6043,45.7897;1317;;Pugled pri Karlovici
2;13.9295,45.7922;5272;;Gradišče pri Štjaku
2;14.8963,45.5094;8331;;Lipovec pri Kostelu
2;14.8924,45.5140;8331;;Selo pri Kostelu
1;14.8966,45.5216;8331;;Dolenji Potok
1;14.8821,45.5215;8331;;Srednji Potok
0;15.1279,45.6566;8333;;Gaber pri Črmošnjicah
0;14.5870,45.8154;1314;;Dolenje Kališče
0;14.9088,45.5132;8331;;Dolenja Žaga
0;14.8457,45.4719;1336;;Kuželič
121;15.7789,46.2145;3252;;Trlično
78;14.6914,45.5329;1337;;Sela
62;15.3116,45.5035;8341;;Vrhovci
55;15.3251,45.4596;8344;;Balkovci
51;15.3682,45.4843;8341;;Žuniči
49;15.3636,45.6487;8330;;Želebej
45;15.3931,45.6481;8330;;Rakovec
37;15.3050,45.6951;8330;;Malo Lešče
34;15.3454,45.4814;8341;;Paunoviči
34;15.2123,45.4292;8344;;Vukovci
31;15.5100,45.8279;8312;;Planina v Podbočju
28;15.0941,45.4684;8342;;Srednji Radenci
28;14.8353,45.4647;1336;;Grivac
27;15.3681,45.6784;8330;;Vidošiči
26;15.0893,45.4704;8342;;Gorenji Radenci
26;15.3778,45.6719;8330;;Železniki
21;15.4419,45.8112;8311;;Črešnjevec pri Oštrcu
20;15.5271,45.8358;8263;;Premagovce
20;15.3897,45.6602;8330;;Krmačina
19;15.3588,45.4929;8341;;Miliči
15;14.6919,45.5467;1337;;Strojiči
13;15.2119,45.4374;8344;;Kovačji Grad
10;15.1717,45.4250;8344;;Kot pri Damlju
9;15.3120,45.5301;8341;;Pobrežje
9;14.7080,45.5417;1337;;Križmani
8;15.3652,45.6819;8330;;Kamenica
8;15.4694,45.8208;8311;;Vrtača
7;14.6995,45.5442;1337;;Podvrh
7;14.8506,45.4657;1336;;Petrina
4;14.7161,45.5364;1337;;Malinišče
3;13.8984,45.4489;6272;;Karli
2;15.1230,45.4503;8342;;Breg pri Sinjem Vrhu
0;13.8114,45.4474;6273;;Močunigi
1368;15.5486,46.5542;2353;;Bistrica ob Dravi
676;14.5047,46.1295;1211;;Srednje Gameljne
614;15.5897,46.3145;2319;;Spodnje Poljčane
501;14.3939,46.0154;1351;;Lukovica pri Brezovici
456;13.7661,46.1843;5220;;Poljubinj
414;15.7696,46.5119;2242;;Spodnja Korena
384;13.8174,45.8633;5295;;Brje
347;14.6371,46.0953;1262;;Zaboršt pri Dolu
338;15.6643,46.5975;2211;;Dolnja Počehova
309;13.8575,45.8748;5263;;Male Žablje
309;15.0104,46.1374;1410;;Selo pri Zagorju
298;16.2878,46.5230;9232;;Šafarsko
282;14.5553,46.2176;1218;;Mlaka
278;16.1886,46.5430;9240;;Babinci
272;14.3830,45.9965;1357;;Podplešivica
266;14.5152,46.1606;1211;;Selo pri Vodicah
258;14.0046,46.0361;5281;;Spodnja Kanomlja
255;15.2458,46.2785;3215;;Slatina v Rožni Dolini
248;16.0351,46.5333;9243;;Drakovci
242;15.2130,45.8053;8001;;Mali Slatnik
239;15.6515,45.9067;8257;;Gabrje pri Dobovi
234;15.1799,46.3756;3204;;Paški Kozjak
220;14.1667,45.9621;1373;;Rovtarske Žibrše
216;15.2318,45.8778;8220;;Brezovica
210;14.5457,46.2143;1218;;Podboršt pri Komendi
208;15.2601,46.2650;3215;;Dobrova
198;14.1575,46.1009;4223;;Dolenja Dobrava
196;15.0414,45.8881;8210;;Dolenje Ponikve
196;15.0975,46.3367;3503;;Ložnica
187;14.3922,46.2662;4203;;Orehovlje
185;15.6873,46.6559;2212;;Polički Vrh
185;15.7087,46.6287;2211;;Vukovski Vrh
184;14.9713,46.5276;2394;;Preški Vrh
179;14.3264,46.0541;1355;;Srednja Vas pri Polhovem Gradcu
175;16.1836,46.4597;2275;;Mali Brebrovnik
172;15.9597,46.5444;2255;;Župetinci
163;14.5160,46.2032;1218;;Breg pri Komendi
159;16.0024,46.6067;9245;;Očeslavci
150;16.0260,46.6231;9252;;Radenski Vrh
150;15.1615,46.3447;3503;;Pirešica
150;14.5266,46.1908;1218;;Žeje pri Komendi
145;13.6791,45.5160;6274;;Baredi
143;14.4418,46.1037;1210;;Dvor
137;14.1545,46.0721;4226;;Žirovski Vrh Sv. Urbana
136;16.2557,46.3971;2277;;Grabe
135;15.1244,46.4807;2383;;Tomaška Vas
134;15.2820,46.1291;3270;;Vrh nad Laškim
134;15.7828,46.5790;2221;;Spodnje Partinje
132;15.4493,46.3330;3210;;Breg pri Konjicah
131;15.7885,46.6722;2213;;Zgornji Dražen Vrh
128;15.1997,46.0895;1432;;Obrežje pri Zidanem Mostu
127;15.6596,46.3220;2321;;Stranske Makole
125;15.1462,46.6459;2366;;Sveti Jernej nad Muto
119;14.3196,46.0678;1355;;Pristava pri Polhovem Gradcu
117;14.6954,46.0300;1261;;Zgornja Besnica
116;15.5011,46.3352;2316;;Brezje pri Ločah
116;14.5935,45.9900;1291;;Reber pri Škofljici
113;13.7552,46.1707;5220;;Prapetno
112;14.6438,45.9710;1290;;Hrastje pri Grosupljem
112;13.7384,46.1642;5216;;Modrejce
112;15.3057,46.5266;2364;;Zgornji Lehen na Pohorju
109;15.2509,46.1494;3270;;Lahomšek
109;15.0923,46.2791;3311;;Orova Vas
103;13.9055,45.8631;5270;;Dolenje
103;15.4141,46.2195;3230;;Bezovje pri Šentjurju
103;16.0239,46.3649;2282;;Belski Vrh
100;15.2182,45.8263;8001;;Dolenja Vas
100;16.1026,46.4628;2258;;Gornji Ključarovci
99;15.5600,45.9545;8253;;Dolenja Vas pri Artičah
99;15.6593,46.2598;3250;;Zgornje Sečovo
97;15.5164,46.1731;3223;;Babna Reka
95;15.0038,46.5539;2373;;Koroški Selovec
93;15.3525,45.6519;8330;;Radoviči
92;15.6411,46.1918;3253;;Nimno
89;15.2593,46.5538;2364;;Zgornja Orlica
86;15.0954,45.8826;8216;;Hrastje pri Mirni Peči
85;15.3265,46.3977;3205;;Vitanjsko Skomarje
84;15.9622,46.3160;2285;;Veliki Okič
84;14.9992,45.8202;8361;;Srednji Lipovec
83;14.1953,46.3438;4240;;Gorica
83;15.2437,46.3653;3204;;Brdce nad Dobrno
82;16.0519,46.6123;9252;;Rački Vrh
81;15.6320,46.0573;3256;;Črešnjevec ob Bistrici
80;15.3960,46.1248;3224;;Brezje pri Dobjem
79;16.0557,46.4436;2273;;Strjanci
79;14.0616,46.3924;4247;;Zgornje Laze
78;14.7122,46.1172;1251;;Spodnja Javoršica
78;15.7943,46.7040;2214;;Vratji Vrh
77;14.7248,46.1198;1251;;Zgornji Tuštanj
77;15.5248,46.2075;3240;;Dol pri Šmarju
76;15.1707,45.5296;8343;;Sela pri Dragatušu
76;15.1524,46.3959;3503;;Šmartinske Cirkovce
73;15.5862,46.1399;3254;;Imenska Gorca
72;15.6527,46.0742;3256;;Ples
71;14.6968,46.2195;1219;;Potok
70;14.6176,45.9199;1311;;Vrbičje
70;15.7197,46.3071;2289;;Zgornja Sveča
69;14.0111,46.1482;5282;;Poljane
69;15.4632,46.2686;3232;;Dobovec pri Ponikvi
69;15.3856,46.1263;3224;;Večje Brdo
67;14.2058,45.9500;1370;;Zaplana - part
67;15.0499,45.7768;8351;;Dolenje Polje
67;14.0565,46.3875;4247;;Spodnje Laze
66;15.3515,46.3682;3206;;Lipa
66;15.1172,45.8888;8231;;Cerovec pri Trebelnem
64;14.8519,46.5032;2392;;Breg
64;14.9741,46.3154;3331;;Dobrovlje pri Mozirju
64;15.0248,45.8328;8361;;Dolnji Ajdovec
63;14.6948,46.1365;1225;;Selo pri Moravčah
62;15.2434,45.6510;8332;;Cerovec pri Črešnjevcu
59;14.7033,45.8447;1312;;Podgorica
59;14.1281,46.0820;4226;;Žirovski Vrh Svetega Antona
57;15.9875,46.4349;2252;;Strejaci
57;16.2690,46.7525;9208;;Ratkovci
57;15.3437,45.9993;8290;;Gornje Brezovo
54;15.2040,45.8365;8001;;Jelše pri Otočcu
54;15.4123,46.0115;8283;;Selce nad Blanco
53;14.2115,46.3051;4245;;Lipnica
53;14.2326,46.1045;4223;;Bukov Vrh nad Visokim
53;14.3149,46.3411;4294;;Zgornje Vetrno
53;15.4719,46.3987;2317;;Zlogona Vas
53;16.2646,46.5104;2276;;Kopriva
51;15.3153,45.5123;8341;;Gorenjci pri Adlešičih
51;14.6995,46.1677;1225;;Zgornje Prapreče
48;15.4520,45.9441;8273;;Selce pri Leskovcu
48;15.1162,45.7667;8351;;Mali Podljuben
48;15.3733,45.8383;8310;;Brezje pri Šentjerneju
47;15.2512,46.4305;2382;;Paka - part
47;15.0182,45.9548;8233;;Zagorica
46;13.7359,46.2524;5220;;Čadrg
45;14.5958,45.9987;1291;;Dole pri Škofljici
45;16.0274,46.5043;9243;;Mezgovci
44;13.6138,45.8341;5296;;Korita na Krasu
44;15.1030,45.8197;8216;;Suhor
44;14.5281,46.2059;1218;;Potok pri Komendi
41;15.4824,46.4100;2317;;Radkovec
41;15.4139,46.1337;3224;;Gorica pri Dobjem
36;14.8714,46.1163;1252;;Laze pri Vačah
35;14.2225,46.1191;4223;;Kovski Vrh
35;15.1270,45.8820;8216;;Brezje pri Trebelnem
33;15.3776,46.1352;3224;;Završe pri Dobjem
31;15.1858,45.6084;8340;;Gornja Paka
31;15.3061,45.5281;8341;;Purga
30;14.7480,45.9441;1294;;Pristava pri Višnji Gori
30;16.0426,46.6137;9252;;Zgornji Kocjan
29;14.6873,45.9626;1290;;Spodnje Duplice
28;14.6132,45.8360;1315;;Podulaka
28;14.2209,45.9611;1373;;Marinčev Grič
26;14.0016,45.6703;6217;;Brežec pri Divači
26;15.2816,46.5536;2364;;Zgornji Janževski Vrh
24;14.7174,46.2383;1219;;Praproče v Tuhinju
21;14.7013,46.1028;1251;;Vrh pri Dolskem
21;14.3681,46.1144;1215;;Tehovec
21;15.0228,45.9611;8233;;Selska Gora
20;14.7556,45.9466;1294;;Polje pri Višnji Gori
20;14.7324,46.1327;1251;;Rudnik pri Moravčah
19;15.0374,45.5428;8342;;Vimolj pri Predgradu
19;14.3248,46.2749;4202;;Malo Naklo
18;13.5170,46.0442;5212;;Vrhovlje pri Kožbani
17;15.1581,45.5801;8340;;Zajčji Vrh
16;13.8309,45.4453;6273;;Abitanti
15;14.8733,45.9697;1276;;Videm pri Temenici
14;15.3052,45.5153;8341;;Mala Sela
14;14.3621,46.0751;1355;;Log pri Polhovem Gradcu
14;14.5495,45.8257;1314;;Vrh
12;15.5573,45.8420;8261;;Čedem
12;14.2191,45.6049;6251;;Podstenjšek
12;14.5978,45.8655;1311;;Javorje
11;15.0641,45.4950;8342;;Kovača Vas
10;13.9615,46.1875;5243;;Porezen
10;13.6502,46.2186;5222;;Selce
9;14.8994,46.0515;1272;;Jablaniški Potok
8;15.1135,45.6494;8333;;Brezovica pri Črmošnjicah
5;15.1942,45.8632;8220;;Sela pri Štravberku
0;15.5875,45.8520;8251;;Mali Cirnik
0;14.4043,45.8518;1382;;Zibovnik
0;13.6314,46.1023;5213;;Dolenje Nekovo
0;14.8501,45.6546;1330;;Podjetniško Naselje Kočevje
0;15.0069,46.5151;2394;;Sele - part
53;14.8104,45.4773;1336;;Kuželj
485;15.9692,46.4257;2252;;Mezgovci ob Pesnici
371;14.8414,45.6592;1332;;Breg pri Kočevju
239;13.5082,45.9842;5212;;Plešivo
105;13.5226,45.9772;5212;;Ceglo
0;16.0690,46.7507;9265;;Vadarci
72;16.2013,46.7566;9205;;Košarovci
0;16.0349,46.8307;9262;;Sotina
0;15.5739,45.9639;8253;;Mrzlak
0;15.5765,45.9587;8253;;Ivanje Selo
0;15.5575,45.9659;8272;;Čela
0;15.6919,46.0383;8259;;Prekošnica
0;15.6973,46.0153;8259;;Sveti Lovrenc
0;13.6557,46.1235;5215;;Brdo
0;13.6505,46.1254;5215;;Bevčarji
0;13.6381,46.0950;5213;;Potok
0;13.6847,46.1402;5215;;Dolina
0;13.6137,46.1106;5213;;Kostanjevica
0;13.6256,46.1163;5213;;Greben
0;13.6295,46.1225;5215;;Močila
0;13.6408,46.1330;5215;;Kosi
0;13.6484,46.1356;5215;;Rog
0;13.6689,46.1632;5220;;Kuščarji
0;13.6554,46.1255;5215;;Peršeti
0;13.6652,46.1445;5215;;Srednje
0;13.6443,46.1131;5215;;Potravno
0;13.6618,46.1519;5215;;Pušno
0;13.6600,46.1247;5215;;Kras
0;13.6771,46.1600;5216;;Vogrinki
0;13.6525,46.1438;5215;;Zarog
0;13.5866,46.0507;5210;;Zamedvedje
0;13.5719,46.0645;5210;;Vrtače
0;13.5665,46.0859;5210;;Velendol
0;13.5716,46.0785;5210;;Švinki
0;13.5453,46.0823;5210;;Mišček
0;13.5855,46.0993;5213;;Britof
0;13.5808,46.0778;5210;;Debenje
0;13.5907,46.0968;5213;;Fili
0;13.5959,46.0919;5213;;Markiči
0;13.5884,46.0907;5213;;Bajti
0;13.5798,46.0844;5210;;Želinje
0;13.7131,46.0455;5214;;Breg
0;13.7109,46.0510;5214;;Raven
0;13.7143,46.0415;5214;;Krvavec
0;13.7172,46.0410;5214;;Kuščarji
0;13.7145,46.0558;5214;;Podlešče
0;13.7001,46.0658;5214;;Mrcinje
0;13.6920,46.0651;5214;;Ošlakarji
0;13.6928,46.0713;5214;;Lužarji
0;13.6956,46.0659;5214;;Humarji
0;13.7060,46.0632;5214;;Draga
0;13.7053,46.0616;5214;;Podgrič
0;13.7082,46.0592;5214;;Trušnje
0;13.7188,46.0388;5214;;Mokrini
0;13.6728,46.0185;5251;;Bitež
0;13.6797,46.0467;5210;;Breščaki
0;13.6899,46.0370;5251;;Sveto
0;13.6942,46.0361;5251;;Humarji
0;13.6908,46.0325;5251;;Ježevec
0;13.7097,46.0309;5251;;Čeferinovšče
0;13.7153,46.0281;5251;;Sedevčiči
0;13.7063,46.0274;5251;;Pičulini
0;13.7021,46.0224;5251;;Madoni
0;13.6524,46.0258;5251;;Baske
0;13.6600,46.0240;5251;;Škrlj
0;13.6575,46.1003;5215;;Loga
0;13.6289,46.0844;5213;;Bajer
0;13.6320,46.0914;5213;;Pečno
0;13.6237,46.0897;5213;;Ravenca
0;13.6093,46.1060;5213;;Melinki
0;13.6053,46.1016;5213;;Lovišče
0;13.5940,46.0992;5213;;Strmec
0;13.6013,46.1080;5213;;Hoščina
0;13.5988,46.1059;5213;;Breščina
0;15.6746,45.9832;8255;;Sveti Duh
0;15.7036,46.0499;3256;;Rupe
0;15.7159,46.0433;8259;;Ledina
0;13.6312,46.0650;5210;;Praprotno
0;13.6029,46.0485;5210;;Globno
0;13.6281,46.0575;5210;;Rodež
0;13.6304,46.0191;5210;;Vodice
0;13.7403,46.0763;5214;;Kačja Draga
0;13.7531,46.0795;5214;;Zalom
0;13.7165,46.0793;5214;;Zabrdo
0;13.7245,46.0724;5214;;Žable
0;13.7228,46.0679;5214;;Ilovica
0;13.7259,46.0632;5214;;Bahovšče
0;13.7202,46.0652;5214;;Bukovci
0;13.7263,46.0606;5214;;Petrovti
0;13.7356,46.0675;5214;;Laz
0;13.7287,46.0604;5214;;Hodnišče
0;13.7295,46.0891;5214;;Koprivšče
0;13.7270,46.0908;5214;;Breg
0;13.7396,46.0917;5214;;Dol
0;13.7480,46.0894;5214;;Cvrtež
0;13.7471,46.0976;5214;;Lipice
0;13.7385,46.0988;5214;;Višji Dol
0;13.7590,46.1172;5283;;Strana
0;13.7607,46.1135;5283;;Vodice
0;13.7512,46.1131;5214;;Veternik
0;13.7431,46.1190;5216;;Kremenca
0;13.7549,46.1227;5216;;Zagrič
0;13.7602,46.1237;5216;;Potoki
0;13.7567,46.1296;5216;;Ravne
0;13.7457,46.1095;5214;;Črni Kras
0;13.7133,46.0940;5214;;Bizjaki
0;13.7135,46.0847;5214;;Krajc
0;13.7091,46.0889;5214;;Sukavec
0;13.7038,46.1008;5215;;Senica
0;13.7193,46.1001;5214;;Robi
0;13.7207,46.1035;5214;;Zavrh
0;13.7244,46.1133;5214;;Mešnjak
0;13.7281,46.1103;5214;;Testeni
0;13.7348,46.1070;5214;;Hoje
0;13.6926,46.1054;5215;;Avšje
0;13.7158,46.1109;5215;;Modrzeli
0;13.7731,46.0411;5253;;Mokrini
0;13.7522,46.0499;5253;;Hudajužna
0;13.7682,46.0623;5253;;Novo Mesto
0;13.7819,46.0629;5253;;Pečan
0;13.7851,46.0735;5253;;Preval
0;13.7844,46.0781;5253;;Črče
0;13.7839,46.0759;5253;;Na Lozinah
0;13.7842,46.0830;5214;;Podšpik
0;13.7438,46.0260;5253;;Lavtarice
0;13.7482,46.0264;5253;;Gorjupi
0;13.7584,46.0284;5253;;Kolenci
0;13.6895,46.1275;5215;;Mačk
0;13.6914,46.1217;5215;;Senožečar
0;13.6480,45.8968;5292;;Frnaža
0;13.6437,45.8917;5292;;Počivala
0;13.6313,45.8919;5291;;Laz
0;13.6389,45.8932;5292;;Britof
0;13.6089,45.8911;5291;;Breg
0;13.6169,45.8983;5291;;Vrtojbica
0;13.6155,45.8934;5291;;Pod Otokom
0;13.6159,45.8954;5291;;Nad Otokom
0;13.7601,46.0213;5253;;Puštale
0;13.7418,46.0172;5252;;Pičulini
0;13.7995,46.0547;5253;;Tesno
0;13.7948,46.0570;5253;;Drage
0;13.7946,46.0617;5253;;Robe
0;13.8020,46.0698;5253;;Podčepovan
0;13.7956,46.0777;5253;;Na Občinah
0;13.7974,46.0836;5253;;Frata
0;13.7975,46.0943;5283;;Šulgi
0;13.8009,46.0981;5283;;Vrata
0;13.7961,46.1036;5283;;Griva
0;13.7455,45.8900;5294;;Klemšeti
0;13.6909,46.0098;5251;;Fobca
0;13.6660,46.0044;5251;;Gorenja vas
0;13.6887,45.9935;5251;;Zagorje
0;13.7088,45.9738;5252;;Pri Peči
0;13.6714,45.9921;5251;;Dol
0;13.8479,46.0172;5253;;Plužnje
0;13.8598,46.0249;5253;;Poljane
0;13.8620,46.0321;5253;;Razazije
0;13.8676,46.0106;5253;;Čuk
0;13.5944,45.8845;5291;;Na Potoku
0;13.6052,45.8930;5291;;Konec
0;13.6091,45.8580;5296;;Segeti
0;13.7574,45.9156;5262;;Podgrac
0;13.7432,45.9133;5261;;Rimc
0;13.7453,45.9194;5261;;Dolenje Visoko
0;13.7621,45.9259;5261;;Dolenje
0;13.7567,45.9264;5261;;Sveta Lucija
0;13.7588,45.9290;5261;;Brdo
0;13.7632,45.9311;5261;;Čikavec
0;13.7702,45.9326;5261;;Užice
0;13.7660,45.9277;5261;;Badaliči
0;13.7297,45.9358;5261;;Otava
0;13.7358,45.9395;5261;;Konče
0;13.7111,45.9311;5261;;Okroglica
0;13.7303,45.9499;5261;;Na Hribu
0;13.7155,45.9502;5261;;Livišče
0;13.7216,45.9505;5261;;Lokovica
0;13.7413,45.9501;5261;;Sedovec
0;14.2284,45.7938;6230;;Ravberkomanda
0;14.2008,45.7733;6230;;Kazarje
0;14.0967,45.6485;6217;;Žagar
0;14.1653,45.6574;6257;;Ravne
0;14.1531,45.6400;6255;;Mrzlek
0;14.1843,45.6687;6257;;Hrastje
0;14.2051,45.5919;6255;;Mežnarija
0;14.2314,45.5745;6250;;Trnovo
0;14.2457,45.6407;6253;;Kalec
0;14.1304,45.7809;6225;;Fara
0;14.0186,45.7364;6224;;Malni
0;13.9401,45.8647;5271;;Log
0;13.9030,45.8382;5271;;Lenivec
0;13.9031,45.8316;6222;;Tabor
0;13.8976,45.8651;5270;;Bačarji
0;13.8891,45.8573;5270;;Štrancarji
0;13.8974,45.8546;5270;;Marci
0;13.9081,45.8495;5270;;Koboli
0;13.9134,45.8526;5270;;Gorenja Vas
0;13.9027,45.8578;5270;;Dolenja vas
0;13.8874,45.8622;5270;;Guštini
0;14.0322,45.8705;5273;;Cergoli
0;13.9819,45.7885;5272;;Škrle
0;13.9755,45.8036;5272;;Podboršt
0;13.9733,45.8078;5272;;Dobrava
0;13.9909,45.7839;5272;;Loka
0;14.0142,45.7746;5272;;Gorenji Žvanuti
0;14.0128,45.7725;5272;;Dolenji Žvanuti
0;13.9355,45.8354;5271;;Žoržev Kraj
0;13.9296,45.8425;5271;;Majerija
0;13.9332,45.8495;5271;;Rovna
0;13.9148,45.8842;5270;;Šturje
0;13.9751,45.8752;5274;;Zavetniki
0;14.9109,45.7421;8362;;Novi Log
0;14.9277,45.7022;1332;;Cesta
0;14.8055,45.4954;1336;;Rački Potok
0;14.8213,45.4756;1336;;Ograja
0;14.8984,45.6895;1332;;Grintovec
0;14.9625,45.5388;8331;;Ferdreng
0;14.9804,45.5274;8342;;Pokštajn
0;14.7883,45.5541;1338;;Pleš
0;14.7848,45.5399;1338;;Inlauf
0;14.7738,45.5566;1338;;Ravne
0;15.0791,45.5858;8340;;Slaba Gorica
0;15.0948,45.5844;8340;;Ovčjak
0;15.0198,45.5776;8342;;Tanči Vrh
0;14.7140,45.6064;1338;;Medvedjek
0;14.6351,45.6108;1337;;Hrib
0;14.6276,45.6171;1337;;Preska
0;14.6613,45.6173;1337;;Šafarje
0;14.6630,45.5908;1337;;Vice
0;14.9830,45.6142;1330;;Gorenji Mačkovec
0;14.5654,45.7984;1385;;Brlog
0;14.5589,45.7867;1385;;Brlog
0;15.3817,45.9174;8274;;Dolga Raka
0;15.2990,45.9835;8290;;Poganka
0;15.3218,45.9964;8290;;Reber
0;15.3268,45.9923;8290;;Goli Vrh
0;15.4567,45.9798;8280;;Mladevine
0;15.4523,45.8552;8312;;Kolarice
0;15.5171,45.8421;8263;;Trebelnik
0;15.4976,45.8641;8312;;Znanovce
0;15.3288,45.8231;8310;;Jelše
0;15.2916,45.8411;8222;;Gorenje Gradišče
0;15.3333,45.8740;8310;;Otok
0;15.3331,45.8669;8310;;Dolenja Gomila
0;15.1140,45.9273;8230;;Bačje
312;14.6043,46.2697;1242;;Županje Njive
0;14.7819,45.5053;1337;;Gašparci
0;13.7250,45.5927;6000;;Lazaret
0;14.4516,46.1022;1210;;Gunclje
